split_id	gene_id
split_0001	GCA_000166095.1|G0000002
split_0001	GCA_001507955.1|G0000009
split_0001	GCF_000008645.1|G0000360
split_0002	GCA_001507955.1|G0000009
split_0002	GCF_000008645.1|G0000360
split_0003	CRR476095_bin.3|G0000001
split_0003	GCA_000166095.1|G0000002
split_0003	GCA_001507955.1|G0000009
split_0003	GCF_000008645.1|G0000360
split_0004	CRR476095_bin.3|G0000001
split_0004	GCA_000166095.1|G0000002
split_0004	GCA_000309865.1|G0000005
split_0004	GCA_001507955.1|G0000009
split_0004	GCF_000008645.1|G0000360
split_0005	CRR476095_bin.3|G0000001
split_0005	GCA_000166095.1|G0000002
split_0005	GCA_000309865.1|G0000005
split_0005	GCA_001507955.1|G0000009
split_0005	GCA_018992685.1|G0000174
split_0005	GCA_020854925.1|G0000198
split_0005	GCA_030603445.1|G0000265
split_0005	GCA_030837285.1|G0000276
split_0005	GCA_036733165.1|G0000295
split_0005	GCA_054798775.1|G0000358
split_0005	GCF_000008645.1|G0000360
split_0005	GOMC.bin.4375|G0000390
split_0006	CRR476095_bin.3|G0000001
split_0006	GCA_000166095.1|G0000002
split_0006	GCA_000309865.1|G0000005
split_0006	GCA_001507955.1|G0000009
split_0006	GCA_003660605.1|G0000057
split_0006	GCA_018992685.1|G0000174
split_0006	GCA_020854925.1|G0000198
split_0006	GCA_030603445.1|G0000265
split_0006	GCA_030837285.1|G0000276
split_0006	GCA_034659995.1|G0000288
split_0006	GCA_036733165.1|G0000295
split_0006	GCA_054798775.1|G0000358
split_0006	GCF_000008645.1|G0000360
split_0006	GOMC.bin.4375|G0000390
split_0007	CRR476095_bin.3|G0000001
split_0007	GCA_000166095.1|G0000002
split_0007	GCA_000309865.1|G0000005
split_0007	GCA_001412355.1|G0000008
split_0007	GCA_001507955.1|G0000009
split_0007	GCA_002067095.1|G0000033
split_0007	GCA_002496395.1|G0000038
split_0007	GCA_002499905.1|G0000039
split_0007	GCA_002503135.1|G0000040
split_0007	GCA_002503885.1|G0000041
split_0007	GCA_003660605.1|G0000057
split_0007	GCA_011048835.1|G0000083
split_0007	GCA_015660865.1|G0000108
split_0007	GCA_016841485.1|G0000133
split_0007	GCA_016841485.1|G0000134
split_0007	GCA_016937345.1|G0000142
split_0007	GCA_018992685.1|G0000174
split_0007	GCA_020854925.1|G0000198
split_0007	GCA_028678665.1|G0000248
split_0007	GCA_029907705.1|G0000263
split_0007	GCA_030019205.1|G0000264
split_0007	GCA_030603445.1|G0000265
split_0007	GCA_030837285.1|G0000276
split_0007	GCA_034659995.1|G0000288
split_0007	GCA_036733165.1|G0000295
split_0007	GCA_040776445.1|G0000330
split_0007	GCA_054798775.1|G0000358
split_0007	GCA_963677995.1|G0000359
split_0007	GCF_000008645.1|G0000360
split_0007	GCF_000275865.1|G0000366
split_0007	GCF_000327485.1|G0000367
split_0007	GCF_004102725.1|G0000369
split_0007	GOMC.bin.4375|G0000390
split_0007	GOMC.bin.831|G0000401
split_0008	CRR476095_bin.3|G0000001
split_0008	GCA_000166095.1|G0000002
split_0008	GCA_000309865.1|G0000005
split_0008	GCA_001412355.1|G0000008
split_0008	GCA_001507955.1|G0000009
split_0008	GCA_002067095.1|G0000033
split_0008	GCA_002496395.1|G0000038
split_0008	GCA_002499905.1|G0000039
split_0008	GCA_002503135.1|G0000040
split_0008	GCA_002503885.1|G0000041
split_0008	GCA_003660605.1|G0000057
split_0008	GCA_011048835.1|G0000083
split_0008	GCA_015660865.1|G0000108
split_0008	GCA_016292335.1|G0000115
split_0008	GCA_016841485.1|G0000133
split_0008	GCA_016841485.1|G0000134
split_0008	GCA_016937345.1|G0000142
split_0008	GCA_018992685.1|G0000174
split_0008	GCA_020854925.1|G0000198
split_0008	GCA_028678665.1|G0000248
split_0008	GCA_029907705.1|G0000263
split_0008	GCA_030019205.1|G0000264
split_0008	GCA_030603445.1|G0000265
split_0008	GCA_030837285.1|G0000276
split_0008	GCA_030837285.1|G0000277
split_0008	GCA_034659995.1|G0000288
split_0008	GCA_036733165.1|G0000295
split_0008	GCA_040776445.1|G0000330
split_0008	GCA_041479945.1|G0000332
split_0008	GCA_054798775.1|G0000358
split_0008	GCA_963677995.1|G0000359
split_0008	GCF_000008645.1|G0000360
split_0008	GCF_000275865.1|G0000366
split_0008	GCF_000327485.1|G0000367
split_0008	GCF_004102725.1|G0000369
split_0008	GOMC.bin.4375|G0000390
split_0008	GOMC.bin.831|G0000401
split_0009	CRR476095_bin.3|G0000001
split_0009	GCA_000166095.1|G0000002
split_0009	GCA_000309865.1|G0000005
split_0009	GCA_001412355.1|G0000008
split_0009	GCA_001507955.1|G0000009
split_0009	GCA_002067095.1|G0000033
split_0009	GCA_002067315.1|G0000034
split_0009	GCA_002496395.1|G0000038
split_0009	GCA_002499905.1|G0000039
split_0009	GCA_002503135.1|G0000040
split_0009	GCA_002503885.1|G0000041
split_0009	GCA_003660605.1|G0000057
split_0009	GCA_003660865.1|G0000058
split_0009	GCA_011048835.1|G0000083
split_0009	GCA_015660865.1|G0000108
split_0009	GCA_016292335.1|G0000115
split_0009	GCA_016841485.1|G0000133
split_0009	GCA_016841485.1|G0000134
split_0009	GCA_016937345.1|G0000142
split_0009	GCA_018813725.1|G0000170
split_0009	GCA_018992685.1|G0000174
split_0009	GCA_019322475.1|G0000184
split_0009	GCA_020854925.1|G0000198
split_0009	GCA_028678665.1|G0000248
split_0009	GCA_029907705.1|G0000263
split_0009	GCA_030019205.1|G0000264
split_0009	GCA_030603445.1|G0000265
split_0009	GCA_030837285.1|G0000276
split_0009	GCA_030837285.1|G0000277
split_0009	GCA_034659995.1|G0000288
split_0009	GCA_036733165.1|G0000295
split_0009	GCA_038852745.1|G0000322
split_0009	GCA_040776445.1|G0000330
split_0009	GCA_041479945.1|G0000332
split_0009	GCA_054798775.1|G0000358
split_0009	GCA_963677995.1|G0000359
split_0009	GCF_000008645.1|G0000360
split_0009	GCF_000011005.1|G0000361
split_0009	GCF_000275865.1|G0000366
split_0009	GCF_000327485.1|G0000367
split_0009	GCF_004102725.1|G0000369
split_0009	GCF_021023085.1|G0000370
split_0009	GOMC.bin.4375|G0000390
split_0009	GOMC.bin.831|G0000401
split_0010	CRR476095_bin.3|G0000001
split_0010	GCA_000166095.1|G0000002
split_0010	GCA_000309865.1|G0000005
split_0010	GCA_001399795.1|G0000006
split_0010	GCA_001412355.1|G0000008
split_0010	GCA_001507955.1|G0000009
split_0010	GCA_001717025.1|G0000016
split_0010	GCA_001717025.1|G0000017
split_0010	GCA_001717025.1|G0000018
split_0010	GCA_001775995.1|G0000019
split_0010	GCA_001775995.1|G0000020
split_0010	GCA_002011035.2|G0000030
split_0010	GCA_002067095.1|G0000033
split_0010	GCA_002067315.1|G0000034
split_0010	GCA_002496395.1|G0000038
split_0010	GCA_002499905.1|G0000039
split_0010	GCA_002503135.1|G0000040
split_0010	GCA_002503885.1|G0000041
split_0010	GCA_003650925.1|G0000056
split_0010	GCA_003660605.1|G0000057
split_0010	GCA_003660865.1|G0000058
split_0010	GCA_003661265.1|G0000060
split_0010	GCA_003661905.1|G0000061
split_0010	GCA_003661905.1|G0000062
split_0010	GCA_004028775.1|G0000065
split_0010	GCA_004348015.1|G0000066
split_0010	GCA_004376295.1|G0000067
split_0010	GCA_009889585.1|G0000081
split_0010	GCA_011048835.1|G0000083
split_0010	GCA_011605725.1|G0000086
split_0010	GCA_014859835.1|G0000100
split_0010	GCA_015660865.1|G0000108
split_0010	GCA_016292335.1|G0000115
split_0010	GCA_016550395.1|G0000116
split_0010	GCA_016840485.1|G0000127
split_0010	GCA_016840485.1|G0000129
split_0010	GCA_016841485.1|G0000133
split_0010	GCA_016841485.1|G0000134
split_0010	GCA_016937345.1|G0000142
split_0010	GCA_018396535.1|G0000154
split_0010	GCA_018396695.1|G0000158
split_0010	GCA_018396725.1|G0000161
split_0010	GCA_018396755.1|G0000162
split_0010	GCA_018396775.1|G0000165
split_0010	GCA_018396865.1|G0000167
split_0010	GCA_018397035.1|G0000168
split_0010	GCA_018397035.1|G0000169
split_0010	GCA_018813725.1|G0000170
split_0010	GCA_018814355.1|G0000171
split_0010	GCA_018992685.1|G0000172
split_0010	GCA_018992685.1|G0000174
split_0010	GCA_019322475.1|G0000184
split_0010	GCA_020352645.1|G0000191
split_0010	GCA_020854925.1|G0000198
split_0010	GCA_021161045.1|G0000200
split_0010	GCA_021162845.1|G0000203
split_0010	GCA_021323375.2|G0000205
split_0010	GCA_025059045.1|G0000220
split_0010	GCA_026014815.1|G0000229
split_0010	GCA_026015185.1|G0000235
split_0010	GCA_026015225.1|G0000236
split_0010	GCA_027491415.1|G0000242
split_0010	GCA_027491455.1|G0000243
split_0010	GCA_027492035.1|G0000244
split_0010	GCA_028678665.1|G0000248
split_0010	GCA_029258915.1|G0000253
split_0010	GCA_029259185.1|G0000254
split_0010	GCA_029907705.1|G0000263
split_0010	GCA_030019205.1|G0000264
split_0010	GCA_030603445.1|G0000265
split_0010	GCA_030837285.1|G0000276
split_0010	GCA_030837285.1|G0000277
split_0010	GCA_034659995.1|G0000288
split_0010	GCA_034660355.1|G0000289
split_0010	GCA_035529455.1|G0000291
split_0010	GCA_036733165.1|G0000295
split_0010	GCA_036795795.1|G0000296
split_0010	GCA_038817485.1|G0000303
split_0010	GCA_038818435.1|G0000304
split_0010	GCA_038840355.1|G0000311
split_0010	GCA_038852285.1|G0000315
split_0010	GCA_038852315.1|G0000316
split_0010	GCA_038852745.1|G0000318
split_0010	GCA_038852745.1|G0000322
split_0010	GCA_038861055.1|G0000323
split_0010	GCA_038866625.1|G0000324
split_0010	GCA_038873015.1|G0000325
split_0010	GCA_038884875.1|G0000328
split_0010	GCA_040776445.1|G0000330
split_0010	GCA_041479945.1|G0000332
split_0010	GCA_054798775.1|G0000358
split_0010	GCA_963677995.1|G0000359
split_0010	GCF_000008645.1|G0000360
split_0010	GCF_000011005.1|G0000361
split_0010	GCF_000275865.1|G0000366
split_0010	GCF_000327485.1|G0000367
split_0010	GCF_004102725.1|G0000369
split_0010	GCF_021023085.1|G0000370
split_0010	GOMC.bin.2866|G0000383
split_0010	GOMC.bin.2875|G0000385
split_0010	GOMC.bin.4375|G0000390
split_0010	GOMC.bin.4375|G0000392
split_0010	GOMC.bin.831|G0000401
split_0011	CRR476095_bin.3|G0000001
split_0011	GCA_000166095.1|G0000002
split_0011	GCA_000309865.1|G0000005
split_0011	GCA_001399795.1|G0000006
split_0011	GCA_001412355.1|G0000008
split_0011	GCA_001507955.1|G0000009
split_0011	GCA_001717025.1|G0000016
split_0011	GCA_001717025.1|G0000017
split_0011	GCA_001717025.1|G0000018
split_0011	GCA_001775995.1|G0000019
split_0011	GCA_001775995.1|G0000020
split_0011	GCA_002011035.2|G0000029
split_0011	GCA_002011035.2|G0000030
split_0011	GCA_002067095.1|G0000033
split_0011	GCA_002067315.1|G0000034
split_0011	GCA_002496395.1|G0000038
split_0011	GCA_002499905.1|G0000039
split_0011	GCA_002503135.1|G0000040
split_0011	GCA_002503885.1|G0000041
split_0011	GCA_003650925.1|G0000056
split_0011	GCA_003660605.1|G0000057
split_0011	GCA_003660865.1|G0000058
split_0011	GCA_003661265.1|G0000060
split_0011	GCA_003661905.1|G0000061
split_0011	GCA_003661905.1|G0000062
split_0011	GCA_004028775.1|G0000065
split_0011	GCA_004348015.1|G0000066
split_0011	GCA_004376295.1|G0000067
split_0011	GCA_009889585.1|G0000081
split_0011	GCA_011046235.1|G0000082
split_0011	GCA_011048835.1|G0000083
split_0011	GCA_011605725.1|G0000086
split_0011	GCA_014859835.1|G0000100
split_0011	GCA_015660865.1|G0000108
split_0011	GCA_016292335.1|G0000115
split_0011	GCA_016550395.1|G0000116
split_0011	GCA_016840485.1|G0000127
split_0011	GCA_016840485.1|G0000129
split_0011	GCA_016841485.1|G0000133
split_0011	GCA_016841485.1|G0000134
split_0011	GCA_016937345.1|G0000142
split_0011	GCA_018396535.1|G0000154
split_0011	GCA_018396695.1|G0000158
split_0011	GCA_018396725.1|G0000161
split_0011	GCA_018396755.1|G0000162
split_0011	GCA_018396775.1|G0000165
split_0011	GCA_018396865.1|G0000167
split_0011	GCA_018397035.1|G0000168
split_0011	GCA_018397035.1|G0000169
split_0011	GCA_018813725.1|G0000170
split_0011	GCA_018814355.1|G0000171
split_0011	GCA_018992685.1|G0000172
split_0011	GCA_018992685.1|G0000174
split_0011	GCA_019322475.1|G0000184
split_0011	GCA_020352645.1|G0000191
split_0011	GCA_020854925.1|G0000198
split_0011	GCA_021161045.1|G0000200
split_0011	GCA_021162845.1|G0000203
split_0011	GCA_021323375.2|G0000205
split_0011	GCA_025059045.1|G0000220
split_0011	GCA_026014815.1|G0000229
split_0011	GCA_026015185.1|G0000235
split_0011	GCA_026015225.1|G0000236
split_0011	GCA_027491415.1|G0000242
split_0011	GCA_027491455.1|G0000243
split_0011	GCA_027492035.1|G0000244
split_0011	GCA_028678665.1|G0000248
split_0011	GCA_029258915.1|G0000253
split_0011	GCA_029259185.1|G0000254
split_0011	GCA_029858465.1|G0000262
split_0011	GCA_029907705.1|G0000263
split_0011	GCA_030019205.1|G0000264
split_0011	GCA_030603445.1|G0000265
split_0011	GCA_030837285.1|G0000276
split_0011	GCA_030837285.1|G0000277
split_0011	GCA_034659995.1|G0000288
split_0011	GCA_034660355.1|G0000289
split_0011	GCA_035529455.1|G0000291
split_0011	GCA_036733165.1|G0000295
split_0011	GCA_036795795.1|G0000296
split_0011	GCA_038817485.1|G0000303
split_0011	GCA_038818435.1|G0000304
split_0011	GCA_038840355.1|G0000311
split_0011	GCA_038852285.1|G0000315
split_0011	GCA_038852315.1|G0000316
split_0011	GCA_038852745.1|G0000318
split_0011	GCA_038852745.1|G0000322
split_0011	GCA_038861055.1|G0000323
split_0011	GCA_038866625.1|G0000324
split_0011	GCA_038873015.1|G0000325
split_0011	GCA_038884875.1|G0000328
split_0011	GCA_040776445.1|G0000330
split_0011	GCA_041479945.1|G0000332
split_0011	GCA_054798775.1|G0000358
split_0011	GCA_963677995.1|G0000359
split_0011	GCF_000008645.1|G0000360
split_0011	GCF_000011005.1|G0000361
split_0011	GCF_000275865.1|G0000366
split_0011	GCF_000327485.1|G0000367
split_0011	GCF_004102725.1|G0000369
split_0011	GCF_021023085.1|G0000370
split_0011	GOMC.bin.2866|G0000383
split_0011	GOMC.bin.2875|G0000385
split_0011	GOMC.bin.4375|G0000390
split_0011	GOMC.bin.4375|G0000392
split_0011	GOMC.bin.831|G0000401
split_0011	GOMC.bin.8344|G0000402
split_0012	GCA_000306725.1|G0000003
split_0012	GCA_002009975.1|G0000023
split_0012	GCA_002010045.1|G0000024
split_0012	GCA_002010065.2|G0000025
split_0012	GCA_002010195.1|G0000026
split_0012	GCA_002010215.1|G0000027
split_0012	GCA_002010305.1|G0000028
split_0012	GCA_002494725.1|G0000037
split_0012	GCA_002506015.1|G0000042
split_0012	GCA_003194445.1|G0000047
split_0012	GCA_004524445.1|G0000071
split_0012	GCA_014730275.1|G0000097
split_0012	GCA_014859725.1|G0000099
split_0012	GCA_015523685.1|G0000107
split_0012	GCA_015660915.1|G0000110
split_0012	GCA_015661555.1|G0000111
split_0012	GCA_016212785.1|G0000112
split_0012	GCA_016841265.1|G0000132
split_0012	GCA_019429385.1|G0000185
split_0012	GCA_021108405.1|G0000199
split_0012	GCA_027051165.1|G0000241
split_0012	GCA_030605805.1|G0000266
split_0012	GCA_030611265.1|G0000267
split_0012	GCA_030627385.1|G0000270
split_0012	GCA_034659235.1|G0000287
split_0012	GCA_035624185.1|G0000294
split_0012	GCA_038046745.1|G0000299
split_0012	GCF_000016125.1|G0000363
split_0012	GCF_000023985.1|G0000364
split_0012	GCF_000214415.1|G0000365
split_0012	GCF_000711905.1|G0000368
split_0012	GCF_946463545.1|G0000371
split_0012	GOMC.bin.707|G0000399
split_0012	GOMC.bin.874|G0000403
split_0013	GCA_000306725.1|G0000003
split_0013	GCA_002506015.1|G0000042
split_0013	GCA_003194445.1|G0000047
split_0013	GCA_004524445.1|G0000071
split_0013	GCA_014730275.1|G0000097
split_0013	GCA_014859725.1|G0000099
split_0013	GCA_015660915.1|G0000110
split_0013	GCA_016841265.1|G0000132
split_0013	GCA_019429385.1|G0000185
split_0013	GCA_021108405.1|G0000199
split_0013	GCA_030605805.1|G0000266
split_0013	GCA_030611265.1|G0000267
split_0013	GCA_030627385.1|G0000270
split_0013	GCA_034659235.1|G0000287
split_0013	GCA_035624185.1|G0000294
split_0013	GCF_000711905.1|G0000368
split_0013	GOMC.bin.707|G0000399
split_0014	GCA_000306725.1|G0000003
split_0014	GCA_002506015.1|G0000042
split_0014	GCA_003194445.1|G0000047
split_0014	GCA_014859725.1|G0000099
split_0014	GCA_015660915.1|G0000110
split_0014	GCA_016841265.1|G0000132
split_0014	GCA_019429385.1|G0000185
split_0014	GCA_021108405.1|G0000199
split_0014	GCA_030605805.1|G0000266
split_0014	GCA_030611265.1|G0000267
split_0014	GCA_030627385.1|G0000270
split_0014	GCA_034659235.1|G0000287
split_0014	GCA_035624185.1|G0000294
split_0014	GCF_000711905.1|G0000368
split_0014	GOMC.bin.707|G0000399
split_0015	GCA_000306725.1|G0000003
split_0015	GCA_002506015.1|G0000042
split_0015	GCA_003194445.1|G0000047
split_0015	GCA_014859725.1|G0000099
split_0015	GCA_016841265.1|G0000132
split_0015	GCA_019429385.1|G0000185
split_0015	GCA_021108405.1|G0000199
split_0015	GCA_030605805.1|G0000266
split_0015	GCA_030611265.1|G0000267
split_0015	GCA_030627385.1|G0000270
split_0015	GCA_034659235.1|G0000287
split_0015	GCF_000711905.1|G0000368
split_0015	GOMC.bin.707|G0000399
split_0016	GCA_000306725.1|G0000003
split_0016	GCA_002506015.1|G0000042
split_0016	GCA_003194445.1|G0000047
split_0016	GCA_016841265.1|G0000132
split_0016	GCA_030605805.1|G0000266
split_0016	GCA_030611265.1|G0000267
split_0016	GCA_034659235.1|G0000287
split_0016	GCF_000711905.1|G0000368
split_0016	GOMC.bin.707|G0000399
split_0017	GCA_000306725.1|G0000003
split_0017	GCA_016841265.1|G0000132
split_0017	GCA_030611265.1|G0000267
split_0018	GCA_016841265.1|G0000132
split_0018	GCA_030611265.1|G0000267
split_0019	GCA_002506015.1|G0000042
split_0019	GCA_003194445.1|G0000047
split_0019	GCA_030605805.1|G0000266
split_0019	GCA_034659235.1|G0000287
split_0019	GCF_000711905.1|G0000368
split_0019	GOMC.bin.707|G0000399
split_0020	GCA_002506015.1|G0000042
split_0020	GCA_003194445.1|G0000047
split_0020	GCA_030605805.1|G0000266
split_0020	GCA_034659235.1|G0000287
split_0020	GOMC.bin.707|G0000399
split_0021	GCA_002506015.1|G0000042
split_0021	GCA_003194445.1|G0000047
split_0021	GCA_030605805.1|G0000266
split_0021	GCA_034659235.1|G0000287
split_0022	GCA_002506015.1|G0000042
split_0022	GCA_003194445.1|G0000047
split_0022	GCA_034659235.1|G0000287
split_0023	GCA_002506015.1|G0000042
split_0023	GCA_003194445.1|G0000047
split_0024	GCA_014859725.1|G0000099
split_0024	GCA_019429385.1|G0000185
split_0024	GCA_021108405.1|G0000199
split_0024	GCA_030627385.1|G0000270
split_0025	GCA_014859725.1|G0000099
split_0025	GCA_019429385.1|G0000185
split_0025	GCA_030627385.1|G0000270
split_0026	GCA_014859725.1|G0000099
split_0026	GCA_019429385.1|G0000185
split_0027	GCA_015660915.1|G0000110
split_0027	GCA_035624185.1|G0000294
split_0028	GCA_004524445.1|G0000071
split_0028	GCA_014730275.1|G0000097
split_0029	GCA_002009975.1|G0000023
split_0029	GCA_002010045.1|G0000024
split_0029	GCA_002010065.2|G0000025
split_0029	GCA_002010195.1|G0000026
split_0029	GCA_002010215.1|G0000027
split_0029	GCA_002010305.1|G0000028
split_0029	GCA_002494725.1|G0000037
split_0029	GCA_015523685.1|G0000107
split_0029	GCA_015661555.1|G0000111
split_0029	GCA_016212785.1|G0000112
split_0029	GCA_027051165.1|G0000241
split_0029	GCA_038046745.1|G0000299
split_0029	GCF_000016125.1|G0000363
split_0029	GCF_000023985.1|G0000364
split_0029	GCF_000214415.1|G0000365
split_0029	GCF_946463545.1|G0000371
split_0029	GOMC.bin.874|G0000403
split_0030	GCA_002009975.1|G0000023
split_0030	GCA_002010065.2|G0000025
split_0030	GCA_002010305.1|G0000028
split_0030	GCA_015523685.1|G0000107
split_0030	GCA_015661555.1|G0000111
split_0030	GCA_016212785.1|G0000112
split_0030	GCA_027051165.1|G0000241
split_0030	GCA_038046745.1|G0000299
split_0030	GCF_000016125.1|G0000363
split_0030	GCF_000023985.1|G0000364
split_0030	GCF_000214415.1|G0000365
split_0030	GCF_946463545.1|G0000371
split_0030	GOMC.bin.874|G0000403
split_0031	GCA_002009975.1|G0000023
split_0031	GCA_002010065.2|G0000025
split_0031	GCA_015661555.1|G0000111
split_0031	GCA_016212785.1|G0000112
split_0031	GCA_027051165.1|G0000241
split_0031	GCA_038046745.1|G0000299
split_0031	GCF_000016125.1|G0000363
split_0031	GCF_000023985.1|G0000364
split_0031	GCF_000214415.1|G0000365
split_0031	GCF_946463545.1|G0000371
split_0031	GOMC.bin.874|G0000403
split_0032	GCA_002009975.1|G0000023
split_0032	GCA_002010065.2|G0000025
split_0032	GCA_016212785.1|G0000112
split_0032	GCA_027051165.1|G0000241
split_0032	GCA_038046745.1|G0000299
split_0032	GOMC.bin.874|G0000403
split_0033	GCA_002009975.1|G0000023
split_0033	GCA_002010065.2|G0000025
split_0033	GCA_016212785.1|G0000112
split_0033	GCA_038046745.1|G0000299
split_0033	GOMC.bin.874|G0000403
split_0034	GCA_002009975.1|G0000023
split_0034	GCA_002010065.2|G0000025
split_0034	GCA_038046745.1|G0000299
split_0035	GCA_002009975.1|G0000023
split_0035	GCA_002010065.2|G0000025
split_0036	GCA_016212785.1|G0000112
split_0036	GOMC.bin.874|G0000403
split_0037	GCA_015661555.1|G0000111
split_0037	GCF_000016125.1|G0000363
split_0037	GCF_000023985.1|G0000364
split_0037	GCF_000214415.1|G0000365
split_0037	GCF_946463545.1|G0000371
split_0038	GCA_015661555.1|G0000111
split_0038	GCF_000016125.1|G0000363
split_0038	GCF_946463545.1|G0000371
split_0039	GCA_015661555.1|G0000111
split_0039	GCF_946463545.1|G0000371
split_0040	GCF_000023985.1|G0000364
split_0040	GCF_000214415.1|G0000365
split_0041	GCA_002010305.1|G0000028
split_0041	GCA_015523685.1|G0000107
split_0042	GCA_002010045.1|G0000024
split_0042	GCA_002010195.1|G0000026
split_0042	GCA_002010215.1|G0000027
split_0042	GCA_002494725.1|G0000037
split_0043	GCA_002010045.1|G0000024
split_0043	GCA_002010215.1|G0000027
split_0044	GCA_002010195.1|G0000026
split_0044	GCA_002494725.1|G0000037
split_0045	CRR476095_bin.3|G0000001
split_0045	GCA_000166095.1|G0000002
split_0045	GCA_000306725.1|G0000003
split_0045	GCA_000309865.1|G0000005
split_0045	GCA_001399795.1|G0000006
split_0045	GCA_001412355.1|G0000008
split_0045	GCA_001507955.1|G0000009
split_0045	GCA_001717025.1|G0000016
split_0045	GCA_001717025.1|G0000017
split_0045	GCA_001717025.1|G0000018
split_0045	GCA_001775995.1|G0000019
split_0045	GCA_001775995.1|G0000020
split_0045	GCA_002009975.1|G0000023
split_0045	GCA_002010045.1|G0000024
split_0045	GCA_002010065.2|G0000025
split_0045	GCA_002010195.1|G0000026
split_0045	GCA_002010215.1|G0000027
split_0045	GCA_002010305.1|G0000028
split_0045	GCA_002011035.2|G0000029
split_0045	GCA_002011035.2|G0000030
split_0045	GCA_002067095.1|G0000033
split_0045	GCA_002067315.1|G0000034
split_0045	GCA_002494725.1|G0000037
split_0045	GCA_002496395.1|G0000038
split_0045	GCA_002499905.1|G0000039
split_0045	GCA_002503135.1|G0000040
split_0045	GCA_002503885.1|G0000041
split_0045	GCA_002506015.1|G0000042
split_0045	GCA_003194445.1|G0000047
split_0045	GCA_003650925.1|G0000056
split_0045	GCA_003660605.1|G0000057
split_0045	GCA_003660865.1|G0000058
split_0045	GCA_003661265.1|G0000060
split_0045	GCA_003661905.1|G0000061
split_0045	GCA_003661905.1|G0000062
split_0045	GCA_004028775.1|G0000065
split_0045	GCA_004348015.1|G0000066
split_0045	GCA_004376295.1|G0000067
split_0045	GCA_004524445.1|G0000071
split_0045	GCA_009889585.1|G0000081
split_0045	GCA_011046235.1|G0000082
split_0045	GCA_011048835.1|G0000083
split_0045	GCA_011605725.1|G0000086
split_0045	GCA_014730275.1|G0000097
split_0045	GCA_014859725.1|G0000099
split_0045	GCA_014859835.1|G0000100
split_0045	GCA_015523685.1|G0000107
split_0045	GCA_015660865.1|G0000108
split_0045	GCA_015660915.1|G0000110
split_0045	GCA_015661555.1|G0000111
split_0045	GCA_016212785.1|G0000112
split_0045	GCA_016292335.1|G0000115
split_0045	GCA_016550395.1|G0000116
split_0045	GCA_016840485.1|G0000127
split_0045	GCA_016840485.1|G0000129
split_0045	GCA_016841265.1|G0000132
split_0045	GCA_016841485.1|G0000133
split_0045	GCA_016841485.1|G0000134
split_0045	GCA_016937345.1|G0000142
split_0045	GCA_018396535.1|G0000154
split_0045	GCA_018396695.1|G0000158
split_0045	GCA_018396725.1|G0000161
split_0045	GCA_018396755.1|G0000162
split_0045	GCA_018396775.1|G0000165
split_0045	GCA_018396865.1|G0000167
split_0045	GCA_018397035.1|G0000168
split_0045	GCA_018397035.1|G0000169
split_0045	GCA_018813725.1|G0000170
split_0045	GCA_018814355.1|G0000171
split_0045	GCA_018992685.1|G0000172
split_0045	GCA_018992685.1|G0000174
split_0045	GCA_019322475.1|G0000184
split_0045	GCA_019429385.1|G0000185
split_0045	GCA_020352645.1|G0000191
split_0045	GCA_020854925.1|G0000198
split_0045	GCA_021108405.1|G0000199
split_0045	GCA_021161045.1|G0000200
split_0045	GCA_021162845.1|G0000203
split_0045	GCA_021323375.2|G0000205
split_0045	GCA_025059045.1|G0000220
split_0045	GCA_026014815.1|G0000229
split_0045	GCA_026015185.1|G0000235
split_0045	GCA_026015225.1|G0000236
split_0045	GCA_027051165.1|G0000241
split_0045	GCA_027491415.1|G0000242
split_0045	GCA_027491455.1|G0000243
split_0045	GCA_027492035.1|G0000244
split_0045	GCA_028678665.1|G0000248
split_0045	GCA_029258915.1|G0000253
split_0045	GCA_029259185.1|G0000254
split_0045	GCA_029858465.1|G0000262
split_0045	GCA_029907705.1|G0000263
split_0045	GCA_030019205.1|G0000264
split_0045	GCA_030603445.1|G0000265
split_0045	GCA_030605805.1|G0000266
split_0045	GCA_030611265.1|G0000267
split_0045	GCA_030627385.1|G0000270
split_0045	GCA_030837285.1|G0000276
split_0045	GCA_030837285.1|G0000277
split_0045	GCA_034659235.1|G0000287
split_0045	GCA_034659995.1|G0000288
split_0045	GCA_034660355.1|G0000289
split_0045	GCA_035529455.1|G0000291
split_0045	GCA_035624185.1|G0000294
split_0045	GCA_036733165.1|G0000295
split_0045	GCA_036795795.1|G0000296
split_0045	GCA_038046745.1|G0000299
split_0045	GCA_038817485.1|G0000303
split_0045	GCA_038818435.1|G0000304
split_0045	GCA_038840355.1|G0000311
split_0045	GCA_038852285.1|G0000315
split_0045	GCA_038852315.1|G0000316
split_0045	GCA_038852745.1|G0000318
split_0045	GCA_038852745.1|G0000322
split_0045	GCA_038861055.1|G0000323
split_0045	GCA_038866625.1|G0000324
split_0045	GCA_038873015.1|G0000325
split_0045	GCA_038884875.1|G0000328
split_0045	GCA_040776445.1|G0000330
split_0045	GCA_041479945.1|G0000332
split_0045	GCA_054798775.1|G0000358
split_0045	GCA_963677995.1|G0000359
split_0045	GCF_000008645.1|G0000360
split_0045	GCF_000011005.1|G0000361
split_0045	GCF_000016125.1|G0000363
split_0045	GCF_000023985.1|G0000364
split_0045	GCF_000214415.1|G0000365
split_0045	GCF_000275865.1|G0000366
split_0045	GCF_000327485.1|G0000367
split_0045	GCF_000711905.1|G0000368
split_0045	GCF_004102725.1|G0000369
split_0045	GCF_021023085.1|G0000370
split_0045	GCF_946463545.1|G0000371
split_0045	GOMC.bin.2866|G0000383
split_0045	GOMC.bin.2875|G0000385
split_0045	GOMC.bin.4375|G0000390
split_0045	GOMC.bin.4375|G0000392
split_0045	GOMC.bin.707|G0000399
split_0045	GOMC.bin.831|G0000401
split_0045	GOMC.bin.8344|G0000402
split_0045	GOMC.bin.874|G0000403
split_0046	CRR476095_bin.3|G0000001
split_0046	GCA_000166095.1|G0000002
split_0046	GCA_000306725.1|G0000003
split_0046	GCA_000309865.1|G0000005
split_0046	GCA_001399795.1|G0000006
split_0046	GCA_001412355.1|G0000008
split_0046	GCA_001507955.1|G0000009
split_0046	GCA_001717025.1|G0000016
split_0046	GCA_001717025.1|G0000017
split_0046	GCA_001717025.1|G0000018
split_0046	GCA_001775995.1|G0000019
split_0046	GCA_001775995.1|G0000020
split_0046	GCA_002009975.1|G0000023
split_0046	GCA_002010045.1|G0000024
split_0046	GCA_002010065.2|G0000025
split_0046	GCA_002010195.1|G0000026
split_0046	GCA_002010215.1|G0000027
split_0046	GCA_002010305.1|G0000028
split_0046	GCA_002011035.2|G0000029
split_0046	GCA_002011035.2|G0000030
split_0046	GCA_002011155.2|G0000032
split_0046	GCA_002067095.1|G0000033
split_0046	GCA_002067315.1|G0000034
split_0046	GCA_002494725.1|G0000037
split_0046	GCA_002496395.1|G0000038
split_0046	GCA_002499905.1|G0000039
split_0046	GCA_002503135.1|G0000040
split_0046	GCA_002503885.1|G0000041
split_0046	GCA_002506015.1|G0000042
split_0046	GCA_003194445.1|G0000047
split_0046	GCA_003650925.1|G0000056
split_0046	GCA_003660605.1|G0000057
split_0046	GCA_003660865.1|G0000058
split_0046	GCA_003661265.1|G0000060
split_0046	GCA_003661905.1|G0000061
split_0046	GCA_003661905.1|G0000062
split_0046	GCA_004028775.1|G0000065
split_0046	GCA_004348015.1|G0000066
split_0046	GCA_004376295.1|G0000067
split_0046	GCA_004524445.1|G0000071
split_0046	GCA_009889585.1|G0000081
split_0046	GCA_011046235.1|G0000082
split_0046	GCA_011048835.1|G0000083
split_0046	GCA_011605725.1|G0000086
split_0046	GCA_014730275.1|G0000097
split_0046	GCA_014859725.1|G0000099
split_0046	GCA_014859835.1|G0000100
split_0046	GCA_015523685.1|G0000107
split_0046	GCA_015660865.1|G0000108
split_0046	GCA_015660915.1|G0000110
split_0046	GCA_015661555.1|G0000111
split_0046	GCA_016212785.1|G0000112
split_0046	GCA_016292335.1|G0000115
split_0046	GCA_016550395.1|G0000116
split_0046	GCA_016840485.1|G0000127
split_0046	GCA_016840485.1|G0000129
split_0046	GCA_016841265.1|G0000132
split_0046	GCA_016841485.1|G0000133
split_0046	GCA_016841485.1|G0000134
split_0046	GCA_016937345.1|G0000142
split_0046	GCA_018396535.1|G0000154
split_0046	GCA_018396695.1|G0000158
split_0046	GCA_018396725.1|G0000161
split_0046	GCA_018396755.1|G0000162
split_0046	GCA_018396775.1|G0000165
split_0046	GCA_018396865.1|G0000167
split_0046	GCA_018397035.1|G0000168
split_0046	GCA_018397035.1|G0000169
split_0046	GCA_018813725.1|G0000170
split_0046	GCA_018814355.1|G0000171
split_0046	GCA_018992685.1|G0000172
split_0046	GCA_018992685.1|G0000174
split_0046	GCA_019322475.1|G0000184
split_0046	GCA_019429385.1|G0000185
split_0046	GCA_020352645.1|G0000191
split_0046	GCA_020854925.1|G0000198
split_0046	GCA_021108405.1|G0000199
split_0046	GCA_021161045.1|G0000200
split_0046	GCA_021162845.1|G0000203
split_0046	GCA_021323375.2|G0000205
split_0046	GCA_025059045.1|G0000220
split_0046	GCA_026014815.1|G0000229
split_0046	GCA_026015185.1|G0000235
split_0046	GCA_026015225.1|G0000236
split_0046	GCA_027051165.1|G0000241
split_0046	GCA_027491415.1|G0000242
split_0046	GCA_027491455.1|G0000243
split_0046	GCA_027492035.1|G0000244
split_0046	GCA_028678665.1|G0000248
split_0046	GCA_029258915.1|G0000253
split_0046	GCA_029259185.1|G0000254
split_0046	GCA_029858465.1|G0000262
split_0046	GCA_029907705.1|G0000263
split_0046	GCA_030019205.1|G0000264
split_0046	GCA_030603445.1|G0000265
split_0046	GCA_030605805.1|G0000266
split_0046	GCA_030611265.1|G0000267
split_0046	GCA_030627385.1|G0000270
split_0046	GCA_030837285.1|G0000276
split_0046	GCA_030837285.1|G0000277
split_0046	GCA_034659235.1|G0000287
split_0046	GCA_034659995.1|G0000288
split_0046	GCA_034660355.1|G0000289
split_0046	GCA_035529455.1|G0000291
split_0046	GCA_035624185.1|G0000294
split_0046	GCA_036733165.1|G0000295
split_0046	GCA_036795795.1|G0000296
split_0046	GCA_038046745.1|G0000299
split_0046	GCA_038817485.1|G0000303
split_0046	GCA_038818435.1|G0000304
split_0046	GCA_038840355.1|G0000311
split_0046	GCA_038852285.1|G0000315
split_0046	GCA_038852315.1|G0000316
split_0046	GCA_038852745.1|G0000318
split_0046	GCA_038852745.1|G0000322
split_0046	GCA_038861055.1|G0000323
split_0046	GCA_038866625.1|G0000324
split_0046	GCA_038873015.1|G0000325
split_0046	GCA_038884875.1|G0000328
split_0046	GCA_040776445.1|G0000330
split_0046	GCA_041479945.1|G0000332
split_0046	GCA_054798775.1|G0000358
split_0046	GCA_963677995.1|G0000359
split_0046	GCF_000008645.1|G0000360
split_0046	GCF_000011005.1|G0000361
split_0046	GCF_000016125.1|G0000363
split_0046	GCF_000023985.1|G0000364
split_0046	GCF_000214415.1|G0000365
split_0046	GCF_000275865.1|G0000366
split_0046	GCF_000327485.1|G0000367
split_0046	GCF_000711905.1|G0000368
split_0046	GCF_004102725.1|G0000369
split_0046	GCF_021023085.1|G0000370
split_0046	GCF_946463545.1|G0000371
split_0046	GOMC.bin.2866|G0000383
split_0046	GOMC.bin.2875|G0000385
split_0046	GOMC.bin.4375|G0000390
split_0046	GOMC.bin.4375|G0000392
split_0046	GOMC.bin.707|G0000399
split_0046	GOMC.bin.831|G0000401
split_0046	GOMC.bin.8344|G0000402
split_0046	GOMC.bin.874|G0000403
split_0047	GCA_000309865.1|G0000004
split_0047	GCA_001563335.1|G0000010
split_0047	GCA_002507245.1|G0000043
split_0047	GCA_003116855.1|G0000045
split_0047	GCA_003345595.1|G0000049
split_0047	GCA_009889585.1|G0000078
split_0047	GCA_009889585.1|G0000079
split_0047	GCA_009889585.1|G0000080
split_0047	GCA_014730275.1|G0000096
split_0047	GCA_015520265.1|G0000101
split_0047	GCA_015520395.1|G0000102
split_0047	GCA_015520395.1|G0000103
split_0047	GCA_015520535.1|G0000105
split_0047	GCA_015521735.1|G0000106
split_0047	GCA_016550395.1|G0000117
split_0047	GCA_016840425.1|G0000123
split_0047	GCA_016840465.1|G0000124
split_0047	GCA_016840465.1|G0000125
split_0047	GCA_016840485.1|G0000128
split_0047	GCA_017601265.1|G0000143
split_0047	GCA_018335335.1|G0000148
split_0047	GCA_018992685.1|G0000173
split_0047	GCA_019056805.1|G0000176
split_0047	GCA_019685575.1|G0000186
split_0047	GCA_026414225.1|G0000237
split_0047	GCA_027002815.1|G0000238
split_0047	GCA_027030065.1|G0000239
split_0047	GCA_029258915.1|G0000252
split_0047	GCA_034660895.1|G0000290
split_0047	GCA_038730885.1|G0000300
split_0047	GCA_038730885.1|G0000301
split_0047	GCA_038852135.1|G0000314
split_0047	GCA_041862235.1|G0000333
split_0047	GCA_048886645.1|G0000336
split_0047	GCA_048886645.1|G0000337
split_0047	GOMC.bin.4375|G0000391
split_0047	GOMC.bin.5632|G0000394
split_0048	GCA_000309865.1|G0000004
split_0048	GCA_001563335.1|G0000010
split_0048	GCA_002507245.1|G0000043
split_0048	GCA_003116855.1|G0000045
split_0048	GCA_003345595.1|G0000049
split_0048	GCA_009889585.1|G0000078
split_0048	GCA_009889585.1|G0000079
split_0048	GCA_009889585.1|G0000080
split_0048	GCA_014730275.1|G0000096
split_0048	GCA_015520265.1|G0000101
split_0048	GCA_015520395.1|G0000102
split_0048	GCA_015520395.1|G0000103
split_0048	GCA_015520535.1|G0000105
split_0048	GCA_015521735.1|G0000106
split_0048	GCA_016550395.1|G0000117
split_0048	GCA_016840425.1|G0000123
split_0048	GCA_016840465.1|G0000124
split_0048	GCA_016840465.1|G0000125
split_0048	GCA_016840485.1|G0000128
split_0048	GCA_018335335.1|G0000148
split_0048	GCA_018992685.1|G0000173
split_0048	GCA_019056805.1|G0000176
split_0048	GCA_019685575.1|G0000186
split_0048	GCA_026414225.1|G0000237
split_0048	GCA_027002815.1|G0000238
split_0048	GCA_027030065.1|G0000239
split_0048	GCA_029258915.1|G0000252
split_0048	GCA_038730885.1|G0000301
split_0048	GCA_038852135.1|G0000314
split_0048	GCA_041862235.1|G0000333
split_0048	GCA_048886645.1|G0000336
split_0048	GCA_048886645.1|G0000337
split_0048	GOMC.bin.4375|G0000391
split_0048	GOMC.bin.5632|G0000394
split_0049	GCA_000309865.1|G0000004
split_0049	GCA_001563335.1|G0000010
split_0049	GCA_002507245.1|G0000043
split_0049	GCA_003116855.1|G0000045
split_0049	GCA_003345595.1|G0000049
split_0049	GCA_009889585.1|G0000079
split_0049	GCA_009889585.1|G0000080
split_0049	GCA_014730275.1|G0000096
split_0049	GCA_015520265.1|G0000101
split_0049	GCA_015520395.1|G0000103
split_0049	GCA_015520535.1|G0000105
split_0049	GCA_015521735.1|G0000106
split_0049	GCA_016550395.1|G0000117
split_0049	GCA_016840425.1|G0000123
split_0049	GCA_016840465.1|G0000124
split_0049	GCA_016840465.1|G0000125
split_0049	GCA_016840485.1|G0000128
split_0049	GCA_018335335.1|G0000148
split_0049	GCA_018992685.1|G0000173
split_0049	GCA_019685575.1|G0000186
split_0049	GCA_026414225.1|G0000237
split_0049	GCA_027002815.1|G0000238
split_0049	GCA_027030065.1|G0000239
split_0049	GCA_029258915.1|G0000252
split_0049	GCA_038730885.1|G0000301
split_0049	GCA_038852135.1|G0000314
split_0049	GCA_041862235.1|G0000333
split_0049	GCA_048886645.1|G0000336
split_0049	GCA_048886645.1|G0000337
split_0049	GOMC.bin.4375|G0000391
split_0049	GOMC.bin.5632|G0000394
split_0050	GCA_000309865.1|G0000004
split_0050	GCA_014730275.1|G0000096
split_0050	GCA_015520535.1|G0000105
split_0050	GCA_016550395.1|G0000117
split_0050	GCA_016840425.1|G0000123
split_0050	GCA_016840485.1|G0000128
split_0050	GCA_018335335.1|G0000148
split_0050	GCA_018992685.1|G0000173
split_0050	GCA_038852135.1|G0000314
split_0050	GCA_041862235.1|G0000333
split_0050	GCA_048886645.1|G0000336
split_0050	GCA_048886645.1|G0000337
split_0050	GOMC.bin.4375|G0000391
split_0050	GOMC.bin.5632|G0000394
split_0051	GCA_000309865.1|G0000004
split_0051	GCA_015520535.1|G0000105
split_0051	GCA_016840485.1|G0000128
split_0051	GCA_038852135.1|G0000314
split_0051	GCA_048886645.1|G0000337
split_0052	GCA_000309865.1|G0000004
split_0052	GCA_038852135.1|G0000314
split_0052	GCA_048886645.1|G0000337
split_0053	GCA_000309865.1|G0000004
split_0053	GCA_038852135.1|G0000314
split_0054	GCA_015520535.1|G0000105
split_0054	GCA_016840485.1|G0000128
split_0055	GCA_014730275.1|G0000096
split_0055	GCA_016550395.1|G0000117
split_0055	GCA_016840425.1|G0000123
split_0055	GCA_018335335.1|G0000148
split_0055	GCA_018992685.1|G0000173
split_0055	GCA_041862235.1|G0000333
split_0055	GCA_048886645.1|G0000336
split_0055	GOMC.bin.4375|G0000391
split_0055	GOMC.bin.5632|G0000394
split_0056	GCA_014730275.1|G0000096
split_0056	GCA_018335335.1|G0000148
split_0057	GCA_016550395.1|G0000117
split_0057	GCA_016840425.1|G0000123
split_0057	GCA_018992685.1|G0000173
split_0057	GCA_041862235.1|G0000333
split_0057	GCA_048886645.1|G0000336
split_0057	GOMC.bin.4375|G0000391
split_0057	GOMC.bin.5632|G0000394
split_0058	GCA_016550395.1|G0000117
split_0058	GCA_016840425.1|G0000123
split_0058	GCA_041862235.1|G0000333
split_0058	GCA_048886645.1|G0000336
split_0058	GOMC.bin.5632|G0000394
split_0059	GCA_016550395.1|G0000117
split_0059	GCA_016840425.1|G0000123
split_0059	GCA_048886645.1|G0000336
split_0059	GOMC.bin.5632|G0000394
split_0060	GCA_016550395.1|G0000117
split_0060	GOMC.bin.5632|G0000394
split_0061	GCA_016840425.1|G0000123
split_0061	GCA_048886645.1|G0000336
split_0062	GCA_018992685.1|G0000173
split_0062	GOMC.bin.4375|G0000391
split_0063	GCA_001563335.1|G0000010
split_0063	GCA_002507245.1|G0000043
split_0063	GCA_003116855.1|G0000045
split_0063	GCA_003345595.1|G0000049
split_0063	GCA_009889585.1|G0000079
split_0063	GCA_009889585.1|G0000080
split_0063	GCA_015520265.1|G0000101
split_0063	GCA_015520395.1|G0000103
split_0063	GCA_015521735.1|G0000106
split_0063	GCA_016840465.1|G0000124
split_0063	GCA_016840465.1|G0000125
split_0063	GCA_019685575.1|G0000186
split_0063	GCA_026414225.1|G0000237
split_0063	GCA_027002815.1|G0000238
split_0063	GCA_027030065.1|G0000239
split_0063	GCA_029258915.1|G0000252
split_0063	GCA_038730885.1|G0000301
split_0064	GCA_001563335.1|G0000010
split_0064	GCA_002507245.1|G0000043
split_0064	GCA_003116855.1|G0000045
split_0064	GCA_003345595.1|G0000049
split_0064	GCA_009889585.1|G0000079
split_0064	GCA_015520265.1|G0000101
split_0064	GCA_015520395.1|G0000103
split_0064	GCA_015521735.1|G0000106
split_0064	GCA_016840465.1|G0000124
split_0064	GCA_016840465.1|G0000125
split_0064	GCA_019685575.1|G0000186
split_0064	GCA_026414225.1|G0000237
split_0064	GCA_027002815.1|G0000238
split_0064	GCA_027030065.1|G0000239
split_0064	GCA_029258915.1|G0000252
split_0064	GCA_038730885.1|G0000301
split_0065	GCA_001563335.1|G0000010
split_0065	GCA_002507245.1|G0000043
split_0065	GCA_003116855.1|G0000045
split_0065	GCA_003345595.1|G0000049
split_0065	GCA_019685575.1|G0000186
split_0065	GCA_026414225.1|G0000237
split_0065	GCA_038730885.1|G0000301
split_0066	GCA_001563335.1|G0000010
split_0066	GCA_019685575.1|G0000186
split_0067	GCA_002507245.1|G0000043
split_0067	GCA_003116855.1|G0000045
split_0067	GCA_003345595.1|G0000049
split_0067	GCA_026414225.1|G0000237
split_0067	GCA_038730885.1|G0000301
split_0068	GCA_002507245.1|G0000043
split_0068	GCA_003116855.1|G0000045
split_0068	GCA_026414225.1|G0000237
split_0068	GCA_038730885.1|G0000301
split_0069	GCA_002507245.1|G0000043
split_0069	GCA_026414225.1|G0000237
split_0070	GCA_003116855.1|G0000045
split_0070	GCA_038730885.1|G0000301
split_0071	GCA_009889585.1|G0000079
split_0071	GCA_015520265.1|G0000101
split_0071	GCA_015520395.1|G0000103
split_0071	GCA_015521735.1|G0000106
split_0071	GCA_016840465.1|G0000124
split_0071	GCA_016840465.1|G0000125
split_0071	GCA_027002815.1|G0000238
split_0071	GCA_027030065.1|G0000239
split_0071	GCA_029258915.1|G0000252
split_0072	GCA_009889585.1|G0000079
split_0072	GCA_016840465.1|G0000124
split_0073	GCA_015520265.1|G0000101
split_0073	GCA_015520395.1|G0000103
split_0073	GCA_015521735.1|G0000106
split_0073	GCA_016840465.1|G0000125
split_0073	GCA_027002815.1|G0000238
split_0073	GCA_027030065.1|G0000239
split_0073	GCA_029258915.1|G0000252
split_0074	GCA_015520265.1|G0000101
split_0074	GCA_015520395.1|G0000103
split_0074	GCA_015521735.1|G0000106
split_0074	GCA_027002815.1|G0000238
split_0074	GCA_027030065.1|G0000239
split_0074	GCA_029258915.1|G0000252
split_0075	GCA_015520265.1|G0000101
split_0075	GCA_015520395.1|G0000103
split_0075	GCA_015521735.1|G0000106
split_0075	GCA_027002815.1|G0000238
split_0075	GCA_027030065.1|G0000239
split_0076	GCA_015520265.1|G0000101
split_0076	GCA_015520395.1|G0000103
split_0076	GCA_015521735.1|G0000106
split_0076	GCA_027030065.1|G0000239
split_0077	GCA_015520395.1|G0000103
split_0077	GCA_015521735.1|G0000106
split_0077	GCA_027030065.1|G0000239
split_0078	GCA_015520395.1|G0000103
split_0078	GCA_027030065.1|G0000239
split_0079	GCA_009889585.1|G0000078
split_0079	GCA_015520395.1|G0000102
split_0079	GCA_019056805.1|G0000176
split_0080	GCA_009889585.1|G0000078
split_0080	GCA_019056805.1|G0000176
split_0081	GCA_017601265.1|G0000143
split_0081	GCA_034660895.1|G0000290
split_0081	GCA_038730885.1|G0000300
split_0082	GCA_017601265.1|G0000143
split_0082	GCA_038730885.1|G0000300
split_0083	CRR476095_bin.3|G0000001
split_0083	GCA_000166095.1|G0000002
split_0083	GCA_000306725.1|G0000003
split_0083	GCA_000309865.1|G0000004
split_0083	GCA_000309865.1|G0000005
split_0083	GCA_001399795.1|G0000006
split_0083	GCA_001412355.1|G0000008
split_0083	GCA_001507955.1|G0000009
split_0083	GCA_001563335.1|G0000010
split_0083	GCA_001717025.1|G0000016
split_0083	GCA_001717025.1|G0000017
split_0083	GCA_001717025.1|G0000018
split_0083	GCA_001775995.1|G0000019
split_0083	GCA_001775995.1|G0000020
split_0083	GCA_002009975.1|G0000023
split_0083	GCA_002010045.1|G0000024
split_0083	GCA_002010065.2|G0000025
split_0083	GCA_002010195.1|G0000026
split_0083	GCA_002010215.1|G0000027
split_0083	GCA_002010305.1|G0000028
split_0083	GCA_002011035.2|G0000029
split_0083	GCA_002011035.2|G0000030
split_0083	GCA_002011155.2|G0000032
split_0083	GCA_002067095.1|G0000033
split_0083	GCA_002067315.1|G0000034
split_0083	GCA_002494725.1|G0000037
split_0083	GCA_002496395.1|G0000038
split_0083	GCA_002499905.1|G0000039
split_0083	GCA_002503135.1|G0000040
split_0083	GCA_002503885.1|G0000041
split_0083	GCA_002506015.1|G0000042
split_0083	GCA_002507245.1|G0000043
split_0083	GCA_003116855.1|G0000045
split_0083	GCA_003194445.1|G0000047
split_0083	GCA_003345595.1|G0000049
split_0083	GCA_003650925.1|G0000056
split_0083	GCA_003660605.1|G0000057
split_0083	GCA_003660865.1|G0000058
split_0083	GCA_003661265.1|G0000060
split_0083	GCA_003661905.1|G0000061
split_0083	GCA_003661905.1|G0000062
split_0083	GCA_004028775.1|G0000065
split_0083	GCA_004348015.1|G0000066
split_0083	GCA_004376295.1|G0000067
split_0083	GCA_004524445.1|G0000071
split_0083	GCA_009889585.1|G0000078
split_0083	GCA_009889585.1|G0000079
split_0083	GCA_009889585.1|G0000080
split_0083	GCA_009889585.1|G0000081
split_0083	GCA_011046235.1|G0000082
split_0083	GCA_011048835.1|G0000083
split_0083	GCA_011605725.1|G0000086
split_0083	GCA_014730275.1|G0000096
split_0083	GCA_014730275.1|G0000097
split_0083	GCA_014859725.1|G0000099
split_0083	GCA_014859835.1|G0000100
split_0083	GCA_015520265.1|G0000101
split_0083	GCA_015520395.1|G0000102
split_0083	GCA_015520395.1|G0000103
split_0083	GCA_015520535.1|G0000105
split_0083	GCA_015521735.1|G0000106
split_0083	GCA_015523685.1|G0000107
split_0083	GCA_015660865.1|G0000108
split_0083	GCA_015660915.1|G0000110
split_0083	GCA_015661555.1|G0000111
split_0083	GCA_016212785.1|G0000112
split_0083	GCA_016292335.1|G0000115
split_0083	GCA_016550395.1|G0000116
split_0083	GCA_016550395.1|G0000117
split_0083	GCA_016840425.1|G0000123
split_0083	GCA_016840465.1|G0000124
split_0083	GCA_016840465.1|G0000125
split_0083	GCA_016840485.1|G0000127
split_0083	GCA_016840485.1|G0000128
split_0083	GCA_016840485.1|G0000129
split_0083	GCA_016841265.1|G0000132
split_0083	GCA_016841485.1|G0000133
split_0083	GCA_016841485.1|G0000134
split_0083	GCA_016937345.1|G0000142
split_0083	GCA_017601265.1|G0000143
split_0083	GCA_018335335.1|G0000148
split_0083	GCA_018396535.1|G0000154
split_0083	GCA_018396695.1|G0000158
split_0083	GCA_018396725.1|G0000161
split_0083	GCA_018396755.1|G0000162
split_0083	GCA_018396775.1|G0000165
split_0083	GCA_018396865.1|G0000167
split_0083	GCA_018397035.1|G0000168
split_0083	GCA_018397035.1|G0000169
split_0083	GCA_018813725.1|G0000170
split_0083	GCA_018814355.1|G0000171
split_0083	GCA_018992685.1|G0000172
split_0083	GCA_018992685.1|G0000173
split_0083	GCA_018992685.1|G0000174
split_0083	GCA_019056805.1|G0000176
split_0083	GCA_019322475.1|G0000184
split_0083	GCA_019429385.1|G0000185
split_0083	GCA_019685575.1|G0000186
split_0083	GCA_020352645.1|G0000191
split_0083	GCA_020854925.1|G0000198
split_0083	GCA_021108405.1|G0000199
split_0083	GCA_021161045.1|G0000200
split_0083	GCA_021162845.1|G0000203
split_0083	GCA_021323375.2|G0000205
split_0083	GCA_025059045.1|G0000220
split_0083	GCA_026014815.1|G0000229
split_0083	GCA_026015185.1|G0000235
split_0083	GCA_026015225.1|G0000236
split_0083	GCA_026414225.1|G0000237
split_0083	GCA_027002815.1|G0000238
split_0083	GCA_027030065.1|G0000239
split_0083	GCA_027051165.1|G0000241
split_0083	GCA_027491415.1|G0000242
split_0083	GCA_027491455.1|G0000243
split_0083	GCA_027492035.1|G0000244
split_0083	GCA_028678665.1|G0000248
split_0083	GCA_029258915.1|G0000252
split_0083	GCA_029258915.1|G0000253
split_0083	GCA_029259185.1|G0000254
split_0083	GCA_029858465.1|G0000262
split_0083	GCA_029907705.1|G0000263
split_0083	GCA_030019205.1|G0000264
split_0083	GCA_030603445.1|G0000265
split_0083	GCA_030605805.1|G0000266
split_0083	GCA_030611265.1|G0000267
split_0083	GCA_030627385.1|G0000270
split_0083	GCA_030837285.1|G0000276
split_0083	GCA_030837285.1|G0000277
split_0083	GCA_034659235.1|G0000287
split_0083	GCA_034659995.1|G0000288
split_0083	GCA_034660355.1|G0000289
split_0083	GCA_034660895.1|G0000290
split_0083	GCA_035529455.1|G0000291
split_0083	GCA_035624185.1|G0000294
split_0083	GCA_036733165.1|G0000295
split_0083	GCA_036795795.1|G0000296
split_0083	GCA_038046745.1|G0000299
split_0083	GCA_038730885.1|G0000300
split_0083	GCA_038730885.1|G0000301
split_0083	GCA_038817485.1|G0000303
split_0083	GCA_038818435.1|G0000304
split_0083	GCA_038840355.1|G0000311
split_0083	GCA_038852135.1|G0000314
split_0083	GCA_038852285.1|G0000315
split_0083	GCA_038852315.1|G0000316
split_0083	GCA_038852745.1|G0000318
split_0083	GCA_038852745.1|G0000322
split_0083	GCA_038861055.1|G0000323
split_0083	GCA_038866625.1|G0000324
split_0083	GCA_038873015.1|G0000325
split_0083	GCA_038884875.1|G0000328
split_0083	GCA_040776445.1|G0000330
split_0083	GCA_041479945.1|G0000332
split_0083	GCA_041862235.1|G0000333
split_0083	GCA_048886645.1|G0000336
split_0083	GCA_048886645.1|G0000337
split_0083	GCA_054798775.1|G0000358
split_0083	GCA_963677995.1|G0000359
split_0083	GCF_000008645.1|G0000360
split_0083	GCF_000011005.1|G0000361
split_0083	GCF_000016125.1|G0000363
split_0083	GCF_000023985.1|G0000364
split_0083	GCF_000214415.1|G0000365
split_0083	GCF_000275865.1|G0000366
split_0083	GCF_000327485.1|G0000367
split_0083	GCF_000711905.1|G0000368
split_0083	GCF_004102725.1|G0000369
split_0083	GCF_021023085.1|G0000370
split_0083	GCF_946463545.1|G0000371
split_0083	GOMC.bin.2866|G0000383
split_0083	GOMC.bin.2875|G0000385
split_0083	GOMC.bin.4375|G0000390
split_0083	GOMC.bin.4375|G0000391
split_0083	GOMC.bin.4375|G0000392
split_0083	GOMC.bin.5632|G0000394
split_0083	GOMC.bin.707|G0000399
split_0083	GOMC.bin.831|G0000401
split_0083	GOMC.bin.8344|G0000402
split_0083	GOMC.bin.874|G0000403
split_0084	CRR476095_bin.3|G0000001
split_0084	GCA_000166095.1|G0000002
split_0084	GCA_000306725.1|G0000003
split_0084	GCA_000309865.1|G0000004
split_0084	GCA_000309865.1|G0000005
split_0084	GCA_001399795.1|G0000006
split_0084	GCA_001412355.1|G0000008
split_0084	GCA_001507955.1|G0000009
split_0084	GCA_001563335.1|G0000010
split_0084	GCA_001717025.1|G0000016
split_0084	GCA_001717025.1|G0000017
split_0084	GCA_001717025.1|G0000018
split_0084	GCA_001775995.1|G0000019
split_0084	GCA_001775995.1|G0000020
split_0084	GCA_001775995.1|G0000021
split_0084	GCA_002009975.1|G0000023
split_0084	GCA_002010045.1|G0000024
split_0084	GCA_002010065.2|G0000025
split_0084	GCA_002010195.1|G0000026
split_0084	GCA_002010215.1|G0000027
split_0084	GCA_002010305.1|G0000028
split_0084	GCA_002011035.2|G0000029
split_0084	GCA_002011035.2|G0000030
split_0084	GCA_002011155.2|G0000032
split_0084	GCA_002067095.1|G0000033
split_0084	GCA_002067315.1|G0000034
split_0084	GCA_002494725.1|G0000037
split_0084	GCA_002496395.1|G0000038
split_0084	GCA_002499905.1|G0000039
split_0084	GCA_002503135.1|G0000040
split_0084	GCA_002503885.1|G0000041
split_0084	GCA_002506015.1|G0000042
split_0084	GCA_002507245.1|G0000043
split_0084	GCA_003116855.1|G0000045
split_0084	GCA_003133625.1|G0000046
split_0084	GCA_003194445.1|G0000047
split_0084	GCA_003345595.1|G0000049
split_0084	GCA_003650925.1|G0000056
split_0084	GCA_003660605.1|G0000057
split_0084	GCA_003660865.1|G0000058
split_0084	GCA_003661265.1|G0000060
split_0084	GCA_003661905.1|G0000061
split_0084	GCA_003661905.1|G0000062
split_0084	GCA_004028775.1|G0000065
split_0084	GCA_004348015.1|G0000066
split_0084	GCA_004376295.1|G0000067
split_0084	GCA_004524445.1|G0000071
split_0084	GCA_009889585.1|G0000078
split_0084	GCA_009889585.1|G0000079
split_0084	GCA_009889585.1|G0000080
split_0084	GCA_009889585.1|G0000081
split_0084	GCA_011046235.1|G0000082
split_0084	GCA_011048835.1|G0000083
split_0084	GCA_011605725.1|G0000086
split_0084	GCA_014730275.1|G0000096
split_0084	GCA_014730275.1|G0000097
split_0084	GCA_014859725.1|G0000099
split_0084	GCA_014859835.1|G0000100
split_0084	GCA_015520265.1|G0000101
split_0084	GCA_015520395.1|G0000102
split_0084	GCA_015520395.1|G0000103
split_0084	GCA_015520535.1|G0000105
split_0084	GCA_015521735.1|G0000106
split_0084	GCA_015523685.1|G0000107
split_0084	GCA_015660865.1|G0000108
split_0084	GCA_015660915.1|G0000110
split_0084	GCA_015661555.1|G0000111
split_0084	GCA_016212785.1|G0000112
split_0084	GCA_016292335.1|G0000115
split_0084	GCA_016550395.1|G0000116
split_0084	GCA_016550395.1|G0000117
split_0084	GCA_016840425.1|G0000123
split_0084	GCA_016840465.1|G0000124
split_0084	GCA_016840465.1|G0000125
split_0084	GCA_016840485.1|G0000127
split_0084	GCA_016840485.1|G0000128
split_0084	GCA_016840485.1|G0000129
split_0084	GCA_016841265.1|G0000132
split_0084	GCA_016841485.1|G0000133
split_0084	GCA_016841485.1|G0000134
split_0084	GCA_016930055.1|G0000136
split_0084	GCA_016930055.1|G0000139
split_0084	GCA_016937345.1|G0000142
split_0084	GCA_017601265.1|G0000143
split_0084	GCA_018335335.1|G0000148
split_0084	GCA_018396535.1|G0000154
split_0084	GCA_018396695.1|G0000158
split_0084	GCA_018396695.1|G0000159
split_0084	GCA_018396725.1|G0000161
split_0084	GCA_018396755.1|G0000162
split_0084	GCA_018396775.1|G0000165
split_0084	GCA_018396865.1|G0000167
split_0084	GCA_018397035.1|G0000168
split_0084	GCA_018397035.1|G0000169
split_0084	GCA_018813725.1|G0000170
split_0084	GCA_018814355.1|G0000171
split_0084	GCA_018992685.1|G0000172
split_0084	GCA_018992685.1|G0000173
split_0084	GCA_018992685.1|G0000174
split_0084	GCA_019056805.1|G0000176
split_0084	GCA_019322475.1|G0000184
split_0084	GCA_019429385.1|G0000185
split_0084	GCA_019685575.1|G0000186
split_0084	GCA_020352645.1|G0000191
split_0084	GCA_020355125.1|G0000192
split_0084	GCA_020833005.1|G0000197
split_0084	GCA_020854925.1|G0000198
split_0084	GCA_021108405.1|G0000199
split_0084	GCA_021161045.1|G0000200
split_0084	GCA_021162845.1|G0000203
split_0084	GCA_021323375.2|G0000205
split_0084	GCA_025059045.1|G0000219
split_0084	GCA_025059045.1|G0000220
split_0084	GCA_026014495.1|G0000224
split_0084	GCA_026014815.1|G0000227
split_0084	GCA_026014815.1|G0000229
split_0084	GCA_026015035.1|G0000231
split_0084	GCA_026015185.1|G0000235
split_0084	GCA_026015225.1|G0000236
split_0084	GCA_026414225.1|G0000237
split_0084	GCA_027002815.1|G0000238
split_0084	GCA_027030065.1|G0000239
split_0084	GCA_027051165.1|G0000241
split_0084	GCA_027491415.1|G0000242
split_0084	GCA_027491455.1|G0000243
split_0084	GCA_027492035.1|G0000244
split_0084	GCA_028678665.1|G0000248
split_0084	GCA_029258915.1|G0000252
split_0084	GCA_029258915.1|G0000253
split_0084	GCA_029259185.1|G0000254
split_0084	GCA_029858465.1|G0000262
split_0084	GCA_029907705.1|G0000263
split_0084	GCA_030019205.1|G0000264
split_0084	GCA_030603445.1|G0000265
split_0084	GCA_030605805.1|G0000266
split_0084	GCA_030611265.1|G0000267
split_0084	GCA_030627385.1|G0000270
split_0084	GCA_030837285.1|G0000276
split_0084	GCA_030837285.1|G0000277
split_0084	GCA_030837285.1|G0000282
split_0084	GCA_030837285.1|G0000283
split_0084	GCA_030837285.1|G0000284
split_0084	GCA_030837285.1|G0000285
split_0084	GCA_030837285.1|G0000286
split_0084	GCA_034659235.1|G0000287
split_0084	GCA_034659995.1|G0000288
split_0084	GCA_034660355.1|G0000289
split_0084	GCA_034660895.1|G0000290
split_0084	GCA_035529455.1|G0000291
split_0084	GCA_035624185.1|G0000294
split_0084	GCA_036733165.1|G0000295
split_0084	GCA_036795795.1|G0000296
split_0084	GCA_038046745.1|G0000299
split_0084	GCA_038730885.1|G0000300
split_0084	GCA_038730885.1|G0000301
split_0084	GCA_038817485.1|G0000303
split_0084	GCA_038818435.1|G0000304
split_0084	GCA_038825625.1|G0000309
split_0084	GCA_038840355.1|G0000311
split_0084	GCA_038852135.1|G0000314
split_0084	GCA_038852285.1|G0000315
split_0084	GCA_038852315.1|G0000316
split_0084	GCA_038852745.1|G0000317
split_0084	GCA_038852745.1|G0000318
split_0084	GCA_038852745.1|G0000322
split_0084	GCA_038861055.1|G0000323
split_0084	GCA_038866625.1|G0000324
split_0084	GCA_038873015.1|G0000325
split_0084	GCA_038883485.1|G0000326
split_0084	GCA_038884875.1|G0000328
split_0084	GCA_040776445.1|G0000330
split_0084	GCA_041479945.1|G0000332
split_0084	GCA_041862235.1|G0000333
split_0084	GCA_048886645.1|G0000336
split_0084	GCA_048886645.1|G0000337
split_0084	GCA_054798775.1|G0000358
split_0084	GCA_963677995.1|G0000359
split_0084	GCF_000008645.1|G0000360
split_0084	GCF_000011005.1|G0000361
split_0084	GCF_000016125.1|G0000363
split_0084	GCF_000023985.1|G0000364
split_0084	GCF_000214415.1|G0000365
split_0084	GCF_000275865.1|G0000366
split_0084	GCF_000327485.1|G0000367
split_0084	GCF_000711905.1|G0000368
split_0084	GCF_004102725.1|G0000369
split_0084	GCF_021023085.1|G0000370
split_0084	GCF_946463545.1|G0000371
split_0084	GOMC.bin.1512|G0000376
split_0084	GOMC.bin.1512|G0000377
split_0084	GOMC.bin.2866|G0000383
split_0084	GOMC.bin.2875|G0000385
split_0084	GOMC.bin.4375|G0000390
split_0084	GOMC.bin.4375|G0000391
split_0084	GOMC.bin.4375|G0000392
split_0084	GOMC.bin.5632|G0000393
split_0084	GOMC.bin.5632|G0000394
split_0084	GOMC.bin.5632|G0000395
split_0084	GOMC.bin.707|G0000399
split_0084	GOMC.bin.831|G0000401
split_0084	GOMC.bin.8344|G0000402
split_0084	GOMC.bin.874|G0000403
split_0085	GCA_001399795.1|G0000007
split_0085	GCA_001563335.1|G0000011
split_0085	GCA_001593865.1|G0000012
split_0085	GCA_001593935.1|G0000013
split_0085	GCA_001595885.1|G0000015
split_0085	GCA_001940655.1|G0000022
split_0085	GCA_002011035.2|G0000031
split_0085	GCA_002254595.1|G0000035
split_0085	GCA_002255045.1|G0000036
split_0085	GCA_003104905.1|G0000044
split_0085	GCA_003345555.1|G0000048
split_0085	GCA_003345595.1|G0000050
split_0085	GCA_003649155.1|G0000053
split_0085	GCA_003649205.1|G0000054
split_0085	GCA_003649205.1|G0000055
split_0085	GCA_003661265.1|G0000059
split_0085	GCA_003663585.1|G0000063
split_0085	GCA_003663585.1|G0000064
split_0085	GCA_004376645.1|G0000068
split_0085	GCA_004524365.1|G0000069
split_0085	GCA_004524435.1|G0000070
split_0085	GCA_004524445.1|G0000072
split_0085	GCA_004524535.1|G0000073
split_0085	GCA_005191415.1|G0000074
split_0085	GCA_005191425.1|G0000075
split_0085	GCA_005223125.1|G0000076
split_0085	GCA_008080745.1|G0000077
split_0085	GCA_011364925.1|G0000084
split_0085	GCA_013166775.1|G0000087
split_0085	GCA_013331375.1|G0000088
split_0085	GCA_013388835.1|G0000089
split_0085	GCA_013388925.1|G0000090
split_0085	GCA_013791785.1|G0000091
split_0085	GCA_014728035.1|G0000092
split_0085	GCA_014729055.1|G0000093
split_0085	GCA_014729935.1|G0000094
split_0085	GCA_014730165.1|G0000095
split_0085	GCA_014730275.1|G0000098
split_0085	GCA_015660915.1|G0000109
split_0085	GCA_016214785.1|G0000113
split_0085	GCA_016219485.1|G0000114
split_0085	GCA_016839295.1|G0000118
split_0085	GCA_016839425.1|G0000119
split_0085	GCA_016839445.1|G0000120
split_0085	GCA_016839585.1|G0000121
split_0085	GCA_016839765.1|G0000122
split_0085	GCA_016840695.1|G0000131
split_0085	GCA_016926735.1|G0000135
split_0085	GCA_016930055.1|G0000137
split_0085	GCA_016933055.1|G0000141
split_0085	GCA_017610205.1|G0000145
split_0085	GCA_018238545.1|G0000146
split_0085	GCA_018335335.1|G0000147
split_0085	GCA_018396405.1|G0000150
split_0085	GCA_018396415.1|G0000151
split_0085	GCA_018396535.1|G0000152
split_0085	GCA_018396535.1|G0000153
split_0085	GCA_018396695.1|G0000156
split_0085	GCA_018396725.1|G0000160
split_0085	GCA_018396755.1|G0000164
split_0085	GCA_019057385.1|G0000177
split_0085	GCA_019057815.1|G0000178
split_0085	GCA_019058015.1|G0000179
split_0085	GCA_019058135.1|G0000180
split_0085	GCA_019058165.1|G0000181
split_0085	GCA_019058315.1|G0000182
split_0085	GCA_019058445.1|G0000183
split_0085	GCA_019894715.1|G0000187
split_0085	GCA_020345945.1|G0000188
split_0085	GCA_020345945.1|G0000189
split_0085	GCA_020348985.1|G0000190
split_0085	GCA_020355125.1|G0000193
split_0085	GCA_020355125.1|G0000194
split_0085	GCA_020696345.1|G0000195
split_0085	GCA_020696385.1|G0000196
split_0085	GCA_021162845.1|G0000202
split_0085	GCA_021163245.1|G0000204
split_0085	GCA_021498085.1|G0000206
split_0085	GCA_021498095.1|G0000207
split_0085	GCA_021498125.1|G0000208
split_0085	GCA_021513695.1|G0000209
split_0085	GCA_021513715.1|G0000210
split_0085	GCA_022865705.1|G0000212
split_0085	GCA_023254095.1|G0000214
split_0085	GCA_023705985.1|G0000215
split_0085	GCA_024275415.1|G0000216
split_0085	GCA_024276825.1|G0000217
split_0085	GCA_024280435.1|G0000218
split_0085	GCA_025059045.1|G0000221
split_0085	GCA_025061095.1|G0000222
split_0085	GCA_025839675.1|G0000223
split_0085	GCA_026015035.1|G0000232
split_0085	GCA_026015035.1|G0000233
split_0085	GCA_026015035.1|G0000234
split_0085	GCA_027031765.1|G0000240
split_0085	GCA_028279585.1|G0000245
split_0085	GCA_028279585.1|G0000246
split_0085	GCA_028279595.1|G0000247
split_0085	GCA_028713935.1|G0000249
split_0085	GCA_029210805.1|G0000250
split_0085	GCA_029258885.1|G0000251
split_0085	GCA_029776125.1|G0000255
split_0085	GCA_029838175.1|G0000256
split_0085	GCA_029855935.1|G0000257
split_0085	GCA_029856055.1|G0000258
split_0085	GCA_029856295.1|G0000259
split_0085	GCA_029856435.1|G0000260
split_0085	GCA_029856615.1|G0000261
split_0085	GCA_030611625.1|G0000268
split_0085	GCA_030615265.1|G0000269
split_0085	GCA_030630685.1|G0000271
split_0085	GCA_030638685.1|G0000272
split_0085	GCA_030638685.1|G0000273
split_0085	GCA_030672365.1|G0000274
split_0085	GCA_030740765.1|G0000275
split_0085	GCA_030837285.1|G0000278
split_0085	GCA_030837285.1|G0000279
split_0085	GCA_030837285.1|G0000280
split_0085	GCA_030837285.1|G0000281
split_0085	GCA_035531115.1|G0000292
split_0085	GCA_035624185.1|G0000293
split_0085	GCA_037386725.1|G0000297
split_0085	GCA_037917685.1|G0000298
split_0085	GCA_038817485.1|G0000302
split_0085	GCA_038819355.1|G0000305
split_0085	GCA_038820475.1|G0000306
split_0085	GCA_038825165.1|G0000307
split_0085	GCA_038825615.1|G0000308
split_0085	GCA_038846965.1|G0000312
split_0085	GCA_038852135.1|G0000313
split_0085	GCA_038852745.1|G0000319
split_0085	GCA_038852745.1|G0000320
split_0085	GCA_038852745.1|G0000321
split_0085	GCA_038883485.1|G0000327
split_0085	GCA_040225955.1|G0000329
split_0085	GCA_041479945.1|G0000331
split_0085	GCA_048882045.1|G0000335
split_0085	GCA_048887225.1|G0000338
split_0085	GCA_048938295.1|G0000339
split_0085	GCA_052584815.1|G0000340
split_0085	GCA_052584985.1|G0000341
split_0085	GCA_052626455.1|G0000342
split_0085	GCA_052626505.1|G0000343
split_0085	GCA_054381345.1|G0000344
split_0085	GCA_054381475.1|G0000345
split_0085	GCA_054381495.1|G0000346
split_0085	GCA_054383595.1|G0000347
split_0085	GCA_054384275.1|G0000348
split_0085	GCA_054384595.1|G0000349
split_0085	GCA_054385655.1|G0000350
split_0085	GCA_054385715.1|G0000351
split_0085	GCA_054385715.1|G0000352
split_0085	GCA_054385735.1|G0000353
split_0085	GCA_054386615.1|G0000354
split_0085	GCA_054387695.1|G0000355
split_0085	GCA_054388035.1|G0000356
split_0085	GCA_054390655.1|G0000357
split_0085	GCF_000011005.1|G0000362
split_0085	GOMC.bin.10983|G0000372
split_0085	GOMC.bin.13875|G0000374
split_0085	GOMC.bin.14106|G0000375
split_0085	GOMC.bin.16739|G0000378
split_0085	GOMC.bin.2724|G0000379
split_0085	GOMC.bin.2843|G0000380
split_0085	GOMC.bin.2847|G0000381
split_0085	GOMC.bin.2857|G0000382
split_0085	GOMC.bin.2875|G0000384
split_0085	GOMC.bin.2895|G0000386
split_0085	GOMC.bin.2895|G0000387
split_0085	GOMC.bin.2900|G0000388
split_0085	GOMC.bin.3195|G0000389
split_0085	GOMC.bin.5642|G0000397
split_0085	GOMC.bin.5642|G0000398
split_0085	GOMC.bin.7984|G0000400
split_0085	GOMC.bin.9181|G0000404
split_0085	SRR22580806_bin.15|G0000405
split_0085	SRR22580806_bin.15|G0000406
split_0086	GCA_001399795.1|G0000007
split_0086	GCA_001940655.1|G0000022
split_0086	GCA_003104905.1|G0000044
split_0086	GCA_004376645.1|G0000068
split_0086	GCA_013331375.1|G0000088
split_0086	GCA_013388925.1|G0000090
split_0086	GCA_016219485.1|G0000114
split_0086	GCA_018396415.1|G0000151
split_0086	GCA_018396725.1|G0000160
split_0086	GCA_020345945.1|G0000188
split_0086	GCA_020345945.1|G0000189
split_0086	GCA_026015035.1|G0000232
split_0086	GCA_030615265.1|G0000269
split_0086	GCA_030630685.1|G0000271
split_0086	GCA_030740765.1|G0000275
split_0086	GCA_030837285.1|G0000278
split_0086	GOMC.bin.14106|G0000375
split_0086	SRR22580806_bin.15|G0000405
split_0086	SRR22580806_bin.15|G0000406
split_0087	GCA_001399795.1|G0000007
split_0087	GCA_018396415.1|G0000151
split_0087	GCA_018396725.1|G0000160
split_0087	GCA_020345945.1|G0000188
split_0087	GCA_030615265.1|G0000269
split_0088	GCA_001399795.1|G0000007
split_0088	GCA_018396415.1|G0000151
split_0088	GCA_030615265.1|G0000269
split_0089	GCA_018396415.1|G0000151
split_0089	GCA_030615265.1|G0000269
split_0090	GCA_018396725.1|G0000160
split_0090	GCA_020345945.1|G0000188
split_0091	GCA_001940655.1|G0000022
split_0091	GCA_003104905.1|G0000044
split_0091	GCA_004376645.1|G0000068
split_0091	GCA_013331375.1|G0000088
split_0091	GCA_013388925.1|G0000090
split_0091	GCA_016219485.1|G0000114
split_0091	GCA_020345945.1|G0000189
split_0091	GCA_026015035.1|G0000232
split_0091	GCA_030630685.1|G0000271
split_0091	GCA_030740765.1|G0000275
split_0091	GCA_030837285.1|G0000278
split_0091	GOMC.bin.14106|G0000375
split_0091	SRR22580806_bin.15|G0000405
split_0091	SRR22580806_bin.15|G0000406
split_0092	GCA_001940655.1|G0000022
split_0092	GCA_003104905.1|G0000044
split_0092	GCA_004376645.1|G0000068
split_0092	GCA_013331375.1|G0000088
split_0092	GCA_016219485.1|G0000114
split_0092	GCA_020345945.1|G0000189
split_0092	GCA_026015035.1|G0000232
split_0092	GCA_030630685.1|G0000271
split_0092	GCA_030740765.1|G0000275
split_0092	GCA_030837285.1|G0000278
split_0092	GOMC.bin.14106|G0000375
split_0092	SRR22580806_bin.15|G0000405
split_0092	SRR22580806_bin.15|G0000406
split_0093	GCA_001940655.1|G0000022
split_0093	GCA_003104905.1|G0000044
split_0093	GCA_004376645.1|G0000068
split_0093	GCA_013331375.1|G0000088
split_0093	GCA_020345945.1|G0000189
split_0093	GCA_026015035.1|G0000232
split_0093	GCA_030630685.1|G0000271
split_0093	GCA_030740765.1|G0000275
split_0093	GCA_030837285.1|G0000278
split_0093	GOMC.bin.14106|G0000375
split_0093	SRR22580806_bin.15|G0000405
split_0093	SRR22580806_bin.15|G0000406
split_0094	GCA_001940655.1|G0000022
split_0094	GCA_004376645.1|G0000068
split_0094	GCA_020345945.1|G0000189
split_0094	GCA_026015035.1|G0000232
split_0094	GCA_030630685.1|G0000271
split_0094	GCA_030740765.1|G0000275
split_0094	GCA_030837285.1|G0000278
split_0094	GOMC.bin.14106|G0000375
split_0094	SRR22580806_bin.15|G0000405
split_0094	SRR22580806_bin.15|G0000406
split_0095	GCA_004376645.1|G0000068
split_0095	GCA_020345945.1|G0000189
split_0095	GCA_026015035.1|G0000232
split_0095	GCA_030630685.1|G0000271
split_0095	GCA_030740765.1|G0000275
split_0095	GCA_030837285.1|G0000278
split_0095	GOMC.bin.14106|G0000375
split_0095	SRR22580806_bin.15|G0000405
split_0095	SRR22580806_bin.15|G0000406
split_0096	GCA_020345945.1|G0000189
split_0096	GCA_026015035.1|G0000232
split_0096	GCA_030630685.1|G0000271
split_0096	GCA_030740765.1|G0000275
split_0096	GCA_030837285.1|G0000278
split_0096	GOMC.bin.14106|G0000375
split_0096	SRR22580806_bin.15|G0000405
split_0096	SRR22580806_bin.15|G0000406
split_0097	GCA_020345945.1|G0000189
split_0097	GCA_026015035.1|G0000232
split_0097	GCA_030837285.1|G0000278
split_0098	GCA_020345945.1|G0000189
split_0098	GCA_026015035.1|G0000232
split_0099	GCA_030630685.1|G0000271
split_0099	GCA_030740765.1|G0000275
split_0099	GOMC.bin.14106|G0000375
split_0099	SRR22580806_bin.15|G0000405
split_0099	SRR22580806_bin.15|G0000406
split_0100	GCA_030740765.1|G0000275
split_0100	GOMC.bin.14106|G0000375
split_0100	SRR22580806_bin.15|G0000405
split_0100	SRR22580806_bin.15|G0000406
split_0101	GOMC.bin.14106|G0000375
split_0101	SRR22580806_bin.15|G0000405
split_0101	SRR22580806_bin.15|G0000406
split_0102	SRR22580806_bin.15|G0000405
split_0102	SRR22580806_bin.15|G0000406
split_0103	GCA_003104905.1|G0000044
split_0103	GCA_013331375.1|G0000088
split_0104	GCA_001563335.1|G0000011
split_0104	GCA_001593865.1|G0000012
split_0104	GCA_001593935.1|G0000013
split_0104	GCA_001595885.1|G0000015
split_0104	GCA_002011035.2|G0000031
split_0104	GCA_002254595.1|G0000035
split_0104	GCA_002255045.1|G0000036
split_0104	GCA_003345555.1|G0000048
split_0104	GCA_003345595.1|G0000050
split_0104	GCA_003649155.1|G0000053
split_0104	GCA_003649205.1|G0000054
split_0104	GCA_003649205.1|G0000055
split_0104	GCA_003661265.1|G0000059
split_0104	GCA_003663585.1|G0000063
split_0104	GCA_003663585.1|G0000064
split_0104	GCA_004524365.1|G0000069
split_0104	GCA_004524435.1|G0000070
split_0104	GCA_004524445.1|G0000072
split_0104	GCA_004524535.1|G0000073
split_0104	GCA_005191415.1|G0000074
split_0104	GCA_005191425.1|G0000075
split_0104	GCA_005223125.1|G0000076
split_0104	GCA_008080745.1|G0000077
split_0104	GCA_011364925.1|G0000084
split_0104	GCA_013166775.1|G0000087
split_0104	GCA_013388835.1|G0000089
split_0104	GCA_013791785.1|G0000091
split_0104	GCA_014728035.1|G0000092
split_0104	GCA_014729055.1|G0000093
split_0104	GCA_014729935.1|G0000094
split_0104	GCA_014730165.1|G0000095
split_0104	GCA_014730275.1|G0000098
split_0104	GCA_015660915.1|G0000109
split_0104	GCA_016214785.1|G0000113
split_0104	GCA_016839295.1|G0000118
split_0104	GCA_016839425.1|G0000119
split_0104	GCA_016839445.1|G0000120
split_0104	GCA_016839585.1|G0000121
split_0104	GCA_016839765.1|G0000122
split_0104	GCA_016840695.1|G0000131
split_0104	GCA_016926735.1|G0000135
split_0104	GCA_016930055.1|G0000137
split_0104	GCA_016933055.1|G0000141
split_0104	GCA_017610205.1|G0000145
split_0104	GCA_018238545.1|G0000146
split_0104	GCA_018335335.1|G0000147
split_0104	GCA_018396405.1|G0000150
split_0104	GCA_018396535.1|G0000152
split_0104	GCA_018396535.1|G0000153
split_0104	GCA_018396695.1|G0000156
split_0104	GCA_018396755.1|G0000164
split_0104	GCA_019057385.1|G0000177
split_0104	GCA_019057815.1|G0000178
split_0104	GCA_019058015.1|G0000179
split_0104	GCA_019058135.1|G0000180
split_0104	GCA_019058165.1|G0000181
split_0104	GCA_019058315.1|G0000182
split_0104	GCA_019058445.1|G0000183
split_0104	GCA_019894715.1|G0000187
split_0104	GCA_020348985.1|G0000190
split_0104	GCA_020355125.1|G0000193
split_0104	GCA_020355125.1|G0000194
split_0104	GCA_020696345.1|G0000195
split_0104	GCA_020696385.1|G0000196
split_0104	GCA_021162845.1|G0000202
split_0104	GCA_021163245.1|G0000204
split_0104	GCA_021498085.1|G0000206
split_0104	GCA_021498095.1|G0000207
split_0104	GCA_021498125.1|G0000208
split_0104	GCA_021513695.1|G0000209
split_0104	GCA_021513715.1|G0000210
split_0104	GCA_022865705.1|G0000212
split_0104	GCA_023254095.1|G0000214
split_0104	GCA_023705985.1|G0000215
split_0104	GCA_024275415.1|G0000216
split_0104	GCA_024276825.1|G0000217
split_0104	GCA_024280435.1|G0000218
split_0104	GCA_025059045.1|G0000221
split_0104	GCA_025061095.1|G0000222
split_0104	GCA_025839675.1|G0000223
split_0104	GCA_026015035.1|G0000233
split_0104	GCA_026015035.1|G0000234
split_0104	GCA_027031765.1|G0000240
split_0104	GCA_028279585.1|G0000245
split_0104	GCA_028279585.1|G0000246
split_0104	GCA_028279595.1|G0000247
split_0104	GCA_028713935.1|G0000249
split_0104	GCA_029210805.1|G0000250
split_0104	GCA_029258885.1|G0000251
split_0104	GCA_029776125.1|G0000255
split_0104	GCA_029838175.1|G0000256
split_0104	GCA_029855935.1|G0000257
split_0104	GCA_029856055.1|G0000258
split_0104	GCA_029856295.1|G0000259
split_0104	GCA_029856435.1|G0000260
split_0104	GCA_029856615.1|G0000261
split_0104	GCA_030611625.1|G0000268
split_0104	GCA_030638685.1|G0000272
split_0104	GCA_030638685.1|G0000273
split_0104	GCA_030672365.1|G0000274
split_0104	GCA_030837285.1|G0000279
split_0104	GCA_030837285.1|G0000280
split_0104	GCA_030837285.1|G0000281
split_0104	GCA_035531115.1|G0000292
split_0104	GCA_035624185.1|G0000293
split_0104	GCA_037386725.1|G0000297
split_0104	GCA_037917685.1|G0000298
split_0104	GCA_038817485.1|G0000302
split_0104	GCA_038819355.1|G0000305
split_0104	GCA_038820475.1|G0000306
split_0104	GCA_038825165.1|G0000307
split_0104	GCA_038825615.1|G0000308
split_0104	GCA_038846965.1|G0000312
split_0104	GCA_038852135.1|G0000313
split_0104	GCA_038852745.1|G0000319
split_0104	GCA_038852745.1|G0000320
split_0104	GCA_038852745.1|G0000321
split_0104	GCA_038883485.1|G0000327
split_0104	GCA_040225955.1|G0000329
split_0104	GCA_041479945.1|G0000331
split_0104	GCA_048882045.1|G0000335
split_0104	GCA_048887225.1|G0000338
split_0104	GCA_048938295.1|G0000339
split_0104	GCA_052584815.1|G0000340
split_0104	GCA_052584985.1|G0000341
split_0104	GCA_052626455.1|G0000342
split_0104	GCA_052626505.1|G0000343
split_0104	GCA_054381345.1|G0000344
split_0104	GCA_054381475.1|G0000345
split_0104	GCA_054381495.1|G0000346
split_0104	GCA_054383595.1|G0000347
split_0104	GCA_054384275.1|G0000348
split_0104	GCA_054384595.1|G0000349
split_0104	GCA_054385655.1|G0000350
split_0104	GCA_054385715.1|G0000351
split_0104	GCA_054385715.1|G0000352
split_0104	GCA_054385735.1|G0000353
split_0104	GCA_054386615.1|G0000354
split_0104	GCA_054387695.1|G0000355
split_0104	GCA_054388035.1|G0000356
split_0104	GCA_054390655.1|G0000357
split_0104	GCF_000011005.1|G0000362
split_0104	GOMC.bin.10983|G0000372
split_0104	GOMC.bin.13875|G0000374
split_0104	GOMC.bin.16739|G0000378
split_0104	GOMC.bin.2724|G0000379
split_0104	GOMC.bin.2843|G0000380
split_0104	GOMC.bin.2847|G0000381
split_0104	GOMC.bin.2857|G0000382
split_0104	GOMC.bin.2875|G0000384
split_0104	GOMC.bin.2895|G0000386
split_0104	GOMC.bin.2895|G0000387
split_0104	GOMC.bin.2900|G0000388
split_0104	GOMC.bin.3195|G0000389
split_0104	GOMC.bin.5642|G0000397
split_0104	GOMC.bin.5642|G0000398
split_0104	GOMC.bin.7984|G0000400
split_0104	GOMC.bin.9181|G0000404
split_0105	GCA_001563335.1|G0000011
split_0105	GCA_001593865.1|G0000012
split_0105	GCA_001593935.1|G0000013
split_0105	GCA_001595885.1|G0000015
split_0105	GCA_002254595.1|G0000035
split_0105	GCA_002255045.1|G0000036
split_0105	GCA_003345555.1|G0000048
split_0105	GCA_003345595.1|G0000050
split_0105	GCA_003649155.1|G0000053
split_0105	GCA_003649205.1|G0000054
split_0105	GCA_003649205.1|G0000055
split_0105	GCA_003661265.1|G0000059
split_0105	GCA_003663585.1|G0000063
split_0105	GCA_003663585.1|G0000064
split_0105	GCA_004524365.1|G0000069
split_0105	GCA_004524435.1|G0000070
split_0105	GCA_004524445.1|G0000072
split_0105	GCA_004524535.1|G0000073
split_0105	GCA_005191415.1|G0000074
split_0105	GCA_005191425.1|G0000075
split_0105	GCA_005223125.1|G0000076
split_0105	GCA_008080745.1|G0000077
split_0105	GCA_011364925.1|G0000084
split_0105	GCA_013166775.1|G0000087
split_0105	GCA_013388835.1|G0000089
split_0105	GCA_013791785.1|G0000091
split_0105	GCA_014728035.1|G0000092
split_0105	GCA_014729055.1|G0000093
split_0105	GCA_014729935.1|G0000094
split_0105	GCA_014730165.1|G0000095
split_0105	GCA_014730275.1|G0000098
split_0105	GCA_015660915.1|G0000109
split_0105	GCA_016214785.1|G0000113
split_0105	GCA_016839295.1|G0000118
split_0105	GCA_016839425.1|G0000119
split_0105	GCA_016839445.1|G0000120
split_0105	GCA_016839585.1|G0000121
split_0105	GCA_016839765.1|G0000122
split_0105	GCA_016840695.1|G0000131
split_0105	GCA_016926735.1|G0000135
split_0105	GCA_016930055.1|G0000137
split_0105	GCA_016933055.1|G0000141
split_0105	GCA_017610205.1|G0000145
split_0105	GCA_018238545.1|G0000146
split_0105	GCA_018335335.1|G0000147
split_0105	GCA_018396405.1|G0000150
split_0105	GCA_018396535.1|G0000152
split_0105	GCA_018396535.1|G0000153
split_0105	GCA_018396695.1|G0000156
split_0105	GCA_018396755.1|G0000164
split_0105	GCA_019057385.1|G0000177
split_0105	GCA_019057815.1|G0000178
split_0105	GCA_019058015.1|G0000179
split_0105	GCA_019058135.1|G0000180
split_0105	GCA_019058165.1|G0000181
split_0105	GCA_019058315.1|G0000182
split_0105	GCA_019058445.1|G0000183
split_0105	GCA_019894715.1|G0000187
split_0105	GCA_020348985.1|G0000190
split_0105	GCA_020355125.1|G0000193
split_0105	GCA_020355125.1|G0000194
split_0105	GCA_020696345.1|G0000195
split_0105	GCA_020696385.1|G0000196
split_0105	GCA_021162845.1|G0000202
split_0105	GCA_021163245.1|G0000204
split_0105	GCA_021498085.1|G0000206
split_0105	GCA_021498095.1|G0000207
split_0105	GCA_021498125.1|G0000208
split_0105	GCA_021513695.1|G0000209
split_0105	GCA_021513715.1|G0000210
split_0105	GCA_022865705.1|G0000212
split_0105	GCA_023254095.1|G0000214
split_0105	GCA_023705985.1|G0000215
split_0105	GCA_024275415.1|G0000216
split_0105	GCA_024276825.1|G0000217
split_0105	GCA_024280435.1|G0000218
split_0105	GCA_025059045.1|G0000221
split_0105	GCA_025061095.1|G0000222
split_0105	GCA_025839675.1|G0000223
split_0105	GCA_026015035.1|G0000233
split_0105	GCA_026015035.1|G0000234
split_0105	GCA_027031765.1|G0000240
split_0105	GCA_028279585.1|G0000245
split_0105	GCA_028279585.1|G0000246
split_0105	GCA_028279595.1|G0000247
split_0105	GCA_028713935.1|G0000249
split_0105	GCA_029210805.1|G0000250
split_0105	GCA_029258885.1|G0000251
split_0105	GCA_029776125.1|G0000255
split_0105	GCA_029838175.1|G0000256
split_0105	GCA_029855935.1|G0000257
split_0105	GCA_029856055.1|G0000258
split_0105	GCA_029856295.1|G0000259
split_0105	GCA_029856435.1|G0000260
split_0105	GCA_029856615.1|G0000261
split_0105	GCA_030611625.1|G0000268
split_0105	GCA_030638685.1|G0000272
split_0105	GCA_030638685.1|G0000273
split_0105	GCA_030672365.1|G0000274
split_0105	GCA_030837285.1|G0000279
split_0105	GCA_030837285.1|G0000280
split_0105	GCA_030837285.1|G0000281
split_0105	GCA_035531115.1|G0000292
split_0105	GCA_035624185.1|G0000293
split_0105	GCA_037386725.1|G0000297
split_0105	GCA_037917685.1|G0000298
split_0105	GCA_038817485.1|G0000302
split_0105	GCA_038819355.1|G0000305
split_0105	GCA_038820475.1|G0000306
split_0105	GCA_038825165.1|G0000307
split_0105	GCA_038825615.1|G0000308
split_0105	GCA_038846965.1|G0000312
split_0105	GCA_038852135.1|G0000313
split_0105	GCA_038852745.1|G0000319
split_0105	GCA_038852745.1|G0000320
split_0105	GCA_038852745.1|G0000321
split_0105	GCA_038883485.1|G0000327
split_0105	GCA_040225955.1|G0000329
split_0105	GCA_041479945.1|G0000331
split_0105	GCA_048882045.1|G0000335
split_0105	GCA_048887225.1|G0000338
split_0105	GCA_048938295.1|G0000339
split_0105	GCA_052584815.1|G0000340
split_0105	GCA_052584985.1|G0000341
split_0105	GCA_052626455.1|G0000342
split_0105	GCA_052626505.1|G0000343
split_0105	GCA_054381345.1|G0000344
split_0105	GCA_054381475.1|G0000345
split_0105	GCA_054381495.1|G0000346
split_0105	GCA_054383595.1|G0000347
split_0105	GCA_054384275.1|G0000348
split_0105	GCA_054384595.1|G0000349
split_0105	GCA_054385655.1|G0000350
split_0105	GCA_054385715.1|G0000351
split_0105	GCA_054385715.1|G0000352
split_0105	GCA_054385735.1|G0000353
split_0105	GCA_054386615.1|G0000354
split_0105	GCA_054387695.1|G0000355
split_0105	GCA_054388035.1|G0000356
split_0105	GCA_054390655.1|G0000357
split_0105	GCF_000011005.1|G0000362
split_0105	GOMC.bin.10983|G0000372
split_0105	GOMC.bin.13875|G0000374
split_0105	GOMC.bin.16739|G0000378
split_0105	GOMC.bin.2724|G0000379
split_0105	GOMC.bin.2843|G0000380
split_0105	GOMC.bin.2847|G0000381
split_0105	GOMC.bin.2857|G0000382
split_0105	GOMC.bin.2875|G0000384
split_0105	GOMC.bin.2895|G0000386
split_0105	GOMC.bin.2895|G0000387
split_0105	GOMC.bin.2900|G0000388
split_0105	GOMC.bin.3195|G0000389
split_0105	GOMC.bin.5642|G0000397
split_0105	GOMC.bin.5642|G0000398
split_0105	GOMC.bin.7984|G0000400
split_0105	GOMC.bin.9181|G0000404
split_0106	GCA_001563335.1|G0000011
split_0106	GCA_001593865.1|G0000012
split_0106	GCA_001593935.1|G0000013
split_0106	GCA_001595885.1|G0000015
split_0106	GCA_002254595.1|G0000035
split_0106	GCA_002255045.1|G0000036
split_0106	GCA_003345555.1|G0000048
split_0106	GCA_003345595.1|G0000050
split_0106	GCA_003649205.1|G0000054
split_0106	GCA_003649205.1|G0000055
split_0106	GCA_003663585.1|G0000063
split_0106	GCA_003663585.1|G0000064
split_0106	GCA_004524365.1|G0000069
split_0106	GCA_004524435.1|G0000070
split_0106	GCA_004524445.1|G0000072
split_0106	GCA_004524535.1|G0000073
split_0106	GCA_005191415.1|G0000074
split_0106	GCA_005191425.1|G0000075
split_0106	GCA_005223125.1|G0000076
split_0106	GCA_008080745.1|G0000077
split_0106	GCA_011364925.1|G0000084
split_0106	GCA_013166775.1|G0000087
split_0106	GCA_013388835.1|G0000089
split_0106	GCA_013791785.1|G0000091
split_0106	GCA_014728035.1|G0000092
split_0106	GCA_014729055.1|G0000093
split_0106	GCA_014730165.1|G0000095
split_0106	GCA_014730275.1|G0000098
split_0106	GCA_015660915.1|G0000109
split_0106	GCA_016214785.1|G0000113
split_0106	GCA_016839295.1|G0000118
split_0106	GCA_016839425.1|G0000119
split_0106	GCA_016839445.1|G0000120
split_0106	GCA_016839585.1|G0000121
split_0106	GCA_016839765.1|G0000122
split_0106	GCA_016840695.1|G0000131
split_0106	GCA_016926735.1|G0000135
split_0106	GCA_016930055.1|G0000137
split_0106	GCA_016933055.1|G0000141
split_0106	GCA_017610205.1|G0000145
split_0106	GCA_018238545.1|G0000146
split_0106	GCA_018335335.1|G0000147
split_0106	GCA_018396405.1|G0000150
split_0106	GCA_018396535.1|G0000152
split_0106	GCA_018396535.1|G0000153
split_0106	GCA_018396695.1|G0000156
split_0106	GCA_018396755.1|G0000164
split_0106	GCA_019057385.1|G0000177
split_0106	GCA_019057815.1|G0000178
split_0106	GCA_019058015.1|G0000179
split_0106	GCA_019058135.1|G0000180
split_0106	GCA_019058165.1|G0000181
split_0106	GCA_019058445.1|G0000183
split_0106	GCA_019894715.1|G0000187
split_0106	GCA_020348985.1|G0000190
split_0106	GCA_020355125.1|G0000193
split_0106	GCA_020355125.1|G0000194
split_0106	GCA_020696345.1|G0000195
split_0106	GCA_020696385.1|G0000196
split_0106	GCA_021162845.1|G0000202
split_0106	GCA_021163245.1|G0000204
split_0106	GCA_021498085.1|G0000206
split_0106	GCA_021498095.1|G0000207
split_0106	GCA_021498125.1|G0000208
split_0106	GCA_021513695.1|G0000209
split_0106	GCA_021513715.1|G0000210
split_0106	GCA_023705985.1|G0000215
split_0106	GCA_024275415.1|G0000216
split_0106	GCA_024276825.1|G0000217
split_0106	GCA_024280435.1|G0000218
split_0106	GCA_025059045.1|G0000221
split_0106	GCA_025839675.1|G0000223
split_0106	GCA_026015035.1|G0000233
split_0106	GCA_026015035.1|G0000234
split_0106	GCA_027031765.1|G0000240
split_0106	GCA_028279585.1|G0000245
split_0106	GCA_028279585.1|G0000246
split_0106	GCA_028279595.1|G0000247
split_0106	GCA_028713935.1|G0000249
split_0106	GCA_029210805.1|G0000250
split_0106	GCA_029258885.1|G0000251
split_0106	GCA_029838175.1|G0000256
split_0106	GCA_029855935.1|G0000257
split_0106	GCA_029856055.1|G0000258
split_0106	GCA_029856295.1|G0000259
split_0106	GCA_029856435.1|G0000260
split_0106	GCA_029856615.1|G0000261
split_0106	GCA_030611625.1|G0000268
split_0106	GCA_030638685.1|G0000272
split_0106	GCA_030638685.1|G0000273
split_0106	GCA_030672365.1|G0000274
split_0106	GCA_030837285.1|G0000279
split_0106	GCA_030837285.1|G0000280
split_0106	GCA_030837285.1|G0000281
split_0106	GCA_035531115.1|G0000292
split_0106	GCA_035624185.1|G0000293
split_0106	GCA_037386725.1|G0000297
split_0106	GCA_037917685.1|G0000298
split_0106	GCA_038819355.1|G0000305
split_0106	GCA_038820475.1|G0000306
split_0106	GCA_038825165.1|G0000307
split_0106	GCA_038825615.1|G0000308
split_0106	GCA_038846965.1|G0000312
split_0106	GCA_038852745.1|G0000319
split_0106	GCA_038852745.1|G0000320
split_0106	GCA_038852745.1|G0000321
split_0106	GCA_038883485.1|G0000327
split_0106	GCA_040225955.1|G0000329
split_0106	GCA_041479945.1|G0000331
split_0106	GCA_048882045.1|G0000335
split_0106	GCA_048887225.1|G0000338
split_0106	GCA_048938295.1|G0000339
split_0106	GCA_052584815.1|G0000340
split_0106	GCA_052584985.1|G0000341
split_0106	GCA_052626455.1|G0000342
split_0106	GCA_052626505.1|G0000343
split_0106	GCA_054381345.1|G0000344
split_0106	GCA_054381495.1|G0000346
split_0106	GCA_054383595.1|G0000347
split_0106	GCA_054384275.1|G0000348
split_0106	GCA_054384595.1|G0000349
split_0106	GCA_054385655.1|G0000350
split_0106	GCA_054385715.1|G0000351
split_0106	GCA_054385715.1|G0000352
split_0106	GCA_054385735.1|G0000353
split_0106	GCA_054387695.1|G0000355
split_0106	GCA_054388035.1|G0000356
split_0106	GCA_054390655.1|G0000357
split_0106	GCF_000011005.1|G0000362
split_0106	GOMC.bin.10983|G0000372
split_0106	GOMC.bin.13875|G0000374
split_0106	GOMC.bin.16739|G0000378
split_0106	GOMC.bin.2724|G0000379
split_0106	GOMC.bin.2843|G0000380
split_0106	GOMC.bin.2847|G0000381
split_0106	GOMC.bin.2857|G0000382
split_0106	GOMC.bin.2875|G0000384
split_0106	GOMC.bin.2895|G0000386
split_0106	GOMC.bin.2895|G0000387
split_0106	GOMC.bin.2900|G0000388
split_0106	GOMC.bin.5642|G0000397
split_0106	GOMC.bin.5642|G0000398
split_0106	GOMC.bin.7984|G0000400
split_0106	GOMC.bin.9181|G0000404
split_0107	GCA_001563335.1|G0000011
split_0107	GCA_001593865.1|G0000012
split_0107	GCA_001593935.1|G0000013
split_0107	GCA_001595885.1|G0000015
split_0107	GCA_002254595.1|G0000035
split_0107	GCA_002255045.1|G0000036
split_0107	GCA_003345555.1|G0000048
split_0107	GCA_003345595.1|G0000050
split_0107	GCA_003649205.1|G0000054
split_0107	GCA_003649205.1|G0000055
split_0107	GCA_003663585.1|G0000064
split_0107	GCA_004524365.1|G0000069
split_0107	GCA_004524435.1|G0000070
split_0107	GCA_004524445.1|G0000072
split_0107	GCA_004524535.1|G0000073
split_0107	GCA_005191415.1|G0000074
split_0107	GCA_005191425.1|G0000075
split_0107	GCA_005223125.1|G0000076
split_0107	GCA_008080745.1|G0000077
split_0107	GCA_011364925.1|G0000084
split_0107	GCA_013166775.1|G0000087
split_0107	GCA_013388835.1|G0000089
split_0107	GCA_013791785.1|G0000091
split_0107	GCA_014728035.1|G0000092
split_0107	GCA_014729055.1|G0000093
split_0107	GCA_014730165.1|G0000095
split_0107	GCA_014730275.1|G0000098
split_0107	GCA_016214785.1|G0000113
split_0107	GCA_016839295.1|G0000118
split_0107	GCA_016839425.1|G0000119
split_0107	GCA_016839445.1|G0000120
split_0107	GCA_016839585.1|G0000121
split_0107	GCA_016839765.1|G0000122
split_0107	GCA_016840695.1|G0000131
split_0107	GCA_016926735.1|G0000135
split_0107	GCA_016933055.1|G0000141
split_0107	GCA_017610205.1|G0000145
split_0107	GCA_018238545.1|G0000146
split_0107	GCA_018335335.1|G0000147
split_0107	GCA_018396535.1|G0000152
split_0107	GCA_018396535.1|G0000153
split_0107	GCA_018396695.1|G0000156
split_0107	GCA_018396755.1|G0000164
split_0107	GCA_019057385.1|G0000177
split_0107	GCA_019057815.1|G0000178
split_0107	GCA_019058015.1|G0000179
split_0107	GCA_019058135.1|G0000180
split_0107	GCA_019058165.1|G0000181
split_0107	GCA_019058445.1|G0000183
split_0107	GCA_019894715.1|G0000187
split_0107	GCA_020348985.1|G0000190
split_0107	GCA_020355125.1|G0000194
split_0107	GCA_020696345.1|G0000195
split_0107	GCA_020696385.1|G0000196
split_0107	GCA_021162845.1|G0000202
split_0107	GCA_021163245.1|G0000204
split_0107	GCA_021498085.1|G0000206
split_0107	GCA_021498095.1|G0000207
split_0107	GCA_021498125.1|G0000208
split_0107	GCA_021513695.1|G0000209
split_0107	GCA_021513715.1|G0000210
split_0107	GCA_023705985.1|G0000215
split_0107	GCA_024275415.1|G0000216
split_0107	GCA_024276825.1|G0000217
split_0107	GCA_024280435.1|G0000218
split_0107	GCA_025839675.1|G0000223
split_0107	GCA_026015035.1|G0000234
split_0107	GCA_027031765.1|G0000240
split_0107	GCA_028279585.1|G0000246
split_0107	GCA_028713935.1|G0000249
split_0107	GCA_029210805.1|G0000250
split_0107	GCA_029258885.1|G0000251
split_0107	GCA_029838175.1|G0000256
split_0107	GCA_029855935.1|G0000257
split_0107	GCA_029856055.1|G0000258
split_0107	GCA_029856295.1|G0000259
split_0107	GCA_029856435.1|G0000260
split_0107	GCA_029856615.1|G0000261
split_0107	GCA_030611625.1|G0000268
split_0107	GCA_030638685.1|G0000272
split_0107	GCA_030638685.1|G0000273
split_0107	GCA_030672365.1|G0000274
split_0107	GCA_030837285.1|G0000280
split_0107	GCA_035531115.1|G0000292
split_0107	GCA_037386725.1|G0000297
split_0107	GCA_037917685.1|G0000298
split_0107	GCA_038819355.1|G0000305
split_0107	GCA_038820475.1|G0000306
split_0107	GCA_038825165.1|G0000307
split_0107	GCA_038825615.1|G0000308
split_0107	GCA_038846965.1|G0000312
split_0107	GCA_038852745.1|G0000321
split_0107	GCA_038883485.1|G0000327
split_0107	GCA_040225955.1|G0000329
split_0107	GCA_041479945.1|G0000331
split_0107	GCA_048882045.1|G0000335
split_0107	GCA_048887225.1|G0000338
split_0107	GCA_048938295.1|G0000339
split_0107	GCA_052584815.1|G0000340
split_0107	GCA_052584985.1|G0000341
split_0107	GCA_052626455.1|G0000342
split_0107	GCA_052626505.1|G0000343
split_0107	GCA_054381345.1|G0000344
split_0107	GCA_054381495.1|G0000346
split_0107	GCA_054383595.1|G0000347
split_0107	GCA_054384275.1|G0000348
split_0107	GCA_054384595.1|G0000349
split_0107	GCA_054385715.1|G0000351
split_0107	GCA_054385715.1|G0000352
split_0107	GCA_054387695.1|G0000355
split_0107	GCA_054388035.1|G0000356
split_0107	GCA_054390655.1|G0000357
split_0107	GOMC.bin.10983|G0000372
split_0107	GOMC.bin.16739|G0000378
split_0107	GOMC.bin.2724|G0000379
split_0107	GOMC.bin.2843|G0000380
split_0107	GOMC.bin.2847|G0000381
split_0107	GOMC.bin.2857|G0000382
split_0107	GOMC.bin.2875|G0000384
split_0107	GOMC.bin.2895|G0000386
split_0107	GOMC.bin.2895|G0000387
split_0107	GOMC.bin.2900|G0000388
split_0107	GOMC.bin.5642|G0000398
split_0107	GOMC.bin.7984|G0000400
split_0107	GOMC.bin.9181|G0000404
split_0108	GCA_001563335.1|G0000011
split_0108	GCA_001593865.1|G0000012
split_0108	GCA_001593935.1|G0000013
split_0108	GCA_001595885.1|G0000015
split_0108	GCA_002255045.1|G0000036
split_0108	GCA_003345555.1|G0000048
split_0108	GCA_003345595.1|G0000050
split_0108	GCA_003663585.1|G0000064
split_0108	GCA_004524435.1|G0000070
split_0108	GCA_004524445.1|G0000072
split_0108	GCA_008080745.1|G0000077
split_0108	GCA_013166775.1|G0000087
split_0108	GCA_013388835.1|G0000089
split_0108	GCA_013791785.1|G0000091
split_0108	GCA_014728035.1|G0000092
split_0108	GCA_014730275.1|G0000098
split_0108	GCA_016214785.1|G0000113
split_0108	GCA_016839295.1|G0000118
split_0108	GCA_016839445.1|G0000120
split_0108	GCA_017610205.1|G0000145
split_0108	GCA_018238545.1|G0000146
split_0108	GCA_018335335.1|G0000147
split_0108	GCA_018396535.1|G0000152
split_0108	GCA_018396535.1|G0000153
split_0108	GCA_018396695.1|G0000156
split_0108	GCA_018396755.1|G0000164
split_0108	GCA_019057815.1|G0000178
split_0108	GCA_019058165.1|G0000181
split_0108	GCA_020348985.1|G0000190
split_0108	GCA_020355125.1|G0000194
split_0108	GCA_020696345.1|G0000195
split_0108	GCA_020696385.1|G0000196
split_0108	GCA_021162845.1|G0000202
split_0108	GCA_021498085.1|G0000206
split_0108	GCA_021498125.1|G0000208
split_0108	GCA_021513695.1|G0000209
split_0108	GCA_021513715.1|G0000210
split_0108	GCA_023705985.1|G0000215
split_0108	GCA_024275415.1|G0000216
split_0108	GCA_024276825.1|G0000217
split_0108	GCA_024280435.1|G0000218
split_0108	GCA_026015035.1|G0000234
split_0108	GCA_027031765.1|G0000240
split_0108	GCA_028279585.1|G0000246
split_0108	GCA_028713935.1|G0000249
split_0108	GCA_029210805.1|G0000250
split_0108	GCA_029855935.1|G0000257
split_0108	GCA_029856055.1|G0000258
split_0108	GCA_029856615.1|G0000261
split_0108	GCA_030638685.1|G0000272
split_0108	GCA_030638685.1|G0000273
split_0108	GCA_030672365.1|G0000274
split_0108	GCA_030837285.1|G0000280
split_0108	GCA_038825165.1|G0000307
split_0108	GCA_038846965.1|G0000312
split_0108	GCA_038852745.1|G0000321
split_0108	GCA_038883485.1|G0000327
split_0108	GCA_040225955.1|G0000329
split_0108	GCA_041479945.1|G0000331
split_0108	GCA_048882045.1|G0000335
split_0108	GCA_048938295.1|G0000339
split_0108	GCA_052584815.1|G0000340
split_0108	GCA_052584985.1|G0000341
split_0108	GCA_052626455.1|G0000342
split_0108	GCA_054381495.1|G0000346
split_0108	GCA_054387695.1|G0000355
split_0108	GCA_054388035.1|G0000356
split_0108	GCA_054390655.1|G0000357
split_0108	GOMC.bin.2875|G0000384
split_0108	GOMC.bin.5642|G0000398
split_0109	GCA_001563335.1|G0000011
split_0109	GCA_001595885.1|G0000015
split_0109	GCA_003345555.1|G0000048
split_0109	GCA_003345595.1|G0000050
split_0109	GCA_004524435.1|G0000070
split_0109	GCA_004524445.1|G0000072
split_0109	GCA_008080745.1|G0000077
split_0109	GCA_013166775.1|G0000087
split_0109	GCA_013388835.1|G0000089
split_0109	GCA_013791785.1|G0000091
split_0109	GCA_014728035.1|G0000092
split_0109	GCA_014730275.1|G0000098
split_0109	GCA_016214785.1|G0000113
split_0109	GCA_016839295.1|G0000118
split_0109	GCA_016839445.1|G0000120
split_0109	GCA_017610205.1|G0000145
split_0109	GCA_018238545.1|G0000146
split_0109	GCA_018335335.1|G0000147
split_0109	GCA_019057815.1|G0000178
split_0109	GCA_019058165.1|G0000181
split_0109	GCA_020348985.1|G0000190
split_0109	GCA_020696345.1|G0000195
split_0109	GCA_020696385.1|G0000196
split_0109	GCA_021498085.1|G0000206
split_0109	GCA_021498125.1|G0000208
split_0109	GCA_021513695.1|G0000209
split_0109	GCA_021513715.1|G0000210
split_0109	GCA_023705985.1|G0000215
split_0109	GCA_024275415.1|G0000216
split_0109	GCA_024276825.1|G0000217
split_0109	GCA_024280435.1|G0000218
split_0109	GCA_027031765.1|G0000240
split_0109	GCA_028279585.1|G0000246
split_0109	GCA_028713935.1|G0000249
split_0109	GCA_029210805.1|G0000250
split_0109	GCA_029855935.1|G0000257
split_0109	GCA_029856055.1|G0000258
split_0109	GCA_029856615.1|G0000261
split_0109	GCA_030638685.1|G0000272
split_0109	GCA_030638685.1|G0000273
split_0109	GCA_030672365.1|G0000274
split_0109	GCA_038825165.1|G0000307
split_0109	GCA_048882045.1|G0000335
split_0109	GCA_048938295.1|G0000339
split_0109	GCA_052584815.1|G0000340
split_0109	GCA_052626455.1|G0000342
split_0109	GCA_054381495.1|G0000346
split_0109	GCA_054387695.1|G0000355
split_0109	GCA_054388035.1|G0000356
split_0109	GCA_054390655.1|G0000357
split_0110	GCA_001563335.1|G0000011
split_0110	GCA_001595885.1|G0000015
split_0110	GCA_003345555.1|G0000048
split_0110	GCA_003345595.1|G0000050
split_0110	GCA_004524435.1|G0000070
split_0110	GCA_004524445.1|G0000072
split_0110	GCA_008080745.1|G0000077
split_0110	GCA_013166775.1|G0000087
split_0110	GCA_013388835.1|G0000089
split_0110	GCA_013791785.1|G0000091
split_0110	GCA_014728035.1|G0000092
split_0110	GCA_014730275.1|G0000098
split_0110	GCA_016214785.1|G0000113
split_0110	GCA_016839295.1|G0000118
split_0110	GCA_016839445.1|G0000120
split_0110	GCA_017610205.1|G0000145
split_0110	GCA_018238545.1|G0000146
split_0110	GCA_018335335.1|G0000147
split_0110	GCA_019057815.1|G0000178
split_0110	GCA_019058165.1|G0000181
split_0110	GCA_020348985.1|G0000190
split_0110	GCA_020696345.1|G0000195
split_0110	GCA_020696385.1|G0000196
split_0110	GCA_021498085.1|G0000206
split_0110	GCA_021498125.1|G0000208
split_0110	GCA_021513695.1|G0000209
split_0110	GCA_021513715.1|G0000210
split_0110	GCA_023705985.1|G0000215
split_0110	GCA_024275415.1|G0000216
split_0110	GCA_024276825.1|G0000217
split_0110	GCA_024280435.1|G0000218
split_0110	GCA_027031765.1|G0000240
split_0110	GCA_028279585.1|G0000246
split_0110	GCA_028713935.1|G0000249
split_0110	GCA_029210805.1|G0000250
split_0110	GCA_029855935.1|G0000257
split_0110	GCA_030638685.1|G0000272
split_0110	GCA_030638685.1|G0000273
split_0110	GCA_030672365.1|G0000274
split_0110	GCA_038825165.1|G0000307
split_0110	GCA_048882045.1|G0000335
split_0110	GCA_048938295.1|G0000339
split_0110	GCA_052584815.1|G0000340
split_0110	GCA_052626455.1|G0000342
split_0110	GCA_054381495.1|G0000346
split_0110	GCA_054387695.1|G0000355
split_0110	GCA_054388035.1|G0000356
split_0110	GCA_054390655.1|G0000357
split_0111	GCA_001563335.1|G0000011
split_0111	GCA_001595885.1|G0000015
split_0111	GCA_003345555.1|G0000048
split_0111	GCA_003345595.1|G0000050
split_0111	GCA_004524435.1|G0000070
split_0111	GCA_004524445.1|G0000072
split_0111	GCA_008080745.1|G0000077
split_0111	GCA_013166775.1|G0000087
split_0111	GCA_013388835.1|G0000089
split_0111	GCA_013791785.1|G0000091
split_0111	GCA_014728035.1|G0000092
split_0111	GCA_014730275.1|G0000098
split_0111	GCA_016214785.1|G0000113
split_0111	GCA_016839295.1|G0000118
split_0111	GCA_016839445.1|G0000120
split_0111	GCA_018238545.1|G0000146
split_0111	GCA_018335335.1|G0000147
split_0111	GCA_019057815.1|G0000178
split_0111	GCA_019058165.1|G0000181
split_0111	GCA_020348985.1|G0000190
split_0111	GCA_020696345.1|G0000195
split_0111	GCA_020696385.1|G0000196
split_0111	GCA_021498085.1|G0000206
split_0111	GCA_021498125.1|G0000208
split_0111	GCA_021513695.1|G0000209
split_0111	GCA_021513715.1|G0000210
split_0111	GCA_023705985.1|G0000215
split_0111	GCA_024275415.1|G0000216
split_0111	GCA_024276825.1|G0000217
split_0111	GCA_024280435.1|G0000218
split_0111	GCA_027031765.1|G0000240
split_0111	GCA_028279585.1|G0000246
split_0111	GCA_029210805.1|G0000250
split_0111	GCA_029855935.1|G0000257
split_0111	GCA_030638685.1|G0000272
split_0111	GCA_030638685.1|G0000273
split_0111	GCA_030672365.1|G0000274
split_0111	GCA_038825165.1|G0000307
split_0111	GCA_048882045.1|G0000335
split_0111	GCA_048938295.1|G0000339
split_0111	GCA_052584815.1|G0000340
split_0111	GCA_052626455.1|G0000342
split_0111	GCA_054381495.1|G0000346
split_0111	GCA_054387695.1|G0000355
split_0111	GCA_054388035.1|G0000356
split_0111	GCA_054390655.1|G0000357
split_0112	GCA_001563335.1|G0000011
split_0112	GCA_001595885.1|G0000015
split_0112	GCA_003345555.1|G0000048
split_0112	GCA_003345595.1|G0000050
split_0112	GCA_004524435.1|G0000070
split_0112	GCA_004524445.1|G0000072
split_0112	GCA_008080745.1|G0000077
split_0112	GCA_013166775.1|G0000087
split_0112	GCA_013388835.1|G0000089
split_0112	GCA_013791785.1|G0000091
split_0112	GCA_014728035.1|G0000092
split_0112	GCA_014730275.1|G0000098
split_0112	GCA_016214785.1|G0000113
split_0112	GCA_016839295.1|G0000118
split_0112	GCA_016839445.1|G0000120
split_0112	GCA_018238545.1|G0000146
split_0112	GCA_018335335.1|G0000147
split_0112	GCA_019057815.1|G0000178
split_0112	GCA_019058165.1|G0000181
split_0112	GCA_020348985.1|G0000190
split_0112	GCA_020696345.1|G0000195
split_0112	GCA_020696385.1|G0000196
split_0112	GCA_021498085.1|G0000206
split_0112	GCA_021498125.1|G0000208
split_0112	GCA_021513695.1|G0000209
split_0112	GCA_021513715.1|G0000210
split_0112	GCA_023705985.1|G0000215
split_0112	GCA_024275415.1|G0000216
split_0112	GCA_024276825.1|G0000217
split_0112	GCA_024280435.1|G0000218
split_0112	GCA_027031765.1|G0000240
split_0112	GCA_028279585.1|G0000246
split_0112	GCA_029210805.1|G0000250
split_0112	GCA_029855935.1|G0000257
split_0112	GCA_030638685.1|G0000272
split_0112	GCA_030638685.1|G0000273
split_0112	GCA_030672365.1|G0000274
split_0112	GCA_038825165.1|G0000307
split_0112	GCA_048882045.1|G0000335
split_0112	GCA_052584815.1|G0000340
split_0112	GCA_052626455.1|G0000342
split_0112	GCA_054381495.1|G0000346
split_0112	GCA_054387695.1|G0000355
split_0112	GCA_054388035.1|G0000356
split_0112	GCA_054390655.1|G0000357
split_0113	GCA_001563335.1|G0000011
split_0113	GCA_003345555.1|G0000048
split_0113	GCA_003345595.1|G0000050
split_0113	GCA_004524435.1|G0000070
split_0113	GCA_004524445.1|G0000072
split_0113	GCA_008080745.1|G0000077
split_0113	GCA_013166775.1|G0000087
split_0113	GCA_013388835.1|G0000089
split_0113	GCA_014728035.1|G0000092
split_0113	GCA_014730275.1|G0000098
split_0113	GCA_016839295.1|G0000118
split_0113	GCA_016839445.1|G0000120
split_0113	GCA_018238545.1|G0000146
split_0113	GCA_018335335.1|G0000147
split_0113	GCA_019057815.1|G0000178
split_0113	GCA_019058165.1|G0000181
split_0113	GCA_020348985.1|G0000190
split_0113	GCA_021498085.1|G0000206
split_0113	GCA_021498125.1|G0000208
split_0113	GCA_021513695.1|G0000209
split_0113	GCA_021513715.1|G0000210
split_0113	GCA_023705985.1|G0000215
split_0113	GCA_024275415.1|G0000216
split_0113	GCA_024276825.1|G0000217
split_0113	GCA_024280435.1|G0000218
split_0113	GCA_027031765.1|G0000240
split_0113	GCA_029210805.1|G0000250
split_0113	GCA_029855935.1|G0000257
split_0113	GCA_030638685.1|G0000272
split_0113	GCA_030638685.1|G0000273
split_0113	GCA_038825165.1|G0000307
split_0113	GCA_048882045.1|G0000335
split_0113	GCA_052584815.1|G0000340
split_0113	GCA_054381495.1|G0000346
split_0113	GCA_054387695.1|G0000355
split_0113	GCA_054388035.1|G0000356
split_0113	GCA_054390655.1|G0000357
split_0114	GCA_001563335.1|G0000011
split_0114	GCA_003345555.1|G0000048
split_0114	GCA_003345595.1|G0000050
split_0114	GCA_004524435.1|G0000070
split_0114	GCA_004524445.1|G0000072
split_0114	GCA_008080745.1|G0000077
split_0114	GCA_013166775.1|G0000087
split_0114	GCA_013388835.1|G0000089
split_0114	GCA_014728035.1|G0000092
split_0114	GCA_014730275.1|G0000098
split_0114	GCA_016839295.1|G0000118
split_0114	GCA_016839445.1|G0000120
split_0114	GCA_018238545.1|G0000146
split_0114	GCA_018335335.1|G0000147
split_0114	GCA_019057815.1|G0000178
split_0114	GCA_019058165.1|G0000181
split_0114	GCA_020348985.1|G0000190
split_0114	GCA_021498085.1|G0000206
split_0114	GCA_021498125.1|G0000208
split_0114	GCA_021513695.1|G0000209
split_0114	GCA_021513715.1|G0000210
split_0114	GCA_023705985.1|G0000215
split_0114	GCA_024275415.1|G0000216
split_0114	GCA_024276825.1|G0000217
split_0114	GCA_024280435.1|G0000218
split_0114	GCA_027031765.1|G0000240
split_0114	GCA_029210805.1|G0000250
split_0114	GCA_029855935.1|G0000257
split_0114	GCA_038825165.1|G0000307
split_0114	GCA_048882045.1|G0000335
split_0114	GCA_052584815.1|G0000340
split_0114	GCA_054381495.1|G0000346
split_0114	GCA_054387695.1|G0000355
split_0114	GCA_054390655.1|G0000357
split_0115	GCA_001563335.1|G0000011
split_0115	GCA_003345555.1|G0000048
split_0115	GCA_003345595.1|G0000050
split_0115	GCA_004524435.1|G0000070
split_0115	GCA_004524445.1|G0000072
split_0115	GCA_008080745.1|G0000077
split_0115	GCA_013166775.1|G0000087
split_0115	GCA_013388835.1|G0000089
split_0115	GCA_014728035.1|G0000092
split_0115	GCA_014730275.1|G0000098
split_0115	GCA_016839295.1|G0000118
split_0115	GCA_016839445.1|G0000120
split_0115	GCA_018335335.1|G0000147
split_0115	GCA_019057815.1|G0000178
split_0115	GCA_019058165.1|G0000181
split_0115	GCA_020348985.1|G0000190
split_0115	GCA_021498085.1|G0000206
split_0115	GCA_021498125.1|G0000208
split_0115	GCA_021513695.1|G0000209
split_0115	GCA_021513715.1|G0000210
split_0115	GCA_023705985.1|G0000215
split_0115	GCA_024275415.1|G0000216
split_0115	GCA_024276825.1|G0000217
split_0115	GCA_024280435.1|G0000218
split_0115	GCA_027031765.1|G0000240
split_0115	GCA_029210805.1|G0000250
split_0115	GCA_029855935.1|G0000257
split_0115	GCA_038825165.1|G0000307
split_0115	GCA_048882045.1|G0000335
split_0115	GCA_052584815.1|G0000340
split_0115	GCA_054381495.1|G0000346
split_0115	GCA_054387695.1|G0000355
split_0115	GCA_054390655.1|G0000357
split_0116	GCA_001563335.1|G0000011
split_0116	GCA_003345555.1|G0000048
split_0116	GCA_003345595.1|G0000050
split_0116	GCA_004524435.1|G0000070
split_0116	GCA_004524445.1|G0000072
split_0116	GCA_008080745.1|G0000077
split_0116	GCA_013388835.1|G0000089
split_0116	GCA_014728035.1|G0000092
split_0116	GCA_014730275.1|G0000098
split_0116	GCA_016839295.1|G0000118
split_0116	GCA_016839445.1|G0000120
split_0116	GCA_018335335.1|G0000147
split_0116	GCA_019058165.1|G0000181
split_0116	GCA_020348985.1|G0000190
split_0116	GCA_021498085.1|G0000206
split_0116	GCA_021498125.1|G0000208
split_0116	GCA_024275415.1|G0000216
split_0116	GCA_024276825.1|G0000217
split_0116	GCA_027031765.1|G0000240
split_0116	GCA_029210805.1|G0000250
split_0116	GCA_029855935.1|G0000257
split_0116	GCA_038825165.1|G0000307
split_0116	GCA_048882045.1|G0000335
split_0116	GCA_052584815.1|G0000340
split_0116	GCA_054381495.1|G0000346
split_0116	GCA_054390655.1|G0000357
split_0117	GCA_001563335.1|G0000011
split_0117	GCA_003345555.1|G0000048
split_0117	GCA_003345595.1|G0000050
split_0117	GCA_004524435.1|G0000070
split_0117	GCA_004524445.1|G0000072
split_0117	GCA_008080745.1|G0000077
split_0117	GCA_013388835.1|G0000089
split_0117	GCA_014728035.1|G0000092
split_0117	GCA_014730275.1|G0000098
split_0117	GCA_016839295.1|G0000118
split_0117	GCA_016839445.1|G0000120
split_0117	GCA_018335335.1|G0000147
split_0117	GCA_020348985.1|G0000190
split_0117	GCA_021498125.1|G0000208
split_0117	GCA_024275415.1|G0000216
split_0117	GCA_024276825.1|G0000217
split_0117	GCA_027031765.1|G0000240
split_0117	GCA_029210805.1|G0000250
split_0117	GCA_029855935.1|G0000257
split_0117	GCA_038825165.1|G0000307
split_0117	GCA_048882045.1|G0000335
split_0117	GCA_052584815.1|G0000340
split_0117	GCA_054381495.1|G0000346
split_0117	GCA_054390655.1|G0000357
split_0118	GCA_001563335.1|G0000011
split_0118	GCA_003345555.1|G0000048
split_0118	GCA_003345595.1|G0000050
split_0118	GCA_004524435.1|G0000070
split_0118	GCA_004524445.1|G0000072
split_0118	GCA_008080745.1|G0000077
split_0118	GCA_013388835.1|G0000089
split_0118	GCA_014728035.1|G0000092
split_0118	GCA_014730275.1|G0000098
split_0118	GCA_016839445.1|G0000120
split_0118	GCA_018335335.1|G0000147
split_0118	GCA_020348985.1|G0000190
split_0118	GCA_021498125.1|G0000208
split_0118	GCA_024275415.1|G0000216
split_0118	GCA_024276825.1|G0000217
split_0118	GCA_027031765.1|G0000240
split_0118	GCA_029210805.1|G0000250
split_0118	GCA_029855935.1|G0000257
split_0118	GCA_038825165.1|G0000307
split_0118	GCA_048882045.1|G0000335
split_0118	GCA_052584815.1|G0000340
split_0118	GCA_054381495.1|G0000346
split_0118	GCA_054390655.1|G0000357
split_0119	GCA_001563335.1|G0000011
split_0119	GCA_003345555.1|G0000048
split_0119	GCA_003345595.1|G0000050
split_0119	GCA_004524435.1|G0000070
split_0119	GCA_004524445.1|G0000072
split_0119	GCA_008080745.1|G0000077
split_0119	GCA_013388835.1|G0000089
split_0119	GCA_014728035.1|G0000092
split_0119	GCA_014730275.1|G0000098
split_0119	GCA_016839445.1|G0000120
split_0119	GCA_018335335.1|G0000147
split_0119	GCA_021498125.1|G0000208
split_0119	GCA_024275415.1|G0000216
split_0119	GCA_027031765.1|G0000240
split_0119	GCA_029210805.1|G0000250
split_0119	GCA_029855935.1|G0000257
split_0119	GCA_038825165.1|G0000307
split_0119	GCA_048882045.1|G0000335
split_0119	GCA_052584815.1|G0000340
split_0119	GCA_054381495.1|G0000346
split_0119	GCA_054390655.1|G0000357
split_0120	GCA_001563335.1|G0000011
split_0120	GCA_003345555.1|G0000048
split_0120	GCA_003345595.1|G0000050
split_0120	GCA_004524435.1|G0000070
split_0120	GCA_004524445.1|G0000072
split_0120	GCA_008080745.1|G0000077
split_0120	GCA_013388835.1|G0000089
split_0120	GCA_014728035.1|G0000092
split_0120	GCA_016839445.1|G0000120
split_0120	GCA_024275415.1|G0000216
split_0120	GCA_027031765.1|G0000240
split_0120	GCA_029210805.1|G0000250
split_0120	GCA_038825165.1|G0000307
split_0120	GCA_048882045.1|G0000335
split_0120	GCA_054381495.1|G0000346
split_0120	GCA_054390655.1|G0000357
split_0121	GCA_001563335.1|G0000011
split_0121	GCA_003345555.1|G0000048
split_0121	GCA_004524435.1|G0000070
split_0121	GCA_004524445.1|G0000072
split_0121	GCA_008080745.1|G0000077
split_0121	GCA_013388835.1|G0000089
split_0121	GCA_014728035.1|G0000092
split_0121	GCA_016839445.1|G0000120
split_0121	GCA_024275415.1|G0000216
split_0121	GCA_027031765.1|G0000240
split_0121	GCA_029210805.1|G0000250
split_0121	GCA_038825165.1|G0000307
split_0121	GCA_048882045.1|G0000335
split_0121	GCA_054381495.1|G0000346
split_0121	GCA_054390655.1|G0000357
split_0122	GCA_001563335.1|G0000011
split_0122	GCA_004524435.1|G0000070
split_0122	GCA_016839445.1|G0000120
split_0122	GCA_048882045.1|G0000335
split_0122	GCA_054390655.1|G0000357
split_0123	GCA_001563335.1|G0000011
split_0123	GCA_048882045.1|G0000335
split_0124	GCA_004524435.1|G0000070
split_0124	GCA_016839445.1|G0000120
split_0124	GCA_054390655.1|G0000357
split_0125	GCA_004524435.1|G0000070
split_0125	GCA_054390655.1|G0000357
split_0126	GCA_003345555.1|G0000048
split_0126	GCA_004524445.1|G0000072
split_0126	GCA_008080745.1|G0000077
split_0126	GCA_013388835.1|G0000089
split_0126	GCA_014728035.1|G0000092
split_0126	GCA_024275415.1|G0000216
split_0126	GCA_027031765.1|G0000240
split_0126	GCA_029210805.1|G0000250
split_0126	GCA_038825165.1|G0000307
split_0126	GCA_054381495.1|G0000346
split_0127	GCA_003345555.1|G0000048
split_0127	GCA_008080745.1|G0000077
split_0127	GCA_013388835.1|G0000089
split_0127	GCA_014728035.1|G0000092
split_0127	GCA_024275415.1|G0000216
split_0127	GCA_027031765.1|G0000240
split_0127	GCA_029210805.1|G0000250
split_0127	GCA_038825165.1|G0000307
split_0127	GCA_054381495.1|G0000346
split_0128	GCA_003345555.1|G0000048
split_0128	GCA_008080745.1|G0000077
split_0128	GCA_013388835.1|G0000089
split_0128	GCA_014728035.1|G0000092
split_0128	GCA_024275415.1|G0000216
split_0128	GCA_027031765.1|G0000240
split_0128	GCA_029210805.1|G0000250
split_0128	GCA_038825165.1|G0000307
split_0129	GCA_008080745.1|G0000077
split_0129	GCA_013388835.1|G0000089
split_0129	GCA_014728035.1|G0000092
split_0129	GCA_024275415.1|G0000216
split_0129	GCA_027031765.1|G0000240
split_0129	GCA_029210805.1|G0000250
split_0129	GCA_038825165.1|G0000307
split_0130	GCA_008080745.1|G0000077
split_0130	GCA_014728035.1|G0000092
split_0131	GCA_013388835.1|G0000089
split_0131	GCA_024275415.1|G0000216
split_0131	GCA_027031765.1|G0000240
split_0131	GCA_029210805.1|G0000250
split_0131	GCA_038825165.1|G0000307
split_0132	GCA_013388835.1|G0000089
split_0132	GCA_027031765.1|G0000240
split_0132	GCA_038825165.1|G0000307
split_0133	GCA_013388835.1|G0000089
split_0133	GCA_038825165.1|G0000307
split_0134	GCA_024275415.1|G0000216
split_0134	GCA_029210805.1|G0000250
split_0135	GCA_014730275.1|G0000098
split_0135	GCA_018335335.1|G0000147
split_0135	GCA_021498125.1|G0000208
split_0135	GCA_029855935.1|G0000257
split_0135	GCA_052584815.1|G0000340
split_0136	GCA_014730275.1|G0000098
split_0136	GCA_018335335.1|G0000147
split_0136	GCA_021498125.1|G0000208
split_0136	GCA_029855935.1|G0000257
split_0137	GCA_014730275.1|G0000098
split_0137	GCA_018335335.1|G0000147
split_0138	GCA_021498125.1|G0000208
split_0138	GCA_029855935.1|G0000257
split_0139	GCA_020348985.1|G0000190
split_0139	GCA_024276825.1|G0000217
split_0140	GCA_019058165.1|G0000181
split_0140	GCA_021498085.1|G0000206
split_0141	GCA_013166775.1|G0000087
split_0141	GCA_019057815.1|G0000178
split_0141	GCA_021513695.1|G0000209
split_0141	GCA_021513715.1|G0000210
split_0141	GCA_023705985.1|G0000215
split_0141	GCA_024280435.1|G0000218
split_0141	GCA_054387695.1|G0000355
split_0142	GCA_013166775.1|G0000087
split_0142	GCA_019057815.1|G0000178
split_0142	GCA_021513695.1|G0000209
split_0142	GCA_021513715.1|G0000210
split_0142	GCA_023705985.1|G0000215
split_0142	GCA_024280435.1|G0000218
split_0143	GCA_013166775.1|G0000087
split_0143	GCA_019057815.1|G0000178
split_0143	GCA_021513695.1|G0000209
split_0143	GCA_021513715.1|G0000210
split_0143	GCA_023705985.1|G0000215
split_0144	GCA_013166775.1|G0000087
split_0144	GCA_019057815.1|G0000178
split_0144	GCA_023705985.1|G0000215
split_0145	GCA_019057815.1|G0000178
split_0145	GCA_023705985.1|G0000215
split_0146	GCA_021513695.1|G0000209
split_0146	GCA_021513715.1|G0000210
split_0147	GCA_030638685.1|G0000272
split_0147	GCA_030638685.1|G0000273
split_0147	GCA_054388035.1|G0000356
split_0148	GCA_030638685.1|G0000272
split_0148	GCA_054388035.1|G0000356
split_0149	GCA_001595885.1|G0000015
split_0149	GCA_013791785.1|G0000091
split_0149	GCA_016214785.1|G0000113
split_0149	GCA_020696345.1|G0000195
split_0149	GCA_020696385.1|G0000196
split_0149	GCA_028279585.1|G0000246
split_0149	GCA_030672365.1|G0000274
split_0149	GCA_052626455.1|G0000342
split_0150	GCA_001595885.1|G0000015
split_0150	GCA_013791785.1|G0000091
split_0150	GCA_016214785.1|G0000113
split_0150	GCA_020696385.1|G0000196
split_0150	GCA_028279585.1|G0000246
split_0150	GCA_030672365.1|G0000274
split_0150	GCA_052626455.1|G0000342
split_0151	GCA_001595885.1|G0000015
split_0151	GCA_013791785.1|G0000091
split_0151	GCA_016214785.1|G0000113
split_0151	GCA_020696385.1|G0000196
split_0151	GCA_030672365.1|G0000274
split_0151	GCA_052626455.1|G0000342
split_0152	GCA_001595885.1|G0000015
split_0152	GCA_013791785.1|G0000091
split_0152	GCA_016214785.1|G0000113
split_0152	GCA_020696385.1|G0000196
split_0152	GCA_030672365.1|G0000274
split_0153	GCA_001595885.1|G0000015
split_0153	GCA_013791785.1|G0000091
split_0153	GCA_020696385.1|G0000196
split_0153	GCA_030672365.1|G0000274
split_0154	GCA_001595885.1|G0000015
split_0154	GCA_013791785.1|G0000091
split_0154	GCA_030672365.1|G0000274
split_0155	GCA_001595885.1|G0000015
split_0155	GCA_013791785.1|G0000091
split_0156	GCA_017610205.1|G0000145
split_0156	GCA_028713935.1|G0000249
split_0157	GCA_029856055.1|G0000258
split_0157	GCA_029856615.1|G0000261
split_0158	GCA_001593865.1|G0000012
split_0158	GCA_001593935.1|G0000013
split_0158	GCA_002255045.1|G0000036
split_0158	GCA_003663585.1|G0000064
split_0158	GCA_018396535.1|G0000152
split_0158	GCA_018396535.1|G0000153
split_0158	GCA_018396695.1|G0000156
split_0158	GCA_018396755.1|G0000164
split_0158	GCA_020355125.1|G0000194
split_0158	GCA_021162845.1|G0000202
split_0158	GCA_026015035.1|G0000234
split_0158	GCA_030837285.1|G0000280
split_0158	GCA_038846965.1|G0000312
split_0158	GCA_038852745.1|G0000321
split_0158	GCA_038883485.1|G0000327
split_0158	GCA_040225955.1|G0000329
split_0158	GCA_041479945.1|G0000331
split_0158	GCA_052584985.1|G0000341
split_0158	GOMC.bin.2875|G0000384
split_0158	GOMC.bin.5642|G0000398
split_0159	GCA_001593865.1|G0000012
split_0159	GCA_001593935.1|G0000013
split_0159	GCA_002255045.1|G0000036
split_0159	GCA_003663585.1|G0000064
split_0159	GCA_018396535.1|G0000152
split_0159	GCA_018396535.1|G0000153
split_0159	GCA_018396695.1|G0000156
split_0159	GCA_018396755.1|G0000164
split_0159	GCA_020355125.1|G0000194
split_0159	GCA_021162845.1|G0000202
split_0159	GCA_026015035.1|G0000234
split_0159	GCA_030837285.1|G0000280
split_0159	GCA_038846965.1|G0000312
split_0159	GCA_038852745.1|G0000321
split_0159	GCA_038883485.1|G0000327
split_0159	GCA_041479945.1|G0000331
split_0159	GOMC.bin.2875|G0000384
split_0159	GOMC.bin.5642|G0000398
split_0160	GCA_001593865.1|G0000012
split_0160	GCA_001593935.1|G0000013
split_0160	GCA_018396535.1|G0000152
split_0160	GCA_018396695.1|G0000156
split_0160	GCA_018396755.1|G0000164
split_0160	GCA_020355125.1|G0000194
split_0160	GCA_021162845.1|G0000202
split_0160	GCA_026015035.1|G0000234
split_0160	GCA_030837285.1|G0000280
split_0160	GCA_038846965.1|G0000312
split_0160	GCA_038852745.1|G0000321
split_0160	GCA_038883485.1|G0000327
split_0160	GCA_041479945.1|G0000331
split_0160	GOMC.bin.2875|G0000384
split_0160	GOMC.bin.5642|G0000398
split_0161	GCA_001593865.1|G0000012
split_0161	GCA_001593935.1|G0000013
split_0161	GCA_018396535.1|G0000152
split_0161	GCA_018396695.1|G0000156
split_0161	GCA_018396755.1|G0000164
split_0161	GCA_020355125.1|G0000194
split_0161	GCA_026015035.1|G0000234
split_0161	GCA_030837285.1|G0000280
split_0161	GCA_038846965.1|G0000312
split_0161	GCA_038852745.1|G0000321
split_0161	GCA_038883485.1|G0000327
split_0161	GCA_041479945.1|G0000331
split_0161	GOMC.bin.5642|G0000398
split_0162	GCA_001593865.1|G0000012
split_0162	GCA_001593935.1|G0000013
split_0162	GCA_018396695.1|G0000156
split_0162	GCA_018396755.1|G0000164
split_0162	GCA_020355125.1|G0000194
split_0162	GCA_026015035.1|G0000234
split_0162	GCA_030837285.1|G0000280
split_0162	GCA_038846965.1|G0000312
split_0162	GCA_038852745.1|G0000321
split_0162	GCA_038883485.1|G0000327
split_0162	GCA_041479945.1|G0000331
split_0162	GOMC.bin.5642|G0000398
split_0163	GCA_001593865.1|G0000012
split_0163	GCA_001593935.1|G0000013
split_0163	GCA_018396755.1|G0000164
split_0163	GCA_020355125.1|G0000194
split_0163	GCA_026015035.1|G0000234
split_0163	GCA_030837285.1|G0000280
split_0163	GCA_038883485.1|G0000327
split_0163	GCA_041479945.1|G0000331
split_0164	GCA_001593865.1|G0000012
split_0164	GCA_001593935.1|G0000013
split_0164	GCA_018396755.1|G0000164
split_0164	GCA_020355125.1|G0000194
split_0164	GCA_038883485.1|G0000327
split_0165	GCA_001593865.1|G0000012
split_0165	GCA_001593935.1|G0000013
split_0165	GCA_018396755.1|G0000164
split_0165	GCA_020355125.1|G0000194
split_0166	GCA_001593865.1|G0000012
split_0166	GCA_001593935.1|G0000013
split_0166	GCA_018396755.1|G0000164
split_0167	GCA_001593865.1|G0000012
split_0167	GCA_018396755.1|G0000164
split_0168	GCA_026015035.1|G0000234
split_0168	GCA_030837285.1|G0000280
split_0168	GCA_041479945.1|G0000331
split_0169	GCA_026015035.1|G0000234
split_0169	GCA_041479945.1|G0000331
split_0170	GCA_018396695.1|G0000156
split_0170	GCA_038846965.1|G0000312
split_0170	GCA_038852745.1|G0000321
split_0170	GOMC.bin.5642|G0000398
split_0171	GCA_018396695.1|G0000156
split_0171	GCA_038852745.1|G0000321
split_0171	GOMC.bin.5642|G0000398
split_0172	GCA_018396695.1|G0000156
split_0172	GOMC.bin.5642|G0000398
split_0173	GCA_021162845.1|G0000202
split_0173	GOMC.bin.2875|G0000384
split_0174	GCA_002255045.1|G0000036
split_0174	GCA_003663585.1|G0000064
split_0174	GCA_018396535.1|G0000153
split_0175	GCA_002255045.1|G0000036
split_0175	GCA_018396535.1|G0000153
split_0176	GCA_040225955.1|G0000329
split_0176	GCA_052584985.1|G0000341
split_0177	GCA_002254595.1|G0000035
split_0177	GCA_003649205.1|G0000054
split_0177	GCA_003649205.1|G0000055
split_0177	GCA_004524365.1|G0000069
split_0177	GCA_004524535.1|G0000073
split_0177	GCA_005191415.1|G0000074
split_0177	GCA_005191425.1|G0000075
split_0177	GCA_005223125.1|G0000076
split_0177	GCA_011364925.1|G0000084
split_0177	GCA_014729055.1|G0000093
split_0177	GCA_014730165.1|G0000095
split_0177	GCA_016839425.1|G0000119
split_0177	GCA_016839585.1|G0000121
split_0177	GCA_016839765.1|G0000122
split_0177	GCA_016840695.1|G0000131
split_0177	GCA_016926735.1|G0000135
split_0177	GCA_016933055.1|G0000141
split_0177	GCA_019057385.1|G0000177
split_0177	GCA_019058015.1|G0000179
split_0177	GCA_019058135.1|G0000180
split_0177	GCA_019058445.1|G0000183
split_0177	GCA_019894715.1|G0000187
split_0177	GCA_021163245.1|G0000204
split_0177	GCA_021498095.1|G0000207
split_0177	GCA_025839675.1|G0000223
split_0177	GCA_029258885.1|G0000251
split_0177	GCA_029838175.1|G0000256
split_0177	GCA_029856295.1|G0000259
split_0177	GCA_029856435.1|G0000260
split_0177	GCA_030611625.1|G0000268
split_0177	GCA_035531115.1|G0000292
split_0177	GCA_037386725.1|G0000297
split_0177	GCA_037917685.1|G0000298
split_0177	GCA_038819355.1|G0000305
split_0177	GCA_038820475.1|G0000306
split_0177	GCA_038825615.1|G0000308
split_0177	GCA_048887225.1|G0000338
split_0177	GCA_052626505.1|G0000343
split_0177	GCA_054381345.1|G0000344
split_0177	GCA_054383595.1|G0000347
split_0177	GCA_054384275.1|G0000348
split_0177	GCA_054384595.1|G0000349
split_0177	GCA_054385715.1|G0000351
split_0177	GCA_054385715.1|G0000352
split_0177	GOMC.bin.10983|G0000372
split_0177	GOMC.bin.16739|G0000378
split_0177	GOMC.bin.2724|G0000379
split_0177	GOMC.bin.2843|G0000380
split_0177	GOMC.bin.2847|G0000381
split_0177	GOMC.bin.2857|G0000382
split_0177	GOMC.bin.2895|G0000386
split_0177	GOMC.bin.2895|G0000387
split_0177	GOMC.bin.2900|G0000388
split_0177	GOMC.bin.7984|G0000400
split_0177	GOMC.bin.9181|G0000404
split_0178	GCA_002254595.1|G0000035
split_0178	GCA_003649205.1|G0000054
split_0178	GCA_003649205.1|G0000055
split_0178	GCA_005191425.1|G0000075
split_0178	GCA_014729055.1|G0000093
split_0178	GCA_016933055.1|G0000141
split_0178	GCA_021163245.1|G0000204
split_0178	GCA_021498095.1|G0000207
split_0178	GCA_025839675.1|G0000223
split_0178	GCA_029258885.1|G0000251
split_0178	GCA_030611625.1|G0000268
split_0178	GCA_037917685.1|G0000298
split_0178	GCA_054383595.1|G0000347
split_0178	GCA_054384275.1|G0000348
split_0178	GOMC.bin.10983|G0000372
split_0178	GOMC.bin.16739|G0000378
split_0178	GOMC.bin.2724|G0000379
split_0178	GOMC.bin.2843|G0000380
split_0178	GOMC.bin.2847|G0000381
split_0178	GOMC.bin.2857|G0000382
split_0178	GOMC.bin.2895|G0000386
split_0178	GOMC.bin.2895|G0000387
split_0179	GCA_002254595.1|G0000035
split_0179	GCA_003649205.1|G0000054
split_0179	GCA_003649205.1|G0000055
split_0179	GCA_014729055.1|G0000093
split_0179	GCA_016933055.1|G0000141
split_0179	GCA_021163245.1|G0000204
split_0179	GCA_021498095.1|G0000207
split_0179	GCA_025839675.1|G0000223
split_0179	GCA_029258885.1|G0000251
split_0179	GCA_030611625.1|G0000268
split_0179	GCA_037917685.1|G0000298
split_0179	GCA_054384275.1|G0000348
split_0179	GOMC.bin.10983|G0000372
split_0179	GOMC.bin.16739|G0000378
split_0179	GOMC.bin.2724|G0000379
split_0179	GOMC.bin.2847|G0000381
split_0179	GOMC.bin.2857|G0000382
split_0179	GOMC.bin.2895|G0000386
split_0179	GOMC.bin.2895|G0000387
split_0180	GCA_002254595.1|G0000035
split_0180	GCA_014729055.1|G0000093
split_0180	GCA_016933055.1|G0000141
split_0180	GCA_021163245.1|G0000204
split_0180	GCA_021498095.1|G0000207
split_0180	GCA_025839675.1|G0000223
split_0180	GCA_029258885.1|G0000251
split_0180	GCA_030611625.1|G0000268
split_0180	GCA_037917685.1|G0000298
split_0180	GCA_054384275.1|G0000348
split_0180	GOMC.bin.10983|G0000372
split_0180	GOMC.bin.16739|G0000378
split_0180	GOMC.bin.2724|G0000379
split_0180	GOMC.bin.2847|G0000381
split_0180	GOMC.bin.2857|G0000382
split_0180	GOMC.bin.2895|G0000386
split_0180	GOMC.bin.2895|G0000387
split_0181	GCA_002254595.1|G0000035
split_0181	GCA_014729055.1|G0000093
split_0181	GCA_016933055.1|G0000141
split_0181	GCA_021498095.1|G0000207
split_0181	GCA_025839675.1|G0000223
split_0181	GCA_029258885.1|G0000251
split_0181	GCA_030611625.1|G0000268
split_0181	GCA_037917685.1|G0000298
split_0181	GCA_054384275.1|G0000348
split_0181	GOMC.bin.10983|G0000372
split_0181	GOMC.bin.16739|G0000378
split_0181	GOMC.bin.2724|G0000379
split_0181	GOMC.bin.2847|G0000381
split_0181	GOMC.bin.2857|G0000382
split_0181	GOMC.bin.2895|G0000386
split_0181	GOMC.bin.2895|G0000387
split_0182	GCA_002254595.1|G0000035
split_0182	GCA_014729055.1|G0000093
split_0182	GCA_016933055.1|G0000141
split_0182	GCA_021498095.1|G0000207
split_0182	GCA_025839675.1|G0000223
split_0182	GCA_029258885.1|G0000251
split_0182	GCA_030611625.1|G0000268
split_0182	GCA_037917685.1|G0000298
split_0182	GCA_054384275.1|G0000348
split_0182	GOMC.bin.16739|G0000378
split_0182	GOMC.bin.2895|G0000387
split_0183	GCA_002254595.1|G0000035
split_0183	GCA_029258885.1|G0000251
split_0183	GCA_037917685.1|G0000298
split_0183	GOMC.bin.16739|G0000378
split_0183	GOMC.bin.2895|G0000387
split_0184	GCA_002254595.1|G0000035
split_0184	GOMC.bin.16739|G0000378
split_0184	GOMC.bin.2895|G0000387
split_0185	GCA_002254595.1|G0000035
split_0185	GOMC.bin.2895|G0000387
split_0186	GCA_029258885.1|G0000251
split_0186	GCA_037917685.1|G0000298
split_0187	GCA_014729055.1|G0000093
split_0187	GCA_016933055.1|G0000141
split_0187	GCA_021498095.1|G0000207
split_0187	GCA_025839675.1|G0000223
split_0187	GCA_030611625.1|G0000268
split_0187	GCA_054384275.1|G0000348
split_0188	GCA_014729055.1|G0000093
split_0188	GCA_021498095.1|G0000207
split_0188	GCA_025839675.1|G0000223
split_0188	GCA_030611625.1|G0000268
split_0188	GCA_054384275.1|G0000348
split_0189	GCA_021498095.1|G0000207
split_0189	GCA_025839675.1|G0000223
split_0189	GCA_030611625.1|G0000268
split_0189	GCA_054384275.1|G0000348
split_0190	GCA_021498095.1|G0000207
split_0190	GCA_025839675.1|G0000223
split_0190	GCA_030611625.1|G0000268
split_0191	GCA_025839675.1|G0000223
split_0191	GCA_030611625.1|G0000268
split_0192	GOMC.bin.10983|G0000372
split_0192	GOMC.bin.2724|G0000379
split_0192	GOMC.bin.2847|G0000381
split_0192	GOMC.bin.2857|G0000382
split_0192	GOMC.bin.2895|G0000386
split_0193	GOMC.bin.2724|G0000379
split_0193	GOMC.bin.2847|G0000381
split_0193	GOMC.bin.2857|G0000382
split_0193	GOMC.bin.2895|G0000386
split_0194	GOMC.bin.2724|G0000379
split_0194	GOMC.bin.2895|G0000386
split_0195	GOMC.bin.2847|G0000381
split_0195	GOMC.bin.2857|G0000382
split_0196	GCA_003649205.1|G0000054
split_0196	GCA_003649205.1|G0000055
split_0197	GCA_005191425.1|G0000075
split_0197	GCA_054383595.1|G0000347
split_0197	GOMC.bin.2843|G0000380
split_0198	GCA_005191425.1|G0000075
split_0198	GCA_054383595.1|G0000347
split_0199	GCA_004524365.1|G0000069
split_0199	GCA_004524535.1|G0000073
split_0199	GCA_005191415.1|G0000074
split_0199	GCA_005223125.1|G0000076
split_0199	GCA_011364925.1|G0000084
split_0199	GCA_014730165.1|G0000095
split_0199	GCA_016839425.1|G0000119
split_0199	GCA_016839585.1|G0000121
split_0199	GCA_016839765.1|G0000122
split_0199	GCA_016840695.1|G0000131
split_0199	GCA_016926735.1|G0000135
split_0199	GCA_019057385.1|G0000177
split_0199	GCA_019058015.1|G0000179
split_0199	GCA_019058135.1|G0000180
split_0199	GCA_019058445.1|G0000183
split_0199	GCA_019894715.1|G0000187
split_0199	GCA_029838175.1|G0000256
split_0199	GCA_029856295.1|G0000259
split_0199	GCA_029856435.1|G0000260
split_0199	GCA_035531115.1|G0000292
split_0199	GCA_037386725.1|G0000297
split_0199	GCA_038819355.1|G0000305
split_0199	GCA_038820475.1|G0000306
split_0199	GCA_038825615.1|G0000308
split_0199	GCA_048887225.1|G0000338
split_0199	GCA_052626505.1|G0000343
split_0199	GCA_054381345.1|G0000344
split_0199	GCA_054384595.1|G0000349
split_0199	GCA_054385715.1|G0000351
split_0199	GCA_054385715.1|G0000352
split_0199	GOMC.bin.2900|G0000388
split_0199	GOMC.bin.7984|G0000400
split_0199	GOMC.bin.9181|G0000404
split_0200	GCA_004524365.1|G0000069
split_0200	GCA_004524535.1|G0000073
split_0200	GCA_005223125.1|G0000076
split_0200	GCA_011364925.1|G0000084
split_0200	GCA_014730165.1|G0000095
split_0200	GCA_016839425.1|G0000119
split_0200	GCA_016839585.1|G0000121
split_0200	GCA_016839765.1|G0000122
split_0200	GCA_016840695.1|G0000131
split_0200	GCA_016926735.1|G0000135
split_0200	GCA_019058015.1|G0000179
split_0200	GCA_019058135.1|G0000180
split_0200	GCA_019058445.1|G0000183
split_0200	GCA_019894715.1|G0000187
split_0200	GCA_029838175.1|G0000256
split_0200	GCA_029856295.1|G0000259
split_0200	GCA_037386725.1|G0000297
split_0200	GCA_048887225.1|G0000338
split_0200	GCA_052626505.1|G0000343
split_0200	GCA_054384595.1|G0000349
split_0200	GOMC.bin.9181|G0000404
split_0201	GCA_004524365.1|G0000069
split_0201	GCA_005223125.1|G0000076
split_0201	GCA_011364925.1|G0000084
split_0201	GCA_016839585.1|G0000121
split_0201	GCA_019058015.1|G0000179
split_0201	GCA_019058135.1|G0000180
split_0201	GCA_029838175.1|G0000256
split_0201	GCA_037386725.1|G0000297
split_0201	GOMC.bin.9181|G0000404
split_0202	GCA_004524365.1|G0000069
split_0202	GCA_005223125.1|G0000076
split_0202	GCA_011364925.1|G0000084
split_0202	GCA_016839585.1|G0000121
split_0202	GCA_019058015.1|G0000179
split_0202	GCA_019058135.1|G0000180
split_0202	GCA_029838175.1|G0000256
split_0202	GCA_037386725.1|G0000297
split_0203	GCA_004524365.1|G0000069
split_0203	GCA_005223125.1|G0000076
split_0203	GCA_011364925.1|G0000084
split_0203	GCA_016839585.1|G0000121
split_0203	GCA_019058015.1|G0000179
split_0203	GCA_019058135.1|G0000180
split_0203	GCA_037386725.1|G0000297
split_0204	GCA_004524365.1|G0000069
split_0204	GCA_005223125.1|G0000076
split_0204	GCA_011364925.1|G0000084
split_0204	GCA_016839585.1|G0000121
split_0204	GCA_019058015.1|G0000179
split_0204	GCA_019058135.1|G0000180
split_0205	GCA_004524365.1|G0000069
split_0205	GCA_019058015.1|G0000179
split_0205	GCA_019058135.1|G0000180
split_0206	GCA_019058015.1|G0000179
split_0206	GCA_019058135.1|G0000180
split_0207	GCA_005223125.1|G0000076
split_0207	GCA_011364925.1|G0000084
split_0207	GCA_016839585.1|G0000121
split_0208	GCA_005223125.1|G0000076
split_0208	GCA_011364925.1|G0000084
split_0209	GCA_004524535.1|G0000073
split_0209	GCA_014730165.1|G0000095
split_0209	GCA_016839425.1|G0000119
split_0209	GCA_016839765.1|G0000122
split_0209	GCA_016840695.1|G0000131
split_0209	GCA_016926735.1|G0000135
split_0209	GCA_019058445.1|G0000183
split_0209	GCA_019894715.1|G0000187
split_0209	GCA_029856295.1|G0000259
split_0209	GCA_048887225.1|G0000338
split_0209	GCA_052626505.1|G0000343
split_0209	GCA_054384595.1|G0000349
split_0210	GCA_004524535.1|G0000073
split_0210	GCA_016839425.1|G0000119
split_0210	GCA_016839765.1|G0000122
split_0210	GCA_016840695.1|G0000131
split_0210	GCA_019058445.1|G0000183
split_0210	GCA_029856295.1|G0000259
split_0210	GCA_048887225.1|G0000338
split_0210	GCA_052626505.1|G0000343
split_0210	GCA_054384595.1|G0000349
split_0211	GCA_004524535.1|G0000073
split_0211	GCA_016839425.1|G0000119
split_0211	GCA_016839765.1|G0000122
split_0211	GCA_016840695.1|G0000131
split_0211	GCA_019058445.1|G0000183
split_0211	GCA_029856295.1|G0000259
split_0211	GCA_048887225.1|G0000338
split_0211	GCA_052626505.1|G0000343
split_0212	GCA_004524535.1|G0000073
split_0212	GCA_016839765.1|G0000122
split_0212	GCA_016840695.1|G0000131
split_0212	GCA_019058445.1|G0000183
split_0212	GCA_029856295.1|G0000259
split_0212	GCA_048887225.1|G0000338
split_0212	GCA_052626505.1|G0000343
split_0213	GCA_004524535.1|G0000073
split_0213	GCA_016839765.1|G0000122
split_0213	GCA_019058445.1|G0000183
split_0213	GCA_029856295.1|G0000259
split_0213	GCA_048887225.1|G0000338
split_0213	GCA_052626505.1|G0000343
split_0214	GCA_016839765.1|G0000122
split_0214	GCA_019058445.1|G0000183
split_0214	GCA_029856295.1|G0000259
split_0214	GCA_048887225.1|G0000338
split_0214	GCA_052626505.1|G0000343
split_0215	GCA_016839765.1|G0000122
split_0215	GCA_052626505.1|G0000343
split_0216	GCA_019058445.1|G0000183
split_0216	GCA_029856295.1|G0000259
split_0216	GCA_048887225.1|G0000338
split_0217	GCA_019058445.1|G0000183
split_0217	GCA_029856295.1|G0000259
split_0218	GCA_014730165.1|G0000095
split_0218	GCA_016926735.1|G0000135
split_0218	GCA_019894715.1|G0000187
split_0219	GCA_016926735.1|G0000135
split_0219	GCA_019894715.1|G0000187
split_0220	GCA_005191415.1|G0000074
split_0220	GCA_019057385.1|G0000177
split_0220	GCA_029856435.1|G0000260
split_0220	GCA_035531115.1|G0000292
split_0220	GCA_038819355.1|G0000305
split_0220	GCA_038820475.1|G0000306
split_0220	GCA_038825615.1|G0000308
split_0220	GCA_054381345.1|G0000344
split_0220	GCA_054385715.1|G0000351
split_0220	GCA_054385715.1|G0000352
split_0220	GOMC.bin.2900|G0000388
split_0220	GOMC.bin.7984|G0000400
split_0221	GCA_005191415.1|G0000074
split_0221	GCA_029856435.1|G0000260
split_0221	GCA_035531115.1|G0000292
split_0221	GCA_038819355.1|G0000305
split_0221	GCA_038820475.1|G0000306
split_0221	GCA_038825615.1|G0000308
split_0221	GCA_054381345.1|G0000344
split_0221	GCA_054385715.1|G0000351
split_0221	GCA_054385715.1|G0000352
split_0221	GOMC.bin.7984|G0000400
split_0222	GCA_005191415.1|G0000074
split_0222	GCA_035531115.1|G0000292
split_0222	GCA_054381345.1|G0000344
split_0222	GOMC.bin.7984|G0000400
split_0223	GCA_005191415.1|G0000074
split_0223	GCA_035531115.1|G0000292
split_0223	GCA_054381345.1|G0000344
split_0224	GCA_035531115.1|G0000292
split_0224	GCA_054381345.1|G0000344
split_0225	GCA_029856435.1|G0000260
split_0225	GCA_038819355.1|G0000305
split_0225	GCA_038820475.1|G0000306
split_0225	GCA_038825615.1|G0000308
split_0225	GCA_054385715.1|G0000351
split_0225	GCA_054385715.1|G0000352
split_0226	GCA_029856435.1|G0000260
split_0226	GCA_038825615.1|G0000308
split_0227	GCA_038819355.1|G0000305
split_0227	GCA_038820475.1|G0000306
split_0227	GCA_054385715.1|G0000351
split_0227	GCA_054385715.1|G0000352
split_0228	GCA_038820475.1|G0000306
split_0228	GCA_054385715.1|G0000351
split_0228	GCA_054385715.1|G0000352
split_0229	GCA_054385715.1|G0000351
split_0229	GCA_054385715.1|G0000352
split_0230	GCA_019057385.1|G0000177
split_0230	GOMC.bin.2900|G0000388
split_0231	GCA_003663585.1|G0000063
split_0231	GCA_015660915.1|G0000109
split_0231	GCA_016930055.1|G0000137
split_0231	GCA_018396405.1|G0000150
split_0231	GCA_020355125.1|G0000193
split_0231	GCA_025059045.1|G0000221
split_0231	GCA_026015035.1|G0000233
split_0231	GCA_028279585.1|G0000245
split_0231	GCA_028279595.1|G0000247
split_0231	GCA_030837285.1|G0000279
split_0231	GCA_030837285.1|G0000281
split_0231	GCA_035624185.1|G0000293
split_0231	GCA_038852745.1|G0000319
split_0231	GCA_038852745.1|G0000320
split_0231	GCA_054385655.1|G0000350
split_0231	GCA_054385735.1|G0000353
split_0231	GCF_000011005.1|G0000362
split_0231	GOMC.bin.13875|G0000374
split_0231	GOMC.bin.5642|G0000397
split_0232	GCA_003663585.1|G0000063
split_0232	GCA_054385655.1|G0000350
split_0232	GCA_054385735.1|G0000353
split_0233	GCA_054385655.1|G0000350
split_0233	GCA_054385735.1|G0000353
split_0234	GCA_015660915.1|G0000109
split_0234	GCA_016930055.1|G0000137
split_0234	GCA_018396405.1|G0000150
split_0234	GCA_020355125.1|G0000193
split_0234	GCA_025059045.1|G0000221
split_0234	GCA_026015035.1|G0000233
split_0234	GCA_028279585.1|G0000245
split_0234	GCA_028279595.1|G0000247
split_0234	GCA_030837285.1|G0000279
split_0234	GCA_030837285.1|G0000281
split_0234	GCA_035624185.1|G0000293
split_0234	GCA_038852745.1|G0000319
split_0234	GCA_038852745.1|G0000320
split_0234	GCF_000011005.1|G0000362
split_0234	GOMC.bin.13875|G0000374
split_0234	GOMC.bin.5642|G0000397
split_0235	GCA_015660915.1|G0000109
split_0235	GCA_018396405.1|G0000150
split_0235	GCA_020355125.1|G0000193
split_0235	GCA_025059045.1|G0000221
split_0235	GCA_026015035.1|G0000233
split_0235	GCA_028279585.1|G0000245
split_0235	GCA_028279595.1|G0000247
split_0235	GCA_030837285.1|G0000279
split_0235	GCA_030837285.1|G0000281
split_0235	GCA_035624185.1|G0000293
split_0235	GCA_038852745.1|G0000320
split_0235	GCF_000011005.1|G0000362
split_0235	GOMC.bin.5642|G0000397
split_0236	GCA_015660915.1|G0000109
split_0236	GCA_018396405.1|G0000150
split_0236	GCA_020355125.1|G0000193
split_0236	GCA_025059045.1|G0000221
split_0236	GCA_026015035.1|G0000233
split_0236	GCA_028279585.1|G0000245
split_0236	GCA_028279595.1|G0000247
split_0236	GCA_030837285.1|G0000281
split_0236	GCA_035624185.1|G0000293
split_0236	GCA_038852745.1|G0000320
split_0236	GCF_000011005.1|G0000362
split_0236	GOMC.bin.5642|G0000397
split_0237	GCA_015660915.1|G0000109
split_0237	GCA_020355125.1|G0000193
split_0237	GCA_026015035.1|G0000233
split_0237	GCA_028279585.1|G0000245
split_0237	GCA_028279595.1|G0000247
split_0237	GCA_030837285.1|G0000281
split_0237	GCA_035624185.1|G0000293
split_0237	GCA_038852745.1|G0000320
split_0237	GCF_000011005.1|G0000362
split_0237	GOMC.bin.5642|G0000397
split_0238	GCA_015660915.1|G0000109
split_0238	GCA_020355125.1|G0000193
split_0238	GCA_026015035.1|G0000233
split_0238	GCA_030837285.1|G0000281
split_0238	GCA_035624185.1|G0000293
split_0238	GCA_038852745.1|G0000320
split_0238	GCF_000011005.1|G0000362
split_0238	GOMC.bin.5642|G0000397
split_0239	GCA_015660915.1|G0000109
split_0239	GCA_026015035.1|G0000233
split_0239	GCA_030837285.1|G0000281
split_0239	GCA_035624185.1|G0000293
split_0239	GCF_000011005.1|G0000362
split_0240	GCA_015660915.1|G0000109
split_0240	GCA_035624185.1|G0000293
split_0240	GCF_000011005.1|G0000362
split_0241	GCA_015660915.1|G0000109
split_0241	GCA_035624185.1|G0000293
split_0242	GCA_026015035.1|G0000233
split_0242	GCA_030837285.1|G0000281
split_0243	GCA_020355125.1|G0000193
split_0243	GCA_038852745.1|G0000320
split_0243	GOMC.bin.5642|G0000397
split_0244	GCA_020355125.1|G0000193
split_0244	GCA_038852745.1|G0000320
split_0245	GCA_028279585.1|G0000245
split_0245	GCA_028279595.1|G0000247
split_0246	GCA_018396405.1|G0000150
split_0246	GCA_025059045.1|G0000221
split_0247	GCA_016930055.1|G0000137
split_0247	GCA_038852745.1|G0000319
split_0247	GOMC.bin.13875|G0000374
split_0248	GCA_016930055.1|G0000137
split_0248	GOMC.bin.13875|G0000374
split_0249	GCA_003649155.1|G0000053
split_0249	GCA_003661265.1|G0000059
split_0249	GCA_014729935.1|G0000094
split_0249	GCA_019058315.1|G0000182
split_0249	GCA_022865705.1|G0000212
split_0249	GCA_023254095.1|G0000214
split_0249	GCA_025061095.1|G0000222
split_0249	GCA_029776125.1|G0000255
split_0249	GCA_038817485.1|G0000302
split_0249	GCA_038852135.1|G0000313
split_0249	GCA_054381475.1|G0000345
split_0249	GCA_054386615.1|G0000354
split_0249	GOMC.bin.3195|G0000389
split_0250	GCA_003649155.1|G0000053
split_0250	GCA_022865705.1|G0000212
split_0250	GCA_025061095.1|G0000222
split_0250	GOMC.bin.3195|G0000389
split_0251	GCA_003649155.1|G0000053
split_0251	GCA_025061095.1|G0000222
split_0251	GOMC.bin.3195|G0000389
split_0252	GCA_003649155.1|G0000053
split_0252	GOMC.bin.3195|G0000389
split_0253	GCA_003661265.1|G0000059
split_0253	GCA_014729935.1|G0000094
split_0253	GCA_019058315.1|G0000182
split_0253	GCA_023254095.1|G0000214
split_0253	GCA_029776125.1|G0000255
split_0253	GCA_038817485.1|G0000302
split_0253	GCA_038852135.1|G0000313
split_0253	GCA_054381475.1|G0000345
split_0253	GCA_054386615.1|G0000354
split_0254	GCA_003661265.1|G0000059
split_0254	GCA_014729935.1|G0000094
split_0254	GCA_019058315.1|G0000182
split_0254	GCA_029776125.1|G0000255
split_0254	GCA_038817485.1|G0000302
split_0254	GCA_054381475.1|G0000345
split_0254	GCA_054386615.1|G0000354
split_0255	GCA_014729935.1|G0000094
split_0255	GCA_019058315.1|G0000182
split_0255	GCA_029776125.1|G0000255
split_0255	GCA_038817485.1|G0000302
split_0255	GCA_054381475.1|G0000345
split_0255	GCA_054386615.1|G0000354
split_0256	GCA_014729935.1|G0000094
split_0256	GCA_029776125.1|G0000255
split_0256	GCA_038817485.1|G0000302
split_0256	GCA_054386615.1|G0000354
split_0257	GCA_014729935.1|G0000094
split_0257	GCA_038817485.1|G0000302
split_0257	GCA_054386615.1|G0000354
split_0258	GCA_014729935.1|G0000094
split_0258	GCA_054386615.1|G0000354
split_0259	GCA_019058315.1|G0000182
split_0259	GCA_054381475.1|G0000345
split_0260	GCA_023254095.1|G0000214
split_0260	GCA_038852135.1|G0000313
split_0261	GCA_001593935.1|G0000014
split_0261	GCA_003601775.1|G0000051
split_0261	GCA_003601775.1|G0000052
split_0261	GCA_011605725.1|G0000085
split_0261	GCA_015520475.1|G0000104
split_0261	GCA_016840465.1|G0000126
split_0261	GCA_016840485.1|G0000130
split_0261	GCA_016930055.1|G0000138
split_0261	GCA_016930055.1|G0000140
split_0261	GCA_017601265.1|G0000144
split_0261	GCA_018396405.1|G0000149
split_0261	GCA_018396695.1|G0000155
split_0261	GCA_018396695.1|G0000157
split_0261	GCA_018396755.1|G0000163
split_0261	GCA_018396865.1|G0000166
split_0261	GCA_019056805.1|G0000175
split_0261	GCA_021161045.1|G0000201
split_0261	GCA_022865705.1|G0000211
split_0261	GCA_023131225.1|G0000213
split_0261	GCA_026014815.1|G0000225
split_0261	GCA_026014815.1|G0000226
split_0261	GCA_026014815.1|G0000228
split_0261	GCA_026015035.1|G0000230
split_0261	GCA_038840055.1|G0000310
split_0261	GCA_046538535.1|G0000334
split_0261	GOMC.bin.1205|G0000373
split_0261	GOMC.bin.5632|G0000396
split_0262	GCA_001593935.1|G0000014
split_0262	GCA_003601775.1|G0000052
split_0262	GCA_011605725.1|G0000085
split_0262	GCA_015520475.1|G0000104
split_0262	GCA_017601265.1|G0000144
split_0262	GCA_018396405.1|G0000149
split_0262	GCA_018396695.1|G0000157
split_0262	GCA_018396755.1|G0000163
split_0262	GCA_018396865.1|G0000166
split_0262	GCA_021161045.1|G0000201
split_0262	GCA_022865705.1|G0000211
split_0262	GCA_023131225.1|G0000213
split_0262	GCA_026014815.1|G0000228
split_0262	GCA_026015035.1|G0000230
split_0262	GCA_038840055.1|G0000310
split_0262	GOMC.bin.1205|G0000373
split_0263	GCA_001593935.1|G0000014
split_0263	GCA_011605725.1|G0000085
split_0263	GCA_015520475.1|G0000104
split_0263	GCA_017601265.1|G0000144
split_0263	GCA_018396405.1|G0000149
split_0263	GCA_018396755.1|G0000163
split_0263	GCA_038840055.1|G0000310
split_0263	GOMC.bin.1205|G0000373
split_0264	GCA_001593935.1|G0000014
split_0264	GCA_011605725.1|G0000085
split_0264	GCA_017601265.1|G0000144
split_0264	GCA_018396405.1|G0000149
split_0264	GCA_018396755.1|G0000163
split_0264	GCA_038840055.1|G0000310
split_0264	GOMC.bin.1205|G0000373
split_0265	GCA_011605725.1|G0000085
split_0265	GCA_017601265.1|G0000144
split_0265	GCA_018396405.1|G0000149
split_0265	GCA_018396755.1|G0000163
split_0265	GCA_038840055.1|G0000310
split_0265	GOMC.bin.1205|G0000373
split_0266	GCA_011605725.1|G0000085
split_0266	GCA_017601265.1|G0000144
split_0266	GCA_018396405.1|G0000149
split_0266	GCA_018396755.1|G0000163
split_0266	GCA_038840055.1|G0000310
split_0267	GCA_011605725.1|G0000085
split_0267	GCA_017601265.1|G0000144
split_0267	GCA_018396405.1|G0000149
split_0268	GCA_011605725.1|G0000085
split_0268	GCA_017601265.1|G0000144
split_0269	GCA_018396755.1|G0000163
split_0269	GCA_038840055.1|G0000310
split_0270	GCA_003601775.1|G0000052
split_0270	GCA_018396695.1|G0000157
split_0270	GCA_018396865.1|G0000166
split_0270	GCA_021161045.1|G0000201
split_0270	GCA_022865705.1|G0000211
split_0270	GCA_023131225.1|G0000213
split_0270	GCA_026014815.1|G0000228
split_0270	GCA_026015035.1|G0000230
split_0271	GCA_003601775.1|G0000052
split_0271	GCA_018396865.1|G0000166
split_0271	GCA_021161045.1|G0000201
split_0272	GCA_003601775.1|G0000052
split_0272	GCA_021161045.1|G0000201
split_0273	GCA_018396695.1|G0000157
split_0273	GCA_022865705.1|G0000211
split_0273	GCA_023131225.1|G0000213
split_0273	GCA_026014815.1|G0000228
split_0273	GCA_026015035.1|G0000230
split_0274	GCA_018396695.1|G0000157
split_0274	GCA_022865705.1|G0000211
split_0274	GCA_026014815.1|G0000228
split_0275	GCA_022865705.1|G0000211
split_0275	GCA_026014815.1|G0000228
split_0276	GCA_023131225.1|G0000213
split_0276	GCA_026015035.1|G0000230
split_0277	GCA_003601775.1|G0000051
split_0277	GCA_016840465.1|G0000126
split_0277	GCA_016840485.1|G0000130
split_0277	GCA_016930055.1|G0000138
split_0277	GCA_016930055.1|G0000140
split_0277	GCA_018396695.1|G0000155
split_0277	GCA_019056805.1|G0000175
split_0277	GCA_026014815.1|G0000225
split_0277	GCA_026014815.1|G0000226
split_0277	GCA_046538535.1|G0000334
split_0277	GOMC.bin.5632|G0000396
split_0278	GCA_003601775.1|G0000051
split_0278	GCA_016840465.1|G0000126
split_0278	GCA_016840485.1|G0000130
split_0278	GCA_016930055.1|G0000138
split_0278	GCA_019056805.1|G0000175
split_0278	GCA_026014815.1|G0000225
split_0278	GCA_046538535.1|G0000334
split_0279	GCA_003601775.1|G0000051
split_0279	GCA_016930055.1|G0000138
split_0279	GCA_026014815.1|G0000225
split_0280	GCA_003601775.1|G0000051
split_0280	GCA_016930055.1|G0000138
split_0281	GCA_016840465.1|G0000126
split_0281	GCA_016840485.1|G0000130
split_0281	GCA_019056805.1|G0000175
split_0281	GCA_046538535.1|G0000334
split_0282	GCA_016840465.1|G0000126
split_0282	GCA_046538535.1|G0000334
split_0283	GCA_016840485.1|G0000130
split_0283	GCA_019056805.1|G0000175
split_0284	GCA_016930055.1|G0000140
split_0284	GCA_018396695.1|G0000155
split_0284	GCA_026014815.1|G0000226
split_0284	GOMC.bin.5632|G0000396
split_0285	GCA_016930055.1|G0000140
split_0285	GCA_018396695.1|G0000155
split_0285	GCA_026014815.1|G0000226
split_0286	GCA_016930055.1|G0000140
split_0286	GCA_026014815.1|G0000226
split_0287	GCA_001775995.1|G0000021
split_0287	GCA_003133625.1|G0000046
split_0287	GCA_016930055.1|G0000136
split_0287	GCA_016930055.1|G0000139
split_0287	GCA_018396695.1|G0000159
split_0287	GCA_020355125.1|G0000192
split_0287	GCA_020833005.1|G0000197
split_0287	GCA_025059045.1|G0000219
split_0287	GCA_026014495.1|G0000224
split_0287	GCA_026014815.1|G0000227
split_0287	GCA_026015035.1|G0000231
split_0287	GCA_030837285.1|G0000282
split_0287	GCA_030837285.1|G0000283
split_0287	GCA_030837285.1|G0000284
split_0287	GCA_030837285.1|G0000285
split_0287	GCA_030837285.1|G0000286
split_0287	GCA_038825625.1|G0000309
split_0287	GCA_038852745.1|G0000317
split_0287	GCA_038883485.1|G0000326
split_0287	GOMC.bin.1512|G0000376
split_0287	GOMC.bin.1512|G0000377
split_0287	GOMC.bin.5632|G0000393
split_0287	GOMC.bin.5632|G0000395
split_0288	GCA_001775995.1|G0000021
split_0288	GCA_003133625.1|G0000046
split_0288	GCA_016930055.1|G0000139
split_0288	GCA_018396695.1|G0000159
split_0288	GCA_020355125.1|G0000192
split_0288	GCA_020833005.1|G0000197
split_0288	GCA_026014495.1|G0000224
split_0288	GCA_026014815.1|G0000227
split_0288	GCA_030837285.1|G0000282
split_0288	GCA_030837285.1|G0000283
split_0288	GCA_030837285.1|G0000285
split_0288	GCA_030837285.1|G0000286
split_0288	GCA_038825625.1|G0000309
split_0288	GCA_038852745.1|G0000317
split_0288	GCA_038883485.1|G0000326
split_0288	GOMC.bin.1512|G0000377
split_0288	GOMC.bin.5632|G0000393
split_0289	GCA_001775995.1|G0000021
split_0289	GCA_016930055.1|G0000139
split_0289	GCA_018396695.1|G0000159
split_0289	GCA_020355125.1|G0000192
split_0289	GCA_026014495.1|G0000224
split_0289	GCA_026014815.1|G0000227
split_0289	GCA_030837285.1|G0000282
split_0289	GCA_030837285.1|G0000283
split_0289	GCA_030837285.1|G0000285
split_0289	GCA_030837285.1|G0000286
split_0289	GCA_038852745.1|G0000317
split_0289	GCA_038883485.1|G0000326
split_0289	GOMC.bin.5632|G0000393
split_0290	GCA_001775995.1|G0000021
split_0290	GCA_016930055.1|G0000139
split_0290	GCA_018396695.1|G0000159
split_0290	GCA_020355125.1|G0000192
split_0290	GCA_026014495.1|G0000224
split_0290	GCA_026014815.1|G0000227
split_0290	GCA_030837285.1|G0000282
split_0290	GCA_030837285.1|G0000283
split_0290	GCA_030837285.1|G0000285
split_0290	GCA_030837285.1|G0000286
split_0290	GCA_038883485.1|G0000326
split_0290	GOMC.bin.5632|G0000393
split_0291	GCA_001775995.1|G0000021
split_0291	GCA_016930055.1|G0000139
split_0291	GCA_018396695.1|G0000159
split_0291	GCA_020355125.1|G0000192
split_0291	GCA_026014495.1|G0000224
split_0291	GCA_026014815.1|G0000227
split_0291	GCA_030837285.1|G0000282
split_0291	GCA_030837285.1|G0000283
split_0291	GCA_030837285.1|G0000285
split_0291	GCA_030837285.1|G0000286
split_0291	GOMC.bin.5632|G0000393
split_0292	GCA_001775995.1|G0000021
split_0292	GCA_016930055.1|G0000139
split_0292	GCA_018396695.1|G0000159
split_0292	GCA_020355125.1|G0000192
split_0292	GCA_026014815.1|G0000227
split_0292	GCA_030837285.1|G0000282
split_0292	GCA_030837285.1|G0000283
split_0292	GCA_030837285.1|G0000285
split_0292	GCA_030837285.1|G0000286
split_0292	GOMC.bin.5632|G0000393
split_0293	GCA_016930055.1|G0000139
split_0293	GCA_018396695.1|G0000159
split_0293	GCA_020355125.1|G0000192
split_0293	GCA_026014815.1|G0000227
split_0293	GCA_030837285.1|G0000282
split_0293	GCA_030837285.1|G0000283
split_0293	GCA_030837285.1|G0000285
split_0293	GCA_030837285.1|G0000286
split_0293	GOMC.bin.5632|G0000393
split_0294	GCA_016930055.1|G0000139
split_0294	GCA_018396695.1|G0000159
split_0294	GCA_020355125.1|G0000192
split_0294	GCA_026014815.1|G0000227
split_0294	GCA_030837285.1|G0000282
split_0294	GCA_030837285.1|G0000283
split_0294	GCA_030837285.1|G0000285
split_0294	GCA_030837285.1|G0000286
split_0295	GCA_016930055.1|G0000139
split_0295	GCA_018396695.1|G0000159
split_0295	GCA_020355125.1|G0000192
split_0295	GCA_026014815.1|G0000227
split_0295	GCA_030837285.1|G0000282
split_0295	GCA_030837285.1|G0000285
split_0295	GCA_030837285.1|G0000286
split_0296	GCA_016930055.1|G0000139
split_0296	GCA_018396695.1|G0000159
split_0297	GCA_020355125.1|G0000192
split_0297	GCA_026014815.1|G0000227
split_0297	GCA_030837285.1|G0000282
split_0297	GCA_030837285.1|G0000285
split_0297	GCA_030837285.1|G0000286
split_0298	GCA_020355125.1|G0000192
split_0298	GCA_026014815.1|G0000227
split_0299	GCA_030837285.1|G0000282
split_0299	GCA_030837285.1|G0000285
split_0299	GCA_030837285.1|G0000286
split_0300	GCA_030837285.1|G0000282
split_0300	GCA_030837285.1|G0000286
split_0301	GCA_003133625.1|G0000046
split_0301	GCA_020833005.1|G0000197
split_0301	GCA_038825625.1|G0000309
split_0301	GOMC.bin.1512|G0000377
split_0302	GCA_003133625.1|G0000046
split_0302	GOMC.bin.1512|G0000377
split_0303	GCA_020833005.1|G0000197
split_0303	GCA_038825625.1|G0000309
split_0304	GCA_016930055.1|G0000136
split_0304	GCA_025059045.1|G0000219
split_0304	GCA_026015035.1|G0000231
split_0304	GCA_030837285.1|G0000284
split_0304	GOMC.bin.1512|G0000376
split_0304	GOMC.bin.5632|G0000395
split_0305	GCA_016930055.1|G0000136
split_0305	GCA_026015035.1|G0000231
split_0305	GCA_030837285.1|G0000284
split_0305	GOMC.bin.1512|G0000376
split_0305	GOMC.bin.5632|G0000395
split_0306	GCA_016930055.1|G0000136
split_0306	GCA_030837285.1|G0000284
split_0306	GOMC.bin.5632|G0000395
split_0307	GCA_030837285.1|G0000284
split_0307	GOMC.bin.5632|G0000395
split_0308	GCA_026015035.1|G0000231
split_0308	GOMC.bin.1512|G0000376
split_0309	GCA_002011035.2|G0000029
split_0309	GCA_011046235.1|G0000082
split_0309	GCA_029858465.1|G0000262
split_0309	GOMC.bin.8344|G0000402
split_0310	GCA_002011035.2|G0000029
split_0310	GCA_011046235.1|G0000082
split_0311	GCA_029858465.1|G0000262
split_0311	GOMC.bin.8344|G0000402
split_0312	GCA_001399795.1|G0000006
split_0312	GCA_001717025.1|G0000016
split_0312	GCA_001717025.1|G0000017
split_0312	GCA_001717025.1|G0000018
split_0312	GCA_001775995.1|G0000019
split_0312	GCA_001775995.1|G0000020
split_0312	GCA_002011035.2|G0000030
split_0312	GCA_003650925.1|G0000056
split_0312	GCA_003661265.1|G0000060
split_0312	GCA_003661905.1|G0000061
split_0312	GCA_003661905.1|G0000062
split_0312	GCA_004028775.1|G0000065
split_0312	GCA_004348015.1|G0000066
split_0312	GCA_004376295.1|G0000067
split_0312	GCA_009889585.1|G0000081
split_0312	GCA_011605725.1|G0000086
split_0312	GCA_014859835.1|G0000100
split_0312	GCA_016550395.1|G0000116
split_0312	GCA_016840485.1|G0000127
split_0312	GCA_016840485.1|G0000129
split_0312	GCA_018396535.1|G0000154
split_0312	GCA_018396695.1|G0000158
split_0312	GCA_018396725.1|G0000161
split_0312	GCA_018396755.1|G0000162
split_0312	GCA_018396775.1|G0000165
split_0312	GCA_018396865.1|G0000167
split_0312	GCA_018397035.1|G0000168
split_0312	GCA_018397035.1|G0000169
split_0312	GCA_018814355.1|G0000171
split_0312	GCA_018992685.1|G0000172
split_0312	GCA_020352645.1|G0000191
split_0312	GCA_021161045.1|G0000200
split_0312	GCA_021162845.1|G0000203
split_0312	GCA_021323375.2|G0000205
split_0312	GCA_025059045.1|G0000220
split_0312	GCA_026014815.1|G0000229
split_0312	GCA_026015185.1|G0000235
split_0312	GCA_026015225.1|G0000236
split_0312	GCA_027491415.1|G0000242
split_0312	GCA_027491455.1|G0000243
split_0312	GCA_027492035.1|G0000244
split_0312	GCA_029258915.1|G0000253
split_0312	GCA_029259185.1|G0000254
split_0312	GCA_034660355.1|G0000289
split_0312	GCA_035529455.1|G0000291
split_0312	GCA_036795795.1|G0000296
split_0312	GCA_038817485.1|G0000303
split_0312	GCA_038818435.1|G0000304
split_0312	GCA_038840355.1|G0000311
split_0312	GCA_038852285.1|G0000315
split_0312	GCA_038852315.1|G0000316
split_0312	GCA_038852745.1|G0000318
split_0312	GCA_038861055.1|G0000323
split_0312	GCA_038866625.1|G0000324
split_0312	GCA_038873015.1|G0000325
split_0312	GCA_038884875.1|G0000328
split_0312	GOMC.bin.2866|G0000383
split_0312	GOMC.bin.2875|G0000385
split_0312	GOMC.bin.4375|G0000392
split_0313	GCA_001399795.1|G0000006
split_0313	GCA_001717025.1|G0000016
split_0313	GCA_001717025.1|G0000017
split_0313	GCA_001717025.1|G0000018
split_0313	GCA_001775995.1|G0000019
split_0313	GCA_001775995.1|G0000020
split_0313	GCA_003650925.1|G0000056
split_0313	GCA_003661265.1|G0000060
split_0313	GCA_003661905.1|G0000061
split_0313	GCA_003661905.1|G0000062
split_0313	GCA_004028775.1|G0000065
split_0313	GCA_004348015.1|G0000066
split_0313	GCA_004376295.1|G0000067
split_0313	GCA_009889585.1|G0000081
split_0313	GCA_011605725.1|G0000086
split_0313	GCA_014859835.1|G0000100
split_0313	GCA_016550395.1|G0000116
split_0313	GCA_016840485.1|G0000127
split_0313	GCA_016840485.1|G0000129
split_0313	GCA_018396535.1|G0000154
split_0313	GCA_018396695.1|G0000158
split_0313	GCA_018396725.1|G0000161
split_0313	GCA_018396755.1|G0000162
split_0313	GCA_018396775.1|G0000165
split_0313	GCA_018396865.1|G0000167
split_0313	GCA_018397035.1|G0000168
split_0313	GCA_018397035.1|G0000169
split_0313	GCA_018814355.1|G0000171
split_0313	GCA_018992685.1|G0000172
split_0313	GCA_020352645.1|G0000191
split_0313	GCA_021161045.1|G0000200
split_0313	GCA_021162845.1|G0000203
split_0313	GCA_021323375.2|G0000205
split_0313	GCA_025059045.1|G0000220
split_0313	GCA_026014815.1|G0000229
split_0313	GCA_026015185.1|G0000235
split_0313	GCA_026015225.1|G0000236
split_0313	GCA_027491415.1|G0000242
split_0313	GCA_027491455.1|G0000243
split_0313	GCA_027492035.1|G0000244
split_0313	GCA_029258915.1|G0000253
split_0313	GCA_029259185.1|G0000254
split_0313	GCA_034660355.1|G0000289
split_0313	GCA_035529455.1|G0000291
split_0313	GCA_036795795.1|G0000296
split_0313	GCA_038817485.1|G0000303
split_0313	GCA_038818435.1|G0000304
split_0313	GCA_038840355.1|G0000311
split_0313	GCA_038852285.1|G0000315
split_0313	GCA_038852315.1|G0000316
split_0313	GCA_038852745.1|G0000318
split_0313	GCA_038861055.1|G0000323
split_0313	GCA_038866625.1|G0000324
split_0313	GCA_038873015.1|G0000325
split_0313	GCA_038884875.1|G0000328
split_0313	GOMC.bin.2866|G0000383
split_0313	GOMC.bin.2875|G0000385
split_0313	GOMC.bin.4375|G0000392
split_0314	GCA_001399795.1|G0000006
split_0314	GCA_001717025.1|G0000016
split_0314	GCA_001717025.1|G0000017
split_0314	GCA_001717025.1|G0000018
split_0314	GCA_001775995.1|G0000019
split_0314	GCA_001775995.1|G0000020
split_0314	GCA_003650925.1|G0000056
split_0314	GCA_003661265.1|G0000060
split_0314	GCA_003661905.1|G0000061
split_0314	GCA_003661905.1|G0000062
split_0314	GCA_004028775.1|G0000065
split_0314	GCA_004348015.1|G0000066
split_0314	GCA_004376295.1|G0000067
split_0314	GCA_009889585.1|G0000081
split_0314	GCA_011605725.1|G0000086
split_0314	GCA_014859835.1|G0000100
split_0314	GCA_016550395.1|G0000116
split_0314	GCA_016840485.1|G0000127
split_0314	GCA_016840485.1|G0000129
split_0314	GCA_018396535.1|G0000154
split_0314	GCA_018396695.1|G0000158
split_0314	GCA_018396725.1|G0000161
split_0314	GCA_018396755.1|G0000162
split_0314	GCA_018396775.1|G0000165
split_0314	GCA_018396865.1|G0000167
split_0314	GCA_018397035.1|G0000168
split_0314	GCA_018397035.1|G0000169
split_0314	GCA_018814355.1|G0000171
split_0314	GCA_018992685.1|G0000172
split_0314	GCA_020352645.1|G0000191
split_0314	GCA_021161045.1|G0000200
split_0314	GCA_021162845.1|G0000203
split_0314	GCA_021323375.2|G0000205
split_0314	GCA_025059045.1|G0000220
split_0314	GCA_026014815.1|G0000229
split_0314	GCA_026015185.1|G0000235
split_0314	GCA_026015225.1|G0000236
split_0314	GCA_027491415.1|G0000242
split_0314	GCA_027491455.1|G0000243
split_0314	GCA_027492035.1|G0000244
split_0314	GCA_029258915.1|G0000253
split_0314	GCA_029259185.1|G0000254
split_0314	GCA_034660355.1|G0000289
split_0314	GCA_035529455.1|G0000291
split_0314	GCA_038817485.1|G0000303
split_0314	GCA_038818435.1|G0000304
split_0314	GCA_038840355.1|G0000311
split_0314	GCA_038852285.1|G0000315
split_0314	GCA_038852315.1|G0000316
split_0314	GCA_038852745.1|G0000318
split_0314	GCA_038861055.1|G0000323
split_0314	GCA_038866625.1|G0000324
split_0314	GCA_038873015.1|G0000325
split_0314	GCA_038884875.1|G0000328
split_0314	GOMC.bin.2866|G0000383
split_0314	GOMC.bin.2875|G0000385
split_0314	GOMC.bin.4375|G0000392
split_0315	GCA_001399795.1|G0000006
split_0315	GCA_001717025.1|G0000016
split_0315	GCA_001717025.1|G0000017
split_0315	GCA_001717025.1|G0000018
split_0315	GCA_001775995.1|G0000019
split_0315	GCA_001775995.1|G0000020
split_0315	GCA_003661265.1|G0000060
split_0315	GCA_003661905.1|G0000061
split_0315	GCA_003661905.1|G0000062
split_0315	GCA_004028775.1|G0000065
split_0315	GCA_004348015.1|G0000066
split_0315	GCA_009889585.1|G0000081
split_0315	GCA_011605725.1|G0000086
split_0315	GCA_014859835.1|G0000100
split_0315	GCA_016550395.1|G0000116
split_0315	GCA_016840485.1|G0000127
split_0315	GCA_016840485.1|G0000129
split_0315	GCA_018396535.1|G0000154
split_0315	GCA_018396695.1|G0000158
split_0315	GCA_018396725.1|G0000161
split_0315	GCA_018396755.1|G0000162
split_0315	GCA_018396775.1|G0000165
split_0315	GCA_018396865.1|G0000167
split_0315	GCA_018397035.1|G0000168
split_0315	GCA_018397035.1|G0000169
split_0315	GCA_018814355.1|G0000171
split_0315	GCA_018992685.1|G0000172
split_0315	GCA_021161045.1|G0000200
split_0315	GCA_021323375.2|G0000205
split_0315	GCA_025059045.1|G0000220
split_0315	GCA_026014815.1|G0000229
split_0315	GCA_026015185.1|G0000235
split_0315	GCA_026015225.1|G0000236
split_0315	GCA_027491415.1|G0000242
split_0315	GCA_027491455.1|G0000243
split_0315	GCA_027492035.1|G0000244
split_0315	GCA_029258915.1|G0000253
split_0315	GCA_029259185.1|G0000254
split_0315	GCA_034660355.1|G0000289
split_0315	GCA_035529455.1|G0000291
split_0315	GCA_038817485.1|G0000303
split_0315	GCA_038818435.1|G0000304
split_0315	GCA_038840355.1|G0000311
split_0315	GCA_038852285.1|G0000315
split_0315	GCA_038852315.1|G0000316
split_0315	GCA_038852745.1|G0000318
split_0315	GCA_038861055.1|G0000323
split_0315	GCA_038866625.1|G0000324
split_0315	GCA_038873015.1|G0000325
split_0315	GCA_038884875.1|G0000328
split_0315	GOMC.bin.4375|G0000392
split_0316	GCA_001399795.1|G0000006
split_0316	GCA_001717025.1|G0000016
split_0316	GCA_001717025.1|G0000017
split_0316	GCA_001717025.1|G0000018
split_0316	GCA_001775995.1|G0000019
split_0316	GCA_001775995.1|G0000020
split_0316	GCA_003661265.1|G0000060
split_0316	GCA_003661905.1|G0000061
split_0316	GCA_003661905.1|G0000062
split_0316	GCA_004028775.1|G0000065
split_0316	GCA_004348015.1|G0000066
split_0316	GCA_009889585.1|G0000081
split_0316	GCA_011605725.1|G0000086
split_0316	GCA_016550395.1|G0000116
split_0316	GCA_016840485.1|G0000127
split_0316	GCA_016840485.1|G0000129
split_0316	GCA_018396535.1|G0000154
split_0316	GCA_018396695.1|G0000158
split_0316	GCA_018396725.1|G0000161
split_0316	GCA_018396755.1|G0000162
split_0316	GCA_018396775.1|G0000165
split_0316	GCA_018396865.1|G0000167
split_0316	GCA_018397035.1|G0000168
split_0316	GCA_018397035.1|G0000169
split_0316	GCA_018992685.1|G0000172
split_0316	GCA_021161045.1|G0000200
split_0316	GCA_021323375.2|G0000205
split_0316	GCA_025059045.1|G0000220
split_0316	GCA_026014815.1|G0000229
split_0316	GCA_026015185.1|G0000235
split_0316	GCA_026015225.1|G0000236
split_0316	GCA_027491415.1|G0000242
split_0316	GCA_027491455.1|G0000243
split_0316	GCA_027492035.1|G0000244
split_0316	GCA_029258915.1|G0000253
split_0316	GCA_029259185.1|G0000254
split_0316	GCA_034660355.1|G0000289
split_0316	GCA_038817485.1|G0000303
split_0316	GCA_038818435.1|G0000304
split_0316	GCA_038840355.1|G0000311
split_0316	GCA_038852285.1|G0000315
split_0316	GCA_038852745.1|G0000318
split_0316	GCA_038861055.1|G0000323
split_0316	GCA_038866625.1|G0000324
split_0316	GCA_038873015.1|G0000325
split_0316	GCA_038884875.1|G0000328
split_0316	GOMC.bin.4375|G0000392
split_0317	GCA_001399795.1|G0000006
split_0317	GCA_001717025.1|G0000016
split_0317	GCA_001717025.1|G0000018
split_0317	GCA_001775995.1|G0000019
split_0317	GCA_001775995.1|G0000020
split_0317	GCA_003661265.1|G0000060
split_0317	GCA_003661905.1|G0000061
split_0317	GCA_003661905.1|G0000062
split_0317	GCA_004028775.1|G0000065
split_0317	GCA_004348015.1|G0000066
split_0317	GCA_009889585.1|G0000081
split_0317	GCA_011605725.1|G0000086
split_0317	GCA_016550395.1|G0000116
split_0317	GCA_016840485.1|G0000127
split_0317	GCA_016840485.1|G0000129
split_0317	GCA_018396535.1|G0000154
split_0317	GCA_018396695.1|G0000158
split_0317	GCA_018396725.1|G0000161
split_0317	GCA_018396755.1|G0000162
split_0317	GCA_018396775.1|G0000165
split_0317	GCA_018396865.1|G0000167
split_0317	GCA_018397035.1|G0000168
split_0317	GCA_018397035.1|G0000169
split_0317	GCA_018992685.1|G0000172
split_0317	GCA_021161045.1|G0000200
split_0317	GCA_021323375.2|G0000205
split_0317	GCA_025059045.1|G0000220
split_0317	GCA_026014815.1|G0000229
split_0317	GCA_026015185.1|G0000235
split_0317	GCA_026015225.1|G0000236
split_0317	GCA_027491415.1|G0000242
split_0317	GCA_027491455.1|G0000243
split_0317	GCA_027492035.1|G0000244
split_0317	GCA_029258915.1|G0000253
split_0317	GCA_029259185.1|G0000254
split_0317	GCA_038817485.1|G0000303
split_0317	GCA_038818435.1|G0000304
split_0317	GCA_038840355.1|G0000311
split_0317	GCA_038852285.1|G0000315
split_0317	GCA_038852745.1|G0000318
split_0317	GCA_038861055.1|G0000323
split_0317	GCA_038866625.1|G0000324
split_0317	GCA_038873015.1|G0000325
split_0317	GCA_038884875.1|G0000328
split_0317	GOMC.bin.4375|G0000392
split_0318	GCA_001399795.1|G0000006
split_0318	GCA_001717025.1|G0000016
split_0318	GCA_001717025.1|G0000018
split_0318	GCA_001775995.1|G0000019
split_0318	GCA_001775995.1|G0000020
split_0318	GCA_003661265.1|G0000060
split_0318	GCA_003661905.1|G0000061
split_0318	GCA_003661905.1|G0000062
split_0318	GCA_004028775.1|G0000065
split_0318	GCA_004348015.1|G0000066
split_0318	GCA_009889585.1|G0000081
split_0318	GCA_011605725.1|G0000086
split_0318	GCA_016550395.1|G0000116
split_0318	GCA_016840485.1|G0000127
split_0318	GCA_016840485.1|G0000129
split_0318	GCA_018396535.1|G0000154
split_0318	GCA_018396695.1|G0000158
split_0318	GCA_018396725.1|G0000161
split_0318	GCA_018396755.1|G0000162
split_0318	GCA_018396775.1|G0000165
split_0318	GCA_018396865.1|G0000167
split_0318	GCA_018397035.1|G0000168
split_0318	GCA_018397035.1|G0000169
split_0318	GCA_018992685.1|G0000172
split_0318	GCA_021161045.1|G0000200
split_0318	GCA_021323375.2|G0000205
split_0318	GCA_025059045.1|G0000220
split_0318	GCA_026014815.1|G0000229
split_0318	GCA_026015185.1|G0000235
split_0318	GCA_026015225.1|G0000236
split_0318	GCA_027491455.1|G0000243
split_0318	GCA_027492035.1|G0000244
split_0318	GCA_029258915.1|G0000253
split_0318	GCA_029259185.1|G0000254
split_0318	GCA_038817485.1|G0000303
split_0318	GCA_038818435.1|G0000304
split_0318	GCA_038840355.1|G0000311
split_0318	GCA_038852285.1|G0000315
split_0318	GCA_038852745.1|G0000318
split_0318	GCA_038861055.1|G0000323
split_0318	GCA_038866625.1|G0000324
split_0318	GCA_038873015.1|G0000325
split_0318	GCA_038884875.1|G0000328
split_0318	GOMC.bin.4375|G0000392
split_0319	GCA_001399795.1|G0000006
split_0319	GCA_001717025.1|G0000016
split_0319	GCA_001717025.1|G0000018
split_0319	GCA_001775995.1|G0000019
split_0319	GCA_001775995.1|G0000020
split_0319	GCA_003661265.1|G0000060
split_0319	GCA_003661905.1|G0000061
split_0319	GCA_003661905.1|G0000062
split_0319	GCA_004028775.1|G0000065
split_0319	GCA_004348015.1|G0000066
split_0319	GCA_009889585.1|G0000081
split_0319	GCA_011605725.1|G0000086
split_0319	GCA_016550395.1|G0000116
split_0319	GCA_018396535.1|G0000154
split_0319	GCA_018396695.1|G0000158
split_0319	GCA_018396755.1|G0000162
split_0319	GCA_018396775.1|G0000165
split_0319	GCA_018396865.1|G0000167
split_0319	GCA_018992685.1|G0000172
split_0319	GCA_021161045.1|G0000200
split_0319	GCA_021323375.2|G0000205
split_0319	GCA_025059045.1|G0000220
split_0319	GCA_026014815.1|G0000229
split_0319	GCA_027491455.1|G0000243
split_0319	GCA_027492035.1|G0000244
split_0319	GCA_029258915.1|G0000253
split_0319	GCA_029259185.1|G0000254
split_0319	GCA_038817485.1|G0000303
split_0319	GCA_038818435.1|G0000304
split_0319	GCA_038840355.1|G0000311
split_0319	GCA_038861055.1|G0000323
split_0319	GCA_038866625.1|G0000324
split_0319	GOMC.bin.4375|G0000392
split_0320	GCA_001399795.1|G0000006
split_0320	GCA_001717025.1|G0000016
split_0320	GCA_001717025.1|G0000018
split_0320	GCA_001775995.1|G0000019
split_0320	GCA_001775995.1|G0000020
split_0320	GCA_003661265.1|G0000060
split_0320	GCA_003661905.1|G0000061
split_0320	GCA_003661905.1|G0000062
split_0320	GCA_004028775.1|G0000065
split_0320	GCA_004348015.1|G0000066
split_0320	GCA_011605725.1|G0000086
split_0320	GCA_016550395.1|G0000116
split_0320	GCA_018396535.1|G0000154
split_0320	GCA_018396695.1|G0000158
split_0320	GCA_018396755.1|G0000162
split_0320	GCA_018396775.1|G0000165
split_0320	GCA_018396865.1|G0000167
split_0320	GCA_018992685.1|G0000172
split_0320	GCA_021161045.1|G0000200
split_0320	GCA_021323375.2|G0000205
split_0320	GCA_025059045.1|G0000220
split_0320	GCA_026014815.1|G0000229
split_0320	GCA_027492035.1|G0000244
split_0320	GCA_029259185.1|G0000254
split_0320	GCA_038817485.1|G0000303
split_0320	GCA_038818435.1|G0000304
split_0320	GCA_038840355.1|G0000311
split_0320	GCA_038861055.1|G0000323
split_0320	GCA_038866625.1|G0000324
split_0320	GOMC.bin.4375|G0000392
split_0321	GCA_001399795.1|G0000006
split_0321	GCA_001717025.1|G0000018
split_0321	GCA_001775995.1|G0000019
split_0321	GCA_001775995.1|G0000020
split_0321	GCA_003661265.1|G0000060
split_0321	GCA_003661905.1|G0000061
split_0321	GCA_003661905.1|G0000062
split_0321	GCA_004028775.1|G0000065
split_0321	GCA_004348015.1|G0000066
split_0321	GCA_011605725.1|G0000086
split_0321	GCA_016550395.1|G0000116
split_0321	GCA_018396535.1|G0000154
split_0321	GCA_018396695.1|G0000158
split_0321	GCA_018396755.1|G0000162
split_0321	GCA_018396775.1|G0000165
split_0321	GCA_018396865.1|G0000167
split_0321	GCA_018992685.1|G0000172
split_0321	GCA_021161045.1|G0000200
split_0321	GCA_021323375.2|G0000205
split_0321	GCA_025059045.1|G0000220
split_0321	GCA_026014815.1|G0000229
split_0321	GCA_027492035.1|G0000244
split_0321	GCA_029259185.1|G0000254
split_0321	GCA_038817485.1|G0000303
split_0321	GCA_038818435.1|G0000304
split_0321	GCA_038840355.1|G0000311
split_0321	GCA_038861055.1|G0000323
split_0321	GCA_038866625.1|G0000324
split_0321	GOMC.bin.4375|G0000392
split_0322	GCA_001399795.1|G0000006
split_0322	GCA_001775995.1|G0000019
split_0322	GCA_001775995.1|G0000020
split_0322	GCA_003661265.1|G0000060
split_0322	GCA_003661905.1|G0000061
split_0322	GCA_003661905.1|G0000062
split_0322	GCA_011605725.1|G0000086
split_0322	GCA_016550395.1|G0000116
split_0322	GCA_018396535.1|G0000154
split_0322	GCA_018396695.1|G0000158
split_0322	GCA_018396755.1|G0000162
split_0322	GCA_018396775.1|G0000165
split_0322	GCA_018396865.1|G0000167
split_0322	GCA_018992685.1|G0000172
split_0322	GCA_021161045.1|G0000200
split_0322	GCA_021323375.2|G0000205
split_0322	GCA_025059045.1|G0000220
split_0322	GCA_026014815.1|G0000229
split_0322	GCA_027492035.1|G0000244
split_0322	GCA_029259185.1|G0000254
split_0322	GCA_038817485.1|G0000303
split_0322	GCA_038818435.1|G0000304
split_0322	GCA_038840355.1|G0000311
split_0322	GCA_038866625.1|G0000324
split_0322	GOMC.bin.4375|G0000392
split_0323	GCA_001399795.1|G0000006
split_0323	GCA_001775995.1|G0000019
split_0323	GCA_001775995.1|G0000020
split_0323	GCA_003661265.1|G0000060
split_0323	GCA_003661905.1|G0000061
split_0323	GCA_011605725.1|G0000086
split_0323	GCA_016550395.1|G0000116
split_0323	GCA_018396535.1|G0000154
split_0323	GCA_018396695.1|G0000158
split_0323	GCA_018396755.1|G0000162
split_0323	GCA_018396775.1|G0000165
split_0323	GCA_018396865.1|G0000167
split_0323	GCA_018992685.1|G0000172
split_0323	GCA_021161045.1|G0000200
split_0323	GCA_021323375.2|G0000205
split_0323	GCA_025059045.1|G0000220
split_0323	GCA_026014815.1|G0000229
split_0323	GCA_027492035.1|G0000244
split_0323	GCA_038817485.1|G0000303
split_0323	GCA_038818435.1|G0000304
split_0323	GCA_038840355.1|G0000311
split_0323	GOMC.bin.4375|G0000392
split_0324	GCA_001775995.1|G0000019
split_0324	GCA_001775995.1|G0000020
split_0324	GCA_003661265.1|G0000060
split_0324	GCA_003661905.1|G0000061
split_0324	GCA_011605725.1|G0000086
split_0324	GCA_016550395.1|G0000116
split_0324	GCA_018396535.1|G0000154
split_0324	GCA_018396695.1|G0000158
split_0324	GCA_018396755.1|G0000162
split_0324	GCA_018396775.1|G0000165
split_0324	GCA_018396865.1|G0000167
split_0324	GCA_018992685.1|G0000172
split_0324	GCA_021161045.1|G0000200
split_0324	GCA_021323375.2|G0000205
split_0324	GCA_025059045.1|G0000220
split_0324	GCA_026014815.1|G0000229
split_0324	GCA_027492035.1|G0000244
split_0324	GCA_038817485.1|G0000303
split_0324	GCA_038818435.1|G0000304
split_0324	GCA_038840355.1|G0000311
split_0324	GOMC.bin.4375|G0000392
split_0325	GCA_001775995.1|G0000019
split_0325	GCA_001775995.1|G0000020
split_0325	GCA_003661265.1|G0000060
split_0325	GCA_011605725.1|G0000086
split_0325	GCA_016550395.1|G0000116
split_0325	GCA_018396695.1|G0000158
split_0325	GCA_018396755.1|G0000162
split_0325	GCA_018396775.1|G0000165
split_0325	GCA_018396865.1|G0000167
split_0325	GCA_018992685.1|G0000172
split_0325	GCA_021161045.1|G0000200
split_0325	GCA_021323375.2|G0000205
split_0325	GCA_025059045.1|G0000220
split_0325	GCA_026014815.1|G0000229
split_0325	GCA_027492035.1|G0000244
split_0325	GCA_038817485.1|G0000303
split_0325	GCA_038818435.1|G0000304
split_0325	GCA_038840355.1|G0000311
split_0325	GOMC.bin.4375|G0000392
split_0326	GCA_001775995.1|G0000019
split_0326	GCA_001775995.1|G0000020
split_0326	GCA_011605725.1|G0000086
split_0326	GCA_016550395.1|G0000116
split_0326	GCA_018396755.1|G0000162
split_0326	GCA_018396775.1|G0000165
split_0326	GCA_018396865.1|G0000167
split_0326	GCA_018992685.1|G0000172
split_0326	GCA_021323375.2|G0000205
split_0326	GCA_025059045.1|G0000220
split_0326	GCA_027492035.1|G0000244
split_0326	GCA_038817485.1|G0000303
split_0326	GCA_038840355.1|G0000311
split_0326	GOMC.bin.4375|G0000392
split_0327	GCA_001775995.1|G0000019
split_0327	GCA_001775995.1|G0000020
split_0327	GCA_011605725.1|G0000086
split_0327	GCA_016550395.1|G0000116
split_0327	GCA_018396755.1|G0000162
split_0327	GCA_018396775.1|G0000165
split_0327	GCA_018396865.1|G0000167
split_0327	GCA_018992685.1|G0000172
split_0327	GCA_025059045.1|G0000220
split_0327	GCA_027492035.1|G0000244
split_0327	GCA_038817485.1|G0000303
split_0327	GCA_038840355.1|G0000311
split_0327	GOMC.bin.4375|G0000392
split_0328	GCA_001775995.1|G0000019
split_0328	GCA_001775995.1|G0000020
split_0328	GCA_016550395.1|G0000116
split_0328	GCA_018396755.1|G0000162
split_0328	GCA_018396775.1|G0000165
split_0328	GCA_018396865.1|G0000167
split_0328	GCA_018992685.1|G0000172
split_0328	GCA_025059045.1|G0000220
split_0328	GCA_027492035.1|G0000244
split_0328	GCA_038817485.1|G0000303
split_0328	GOMC.bin.4375|G0000392
split_0329	GCA_001775995.1|G0000019
split_0329	GCA_001775995.1|G0000020
split_0329	GCA_016550395.1|G0000116
split_0329	GCA_018396755.1|G0000162
split_0329	GCA_018992685.1|G0000172
split_0329	GCA_025059045.1|G0000220
split_0329	GCA_038817485.1|G0000303
split_0329	GOMC.bin.4375|G0000392
split_0330	GCA_001775995.1|G0000019
split_0330	GCA_001775995.1|G0000020
split_0330	GCA_016550395.1|G0000116
split_0330	GCA_018396755.1|G0000162
split_0330	GCA_018992685.1|G0000172
split_0330	GCA_038817485.1|G0000303
split_0330	GOMC.bin.4375|G0000392
split_0331	GCA_001775995.1|G0000019
split_0331	GCA_001775995.1|G0000020
split_0331	GCA_016550395.1|G0000116
split_0331	GCA_018396755.1|G0000162
split_0331	GCA_018992685.1|G0000172
split_0331	GOMC.bin.4375|G0000392
split_0332	GCA_001775995.1|G0000019
split_0332	GCA_001775995.1|G0000020
split_0333	GCA_016550395.1|G0000116
split_0333	GCA_018396755.1|G0000162
split_0333	GCA_018992685.1|G0000172
split_0333	GOMC.bin.4375|G0000392
split_0334	GCA_016550395.1|G0000116
split_0334	GCA_018992685.1|G0000172
split_0334	GOMC.bin.4375|G0000392
split_0335	GCA_018992685.1|G0000172
split_0335	GOMC.bin.4375|G0000392
split_0336	GCA_018396775.1|G0000165
split_0336	GCA_018396865.1|G0000167
split_0336	GCA_027492035.1|G0000244
split_0337	GCA_018396865.1|G0000167
split_0337	GCA_027492035.1|G0000244
split_0338	GCA_011605725.1|G0000086
split_0338	GCA_038840355.1|G0000311
split_0339	GCA_003661265.1|G0000060
split_0339	GCA_018396695.1|G0000158
split_0339	GCA_021161045.1|G0000200
split_0339	GCA_026014815.1|G0000229
split_0339	GCA_038818435.1|G0000304
split_0340	GCA_003661265.1|G0000060
split_0340	GCA_038818435.1|G0000304
split_0341	GCA_018396695.1|G0000158
split_0341	GCA_021161045.1|G0000200
split_0341	GCA_026014815.1|G0000229
split_0342	GCA_018396695.1|G0000158
split_0342	GCA_026014815.1|G0000229
split_0343	GCA_003661905.1|G0000061
split_0343	GCA_018396535.1|G0000154
split_0344	GCA_003661905.1|G0000062
split_0344	GCA_029259185.1|G0000254
split_0344	GCA_038866625.1|G0000324
split_0345	GCA_003661905.1|G0000062
split_0345	GCA_038866625.1|G0000324
split_0346	GCA_001717025.1|G0000018
split_0346	GCA_004028775.1|G0000065
split_0346	GCA_004348015.1|G0000066
split_0346	GCA_038861055.1|G0000323
split_0347	GCA_001717025.1|G0000018
split_0347	GCA_004028775.1|G0000065
split_0348	GCA_004348015.1|G0000066
split_0348	GCA_038861055.1|G0000323
split_0349	GCA_009889585.1|G0000081
split_0349	GCA_027491455.1|G0000243
split_0349	GCA_029258915.1|G0000253
split_0350	GCA_027491455.1|G0000243
split_0350	GCA_029258915.1|G0000253
split_0351	GCA_016840485.1|G0000127
split_0351	GCA_016840485.1|G0000129
split_0351	GCA_018396725.1|G0000161
split_0351	GCA_018397035.1|G0000168
split_0351	GCA_018397035.1|G0000169
split_0351	GCA_026015185.1|G0000235
split_0351	GCA_026015225.1|G0000236
split_0351	GCA_038852285.1|G0000315
split_0351	GCA_038852745.1|G0000318
split_0351	GCA_038873015.1|G0000325
split_0351	GCA_038884875.1|G0000328
split_0352	GCA_016840485.1|G0000129
split_0352	GCA_018396725.1|G0000161
split_0352	GCA_018397035.1|G0000168
split_0352	GCA_018397035.1|G0000169
split_0352	GCA_026015185.1|G0000235
split_0352	GCA_026015225.1|G0000236
split_0352	GCA_038852285.1|G0000315
split_0352	GCA_038852745.1|G0000318
split_0352	GCA_038873015.1|G0000325
split_0352	GCA_038884875.1|G0000328
split_0353	GCA_018396725.1|G0000161
split_0353	GCA_018397035.1|G0000168
split_0353	GCA_018397035.1|G0000169
split_0353	GCA_026015185.1|G0000235
split_0353	GCA_026015225.1|G0000236
split_0353	GCA_038852285.1|G0000315
split_0353	GCA_038852745.1|G0000318
split_0353	GCA_038873015.1|G0000325
split_0353	GCA_038884875.1|G0000328
split_0354	GCA_018396725.1|G0000161
split_0354	GCA_018397035.1|G0000168
split_0354	GCA_018397035.1|G0000169
split_0354	GCA_026015185.1|G0000235
split_0354	GCA_026015225.1|G0000236
split_0354	GCA_038852285.1|G0000315
split_0354	GCA_038852745.1|G0000318
split_0354	GCA_038873015.1|G0000325
split_0355	GCA_018396725.1|G0000161
split_0355	GCA_018397035.1|G0000169
split_0355	GCA_026015185.1|G0000235
split_0355	GCA_026015225.1|G0000236
split_0355	GCA_038852285.1|G0000315
split_0355	GCA_038852745.1|G0000318
split_0355	GCA_038873015.1|G0000325
split_0356	GCA_018396725.1|G0000161
split_0356	GCA_018397035.1|G0000169
split_0356	GCA_038873015.1|G0000325
split_0357	GCA_018396725.1|G0000161
split_0357	GCA_038873015.1|G0000325
split_0358	GCA_026015185.1|G0000235
split_0358	GCA_026015225.1|G0000236
split_0358	GCA_038852285.1|G0000315
split_0358	GCA_038852745.1|G0000318
split_0359	GCA_026015185.1|G0000235
split_0359	GCA_026015225.1|G0000236
split_0359	GCA_038852745.1|G0000318
split_0360	GCA_026015185.1|G0000235
split_0360	GCA_038852745.1|G0000318
split_0361	GCA_001717025.1|G0000017
split_0361	GCA_034660355.1|G0000289
split_0362	GCA_014859835.1|G0000100
split_0362	GCA_018814355.1|G0000171
split_0362	GCA_035529455.1|G0000291
split_0362	GCA_038852315.1|G0000316
split_0363	GCA_014859835.1|G0000100
split_0363	GCA_018814355.1|G0000171
split_0363	GCA_038852315.1|G0000316
split_0364	GCA_014859835.1|G0000100
split_0364	GCA_018814355.1|G0000171
split_0365	GCA_003650925.1|G0000056
split_0365	GCA_004376295.1|G0000067
split_0365	GCA_020352645.1|G0000191
split_0365	GCA_021162845.1|G0000203
split_0365	GOMC.bin.2866|G0000383
split_0365	GOMC.bin.2875|G0000385
split_0366	GCA_003650925.1|G0000056
split_0366	GCA_021162845.1|G0000203
split_0366	GOMC.bin.2866|G0000383
split_0366	GOMC.bin.2875|G0000385
split_0367	GCA_021162845.1|G0000203
split_0367	GOMC.bin.2866|G0000383
split_0367	GOMC.bin.2875|G0000385
split_0368	GCA_021162845.1|G0000203
split_0368	GOMC.bin.2875|G0000385
split_0369	GCA_004376295.1|G0000067
split_0369	GCA_020352645.1|G0000191
split_0370	GCA_002067315.1|G0000034
split_0370	GCA_003660865.1|G0000058
split_0370	GCA_018813725.1|G0000170
split_0370	GCA_019322475.1|G0000184
split_0370	GCA_038852745.1|G0000322
split_0370	GCF_000011005.1|G0000361
split_0370	GCF_021023085.1|G0000370
split_0371	GCA_002067315.1|G0000034
split_0371	GCA_003660865.1|G0000058
split_0371	GCA_018813725.1|G0000170
split_0371	GCA_019322475.1|G0000184
split_0371	GCF_000011005.1|G0000361
split_0371	GCF_021023085.1|G0000370
split_0372	GCA_002067315.1|G0000034
split_0372	GCA_018813725.1|G0000170
split_0372	GCA_019322475.1|G0000184
split_0372	GCF_000011005.1|G0000361
split_0372	GCF_021023085.1|G0000370
split_0373	GCA_002067315.1|G0000034
split_0373	GCF_000011005.1|G0000361
split_0373	GCF_021023085.1|G0000370
split_0374	GCF_000011005.1|G0000361
split_0374	GCF_021023085.1|G0000370
split_0375	GCA_018813725.1|G0000170
split_0375	GCA_019322475.1|G0000184
split_0376	GCA_016292335.1|G0000115
split_0376	GCA_030837285.1|G0000277
split_0376	GCA_041479945.1|G0000332
split_0377	GCA_016292335.1|G0000115
split_0377	GCA_041479945.1|G0000332
split_0378	GCA_001412355.1|G0000008
split_0378	GCA_002067095.1|G0000033
split_0378	GCA_002496395.1|G0000038
split_0378	GCA_002499905.1|G0000039
split_0378	GCA_002503135.1|G0000040
split_0378	GCA_002503885.1|G0000041
split_0378	GCA_011048835.1|G0000083
split_0378	GCA_015660865.1|G0000108
split_0378	GCA_016841485.1|G0000133
split_0378	GCA_016841485.1|G0000134
split_0378	GCA_016937345.1|G0000142
split_0378	GCA_028678665.1|G0000248
split_0378	GCA_029907705.1|G0000263
split_0378	GCA_030019205.1|G0000264
split_0378	GCA_040776445.1|G0000330
split_0378	GCA_963677995.1|G0000359
split_0378	GCF_000275865.1|G0000366
split_0378	GCF_000327485.1|G0000367
split_0378	GCF_004102725.1|G0000369
split_0378	GOMC.bin.831|G0000401
split_0379	GCA_001412355.1|G0000008
split_0379	GCA_002067095.1|G0000033
split_0379	GCA_002496395.1|G0000038
split_0379	GCA_002499905.1|G0000039
split_0379	GCA_002503135.1|G0000040
split_0379	GCA_011048835.1|G0000083
split_0379	GCA_015660865.1|G0000108
split_0379	GCA_016841485.1|G0000133
split_0379	GCA_016841485.1|G0000134
split_0379	GCA_016937345.1|G0000142
split_0379	GCA_028678665.1|G0000248
split_0379	GCA_029907705.1|G0000263
split_0379	GCA_030019205.1|G0000264
split_0379	GCA_040776445.1|G0000330
split_0379	GCA_963677995.1|G0000359
split_0379	GCF_000275865.1|G0000366
split_0379	GCF_000327485.1|G0000367
split_0379	GCF_004102725.1|G0000369
split_0379	GOMC.bin.831|G0000401
split_0380	GCA_001412355.1|G0000008
split_0380	GCA_002067095.1|G0000033
split_0380	GCA_002496395.1|G0000038
split_0380	GCA_002499905.1|G0000039
split_0380	GCA_002503135.1|G0000040
split_0380	GCA_011048835.1|G0000083
split_0380	GCA_015660865.1|G0000108
split_0380	GCA_016841485.1|G0000133
split_0380	GCA_016841485.1|G0000134
split_0380	GCA_016937345.1|G0000142
split_0380	GCA_028678665.1|G0000248
split_0380	GCA_030019205.1|G0000264
split_0380	GCA_040776445.1|G0000330
split_0380	GCA_963677995.1|G0000359
split_0380	GCF_000275865.1|G0000366
split_0380	GCF_000327485.1|G0000367
split_0380	GCF_004102725.1|G0000369
split_0380	GOMC.bin.831|G0000401
split_0381	GCA_001412355.1|G0000008
split_0381	GCA_002067095.1|G0000033
split_0381	GCA_002496395.1|G0000038
split_0381	GCA_002499905.1|G0000039
split_0381	GCA_011048835.1|G0000083
split_0381	GCA_015660865.1|G0000108
split_0381	GCA_016841485.1|G0000133
split_0381	GCA_016841485.1|G0000134
split_0381	GCA_028678665.1|G0000248
split_0381	GCA_030019205.1|G0000264
split_0381	GCA_040776445.1|G0000330
split_0381	GCA_963677995.1|G0000359
split_0381	GCF_000275865.1|G0000366
split_0381	GCF_000327485.1|G0000367
split_0382	GCA_001412355.1|G0000008
split_0382	GCA_002067095.1|G0000033
split_0382	GCA_002496395.1|G0000038
split_0382	GCA_002499905.1|G0000039
split_0382	GCA_011048835.1|G0000083
split_0382	GCA_015660865.1|G0000108
split_0382	GCA_016841485.1|G0000133
split_0382	GCA_016841485.1|G0000134
split_0382	GCA_028678665.1|G0000248
split_0382	GCA_030019205.1|G0000264
split_0382	GCA_040776445.1|G0000330
split_0382	GCA_963677995.1|G0000359
split_0382	GCF_000275865.1|G0000366
split_0383	GCA_001412355.1|G0000008
split_0383	GCA_002067095.1|G0000033
split_0383	GCA_002496395.1|G0000038
split_0383	GCA_002499905.1|G0000039
split_0383	GCA_011048835.1|G0000083
split_0383	GCA_016841485.1|G0000133
split_0383	GCA_016841485.1|G0000134
split_0383	GCA_963677995.1|G0000359
split_0383	GCF_000275865.1|G0000366
split_0384	GCA_001412355.1|G0000008
split_0384	GCA_016841485.1|G0000133
split_0384	GCA_016841485.1|G0000134
split_0385	GCA_016841485.1|G0000133
split_0385	GCA_016841485.1|G0000134
split_0386	GCA_002067095.1|G0000033
split_0386	GCA_002496395.1|G0000038
split_0386	GCA_002499905.1|G0000039
split_0386	GCA_011048835.1|G0000083
split_0386	GCA_963677995.1|G0000359
split_0386	GCF_000275865.1|G0000366
split_0387	GCA_002067095.1|G0000033
split_0387	GCA_002496395.1|G0000038
split_0387	GCA_002499905.1|G0000039
split_0387	GCA_011048835.1|G0000083
split_0387	GCA_963677995.1|G0000359
split_0388	GCA_002067095.1|G0000033
split_0388	GCA_002499905.1|G0000039
split_0388	GCA_963677995.1|G0000359
split_0389	GCA_002067095.1|G0000033
split_0389	GCA_963677995.1|G0000359
split_0390	GCA_002496395.1|G0000038
split_0390	GCA_011048835.1|G0000083
split_0391	GCA_015660865.1|G0000108
split_0391	GCA_028678665.1|G0000248
split_0391	GCA_030019205.1|G0000264
split_0391	GCA_040776445.1|G0000330
split_0392	GCA_015660865.1|G0000108
split_0392	GCA_028678665.1|G0000248
split_0392	GCA_040776445.1|G0000330
split_0393	GCA_015660865.1|G0000108
split_0393	GCA_028678665.1|G0000248
split_0394	GCA_002503135.1|G0000040
split_0394	GCA_016937345.1|G0000142
split_0394	GCF_004102725.1|G0000369
split_0394	GOMC.bin.831|G0000401
split_0395	GCA_016937345.1|G0000142
split_0395	GCF_004102725.1|G0000369
split_0395	GOMC.bin.831|G0000401
split_0396	GCF_004102725.1|G0000369
split_0396	GOMC.bin.831|G0000401
split_0397	GCA_003660605.1|G0000057
split_0397	GCA_034659995.1|G0000288
split_0398	GCA_018992685.1|G0000174
split_0398	GCA_020854925.1|G0000198
split_0398	GCA_030603445.1|G0000265
split_0398	GCA_030837285.1|G0000276
split_0398	GCA_036733165.1|G0000295
split_0398	GCA_054798775.1|G0000358
split_0398	GOMC.bin.4375|G0000390
split_0399	GCA_018992685.1|G0000174
split_0399	GCA_020854925.1|G0000198
split_0399	GCA_030603445.1|G0000265
split_0399	GCA_036733165.1|G0000295
split_0399	GCA_054798775.1|G0000358
split_0399	GOMC.bin.4375|G0000390
split_0400	GCA_018992685.1|G0000174
split_0400	GCA_020854925.1|G0000198
split_0400	GCA_030603445.1|G0000265
split_0400	GCA_054798775.1|G0000358
split_0400	GOMC.bin.4375|G0000390
split_0401	GCA_018992685.1|G0000174
split_0401	GOMC.bin.4375|G0000390
split_0402	GCA_020854925.1|G0000198
split_0402	GCA_030603445.1|G0000265
split_0402	GCA_054798775.1|G0000358
split_0403	GCA_030603445.1|G0000265
split_0403	GCA_054798775.1|G0000358
