split_id	gene_id
split_0001	ERR4283445_bin.66|G0000001
split_0001	GCA_002508545.1|G0000042
split_0001	GCF_000308215.1|G0000246
split_0002	ERR4283445_bin.66|G0000001
split_0002	GCA_002067865.1|G0000031
split_0002	GCA_002497075.1|G0000034
split_0002	GCA_002508545.1|G0000042
split_0002	GCA_030604065.1|G0000169
split_0002	GCF_000308215.1|G0000246
split_0003	ERR4283445_bin.66|G0000001
split_0003	GCA_002067865.1|G0000031
split_0003	GCA_002497075.1|G0000034
split_0003	GCA_002508545.1|G0000042
split_0003	GCA_003135935.1|G0000054
split_0003	GCA_030604065.1|G0000169
split_0003	GCF_000308215.1|G0000246
split_0004	ERR4283445_bin.66|G0000001
split_0004	GCA_002067865.1|G0000031
split_0004	GCA_002497075.1|G0000034
split_0004	GCA_002508545.1|G0000042
split_0004	GCA_003135935.1|G0000054
split_0004	GCA_013415695.1|G0000090
split_0004	GCA_020725985.1|G0000129
split_0004	GCA_029907465.1|G0000162
split_0004	GCA_030604065.1|G0000169
split_0004	GCA_046539605.1|G0000220
split_0004	GCF_000308215.1|G0000246
split_0005	ERR4283445_bin.66|G0000001
split_0005	GCA_002009975.1|G0000023
split_0005	GCA_002010075.1|G0000025
split_0005	GCA_002011155.2|G0000027
split_0005	GCA_002067865.1|G0000031
split_0005	GCA_002494725.1|G0000033
split_0005	GCA_002497075.1|G0000034
split_0005	GCA_002508545.1|G0000042
split_0005	GCA_003135935.1|G0000054
split_0005	GCA_013415695.1|G0000090
split_0005	GCA_015520705.1|G0000097
split_0005	GCA_020725985.1|G0000129
split_0005	GCA_029259245.1|G0000157
split_0005	GCA_029907465.1|G0000162
split_0005	GCA_030604065.1|G0000169
split_0005	GCA_046539605.1|G0000220
split_0005	GCF_000007305.1|G0000230
split_0005	GCF_000016125.1|G0000235
split_0005	GCF_000308215.1|G0000246
split_0006	ERR4283445_bin.66|G0000001
split_0006	GCA_002009975.1|G0000023
split_0006	GCA_002010075.1|G0000025
split_0006	GCA_002011155.2|G0000027
split_0006	GCA_002067865.1|G0000031
split_0006	GCA_002494725.1|G0000033
split_0006	GCA_002497075.1|G0000034
split_0006	GCA_002508545.1|G0000042
split_0006	GCA_002838935.1|G0000044
split_0006	GCA_003135935.1|G0000054
split_0006	GCA_013415695.1|G0000090
split_0006	GCA_015520705.1|G0000097
split_0006	GCA_020725985.1|G0000129
split_0006	GCA_029259245.1|G0000157
split_0006	GCA_029907465.1|G0000162
split_0006	GCA_030604065.1|G0000169
split_0006	GCA_046539605.1|G0000220
split_0006	GCF_000007305.1|G0000230
split_0006	GCF_000016125.1|G0000235
split_0006	GCF_000308215.1|G0000246
split_0007	ERR4283445_bin.66|G0000001
split_0007	GCA_002009975.1|G0000023
split_0007	GCA_002010075.1|G0000025
split_0007	GCA_002010305.1|G0000026
split_0007	GCA_002011155.2|G0000027
split_0007	GCA_002067865.1|G0000031
split_0007	GCA_002494725.1|G0000033
split_0007	GCA_002497075.1|G0000034
split_0007	GCA_002508545.1|G0000042
split_0007	GCA_002838935.1|G0000044
split_0007	GCA_003135935.1|G0000054
split_0007	GCA_013415695.1|G0000090
split_0007	GCA_015520705.1|G0000097
split_0007	GCA_020725985.1|G0000129
split_0007	GCA_029259245.1|G0000157
split_0007	GCA_029907465.1|G0000162
split_0007	GCA_030604065.1|G0000169
split_0007	GCA_046539605.1|G0000220
split_0007	GCF_000007305.1|G0000230
split_0007	GCF_000016125.1|G0000235
split_0007	GCF_000308215.1|G0000246
split_0008	ERR4283445_bin.66|G0000001
split_0008	GCA_002009975.1|G0000023
split_0008	GCA_002010075.1|G0000025
split_0008	GCA_002010305.1|G0000026
split_0008	GCA_002011155.2|G0000027
split_0008	GCA_002067865.1|G0000031
split_0008	GCA_002494725.1|G0000033
split_0008	GCA_002497075.1|G0000034
split_0008	GCA_002508545.1|G0000042
split_0008	GCA_002838935.1|G0000044
split_0008	GCA_003135935.1|G0000054
split_0008	GCA_013415695.1|G0000090
split_0008	GCA_015520705.1|G0000097
split_0008	GCA_020725985.1|G0000129
split_0008	GCA_029259245.1|G0000157
split_0008	GCA_029907465.1|G0000162
split_0008	GCA_030604065.1|G0000169
split_0008	GCA_030612095.1|G0000179
split_0008	GCA_034660695.1|G0000194
split_0008	GCA_046539605.1|G0000220
split_0008	GCF_000007305.1|G0000230
split_0008	GCF_000016125.1|G0000235
split_0008	GCF_000308215.1|G0000246
split_0008	GOMC.bin.2408|G0000284
split_0009	ERR4283445_bin.66|G0000001
split_0009	GCA_002009975.1|G0000023
split_0009	GCA_002010075.1|G0000025
split_0009	GCA_002010305.1|G0000026
split_0009	GCA_002011155.2|G0000027
split_0009	GCA_002067865.1|G0000031
split_0009	GCA_002494725.1|G0000033
split_0009	GCA_002497075.1|G0000034
split_0009	GCA_002497075.1|G0000035
split_0009	GCA_002508545.1|G0000042
split_0009	GCA_002838935.1|G0000044
split_0009	GCA_003135935.1|G0000054
split_0009	GCA_011048835.1|G0000086
split_0009	GCA_013415695.1|G0000090
split_0009	GCA_015520705.1|G0000097
split_0009	GCA_020725985.1|G0000129
split_0009	GCA_029259245.1|G0000157
split_0009	GCA_029907465.1|G0000162
split_0009	GCA_030604065.1|G0000169
split_0009	GCA_030612095.1|G0000179
split_0009	GCA_034660695.1|G0000194
split_0009	GCA_046539605.1|G0000220
split_0009	GCF_000007305.1|G0000230
split_0009	GCF_000016125.1|G0000235
split_0009	GCF_000308215.1|G0000246
split_0009	GOMC.bin.2408|G0000284
split_0010	ERR4283445_bin.66|G0000001
split_0010	GCA_000306725.1|G0000005
split_0010	GCA_000306725.1|G0000006
split_0010	GCA_000309865.1|G0000008
split_0010	GCA_001766815.1|G0000018
split_0010	GCA_002009975.1|G0000023
split_0010	GCA_002010075.1|G0000025
split_0010	GCA_002010305.1|G0000026
split_0010	GCA_002011155.2|G0000027
split_0010	GCA_002067095.1|G0000028
split_0010	GCA_002067315.1|G0000030
split_0010	GCA_002067865.1|G0000031
split_0010	GCA_002494725.1|G0000033
split_0010	GCA_002497075.1|G0000034
split_0010	GCA_002497075.1|G0000035
split_0010	GCA_002499905.1|G0000036
split_0010	GCA_002501765.1|G0000037
split_0010	GCA_002503885.1|G0000040
split_0010	GCA_002503885.1|G0000041
split_0010	GCA_002508545.1|G0000042
split_0010	GCA_002838935.1|G0000044
split_0010	GCA_003104905.1|G0000050
split_0010	GCA_003104905.1|G0000051
split_0010	GCA_003104905.1|G0000052
split_0010	GCA_003135935.1|G0000054
split_0010	GCA_003194425.1|G0000057
split_0010	GCA_003194445.1|G0000058
split_0010	GCA_003194445.1|G0000059
split_0010	GCA_003661125.1|G0000068
split_0010	GCA_003661125.1|G0000069
split_0010	GCA_004193545.1|G0000071
split_0010	GCA_011048835.1|G0000086
split_0010	GCA_013152845.1|G0000088
split_0010	GCA_013331375.1|G0000089
split_0010	GCA_013415695.1|G0000090
split_0010	GCA_015520705.1|G0000097
split_0010	GCA_015660865.1|G0000098
split_0010	GCA_015660915.1|G0000099
split_0010	GCA_016841265.1|G0000106
split_0010	GCA_016841265.1|G0000107
split_0010	GCA_016937345.1|G0000111
split_0010	GCA_017883965.1|G0000115
split_0010	GCA_018992685.1|G0000121
split_0010	GCA_019429385.1|G0000123
split_0010	GCA_020725985.1|G0000129
split_0010	GCA_020854925.1|G0000130
split_0010	GCA_021108405.1|G0000133
split_0010	GCA_023229165.1|G0000146
split_0010	GCA_023252215.1|G0000147
split_0010	GCA_028716125.1|G0000156
split_0010	GCA_029259245.1|G0000157
split_0010	GCA_029907465.1|G0000162
split_0010	GCA_029907705.1|G0000163
split_0010	GCA_030019205.1|G0000165
split_0010	GCA_030604065.1|G0000169
split_0010	GCA_030605805.1|G0000171
split_0010	GCA_030605805.1|G0000172
split_0010	GCA_030605805.1|G0000173
split_0010	GCA_030605805.1|G0000174
split_0010	GCA_030611045.1|G0000177
split_0010	GCA_030611265.1|G0000178
split_0010	GCA_030612095.1|G0000179
split_0010	GCA_030633635.1|G0000180
split_0010	GCA_034190145.1|G0000186
split_0010	GCA_034190245.1|G0000189
split_0010	GCA_034659235.1|G0000190
split_0010	GCA_034659235.1|G0000191
split_0010	GCA_034659235.1|G0000192
split_0010	GCA_034659235.1|G0000193
split_0010	GCA_034660695.1|G0000194
split_0010	GCA_036733165.1|G0000205
split_0010	GCA_040776445.1|G0000214
split_0010	GCA_046539605.1|G0000220
split_0010	GCA_905171695.1|G0000225
split_0010	GCA_963677995.1|G0000227
split_0010	GCA_974486395.1|G0000229
split_0010	GCF_000007305.1|G0000230
split_0010	GCF_000011005.1|G0000232
split_0010	GCF_000011005.1|G0000233
split_0010	GCF_000011005.1|G0000234
split_0010	GCF_000016125.1|G0000235
split_0010	GCF_000275865.1|G0000241
split_0010	GCF_000308215.1|G0000246
split_0010	GCF_000327485.1|G0000247
split_0010	GCF_004102725.1|G0000256
split_0010	GCF_021023085.1|G0000261
split_0010	GOMC.bin.11076|G0000279
split_0010	GOMC.bin.2408|G0000284
split_0010	GOMC.bin.831|G0000289
split_0011	ERR4283445_bin.66|G0000002
split_0011	ERR4283445_bin.66|G0000003
split_0011	GCA_000306725.1|G0000004
split_0011	GCA_000380705.1|G0000011
split_0011	GCA_001273385.1|G0000012
split_0011	GCA_001507955.1|G0000014
split_0011	GCA_001564275.1|G0000015
split_0011	GCA_001564275.1|G0000016
split_0011	GCA_001768965.1|G0000020
split_0011	GCA_001873845.1|G0000021
split_0011	GCA_002067315.1|G0000029
split_0011	GCA_002503135.1|G0000039
split_0011	GCA_002508545.1|G0000043
split_0011	GCA_002844335.1|G0000045
split_0011	GCA_002844335.1|G0000046
split_0011	GCA_002844335.1|G0000047
split_0011	GCA_003009755.1|G0000048
split_0011	GCA_003019595.1|G0000049
split_0011	GCA_003133625.1|G0000053
split_0011	GCA_003135935.1|G0000055
split_0011	GCA_003561665.1|G0000064
split_0011	GCA_003561665.1|G0000065
split_0011	GCA_003661265.1|G0000070
split_0011	GCA_005884195.1|G0000073
split_0011	GCA_005888675.1|G0000074
split_0011	GCA_005888675.1|G0000075
split_0011	GCA_005954745.1|G0000076
split_0011	GCA_005954745.1|G0000077
split_0011	GCA_005954745.1|G0000078
split_0011	GCA_007118075.1|G0000079
split_0011	GCA_007118975.1|G0000080
split_0011	GCA_007118975.1|G0000081
split_0011	GCA_007122875.1|G0000082
split_0011	GCA_007122875.1|G0000083
split_0011	GCA_011048835.1|G0000087
split_0011	GCA_013538675.1|G0000091
split_0011	GCA_013538715.1|G0000092
split_0011	GCA_015660915.1|G0000100
split_0011	GCA_016180755.1|G0000101
split_0011	GCA_016198125.1|G0000102
split_0011	GCA_016932935.1|G0000110
split_0011	GCA_017601265.1|G0000112
split_0011	GCA_017601265.1|G0000113
split_0011	GCA_017601265.1|G0000114
split_0011	GCA_018396695.1|G0000117
split_0011	GCA_018396865.1|G0000118
split_0011	GCA_019347805.1|G0000122
split_0011	GCA_020201485.1|G0000126
split_0011	GCA_020725985.1|G0000128
split_0011	GCA_021325135.1|G0000134
split_0011	GCA_021325135.1|G0000135
split_0011	GCA_022865705.1|G0000139
split_0011	GCA_023008585.1|G0000140
split_0011	GCA_023008585.1|G0000141
split_0011	GCA_023008585.1|G0000142
split_0011	GCA_023008585.1|G0000143
split_0011	GCA_025041175.1|G0000148
split_0011	GCA_025517465.1|G0000149
split_0011	GCA_025517465.1|G0000150
split_0011	GCA_025517465.1|G0000151
split_0011	GCA_025517465.1|G0000152
split_0011	GCA_028679985.1|G0000155
split_0011	GCA_029775965.1|G0000159
split_0011	GCA_029907465.1|G0000161
split_0011	GCA_030587475.2|G0000166
split_0011	GCA_030601715.1|G0000168
split_0011	GCA_030837285.1|G0000182
split_0011	GCA_031852275.1|G0000183
split_0011	GCA_031852275.1|G0000184
split_0011	GCA_035292305.1|G0000195
split_0011	GCA_035540375.1|G0000198
split_0011	GCA_035540375.1|G0000199
split_0011	GCA_035541015.1|G0000201
split_0011	GCA_037442405.1|G0000206
split_0011	GCA_037443105.1|G0000207
split_0011	GCA_038852745.1|G0000209
split_0011	GCA_038852745.1|G0000210
split_0011	GCA_038868495.1|G0000211
split_0011	GCA_038883055.1|G0000212
split_0011	GCA_041305945.1|G0000215
split_0011	GCA_041599855.1|G0000217
split_0011	GCA_041661025.1|G0000218
split_0011	GCA_041862235.1|G0000219
split_0011	GCA_048939465.1|G0000221
split_0011	GCA_048939465.1|G0000222
split_0011	GCA_054386615.1|G0000223
split_0011	GCA_905202485.1|G0000226
split_0011	GCA_973788585.1|G0000228
split_0011	GCF_000008645.1|G0000231
split_0011	GCF_000025325.1|G0000236
split_0011	GCF_000025325.1|G0000237
split_0011	GCF_000025325.1|G0000238
split_0011	GCF_000025325.1|G0000239
split_0011	GCF_000214415.1|G0000240
split_0011	GCF_000306765.2|G0000242
split_0011	GCF_000306765.2|G0000243
split_0011	GCF_000306765.2|G0000244
split_0011	GCF_000308215.1|G0000245
split_0011	GCF_000334895.1|G0000248
split_0011	GCF_000334895.1|G0000249
split_0011	GCF_000403645.1|G0000250
split_0011	GCF_000711905.1|G0000251
split_0011	GCF_003369835.1|G0000252
split_0011	GCF_003369835.1|G0000253
split_0011	GCF_003369835.1|G0000254
split_0011	GCF_003369835.1|G0000255
split_0011	GCF_014647115.1|G0000257
split_0011	GCF_014647115.1|G0000258
split_0011	GCF_014647475.1|G0000259
split_0011	GCF_017094485.1|G0000260
split_0011	GCF_021083305.1|G0000262
split_0011	GCF_021083305.1|G0000263
split_0011	GCF_021083305.1|G0000264
split_0011	GCF_024227995.1|G0000265
split_0011	GCF_024227995.1|G0000266
split_0011	GCF_029338295.1|G0000267
split_0011	GCF_029338295.1|G0000268
split_0011	GCF_029338295.1|G0000269
split_0011	GCF_029338295.1|G0000270
split_0011	GCF_030287405.1|G0000271
split_0011	GCF_030287405.1|G0000272
split_0011	GCF_030287405.1|G0000273
split_0011	GCF_036429475.1|G0000274
split_0011	GCF_036429475.1|G0000275
split_0011	GCF_036429475.1|G0000276
split_0011	GCF_036429475.1|G0000277
split_0011	GCF_946463545.1|G0000278
split_0011	GOMC.bin.11431|G0000282
split_0011	GOMC.bin.12150|G0000283
split_0011	GOMC.bin.7887|G0000286
split_0011	GOMC.bin.9202|G0000291
split_0011	GOMC.bin.9202|G0000292
split_0012	ERR4283445_bin.66|G0000002
split_0012	ERR4283445_bin.66|G0000003
split_0012	GCA_000380705.1|G0000011
split_0012	GCA_001273385.1|G0000012
split_0012	GCA_001564275.1|G0000015
split_0012	GCA_001564275.1|G0000016
split_0012	GCA_001768965.1|G0000020
split_0012	GCA_002067315.1|G0000029
split_0012	GCA_002503135.1|G0000039
split_0012	GCA_002508545.1|G0000043
split_0012	GCA_002844335.1|G0000045
split_0012	GCA_002844335.1|G0000046
split_0012	GCA_002844335.1|G0000047
split_0012	GCA_003009755.1|G0000048
split_0012	GCA_003019595.1|G0000049
split_0012	GCA_003133625.1|G0000053
split_0012	GCA_003561665.1|G0000064
split_0012	GCA_003561665.1|G0000065
split_0012	GCA_003661265.1|G0000070
split_0012	GCA_005884195.1|G0000073
split_0012	GCA_005888675.1|G0000074
split_0012	GCA_005888675.1|G0000075
split_0012	GCA_005954745.1|G0000076
split_0012	GCA_005954745.1|G0000077
split_0012	GCA_005954745.1|G0000078
split_0012	GCA_007118075.1|G0000079
split_0012	GCA_007118975.1|G0000081
split_0012	GCA_007122875.1|G0000082
split_0012	GCA_007122875.1|G0000083
split_0012	GCA_011048835.1|G0000087
split_0012	GCA_013538675.1|G0000091
split_0012	GCA_013538715.1|G0000092
split_0012	GCA_016180755.1|G0000101
split_0012	GCA_016198125.1|G0000102
split_0012	GCA_016932935.1|G0000110
split_0012	GCA_017601265.1|G0000112
split_0012	GCA_017601265.1|G0000113
split_0012	GCA_017601265.1|G0000114
split_0012	GCA_018396695.1|G0000117
split_0012	GCA_019347805.1|G0000122
split_0012	GCA_020201485.1|G0000126
split_0012	GCA_020725985.1|G0000128
split_0012	GCA_021325135.1|G0000134
split_0012	GCA_021325135.1|G0000135
split_0012	GCA_022865705.1|G0000139
split_0012	GCA_023008585.1|G0000140
split_0012	GCA_023008585.1|G0000141
split_0012	GCA_023008585.1|G0000142
split_0012	GCA_023008585.1|G0000143
split_0012	GCA_025041175.1|G0000148
split_0012	GCA_025517465.1|G0000149
split_0012	GCA_025517465.1|G0000150
split_0012	GCA_025517465.1|G0000151
split_0012	GCA_025517465.1|G0000152
split_0012	GCA_028679985.1|G0000155
split_0012	GCA_029775965.1|G0000159
split_0012	GCA_029907465.1|G0000161
split_0012	GCA_030587475.2|G0000166
split_0012	GCA_030601715.1|G0000168
split_0012	GCA_030837285.1|G0000182
split_0012	GCA_031852275.1|G0000183
split_0012	GCA_031852275.1|G0000184
split_0012	GCA_035292305.1|G0000195
split_0012	GCA_035540375.1|G0000198
split_0012	GCA_035540375.1|G0000199
split_0012	GCA_035541015.1|G0000201
split_0012	GCA_037442405.1|G0000206
split_0012	GCA_038852745.1|G0000209
split_0012	GCA_038852745.1|G0000210
split_0012	GCA_038868495.1|G0000211
split_0012	GCA_038883055.1|G0000212
split_0012	GCA_041305945.1|G0000215
split_0012	GCA_041661025.1|G0000218
split_0012	GCA_041862235.1|G0000219
split_0012	GCA_048939465.1|G0000221
split_0012	GCA_048939465.1|G0000222
split_0012	GCA_054386615.1|G0000223
split_0012	GCA_905202485.1|G0000226
split_0012	GCA_973788585.1|G0000228
split_0012	GCF_000025325.1|G0000236
split_0012	GCF_000025325.1|G0000237
split_0012	GCF_000025325.1|G0000238
split_0012	GCF_000025325.1|G0000239
split_0012	GCF_000306765.2|G0000242
split_0012	GCF_000306765.2|G0000243
split_0012	GCF_000306765.2|G0000244
split_0012	GCF_000308215.1|G0000245
split_0012	GCF_000334895.1|G0000248
split_0012	GCF_000334895.1|G0000249
split_0012	GCF_000403645.1|G0000250
split_0012	GCF_003369835.1|G0000252
split_0012	GCF_003369835.1|G0000253
split_0012	GCF_003369835.1|G0000254
split_0012	GCF_003369835.1|G0000255
split_0012	GCF_014647115.1|G0000257
split_0012	GCF_014647115.1|G0000258
split_0012	GCF_014647475.1|G0000259
split_0012	GCF_017094485.1|G0000260
split_0012	GCF_021083305.1|G0000262
split_0012	GCF_021083305.1|G0000263
split_0012	GCF_021083305.1|G0000264
split_0012	GCF_024227995.1|G0000265
split_0012	GCF_024227995.1|G0000266
split_0012	GCF_029338295.1|G0000267
split_0012	GCF_029338295.1|G0000268
split_0012	GCF_029338295.1|G0000269
split_0012	GCF_029338295.1|G0000270
split_0012	GCF_030287405.1|G0000271
split_0012	GCF_030287405.1|G0000272
split_0012	GCF_030287405.1|G0000273
split_0012	GCF_036429475.1|G0000274
split_0012	GCF_036429475.1|G0000275
split_0012	GCF_036429475.1|G0000276
split_0012	GCF_036429475.1|G0000277
split_0012	GOMC.bin.11431|G0000282
split_0012	GOMC.bin.12150|G0000283
split_0012	GOMC.bin.9202|G0000291
split_0012	GOMC.bin.9202|G0000292
split_0013	ERR4283445_bin.66|G0000002
split_0013	ERR4283445_bin.66|G0000003
split_0013	GCA_000380705.1|G0000011
split_0013	GCA_001273385.1|G0000012
split_0013	GCA_001564275.1|G0000015
split_0013	GCA_001564275.1|G0000016
split_0013	GCA_001768965.1|G0000020
split_0013	GCA_002067315.1|G0000029
split_0013	GCA_002503135.1|G0000039
split_0013	GCA_002508545.1|G0000043
split_0013	GCA_002844335.1|G0000045
split_0013	GCA_002844335.1|G0000046
split_0013	GCA_002844335.1|G0000047
split_0013	GCA_003009755.1|G0000048
split_0013	GCA_003019595.1|G0000049
split_0013	GCA_003133625.1|G0000053
split_0013	GCA_003561665.1|G0000064
split_0013	GCA_003561665.1|G0000065
split_0013	GCA_003661265.1|G0000070
split_0013	GCA_005884195.1|G0000073
split_0013	GCA_005888675.1|G0000074
split_0013	GCA_005888675.1|G0000075
split_0013	GCA_005954745.1|G0000076
split_0013	GCA_005954745.1|G0000077
split_0013	GCA_005954745.1|G0000078
split_0013	GCA_007118075.1|G0000079
split_0013	GCA_007118975.1|G0000081
split_0013	GCA_007122875.1|G0000082
split_0013	GCA_007122875.1|G0000083
split_0013	GCA_011048835.1|G0000087
split_0013	GCA_013538675.1|G0000091
split_0013	GCA_013538715.1|G0000092
split_0013	GCA_016180755.1|G0000101
split_0013	GCA_016198125.1|G0000102
split_0013	GCA_016932935.1|G0000110
split_0013	GCA_017601265.1|G0000112
split_0013	GCA_017601265.1|G0000113
split_0013	GCA_017601265.1|G0000114
split_0013	GCA_018396695.1|G0000117
split_0013	GCA_019347805.1|G0000122
split_0013	GCA_020201485.1|G0000126
split_0013	GCA_020725985.1|G0000128
split_0013	GCA_021325135.1|G0000134
split_0013	GCA_021325135.1|G0000135
split_0013	GCA_022865705.1|G0000139
split_0013	GCA_023008585.1|G0000140
split_0013	GCA_023008585.1|G0000141
split_0013	GCA_023008585.1|G0000142
split_0013	GCA_023008585.1|G0000143
split_0013	GCA_025041175.1|G0000148
split_0013	GCA_025517465.1|G0000149
split_0013	GCA_025517465.1|G0000150
split_0013	GCA_025517465.1|G0000151
split_0013	GCA_025517465.1|G0000152
split_0013	GCA_028679985.1|G0000155
split_0013	GCA_029775965.1|G0000159
split_0013	GCA_029907465.1|G0000161
split_0013	GCA_030587475.2|G0000166
split_0013	GCA_030601715.1|G0000168
split_0013	GCA_030837285.1|G0000182
split_0013	GCA_031852275.1|G0000183
split_0013	GCA_031852275.1|G0000184
split_0013	GCA_035292305.1|G0000195
split_0013	GCA_035540375.1|G0000198
split_0013	GCA_035540375.1|G0000199
split_0013	GCA_035541015.1|G0000201
split_0013	GCA_037442405.1|G0000206
split_0013	GCA_038852745.1|G0000209
split_0013	GCA_038852745.1|G0000210
split_0013	GCA_038868495.1|G0000211
split_0013	GCA_038883055.1|G0000212
split_0013	GCA_041305945.1|G0000215
split_0013	GCA_041661025.1|G0000218
split_0013	GCA_041862235.1|G0000219
split_0013	GCA_048939465.1|G0000221
split_0013	GCA_048939465.1|G0000222
split_0013	GCA_054386615.1|G0000223
split_0013	GCA_905202485.1|G0000226
split_0013	GCA_973788585.1|G0000228
split_0013	GCF_000025325.1|G0000236
split_0013	GCF_000025325.1|G0000237
split_0013	GCF_000025325.1|G0000238
split_0013	GCF_000025325.1|G0000239
split_0013	GCF_000306765.2|G0000242
split_0013	GCF_000306765.2|G0000243
split_0013	GCF_000306765.2|G0000244
split_0013	GCF_000308215.1|G0000245
split_0013	GCF_000334895.1|G0000248
split_0013	GCF_000334895.1|G0000249
split_0013	GCF_000403645.1|G0000250
split_0013	GCF_003369835.1|G0000252
split_0013	GCF_003369835.1|G0000253
split_0013	GCF_003369835.1|G0000254
split_0013	GCF_003369835.1|G0000255
split_0013	GCF_014647115.1|G0000257
split_0013	GCF_014647115.1|G0000258
split_0013	GCF_014647475.1|G0000259
split_0013	GCF_017094485.1|G0000260
split_0013	GCF_021083305.1|G0000262
split_0013	GCF_021083305.1|G0000263
split_0013	GCF_024227995.1|G0000265
split_0013	GCF_024227995.1|G0000266
split_0013	GCF_029338295.1|G0000267
split_0013	GCF_029338295.1|G0000268
split_0013	GCF_029338295.1|G0000269
split_0013	GCF_029338295.1|G0000270
split_0013	GCF_030287405.1|G0000271
split_0013	GCF_030287405.1|G0000272
split_0013	GCF_030287405.1|G0000273
split_0013	GCF_036429475.1|G0000274
split_0013	GCF_036429475.1|G0000275
split_0013	GCF_036429475.1|G0000276
split_0013	GCF_036429475.1|G0000277
split_0013	GOMC.bin.11431|G0000282
split_0013	GOMC.bin.12150|G0000283
split_0013	GOMC.bin.9202|G0000291
split_0013	GOMC.bin.9202|G0000292
split_0014	ERR4283445_bin.66|G0000002
split_0014	ERR4283445_bin.66|G0000003
split_0014	GCA_000380705.1|G0000011
split_0014	GCA_001273385.1|G0000012
split_0014	GCA_001564275.1|G0000015
split_0014	GCA_001564275.1|G0000016
split_0014	GCA_001768965.1|G0000020
split_0014	GCA_002067315.1|G0000029
split_0014	GCA_002503135.1|G0000039
split_0014	GCA_002508545.1|G0000043
split_0014	GCA_002844335.1|G0000045
split_0014	GCA_002844335.1|G0000046
split_0014	GCA_002844335.1|G0000047
split_0014	GCA_003009755.1|G0000048
split_0014	GCA_003019595.1|G0000049
split_0014	GCA_003133625.1|G0000053
split_0014	GCA_003561665.1|G0000064
split_0014	GCA_003561665.1|G0000065
split_0014	GCA_003661265.1|G0000070
split_0014	GCA_005884195.1|G0000073
split_0014	GCA_005888675.1|G0000074
split_0014	GCA_005888675.1|G0000075
split_0014	GCA_005954745.1|G0000076
split_0014	GCA_005954745.1|G0000077
split_0014	GCA_005954745.1|G0000078
split_0014	GCA_007118075.1|G0000079
split_0014	GCA_007118975.1|G0000081
split_0014	GCA_007122875.1|G0000082
split_0014	GCA_007122875.1|G0000083
split_0014	GCA_011048835.1|G0000087
split_0014	GCA_013538675.1|G0000091
split_0014	GCA_013538715.1|G0000092
split_0014	GCA_016180755.1|G0000101
split_0014	GCA_016198125.1|G0000102
split_0014	GCA_016932935.1|G0000110
split_0014	GCA_017601265.1|G0000112
split_0014	GCA_017601265.1|G0000113
split_0014	GCA_017601265.1|G0000114
split_0014	GCA_018396695.1|G0000117
split_0014	GCA_019347805.1|G0000122
split_0014	GCA_020201485.1|G0000126
split_0014	GCA_020725985.1|G0000128
split_0014	GCA_021325135.1|G0000134
split_0014	GCA_021325135.1|G0000135
split_0014	GCA_022865705.1|G0000139
split_0014	GCA_023008585.1|G0000140
split_0014	GCA_023008585.1|G0000141
split_0014	GCA_023008585.1|G0000142
split_0014	GCA_023008585.1|G0000143
split_0014	GCA_025041175.1|G0000148
split_0014	GCA_025517465.1|G0000150
split_0014	GCA_025517465.1|G0000151
split_0014	GCA_025517465.1|G0000152
split_0014	GCA_028679985.1|G0000155
split_0014	GCA_029775965.1|G0000159
split_0014	GCA_029907465.1|G0000161
split_0014	GCA_030587475.2|G0000166
split_0014	GCA_030601715.1|G0000168
split_0014	GCA_030837285.1|G0000182
split_0014	GCA_031852275.1|G0000183
split_0014	GCA_031852275.1|G0000184
split_0014	GCA_035292305.1|G0000195
split_0014	GCA_035540375.1|G0000198
split_0014	GCA_035540375.1|G0000199
split_0014	GCA_035541015.1|G0000201
split_0014	GCA_037442405.1|G0000206
split_0014	GCA_038852745.1|G0000209
split_0014	GCA_038852745.1|G0000210
split_0014	GCA_038868495.1|G0000211
split_0014	GCA_038883055.1|G0000212
split_0014	GCA_041305945.1|G0000215
split_0014	GCA_041661025.1|G0000218
split_0014	GCA_041862235.1|G0000219
split_0014	GCA_048939465.1|G0000221
split_0014	GCA_048939465.1|G0000222
split_0014	GCA_054386615.1|G0000223
split_0014	GCA_905202485.1|G0000226
split_0014	GCA_973788585.1|G0000228
split_0014	GCF_000025325.1|G0000236
split_0014	GCF_000025325.1|G0000237
split_0014	GCF_000025325.1|G0000238
split_0014	GCF_000025325.1|G0000239
split_0014	GCF_000306765.2|G0000242
split_0014	GCF_000306765.2|G0000243
split_0014	GCF_000306765.2|G0000244
split_0014	GCF_000308215.1|G0000245
split_0014	GCF_000334895.1|G0000248
split_0014	GCF_000334895.1|G0000249
split_0014	GCF_000403645.1|G0000250
split_0014	GCF_003369835.1|G0000252
split_0014	GCF_003369835.1|G0000253
split_0014	GCF_003369835.1|G0000254
split_0014	GCF_003369835.1|G0000255
split_0014	GCF_014647115.1|G0000257
split_0014	GCF_014647115.1|G0000258
split_0014	GCF_014647475.1|G0000259
split_0014	GCF_017094485.1|G0000260
split_0014	GCF_021083305.1|G0000262
split_0014	GCF_021083305.1|G0000263
split_0014	GCF_024227995.1|G0000265
split_0014	GCF_024227995.1|G0000266
split_0014	GCF_029338295.1|G0000267
split_0014	GCF_029338295.1|G0000268
split_0014	GCF_029338295.1|G0000269
split_0014	GCF_029338295.1|G0000270
split_0014	GCF_030287405.1|G0000271
split_0014	GCF_030287405.1|G0000272
split_0014	GCF_030287405.1|G0000273
split_0014	GCF_036429475.1|G0000274
split_0014	GCF_036429475.1|G0000275
split_0014	GCF_036429475.1|G0000276
split_0014	GCF_036429475.1|G0000277
split_0014	GOMC.bin.11431|G0000282
split_0014	GOMC.bin.12150|G0000283
split_0014	GOMC.bin.9202|G0000291
split_0014	GOMC.bin.9202|G0000292
split_0015	ERR4283445_bin.66|G0000002
split_0015	ERR4283445_bin.66|G0000003
split_0015	GCA_000380705.1|G0000011
split_0015	GCA_001273385.1|G0000012
split_0015	GCA_001564275.1|G0000015
split_0015	GCA_001564275.1|G0000016
split_0015	GCA_001768965.1|G0000020
split_0015	GCA_002067315.1|G0000029
split_0015	GCA_002503135.1|G0000039
split_0015	GCA_002508545.1|G0000043
split_0015	GCA_002844335.1|G0000045
split_0015	GCA_002844335.1|G0000046
split_0015	GCA_002844335.1|G0000047
split_0015	GCA_003009755.1|G0000048
split_0015	GCA_003019595.1|G0000049
split_0015	GCA_003133625.1|G0000053
split_0015	GCA_003561665.1|G0000064
split_0015	GCA_003561665.1|G0000065
split_0015	GCA_003661265.1|G0000070
split_0015	GCA_005884195.1|G0000073
split_0015	GCA_005888675.1|G0000074
split_0015	GCA_005888675.1|G0000075
split_0015	GCA_005954745.1|G0000076
split_0015	GCA_005954745.1|G0000077
split_0015	GCA_005954745.1|G0000078
split_0015	GCA_007118075.1|G0000079
split_0015	GCA_007118975.1|G0000081
split_0015	GCA_007122875.1|G0000082
split_0015	GCA_007122875.1|G0000083
split_0015	GCA_011048835.1|G0000087
split_0015	GCA_013538675.1|G0000091
split_0015	GCA_013538715.1|G0000092
split_0015	GCA_016180755.1|G0000101
split_0015	GCA_016198125.1|G0000102
split_0015	GCA_016932935.1|G0000110
split_0015	GCA_017601265.1|G0000112
split_0015	GCA_017601265.1|G0000113
split_0015	GCA_017601265.1|G0000114
split_0015	GCA_018396695.1|G0000117
split_0015	GCA_019347805.1|G0000122
split_0015	GCA_020201485.1|G0000126
split_0015	GCA_020725985.1|G0000128
split_0015	GCA_021325135.1|G0000134
split_0015	GCA_021325135.1|G0000135
split_0015	GCA_022865705.1|G0000139
split_0015	GCA_023008585.1|G0000140
split_0015	GCA_023008585.1|G0000141
split_0015	GCA_023008585.1|G0000142
split_0015	GCA_023008585.1|G0000143
split_0015	GCA_025041175.1|G0000148
split_0015	GCA_025517465.1|G0000150
split_0015	GCA_025517465.1|G0000151
split_0015	GCA_025517465.1|G0000152
split_0015	GCA_028679985.1|G0000155
split_0015	GCA_029775965.1|G0000159
split_0015	GCA_029907465.1|G0000161
split_0015	GCA_030587475.2|G0000166
split_0015	GCA_030601715.1|G0000168
split_0015	GCA_030837285.1|G0000182
split_0015	GCA_031852275.1|G0000183
split_0015	GCA_031852275.1|G0000184
split_0015	GCA_035292305.1|G0000195
split_0015	GCA_035540375.1|G0000198
split_0015	GCA_035540375.1|G0000199
split_0015	GCA_035541015.1|G0000201
split_0015	GCA_037442405.1|G0000206
split_0015	GCA_038852745.1|G0000209
split_0015	GCA_038852745.1|G0000210
split_0015	GCA_038868495.1|G0000211
split_0015	GCA_038883055.1|G0000212
split_0015	GCA_041305945.1|G0000215
split_0015	GCA_041661025.1|G0000218
split_0015	GCA_041862235.1|G0000219
split_0015	GCA_048939465.1|G0000221
split_0015	GCA_048939465.1|G0000222
split_0015	GCA_054386615.1|G0000223
split_0015	GCA_905202485.1|G0000226
split_0015	GCA_973788585.1|G0000228
split_0015	GCF_000025325.1|G0000236
split_0015	GCF_000025325.1|G0000237
split_0015	GCF_000025325.1|G0000238
split_0015	GCF_000025325.1|G0000239
split_0015	GCF_000306765.2|G0000243
split_0015	GCF_000306765.2|G0000244
split_0015	GCF_000308215.1|G0000245
split_0015	GCF_000334895.1|G0000248
split_0015	GCF_000334895.1|G0000249
split_0015	GCF_000403645.1|G0000250
split_0015	GCF_003369835.1|G0000252
split_0015	GCF_003369835.1|G0000253
split_0015	GCF_003369835.1|G0000254
split_0015	GCF_003369835.1|G0000255
split_0015	GCF_014647115.1|G0000257
split_0015	GCF_014647115.1|G0000258
split_0015	GCF_014647475.1|G0000259
split_0015	GCF_017094485.1|G0000260
split_0015	GCF_021083305.1|G0000262
split_0015	GCF_021083305.1|G0000263
split_0015	GCF_024227995.1|G0000265
split_0015	GCF_024227995.1|G0000266
split_0015	GCF_029338295.1|G0000267
split_0015	GCF_029338295.1|G0000268
split_0015	GCF_029338295.1|G0000269
split_0015	GCF_029338295.1|G0000270
split_0015	GCF_030287405.1|G0000271
split_0015	GCF_030287405.1|G0000272
split_0015	GCF_030287405.1|G0000273
split_0015	GCF_036429475.1|G0000274
split_0015	GCF_036429475.1|G0000275
split_0015	GCF_036429475.1|G0000276
split_0015	GCF_036429475.1|G0000277
split_0015	GOMC.bin.11431|G0000282
split_0015	GOMC.bin.12150|G0000283
split_0015	GOMC.bin.9202|G0000292
split_0016	ERR4283445_bin.66|G0000002
split_0016	ERR4283445_bin.66|G0000003
split_0016	GCA_000380705.1|G0000011
split_0016	GCA_001273385.1|G0000012
split_0016	GCA_001564275.1|G0000015
split_0016	GCA_001564275.1|G0000016
split_0016	GCA_001768965.1|G0000020
split_0016	GCA_002067315.1|G0000029
split_0016	GCA_002503135.1|G0000039
split_0016	GCA_002508545.1|G0000043
split_0016	GCA_002844335.1|G0000045
split_0016	GCA_002844335.1|G0000046
split_0016	GCA_002844335.1|G0000047
split_0016	GCA_003009755.1|G0000048
split_0016	GCA_003019595.1|G0000049
split_0016	GCA_003133625.1|G0000053
split_0016	GCA_003561665.1|G0000064
split_0016	GCA_003561665.1|G0000065
split_0016	GCA_003661265.1|G0000070
split_0016	GCA_005884195.1|G0000073
split_0016	GCA_005888675.1|G0000074
split_0016	GCA_005888675.1|G0000075
split_0016	GCA_005954745.1|G0000076
split_0016	GCA_005954745.1|G0000077
split_0016	GCA_005954745.1|G0000078
split_0016	GCA_007118075.1|G0000079
split_0016	GCA_007118975.1|G0000081
split_0016	GCA_007122875.1|G0000082
split_0016	GCA_007122875.1|G0000083
split_0016	GCA_011048835.1|G0000087
split_0016	GCA_013538675.1|G0000091
split_0016	GCA_013538715.1|G0000092
split_0016	GCA_016180755.1|G0000101
split_0016	GCA_016198125.1|G0000102
split_0016	GCA_016932935.1|G0000110
split_0016	GCA_017601265.1|G0000112
split_0016	GCA_017601265.1|G0000113
split_0016	GCA_017601265.1|G0000114
split_0016	GCA_018396695.1|G0000117
split_0016	GCA_019347805.1|G0000122
split_0016	GCA_020201485.1|G0000126
split_0016	GCA_020725985.1|G0000128
split_0016	GCA_021325135.1|G0000134
split_0016	GCA_021325135.1|G0000135
split_0016	GCA_022865705.1|G0000139
split_0016	GCA_023008585.1|G0000140
split_0016	GCA_023008585.1|G0000141
split_0016	GCA_023008585.1|G0000142
split_0016	GCA_023008585.1|G0000143
split_0016	GCA_025041175.1|G0000148
split_0016	GCA_025517465.1|G0000150
split_0016	GCA_025517465.1|G0000152
split_0016	GCA_028679985.1|G0000155
split_0016	GCA_029775965.1|G0000159
split_0016	GCA_029907465.1|G0000161
split_0016	GCA_030587475.2|G0000166
split_0016	GCA_030601715.1|G0000168
split_0016	GCA_030837285.1|G0000182
split_0016	GCA_031852275.1|G0000183
split_0016	GCA_031852275.1|G0000184
split_0016	GCA_035292305.1|G0000195
split_0016	GCA_035540375.1|G0000198
split_0016	GCA_035540375.1|G0000199
split_0016	GCA_035541015.1|G0000201
split_0016	GCA_037442405.1|G0000206
split_0016	GCA_038852745.1|G0000209
split_0016	GCA_038852745.1|G0000210
split_0016	GCA_038868495.1|G0000211
split_0016	GCA_038883055.1|G0000212
split_0016	GCA_041305945.1|G0000215
split_0016	GCA_041661025.1|G0000218
split_0016	GCA_041862235.1|G0000219
split_0016	GCA_048939465.1|G0000221
split_0016	GCA_048939465.1|G0000222
split_0016	GCA_054386615.1|G0000223
split_0016	GCA_905202485.1|G0000226
split_0016	GCA_973788585.1|G0000228
split_0016	GCF_000025325.1|G0000236
split_0016	GCF_000025325.1|G0000237
split_0016	GCF_000025325.1|G0000238
split_0016	GCF_000025325.1|G0000239
split_0016	GCF_000306765.2|G0000243
split_0016	GCF_000306765.2|G0000244
split_0016	GCF_000308215.1|G0000245
split_0016	GCF_000334895.1|G0000248
split_0016	GCF_000334895.1|G0000249
split_0016	GCF_000403645.1|G0000250
split_0016	GCF_003369835.1|G0000252
split_0016	GCF_003369835.1|G0000253
split_0016	GCF_003369835.1|G0000254
split_0016	GCF_003369835.1|G0000255
split_0016	GCF_014647115.1|G0000257
split_0016	GCF_014647115.1|G0000258
split_0016	GCF_014647475.1|G0000259
split_0016	GCF_017094485.1|G0000260
split_0016	GCF_021083305.1|G0000262
split_0016	GCF_021083305.1|G0000263
split_0016	GCF_024227995.1|G0000265
split_0016	GCF_024227995.1|G0000266
split_0016	GCF_029338295.1|G0000267
split_0016	GCF_029338295.1|G0000268
split_0016	GCF_029338295.1|G0000269
split_0016	GCF_029338295.1|G0000270
split_0016	GCF_030287405.1|G0000271
split_0016	GCF_030287405.1|G0000272
split_0016	GCF_030287405.1|G0000273
split_0016	GCF_036429475.1|G0000274
split_0016	GCF_036429475.1|G0000275
split_0016	GCF_036429475.1|G0000276
split_0016	GCF_036429475.1|G0000277
split_0016	GOMC.bin.11431|G0000282
split_0016	GOMC.bin.12150|G0000283
split_0016	GOMC.bin.9202|G0000292
split_0017	ERR4283445_bin.66|G0000002
split_0017	ERR4283445_bin.66|G0000003
split_0017	GCA_000380705.1|G0000011
split_0017	GCA_001273385.1|G0000012
split_0017	GCA_001564275.1|G0000015
split_0017	GCA_001768965.1|G0000020
split_0017	GCA_002067315.1|G0000029
split_0017	GCA_002503135.1|G0000039
split_0017	GCA_002508545.1|G0000043
split_0017	GCA_002844335.1|G0000046
split_0017	GCA_002844335.1|G0000047
split_0017	GCA_003009755.1|G0000048
split_0017	GCA_003019595.1|G0000049
split_0017	GCA_003133625.1|G0000053
split_0017	GCA_003561665.1|G0000065
split_0017	GCA_003661265.1|G0000070
split_0017	GCA_005884195.1|G0000073
split_0017	GCA_005888675.1|G0000074
split_0017	GCA_005888675.1|G0000075
split_0017	GCA_005954745.1|G0000076
split_0017	GCA_005954745.1|G0000078
split_0017	GCA_007118075.1|G0000079
split_0017	GCA_007118975.1|G0000081
split_0017	GCA_007122875.1|G0000082
split_0017	GCA_007122875.1|G0000083
split_0017	GCA_011048835.1|G0000087
split_0017	GCA_013538675.1|G0000091
split_0017	GCA_013538715.1|G0000092
split_0017	GCA_016180755.1|G0000101
split_0017	GCA_016198125.1|G0000102
split_0017	GCA_016932935.1|G0000110
split_0017	GCA_017601265.1|G0000112
split_0017	GCA_017601265.1|G0000113
split_0017	GCA_017601265.1|G0000114
split_0017	GCA_018396695.1|G0000117
split_0017	GCA_019347805.1|G0000122
split_0017	GCA_020201485.1|G0000126
split_0017	GCA_020725985.1|G0000128
split_0017	GCA_021325135.1|G0000134
split_0017	GCA_021325135.1|G0000135
split_0017	GCA_022865705.1|G0000139
split_0017	GCA_023008585.1|G0000140
split_0017	GCA_023008585.1|G0000141
split_0017	GCA_023008585.1|G0000142
split_0017	GCA_025041175.1|G0000148
split_0017	GCA_025517465.1|G0000150
split_0017	GCA_025517465.1|G0000152
split_0017	GCA_028679985.1|G0000155
split_0017	GCA_029775965.1|G0000159
split_0017	GCA_029907465.1|G0000161
split_0017	GCA_030587475.2|G0000166
split_0017	GCA_030601715.1|G0000168
split_0017	GCA_030837285.1|G0000182
split_0017	GCA_031852275.1|G0000183
split_0017	GCA_035292305.1|G0000195
split_0017	GCA_035540375.1|G0000198
split_0017	GCA_035540375.1|G0000199
split_0017	GCA_035541015.1|G0000201
split_0017	GCA_037442405.1|G0000206
split_0017	GCA_038852745.1|G0000209
split_0017	GCA_038852745.1|G0000210
split_0017	GCA_038868495.1|G0000211
split_0017	GCA_038883055.1|G0000212
split_0017	GCA_041305945.1|G0000215
split_0017	GCA_041661025.1|G0000218
split_0017	GCA_041862235.1|G0000219
split_0017	GCA_048939465.1|G0000221
split_0017	GCA_048939465.1|G0000222
split_0017	GCA_054386615.1|G0000223
split_0017	GCA_905202485.1|G0000226
split_0017	GCA_973788585.1|G0000228
split_0017	GCF_000025325.1|G0000236
split_0017	GCF_000025325.1|G0000238
split_0017	GCF_000025325.1|G0000239
split_0017	GCF_000306765.2|G0000243
split_0017	GCF_000306765.2|G0000244
split_0017	GCF_000308215.1|G0000245
split_0017	GCF_000334895.1|G0000249
split_0017	GCF_000403645.1|G0000250
split_0017	GCF_003369835.1|G0000252
split_0017	GCF_003369835.1|G0000253
split_0017	GCF_003369835.1|G0000254
split_0017	GCF_014647115.1|G0000257
split_0017	GCF_014647115.1|G0000258
split_0017	GCF_014647475.1|G0000259
split_0017	GCF_017094485.1|G0000260
split_0017	GCF_021083305.1|G0000262
split_0017	GCF_021083305.1|G0000263
split_0017	GCF_024227995.1|G0000265
split_0017	GCF_024227995.1|G0000266
split_0017	GCF_029338295.1|G0000267
split_0017	GCF_029338295.1|G0000268
split_0017	GCF_029338295.1|G0000269
split_0017	GCF_030287405.1|G0000271
split_0017	GCF_030287405.1|G0000272
split_0017	GCF_030287405.1|G0000273
split_0017	GCF_036429475.1|G0000274
split_0017	GCF_036429475.1|G0000275
split_0017	GCF_036429475.1|G0000276
split_0017	GCF_036429475.1|G0000277
split_0017	GOMC.bin.12150|G0000283
split_0017	GOMC.bin.9202|G0000292
split_0018	ERR4283445_bin.66|G0000002
split_0018	ERR4283445_bin.66|G0000003
split_0018	GCA_000380705.1|G0000011
split_0018	GCA_001273385.1|G0000012
split_0018	GCA_001564275.1|G0000015
split_0018	GCA_001768965.1|G0000020
split_0018	GCA_002067315.1|G0000029
split_0018	GCA_002503135.1|G0000039
split_0018	GCA_002508545.1|G0000043
split_0018	GCA_002844335.1|G0000046
split_0018	GCA_002844335.1|G0000047
split_0018	GCA_003009755.1|G0000048
split_0018	GCA_003019595.1|G0000049
split_0018	GCA_003133625.1|G0000053
split_0018	GCA_003561665.1|G0000065
split_0018	GCA_003661265.1|G0000070
split_0018	GCA_005884195.1|G0000073
split_0018	GCA_005888675.1|G0000074
split_0018	GCA_005888675.1|G0000075
split_0018	GCA_005954745.1|G0000076
split_0018	GCA_005954745.1|G0000078
split_0018	GCA_007118075.1|G0000079
split_0018	GCA_007118975.1|G0000081
split_0018	GCA_007122875.1|G0000082
split_0018	GCA_007122875.1|G0000083
split_0018	GCA_013538675.1|G0000091
split_0018	GCA_013538715.1|G0000092
split_0018	GCA_016180755.1|G0000101
split_0018	GCA_016198125.1|G0000102
split_0018	GCA_016932935.1|G0000110
split_0018	GCA_017601265.1|G0000112
split_0018	GCA_017601265.1|G0000113
split_0018	GCA_017601265.1|G0000114
split_0018	GCA_018396695.1|G0000117
split_0018	GCA_019347805.1|G0000122
split_0018	GCA_020201485.1|G0000126
split_0018	GCA_020725985.1|G0000128
split_0018	GCA_021325135.1|G0000134
split_0018	GCA_021325135.1|G0000135
split_0018	GCA_022865705.1|G0000139
split_0018	GCA_023008585.1|G0000140
split_0018	GCA_023008585.1|G0000141
split_0018	GCA_023008585.1|G0000142
split_0018	GCA_025041175.1|G0000148
split_0018	GCA_025517465.1|G0000150
split_0018	GCA_025517465.1|G0000152
split_0018	GCA_028679985.1|G0000155
split_0018	GCA_029775965.1|G0000159
split_0018	GCA_029907465.1|G0000161
split_0018	GCA_030587475.2|G0000166
split_0018	GCA_030601715.1|G0000168
split_0018	GCA_030837285.1|G0000182
split_0018	GCA_031852275.1|G0000183
split_0018	GCA_035292305.1|G0000195
split_0018	GCA_035540375.1|G0000198
split_0018	GCA_035540375.1|G0000199
split_0018	GCA_035541015.1|G0000201
split_0018	GCA_037442405.1|G0000206
split_0018	GCA_038852745.1|G0000209
split_0018	GCA_038852745.1|G0000210
split_0018	GCA_038868495.1|G0000211
split_0018	GCA_038883055.1|G0000212
split_0018	GCA_041305945.1|G0000215
split_0018	GCA_041661025.1|G0000218
split_0018	GCA_041862235.1|G0000219
split_0018	GCA_048939465.1|G0000221
split_0018	GCA_048939465.1|G0000222
split_0018	GCA_054386615.1|G0000223
split_0018	GCA_905202485.1|G0000226
split_0018	GCA_973788585.1|G0000228
split_0018	GCF_000025325.1|G0000236
split_0018	GCF_000025325.1|G0000238
split_0018	GCF_000025325.1|G0000239
split_0018	GCF_000306765.2|G0000244
split_0018	GCF_000308215.1|G0000245
split_0018	GCF_000334895.1|G0000249
split_0018	GCF_000403645.1|G0000250
split_0018	GCF_003369835.1|G0000252
split_0018	GCF_003369835.1|G0000253
split_0018	GCF_003369835.1|G0000254
split_0018	GCF_014647115.1|G0000257
split_0018	GCF_014647115.1|G0000258
split_0018	GCF_014647475.1|G0000259
split_0018	GCF_017094485.1|G0000260
split_0018	GCF_021083305.1|G0000262
split_0018	GCF_021083305.1|G0000263
split_0018	GCF_024227995.1|G0000265
split_0018	GCF_024227995.1|G0000266
split_0018	GCF_029338295.1|G0000267
split_0018	GCF_029338295.1|G0000268
split_0018	GCF_029338295.1|G0000269
split_0018	GCF_030287405.1|G0000271
split_0018	GCF_030287405.1|G0000272
split_0018	GCF_030287405.1|G0000273
split_0018	GCF_036429475.1|G0000274
split_0018	GCF_036429475.1|G0000277
split_0018	GOMC.bin.12150|G0000283
split_0018	GOMC.bin.9202|G0000292
split_0019	ERR4283445_bin.66|G0000002
split_0019	ERR4283445_bin.66|G0000003
split_0019	GCA_000380705.1|G0000011
split_0019	GCA_001273385.1|G0000012
split_0019	GCA_001564275.1|G0000015
split_0019	GCA_001768965.1|G0000020
split_0019	GCA_002067315.1|G0000029
split_0019	GCA_002503135.1|G0000039
split_0019	GCA_002508545.1|G0000043
split_0019	GCA_002844335.1|G0000046
split_0019	GCA_002844335.1|G0000047
split_0019	GCA_003009755.1|G0000048
split_0019	GCA_003019595.1|G0000049
split_0019	GCA_003133625.1|G0000053
split_0019	GCA_003561665.1|G0000065
split_0019	GCA_003661265.1|G0000070
split_0019	GCA_005884195.1|G0000073
split_0019	GCA_005888675.1|G0000074
split_0019	GCA_005888675.1|G0000075
split_0019	GCA_005954745.1|G0000076
split_0019	GCA_005954745.1|G0000078
split_0019	GCA_007118075.1|G0000079
split_0019	GCA_007118975.1|G0000081
split_0019	GCA_007122875.1|G0000083
split_0019	GCA_013538675.1|G0000091
split_0019	GCA_013538715.1|G0000092
split_0019	GCA_016180755.1|G0000101
split_0019	GCA_016198125.1|G0000102
split_0019	GCA_016932935.1|G0000110
split_0019	GCA_017601265.1|G0000112
split_0019	GCA_017601265.1|G0000113
split_0019	GCA_017601265.1|G0000114
split_0019	GCA_018396695.1|G0000117
split_0019	GCA_019347805.1|G0000122
split_0019	GCA_020725985.1|G0000128
split_0019	GCA_021325135.1|G0000134
split_0019	GCA_021325135.1|G0000135
split_0019	GCA_022865705.1|G0000139
split_0019	GCA_023008585.1|G0000140
split_0019	GCA_023008585.1|G0000141
split_0019	GCA_023008585.1|G0000142
split_0019	GCA_025041175.1|G0000148
split_0019	GCA_025517465.1|G0000150
split_0019	GCA_025517465.1|G0000152
split_0019	GCA_028679985.1|G0000155
split_0019	GCA_029775965.1|G0000159
split_0019	GCA_029907465.1|G0000161
split_0019	GCA_030587475.2|G0000166
split_0019	GCA_030601715.1|G0000168
split_0019	GCA_030837285.1|G0000182
split_0019	GCA_031852275.1|G0000183
split_0019	GCA_035292305.1|G0000195
split_0019	GCA_035540375.1|G0000198
split_0019	GCA_035540375.1|G0000199
split_0019	GCA_035541015.1|G0000201
split_0019	GCA_037442405.1|G0000206
split_0019	GCA_038852745.1|G0000209
split_0019	GCA_038852745.1|G0000210
split_0019	GCA_038868495.1|G0000211
split_0019	GCA_038883055.1|G0000212
split_0019	GCA_041305945.1|G0000215
split_0019	GCA_041661025.1|G0000218
split_0019	GCA_041862235.1|G0000219
split_0019	GCA_048939465.1|G0000221
split_0019	GCA_048939465.1|G0000222
split_0019	GCA_054386615.1|G0000223
split_0019	GCA_905202485.1|G0000226
split_0019	GCA_973788585.1|G0000228
split_0019	GCF_000025325.1|G0000236
split_0019	GCF_000025325.1|G0000238
split_0019	GCF_000025325.1|G0000239
split_0019	GCF_000306765.2|G0000244
split_0019	GCF_000308215.1|G0000245
split_0019	GCF_000334895.1|G0000249
split_0019	GCF_000403645.1|G0000250
split_0019	GCF_003369835.1|G0000252
split_0019	GCF_003369835.1|G0000253
split_0019	GCF_003369835.1|G0000254
split_0019	GCF_014647115.1|G0000257
split_0019	GCF_014647115.1|G0000258
split_0019	GCF_014647475.1|G0000259
split_0019	GCF_017094485.1|G0000260
split_0019	GCF_021083305.1|G0000262
split_0019	GCF_021083305.1|G0000263
split_0019	GCF_024227995.1|G0000265
split_0019	GCF_024227995.1|G0000266
split_0019	GCF_029338295.1|G0000267
split_0019	GCF_029338295.1|G0000268
split_0019	GCF_029338295.1|G0000269
split_0019	GCF_030287405.1|G0000271
split_0019	GCF_030287405.1|G0000272
split_0019	GCF_030287405.1|G0000273
split_0019	GCF_036429475.1|G0000274
split_0019	GCF_036429475.1|G0000277
split_0019	GOMC.bin.12150|G0000283
split_0019	GOMC.bin.9202|G0000292
split_0020	ERR4283445_bin.66|G0000002
split_0020	GCA_000380705.1|G0000011
split_0020	GCA_001273385.1|G0000012
split_0020	GCA_001768965.1|G0000020
split_0020	GCA_002067315.1|G0000029
split_0020	GCA_002503135.1|G0000039
split_0020	GCA_002508545.1|G0000043
split_0020	GCA_002844335.1|G0000046
split_0020	GCA_002844335.1|G0000047
split_0020	GCA_003009755.1|G0000048
split_0020	GCA_003019595.1|G0000049
split_0020	GCA_003133625.1|G0000053
split_0020	GCA_003561665.1|G0000065
split_0020	GCA_003661265.1|G0000070
split_0020	GCA_005884195.1|G0000073
split_0020	GCA_005888675.1|G0000074
split_0020	GCA_005888675.1|G0000075
split_0020	GCA_005954745.1|G0000076
split_0020	GCA_007118075.1|G0000079
split_0020	GCA_007118975.1|G0000081
split_0020	GCA_013538675.1|G0000091
split_0020	GCA_013538715.1|G0000092
split_0020	GCA_016180755.1|G0000101
split_0020	GCA_016932935.1|G0000110
split_0020	GCA_017601265.1|G0000112
split_0020	GCA_017601265.1|G0000113
split_0020	GCA_017601265.1|G0000114
split_0020	GCA_018396695.1|G0000117
split_0020	GCA_019347805.1|G0000122
split_0020	GCA_020725985.1|G0000128
split_0020	GCA_021325135.1|G0000134
split_0020	GCA_021325135.1|G0000135
split_0020	GCA_022865705.1|G0000139
split_0020	GCA_023008585.1|G0000140
split_0020	GCA_025517465.1|G0000152
split_0020	GCA_028679985.1|G0000155
split_0020	GCA_029775965.1|G0000159
split_0020	GCA_029907465.1|G0000161
split_0020	GCA_030587475.2|G0000166
split_0020	GCA_030601715.1|G0000168
split_0020	GCA_030837285.1|G0000182
split_0020	GCA_035292305.1|G0000195
split_0020	GCA_035540375.1|G0000198
split_0020	GCA_035540375.1|G0000199
split_0020	GCA_035541015.1|G0000201
split_0020	GCA_037442405.1|G0000206
split_0020	GCA_038852745.1|G0000209
split_0020	GCA_038852745.1|G0000210
split_0020	GCA_038868495.1|G0000211
split_0020	GCA_038883055.1|G0000212
split_0020	GCA_041305945.1|G0000215
split_0020	GCA_041661025.1|G0000218
split_0020	GCA_041862235.1|G0000219
split_0020	GCA_048939465.1|G0000221
split_0020	GCA_048939465.1|G0000222
split_0020	GCA_054386615.1|G0000223
split_0020	GCA_905202485.1|G0000226
split_0020	GCA_973788585.1|G0000228
split_0020	GCF_000025325.1|G0000236
split_0020	GCF_000025325.1|G0000238
split_0020	GCF_000308215.1|G0000245
split_0020	GCF_003369835.1|G0000252
split_0020	GCF_003369835.1|G0000253
split_0020	GCF_014647115.1|G0000257
split_0020	GCF_014647115.1|G0000258
split_0020	GCF_014647475.1|G0000259
split_0020	GCF_021083305.1|G0000263
split_0020	GCF_024227995.1|G0000266
split_0020	GCF_029338295.1|G0000269
split_0020	GCF_030287405.1|G0000272
split_0020	GCF_030287405.1|G0000273
split_0020	GCF_036429475.1|G0000277
split_0020	GOMC.bin.12150|G0000283
split_0020	GOMC.bin.9202|G0000292
split_0021	ERR4283445_bin.66|G0000002
split_0021	GCA_000380705.1|G0000011
split_0021	GCA_001273385.1|G0000012
split_0021	GCA_001768965.1|G0000020
split_0021	GCA_002503135.1|G0000039
split_0021	GCA_002508545.1|G0000043
split_0021	GCA_002844335.1|G0000046
split_0021	GCA_002844335.1|G0000047
split_0021	GCA_003009755.1|G0000048
split_0021	GCA_003019595.1|G0000049
split_0021	GCA_003133625.1|G0000053
split_0021	GCA_003561665.1|G0000065
split_0021	GCA_003661265.1|G0000070
split_0021	GCA_005884195.1|G0000073
split_0021	GCA_005888675.1|G0000074
split_0021	GCA_005888675.1|G0000075
split_0021	GCA_005954745.1|G0000076
split_0021	GCA_007118075.1|G0000079
split_0021	GCA_007118975.1|G0000081
split_0021	GCA_013538675.1|G0000091
split_0021	GCA_013538715.1|G0000092
split_0021	GCA_016180755.1|G0000101
split_0021	GCA_016932935.1|G0000110
split_0021	GCA_017601265.1|G0000112
split_0021	GCA_017601265.1|G0000113
split_0021	GCA_017601265.1|G0000114
split_0021	GCA_018396695.1|G0000117
split_0021	GCA_019347805.1|G0000122
split_0021	GCA_020725985.1|G0000128
split_0021	GCA_021325135.1|G0000134
split_0021	GCA_021325135.1|G0000135
split_0021	GCA_022865705.1|G0000139
split_0021	GCA_023008585.1|G0000140
split_0021	GCA_025517465.1|G0000152
split_0021	GCA_028679985.1|G0000155
split_0021	GCA_029775965.1|G0000159
split_0021	GCA_029907465.1|G0000161
split_0021	GCA_030587475.2|G0000166
split_0021	GCA_030601715.1|G0000168
split_0021	GCA_030837285.1|G0000182
split_0021	GCA_035292305.1|G0000195
split_0021	GCA_035540375.1|G0000198
split_0021	GCA_035540375.1|G0000199
split_0021	GCA_035541015.1|G0000201
split_0021	GCA_037442405.1|G0000206
split_0021	GCA_038852745.1|G0000209
split_0021	GCA_038852745.1|G0000210
split_0021	GCA_038868495.1|G0000211
split_0021	GCA_038883055.1|G0000212
split_0021	GCA_041305945.1|G0000215
split_0021	GCA_041661025.1|G0000218
split_0021	GCA_041862235.1|G0000219
split_0021	GCA_048939465.1|G0000221
split_0021	GCA_048939465.1|G0000222
split_0021	GCA_054386615.1|G0000223
split_0021	GCA_905202485.1|G0000226
split_0021	GCA_973788585.1|G0000228
split_0021	GCF_000025325.1|G0000236
split_0021	GCF_000025325.1|G0000238
split_0021	GCF_000308215.1|G0000245
split_0021	GCF_003369835.1|G0000252
split_0021	GCF_003369835.1|G0000253
split_0021	GCF_014647115.1|G0000257
split_0021	GCF_014647115.1|G0000258
split_0021	GCF_014647475.1|G0000259
split_0021	GCF_021083305.1|G0000263
split_0021	GCF_024227995.1|G0000266
split_0021	GCF_029338295.1|G0000269
split_0021	GCF_030287405.1|G0000272
split_0021	GCF_030287405.1|G0000273
split_0021	GCF_036429475.1|G0000277
split_0021	GOMC.bin.12150|G0000283
split_0021	GOMC.bin.9202|G0000292
split_0022	ERR4283445_bin.66|G0000002
split_0022	GCA_002508545.1|G0000043
split_0022	GCA_007118075.1|G0000079
split_0022	GCA_020725985.1|G0000128
split_0022	GCA_028679985.1|G0000155
split_0022	GCA_029907465.1|G0000161
split_0022	GCA_035540375.1|G0000199
split_0022	GCA_041661025.1|G0000218
split_0022	GCA_905202485.1|G0000226
split_0022	GCF_000308215.1|G0000245
split_0022	GCF_003369835.1|G0000252
split_0022	GCF_014647475.1|G0000259
split_0023	ERR4283445_bin.66|G0000002
split_0023	GCA_002508545.1|G0000043
split_0023	GCA_007118075.1|G0000079
split_0023	GCA_020725985.1|G0000128
split_0023	GCA_028679985.1|G0000155
split_0023	GCA_029907465.1|G0000161
split_0023	GCA_035540375.1|G0000199
split_0023	GCA_041661025.1|G0000218
split_0023	GCA_905202485.1|G0000226
split_0023	GCF_000308215.1|G0000245
split_0023	GCF_014647475.1|G0000259
split_0024	ERR4283445_bin.66|G0000002
split_0024	GCA_002508545.1|G0000043
split_0024	GCA_007118075.1|G0000079
split_0024	GCA_020725985.1|G0000128
split_0024	GCA_028679985.1|G0000155
split_0024	GCA_029907465.1|G0000161
split_0024	GCA_035540375.1|G0000199
split_0024	GCA_041661025.1|G0000218
split_0024	GCA_905202485.1|G0000226
split_0024	GCF_000308215.1|G0000245
split_0025	ERR4283445_bin.66|G0000002
split_0025	GCA_002508545.1|G0000043
split_0025	GCA_020725985.1|G0000128
split_0025	GCA_028679985.1|G0000155
split_0025	GCA_029907465.1|G0000161
split_0025	GCA_905202485.1|G0000226
split_0025	GCF_000308215.1|G0000245
split_0026	ERR4283445_bin.66|G0000002
split_0026	GCA_002508545.1|G0000043
split_0026	GCA_029907465.1|G0000161
split_0026	GCA_905202485.1|G0000226
split_0026	GCF_000308215.1|G0000245
split_0027	ERR4283445_bin.66|G0000002
split_0027	GCA_002508545.1|G0000043
split_0027	GCA_905202485.1|G0000226
split_0027	GCF_000308215.1|G0000245
split_0028	ERR4283445_bin.66|G0000002
split_0028	GCA_002508545.1|G0000043
split_0028	GCF_000308215.1|G0000245
split_0029	ERR4283445_bin.66|G0000002
split_0029	GCA_002508545.1|G0000043
split_0030	GCA_020725985.1|G0000128
split_0030	GCA_028679985.1|G0000155
split_0031	GCA_007118075.1|G0000079
split_0031	GCA_035540375.1|G0000199
split_0031	GCA_041661025.1|G0000218
split_0032	GCA_007118075.1|G0000079
split_0032	GCA_041661025.1|G0000218
split_0033	GCA_000380705.1|G0000011
split_0033	GCA_001273385.1|G0000012
split_0033	GCA_001768965.1|G0000020
split_0033	GCA_002503135.1|G0000039
split_0033	GCA_002844335.1|G0000046
split_0033	GCA_002844335.1|G0000047
split_0033	GCA_003009755.1|G0000048
split_0033	GCA_003019595.1|G0000049
split_0033	GCA_003133625.1|G0000053
split_0033	GCA_003561665.1|G0000065
split_0033	GCA_003661265.1|G0000070
split_0033	GCA_005884195.1|G0000073
split_0033	GCA_005888675.1|G0000074
split_0033	GCA_005888675.1|G0000075
split_0033	GCA_005954745.1|G0000076
split_0033	GCA_007118975.1|G0000081
split_0033	GCA_013538675.1|G0000091
split_0033	GCA_013538715.1|G0000092
split_0033	GCA_016180755.1|G0000101
split_0033	GCA_016932935.1|G0000110
split_0033	GCA_017601265.1|G0000112
split_0033	GCA_017601265.1|G0000113
split_0033	GCA_017601265.1|G0000114
split_0033	GCA_018396695.1|G0000117
split_0033	GCA_019347805.1|G0000122
split_0033	GCA_021325135.1|G0000134
split_0033	GCA_021325135.1|G0000135
split_0033	GCA_022865705.1|G0000139
split_0033	GCA_023008585.1|G0000140
split_0033	GCA_025517465.1|G0000152
split_0033	GCA_029775965.1|G0000159
split_0033	GCA_030587475.2|G0000166
split_0033	GCA_030601715.1|G0000168
split_0033	GCA_030837285.1|G0000182
split_0033	GCA_035292305.1|G0000195
split_0033	GCA_035540375.1|G0000198
split_0033	GCA_035541015.1|G0000201
split_0033	GCA_037442405.1|G0000206
split_0033	GCA_038852745.1|G0000209
split_0033	GCA_038852745.1|G0000210
split_0033	GCA_038868495.1|G0000211
split_0033	GCA_038883055.1|G0000212
split_0033	GCA_041305945.1|G0000215
split_0033	GCA_041862235.1|G0000219
split_0033	GCA_048939465.1|G0000221
split_0033	GCA_048939465.1|G0000222
split_0033	GCA_054386615.1|G0000223
split_0033	GCA_973788585.1|G0000228
split_0033	GCF_000025325.1|G0000236
split_0033	GCF_000025325.1|G0000238
split_0033	GCF_003369835.1|G0000253
split_0033	GCF_014647115.1|G0000257
split_0033	GCF_014647115.1|G0000258
split_0033	GCF_021083305.1|G0000263
split_0033	GCF_024227995.1|G0000266
split_0033	GCF_029338295.1|G0000269
split_0033	GCF_030287405.1|G0000272
split_0033	GCF_030287405.1|G0000273
split_0033	GCF_036429475.1|G0000277
split_0033	GOMC.bin.12150|G0000283
split_0033	GOMC.bin.9202|G0000292
split_0034	GCA_000380705.1|G0000011
split_0034	GCA_001273385.1|G0000012
split_0034	GCA_001768965.1|G0000020
split_0034	GCA_002503135.1|G0000039
split_0034	GCA_002844335.1|G0000046
split_0034	GCA_002844335.1|G0000047
split_0034	GCA_003009755.1|G0000048
split_0034	GCA_003019595.1|G0000049
split_0034	GCA_003133625.1|G0000053
split_0034	GCA_003561665.1|G0000065
split_0034	GCA_003661265.1|G0000070
split_0034	GCA_005884195.1|G0000073
split_0034	GCA_005888675.1|G0000074
split_0034	GCA_005888675.1|G0000075
split_0034	GCA_005954745.1|G0000076
split_0034	GCA_007118975.1|G0000081
split_0034	GCA_013538675.1|G0000091
split_0034	GCA_013538715.1|G0000092
split_0034	GCA_016180755.1|G0000101
split_0034	GCA_016932935.1|G0000110
split_0034	GCA_017601265.1|G0000112
split_0034	GCA_017601265.1|G0000114
split_0034	GCA_018396695.1|G0000117
split_0034	GCA_019347805.1|G0000122
split_0034	GCA_021325135.1|G0000134
split_0034	GCA_021325135.1|G0000135
split_0034	GCA_022865705.1|G0000139
split_0034	GCA_023008585.1|G0000140
split_0034	GCA_025517465.1|G0000152
split_0034	GCA_029775965.1|G0000159
split_0034	GCA_030587475.2|G0000166
split_0034	GCA_030601715.1|G0000168
split_0034	GCA_030837285.1|G0000182
split_0034	GCA_035292305.1|G0000195
split_0034	GCA_035540375.1|G0000198
split_0034	GCA_035541015.1|G0000201
split_0034	GCA_037442405.1|G0000206
split_0034	GCA_038852745.1|G0000210
split_0034	GCA_038868495.1|G0000211
split_0034	GCA_038883055.1|G0000212
split_0034	GCA_041305945.1|G0000215
split_0034	GCA_041862235.1|G0000219
split_0034	GCA_048939465.1|G0000221
split_0034	GCA_048939465.1|G0000222
split_0034	GCA_054386615.1|G0000223
split_0034	GCA_973788585.1|G0000228
split_0034	GCF_000025325.1|G0000236
split_0034	GCF_000025325.1|G0000238
split_0034	GCF_003369835.1|G0000253
split_0034	GCF_014647115.1|G0000257
split_0034	GCF_014647115.1|G0000258
split_0034	GCF_021083305.1|G0000263
split_0034	GCF_024227995.1|G0000266
split_0034	GCF_029338295.1|G0000269
split_0034	GCF_030287405.1|G0000272
split_0034	GCF_030287405.1|G0000273
split_0034	GCF_036429475.1|G0000277
split_0034	GOMC.bin.12150|G0000283
split_0034	GOMC.bin.9202|G0000292
split_0035	GCA_000380705.1|G0000011
split_0035	GCA_001768965.1|G0000020
split_0035	GCA_002844335.1|G0000046
split_0035	GCA_002844335.1|G0000047
split_0035	GCA_003009755.1|G0000048
split_0035	GCA_003019595.1|G0000049
split_0035	GCA_003561665.1|G0000065
split_0035	GCA_003661265.1|G0000070
split_0035	GCA_005884195.1|G0000073
split_0035	GCA_005888675.1|G0000074
split_0035	GCA_005888675.1|G0000075
split_0035	GCA_007118975.1|G0000081
split_0035	GCA_013538675.1|G0000091
split_0035	GCA_013538715.1|G0000092
split_0035	GCA_016180755.1|G0000101
split_0035	GCA_017601265.1|G0000112
split_0035	GCA_017601265.1|G0000114
split_0035	GCA_018396695.1|G0000117
split_0035	GCA_019347805.1|G0000122
split_0035	GCA_021325135.1|G0000134
split_0035	GCA_021325135.1|G0000135
split_0035	GCA_022865705.1|G0000139
split_0035	GCA_025517465.1|G0000152
split_0035	GCA_029775965.1|G0000159
split_0035	GCA_030601715.1|G0000168
split_0035	GCA_030837285.1|G0000182
split_0035	GCA_035292305.1|G0000195
split_0035	GCA_035540375.1|G0000198
split_0035	GCA_035541015.1|G0000201
split_0035	GCA_037442405.1|G0000206
split_0035	GCA_038852745.1|G0000210
split_0035	GCA_038868495.1|G0000211
split_0035	GCA_038883055.1|G0000212
split_0035	GCA_041862235.1|G0000219
split_0035	GCA_048939465.1|G0000221
split_0035	GCA_048939465.1|G0000222
split_0035	GCA_973788585.1|G0000228
split_0035	GCF_000025325.1|G0000238
split_0035	GCF_003369835.1|G0000253
split_0035	GCF_014647115.1|G0000257
split_0035	GCF_014647115.1|G0000258
split_0035	GCF_030287405.1|G0000272
split_0035	GOMC.bin.9202|G0000292
split_0036	GCA_000380705.1|G0000011
split_0036	GCA_001768965.1|G0000020
split_0036	GCA_002844335.1|G0000047
split_0036	GCA_003009755.1|G0000048
split_0036	GCA_003019595.1|G0000049
split_0036	GCA_003561665.1|G0000065
split_0036	GCA_003661265.1|G0000070
split_0036	GCA_005884195.1|G0000073
split_0036	GCA_005888675.1|G0000074
split_0036	GCA_005888675.1|G0000075
split_0036	GCA_007118975.1|G0000081
split_0036	GCA_013538675.1|G0000091
split_0036	GCA_013538715.1|G0000092
split_0036	GCA_016180755.1|G0000101
split_0036	GCA_017601265.1|G0000112
split_0036	GCA_017601265.1|G0000114
split_0036	GCA_018396695.1|G0000117
split_0036	GCA_019347805.1|G0000122
split_0036	GCA_021325135.1|G0000134
split_0036	GCA_021325135.1|G0000135
split_0036	GCA_022865705.1|G0000139
split_0036	GCA_029775965.1|G0000159
split_0036	GCA_030601715.1|G0000168
split_0036	GCA_030837285.1|G0000182
split_0036	GCA_035292305.1|G0000195
split_0036	GCA_035541015.1|G0000201
split_0036	GCA_037442405.1|G0000206
split_0036	GCA_038852745.1|G0000210
split_0036	GCA_038868495.1|G0000211
split_0036	GCA_038883055.1|G0000212
split_0036	GCA_041862235.1|G0000219
split_0036	GCA_048939465.1|G0000221
split_0036	GCA_048939465.1|G0000222
split_0036	GCA_973788585.1|G0000228
split_0036	GOMC.bin.9202|G0000292
split_0037	GCA_000380705.1|G0000011
split_0037	GCA_001768965.1|G0000020
split_0037	GCA_003019595.1|G0000049
split_0037	GCA_003661265.1|G0000070
split_0037	GCA_005884195.1|G0000073
split_0037	GCA_005888675.1|G0000074
split_0037	GCA_005888675.1|G0000075
split_0037	GCA_013538675.1|G0000091
split_0037	GCA_013538715.1|G0000092
split_0037	GCA_017601265.1|G0000112
split_0037	GCA_017601265.1|G0000114
split_0037	GCA_018396695.1|G0000117
split_0037	GCA_022865705.1|G0000139
split_0037	GCA_029775965.1|G0000159
split_0037	GCA_030601715.1|G0000168
split_0037	GCA_030837285.1|G0000182
split_0037	GCA_037442405.1|G0000206
split_0037	GCA_038868495.1|G0000211
split_0037	GCA_038883055.1|G0000212
split_0037	GCA_041862235.1|G0000219
split_0037	GCA_973788585.1|G0000228
split_0037	GOMC.bin.9202|G0000292
split_0038	GCA_000380705.1|G0000011
split_0038	GCA_001768965.1|G0000020
split_0038	GCA_003661265.1|G0000070
split_0038	GCA_005884195.1|G0000073
split_0038	GCA_005888675.1|G0000074
split_0038	GCA_005888675.1|G0000075
split_0038	GCA_013538675.1|G0000091
split_0038	GCA_013538715.1|G0000092
split_0038	GCA_017601265.1|G0000112
split_0038	GCA_017601265.1|G0000114
split_0038	GCA_018396695.1|G0000117
split_0038	GCA_022865705.1|G0000139
split_0038	GCA_029775965.1|G0000159
split_0038	GCA_030601715.1|G0000168
split_0038	GCA_030837285.1|G0000182
split_0038	GCA_037442405.1|G0000206
split_0038	GCA_038868495.1|G0000211
split_0038	GCA_041862235.1|G0000219
split_0038	GCA_973788585.1|G0000228
split_0039	GCA_000380705.1|G0000011
split_0039	GCA_001768965.1|G0000020
split_0039	GCA_003661265.1|G0000070
split_0039	GCA_005884195.1|G0000073
split_0039	GCA_005888675.1|G0000074
split_0039	GCA_005888675.1|G0000075
split_0039	GCA_013538675.1|G0000091
split_0039	GCA_013538715.1|G0000092
split_0039	GCA_017601265.1|G0000112
split_0039	GCA_017601265.1|G0000114
split_0039	GCA_022865705.1|G0000139
split_0039	GCA_030601715.1|G0000168
split_0039	GCA_030837285.1|G0000182
split_0039	GCA_037442405.1|G0000206
split_0039	GCA_038868495.1|G0000211
split_0039	GCA_041862235.1|G0000219
split_0039	GCA_973788585.1|G0000228
split_0040	GCA_000380705.1|G0000011
split_0040	GCA_001768965.1|G0000020
split_0040	GCA_003661265.1|G0000070
split_0040	GCA_013538675.1|G0000091
split_0040	GCA_013538715.1|G0000092
split_0040	GCA_017601265.1|G0000112
split_0040	GCA_017601265.1|G0000114
split_0040	GCA_022865705.1|G0000139
split_0040	GCA_030601715.1|G0000168
split_0040	GCA_030837285.1|G0000182
split_0040	GCA_037442405.1|G0000206
split_0040	GCA_038868495.1|G0000211
split_0040	GCA_041862235.1|G0000219
split_0040	GCA_973788585.1|G0000228
split_0041	GCA_000380705.1|G0000011
split_0041	GCA_001768965.1|G0000020
split_0041	GCA_003661265.1|G0000070
split_0041	GCA_013538675.1|G0000091
split_0041	GCA_013538715.1|G0000092
split_0041	GCA_017601265.1|G0000114
split_0041	GCA_022865705.1|G0000139
split_0041	GCA_037442405.1|G0000206
split_0041	GCA_038868495.1|G0000211
split_0041	GCA_973788585.1|G0000228
split_0042	GCA_000380705.1|G0000011
split_0042	GCA_001768965.1|G0000020
split_0042	GCA_003661265.1|G0000070
split_0042	GCA_013538675.1|G0000091
split_0042	GCA_013538715.1|G0000092
split_0042	GCA_017601265.1|G0000114
split_0042	GCA_037442405.1|G0000206
split_0042	GCA_038868495.1|G0000211
split_0042	GCA_973788585.1|G0000228
split_0043	GCA_000380705.1|G0000011
split_0043	GCA_003661265.1|G0000070
split_0043	GCA_013538675.1|G0000091
split_0043	GCA_013538715.1|G0000092
split_0043	GCA_017601265.1|G0000114
split_0043	GCA_037442405.1|G0000206
split_0043	GCA_038868495.1|G0000211
split_0043	GCA_973788585.1|G0000228
split_0044	GCA_000380705.1|G0000011
split_0044	GCA_003661265.1|G0000070
split_0045	GCA_013538675.1|G0000091
split_0045	GCA_013538715.1|G0000092
split_0045	GCA_017601265.1|G0000114
split_0045	GCA_037442405.1|G0000206
split_0045	GCA_038868495.1|G0000211
split_0045	GCA_973788585.1|G0000228
split_0046	GCA_013538675.1|G0000091
split_0046	GCA_013538715.1|G0000092
split_0046	GCA_017601265.1|G0000114
split_0046	GCA_038868495.1|G0000211
split_0046	GCA_973788585.1|G0000228
split_0047	GCA_013538675.1|G0000091
split_0047	GCA_017601265.1|G0000114
split_0047	GCA_038868495.1|G0000211
split_0047	GCA_973788585.1|G0000228
split_0048	GCA_017601265.1|G0000114
split_0048	GCA_038868495.1|G0000211
split_0048	GCA_973788585.1|G0000228
split_0049	GCA_017601265.1|G0000114
split_0049	GCA_038868495.1|G0000211
split_0050	GCA_017601265.1|G0000112
split_0050	GCA_030601715.1|G0000168
split_0050	GCA_030837285.1|G0000182
split_0050	GCA_041862235.1|G0000219
split_0051	GCA_017601265.1|G0000112
split_0051	GCA_030601715.1|G0000168
split_0051	GCA_041862235.1|G0000219
split_0052	GCA_017601265.1|G0000112
split_0052	GCA_030601715.1|G0000168
split_0053	GCA_005884195.1|G0000073
split_0053	GCA_005888675.1|G0000074
split_0053	GCA_005888675.1|G0000075
split_0054	GCA_005888675.1|G0000074
split_0054	GCA_005888675.1|G0000075
split_0055	GCA_018396695.1|G0000117
split_0055	GCA_029775965.1|G0000159
split_0056	GCA_003019595.1|G0000049
split_0056	GCA_038883055.1|G0000212
split_0056	GOMC.bin.9202|G0000292
split_0057	GCA_003019595.1|G0000049
split_0057	GCA_038883055.1|G0000212
split_0058	GCA_002844335.1|G0000047
split_0058	GCA_003009755.1|G0000048
split_0058	GCA_003561665.1|G0000065
split_0058	GCA_007118975.1|G0000081
split_0058	GCA_016180755.1|G0000101
split_0058	GCA_019347805.1|G0000122
split_0058	GCA_021325135.1|G0000134
split_0058	GCA_021325135.1|G0000135
split_0058	GCA_035292305.1|G0000195
split_0058	GCA_035541015.1|G0000201
split_0058	GCA_038852745.1|G0000210
split_0058	GCA_048939465.1|G0000221
split_0058	GCA_048939465.1|G0000222
split_0059	GCA_002844335.1|G0000047
split_0059	GCA_007118975.1|G0000081
split_0060	GCA_003009755.1|G0000048
split_0060	GCA_003561665.1|G0000065
split_0060	GCA_016180755.1|G0000101
split_0060	GCA_019347805.1|G0000122
split_0060	GCA_021325135.1|G0000134
split_0060	GCA_021325135.1|G0000135
split_0060	GCA_035292305.1|G0000195
split_0060	GCA_035541015.1|G0000201
split_0060	GCA_038852745.1|G0000210
split_0060	GCA_048939465.1|G0000221
split_0060	GCA_048939465.1|G0000222
split_0061	GCA_003009755.1|G0000048
split_0061	GCA_003561665.1|G0000065
split_0061	GCA_016180755.1|G0000101
split_0061	GCA_019347805.1|G0000122
split_0061	GCA_021325135.1|G0000134
split_0061	GCA_035292305.1|G0000195
split_0061	GCA_038852745.1|G0000210
split_0061	GCA_048939465.1|G0000221
split_0061	GCA_048939465.1|G0000222
split_0062	GCA_003009755.1|G0000048
split_0062	GCA_003561665.1|G0000065
split_0062	GCA_016180755.1|G0000101
split_0062	GCA_019347805.1|G0000122
split_0062	GCA_048939465.1|G0000221
split_0062	GCA_048939465.1|G0000222
split_0063	GCA_003009755.1|G0000048
split_0063	GCA_003561665.1|G0000065
split_0063	GCA_016180755.1|G0000101
split_0063	GCA_019347805.1|G0000122
split_0064	GCA_003009755.1|G0000048
split_0064	GCA_016180755.1|G0000101
split_0064	GCA_019347805.1|G0000122
split_0065	GCA_003009755.1|G0000048
split_0065	GCA_019347805.1|G0000122
split_0066	GCA_048939465.1|G0000221
split_0066	GCA_048939465.1|G0000222
split_0067	GCA_021325135.1|G0000134
split_0067	GCA_035292305.1|G0000195
split_0067	GCA_038852745.1|G0000210
split_0068	GCA_021325135.1|G0000134
split_0068	GCA_035292305.1|G0000195
split_0069	GCA_021325135.1|G0000135
split_0069	GCA_035541015.1|G0000201
split_0070	GCA_002844335.1|G0000046
split_0070	GCA_025517465.1|G0000152
split_0070	GCA_035540375.1|G0000198
split_0070	GCF_000025325.1|G0000238
split_0070	GCF_003369835.1|G0000253
split_0070	GCF_014647115.1|G0000257
split_0070	GCF_014647115.1|G0000258
split_0070	GCF_030287405.1|G0000272
split_0071	GCA_002844335.1|G0000046
split_0071	GCA_025517465.1|G0000152
split_0071	GCA_035540375.1|G0000198
split_0071	GCF_000025325.1|G0000238
split_0071	GCF_014647115.1|G0000257
split_0071	GCF_014647115.1|G0000258
split_0071	GCF_030287405.1|G0000272
split_0072	GCA_002844335.1|G0000046
split_0072	GCF_030287405.1|G0000272
split_0073	GCA_025517465.1|G0000152
split_0073	GCA_035540375.1|G0000198
split_0073	GCF_000025325.1|G0000238
split_0073	GCF_014647115.1|G0000257
split_0073	GCF_014647115.1|G0000258
split_0074	GCA_025517465.1|G0000152
split_0074	GCF_000025325.1|G0000238
split_0074	GCF_014647115.1|G0000258
split_0075	GCA_025517465.1|G0000152
split_0075	GCF_014647115.1|G0000258
split_0076	GCA_035540375.1|G0000198
split_0076	GCF_014647115.1|G0000257
split_0077	GCA_001273385.1|G0000012
split_0077	GCA_002503135.1|G0000039
split_0077	GCA_003133625.1|G0000053
split_0077	GCA_005954745.1|G0000076
split_0077	GCA_016932935.1|G0000110
split_0077	GCA_023008585.1|G0000140
split_0077	GCA_030587475.2|G0000166
split_0077	GCA_041305945.1|G0000215
split_0077	GCA_054386615.1|G0000223
split_0077	GCF_000025325.1|G0000236
split_0077	GCF_021083305.1|G0000263
split_0077	GCF_024227995.1|G0000266
split_0077	GCF_029338295.1|G0000269
split_0077	GCF_030287405.1|G0000273
split_0077	GCF_036429475.1|G0000277
split_0077	GOMC.bin.12150|G0000283
split_0078	GCA_001273385.1|G0000012
split_0078	GCA_003133625.1|G0000053
split_0079	GCA_002503135.1|G0000039
split_0079	GCA_005954745.1|G0000076
split_0079	GCA_016932935.1|G0000110
split_0079	GCA_023008585.1|G0000140
split_0079	GCA_030587475.2|G0000166
split_0079	GCA_041305945.1|G0000215
split_0079	GCA_054386615.1|G0000223
split_0079	GCF_000025325.1|G0000236
split_0079	GCF_021083305.1|G0000263
split_0079	GCF_024227995.1|G0000266
split_0079	GCF_029338295.1|G0000269
split_0079	GCF_030287405.1|G0000273
split_0079	GCF_036429475.1|G0000277
split_0079	GOMC.bin.12150|G0000283
split_0080	GCA_002503135.1|G0000039
split_0080	GCA_016932935.1|G0000110
split_0080	GCA_030587475.2|G0000166
split_0080	GCA_041305945.1|G0000215
split_0080	GCA_054386615.1|G0000223
split_0080	GCF_029338295.1|G0000269
split_0080	GCF_030287405.1|G0000273
split_0080	GCF_036429475.1|G0000277
split_0080	GOMC.bin.12150|G0000283
split_0081	GCA_002503135.1|G0000039
split_0081	GCA_016932935.1|G0000110
split_0081	GCA_030587475.2|G0000166
split_0081	GCA_041305945.1|G0000215
split_0081	GCA_054386615.1|G0000223
split_0081	GCF_030287405.1|G0000273
split_0081	GCF_036429475.1|G0000277
split_0081	GOMC.bin.12150|G0000283
split_0082	GCA_002503135.1|G0000039
split_0082	GCF_030287405.1|G0000273
split_0082	GCF_036429475.1|G0000277
split_0082	GOMC.bin.12150|G0000283
split_0083	GCA_002503135.1|G0000039
split_0083	GOMC.bin.12150|G0000283
split_0084	GCF_030287405.1|G0000273
split_0084	GCF_036429475.1|G0000277
split_0085	GCA_016932935.1|G0000110
split_0085	GCA_030587475.2|G0000166
split_0085	GCA_041305945.1|G0000215
split_0085	GCA_054386615.1|G0000223
split_0086	GCA_016932935.1|G0000110
split_0086	GCA_030587475.2|G0000166
split_0087	GCA_041305945.1|G0000215
split_0087	GCA_054386615.1|G0000223
split_0088	GCA_005954745.1|G0000076
split_0088	GCA_023008585.1|G0000140
split_0088	GCF_000025325.1|G0000236
split_0088	GCF_021083305.1|G0000263
split_0088	GCF_024227995.1|G0000266
split_0089	GCA_005954745.1|G0000076
split_0089	GCA_023008585.1|G0000140
split_0089	GCF_000025325.1|G0000236
split_0090	GCA_005954745.1|G0000076
split_0090	GCA_023008585.1|G0000140
split_0091	GCF_021083305.1|G0000263
split_0091	GCF_024227995.1|G0000266
split_0092	GCA_017601265.1|G0000113
split_0092	GCA_038852745.1|G0000209
split_0093	ERR4283445_bin.66|G0000003
split_0093	GCA_001564275.1|G0000015
split_0093	GCA_005954745.1|G0000078
split_0093	GCA_007122875.1|G0000083
split_0093	GCA_016198125.1|G0000102
split_0093	GCA_023008585.1|G0000141
split_0093	GCA_023008585.1|G0000142
split_0093	GCA_025041175.1|G0000148
split_0093	GCA_025517465.1|G0000150
split_0093	GCA_031852275.1|G0000183
split_0093	GCF_000025325.1|G0000239
split_0093	GCF_000306765.2|G0000244
split_0093	GCF_000334895.1|G0000249
split_0093	GCF_000403645.1|G0000250
split_0093	GCF_003369835.1|G0000254
split_0093	GCF_017094485.1|G0000260
split_0093	GCF_021083305.1|G0000262
split_0093	GCF_024227995.1|G0000265
split_0093	GCF_029338295.1|G0000267
split_0093	GCF_029338295.1|G0000268
split_0093	GCF_030287405.1|G0000271
split_0093	GCF_036429475.1|G0000274
split_0094	ERR4283445_bin.66|G0000003
split_0094	GCA_005954745.1|G0000078
split_0094	GCA_007122875.1|G0000083
split_0094	GCA_023008585.1|G0000141
split_0094	GCA_025041175.1|G0000148
split_0094	GCA_025517465.1|G0000150
split_0094	GCF_000306765.2|G0000244
split_0094	GCF_000334895.1|G0000249
split_0094	GCF_000403645.1|G0000250
split_0094	GCF_003369835.1|G0000254
split_0094	GCF_017094485.1|G0000260
split_0094	GCF_021083305.1|G0000262
split_0094	GCF_024227995.1|G0000265
split_0094	GCF_029338295.1|G0000268
split_0094	GCF_030287405.1|G0000271
split_0094	GCF_036429475.1|G0000274
split_0095	ERR4283445_bin.66|G0000003
split_0095	GCA_005954745.1|G0000078
split_0095	GCA_007122875.1|G0000083
split_0095	GCA_023008585.1|G0000141
split_0095	GCA_025041175.1|G0000148
split_0095	GCF_000306765.2|G0000244
split_0095	GCF_003369835.1|G0000254
split_0095	GCF_021083305.1|G0000262
split_0095	GCF_024227995.1|G0000265
split_0095	GCF_029338295.1|G0000268
split_0095	GCF_030287405.1|G0000271
split_0095	GCF_036429475.1|G0000274
split_0096	ERR4283445_bin.66|G0000003
split_0096	GCA_007122875.1|G0000083
split_0096	GCA_023008585.1|G0000141
split_0096	GCA_025041175.1|G0000148
split_0096	GCF_000306765.2|G0000244
split_0096	GCF_003369835.1|G0000254
split_0096	GCF_021083305.1|G0000262
split_0096	GCF_024227995.1|G0000265
split_0096	GCF_029338295.1|G0000268
split_0096	GCF_030287405.1|G0000271
split_0096	GCF_036429475.1|G0000274
split_0097	ERR4283445_bin.66|G0000003
split_0097	GCA_025041175.1|G0000148
split_0097	GCF_000306765.2|G0000244
split_0097	GCF_029338295.1|G0000268
split_0097	GCF_030287405.1|G0000271
split_0097	GCF_036429475.1|G0000274
split_0098	ERR4283445_bin.66|G0000003
split_0098	GCA_025041175.1|G0000148
split_0098	GCF_030287405.1|G0000271
split_0098	GCF_036429475.1|G0000274
split_0099	ERR4283445_bin.66|G0000003
split_0099	GCF_030287405.1|G0000271
split_0099	GCF_036429475.1|G0000274
split_0100	ERR4283445_bin.66|G0000003
split_0100	GCF_036429475.1|G0000274
split_0101	GCF_000306765.2|G0000244
split_0101	GCF_029338295.1|G0000268
split_0102	GCA_007122875.1|G0000083
split_0102	GCA_023008585.1|G0000141
split_0102	GCF_003369835.1|G0000254
split_0102	GCF_021083305.1|G0000262
split_0102	GCF_024227995.1|G0000265
split_0103	GCA_007122875.1|G0000083
split_0103	GCF_003369835.1|G0000254
split_0103	GCF_021083305.1|G0000262
split_0103	GCF_024227995.1|G0000265
split_0104	GCF_003369835.1|G0000254
split_0104	GCF_021083305.1|G0000262
split_0104	GCF_024227995.1|G0000265
split_0105	GCF_003369835.1|G0000254
split_0105	GCF_021083305.1|G0000262
split_0106	GCA_025517465.1|G0000150
split_0106	GCF_000334895.1|G0000249
split_0106	GCF_000403645.1|G0000250
split_0106	GCF_017094485.1|G0000260
split_0107	GCA_025517465.1|G0000150
split_0107	GCF_000403645.1|G0000250
split_0108	GCF_000334895.1|G0000249
split_0108	GCF_017094485.1|G0000260
split_0109	GCA_001564275.1|G0000015
split_0109	GCA_016198125.1|G0000102
split_0109	GCA_023008585.1|G0000142
split_0109	GCA_031852275.1|G0000183
split_0109	GCF_000025325.1|G0000239
split_0109	GCF_029338295.1|G0000267
split_0110	GCA_001564275.1|G0000015
split_0110	GCA_023008585.1|G0000142
split_0110	GCA_031852275.1|G0000183
split_0110	GCF_000025325.1|G0000239
split_0111	GCA_023008585.1|G0000142
split_0111	GCA_031852275.1|G0000183
split_0111	GCF_000025325.1|G0000239
split_0112	GCA_031852275.1|G0000183
split_0112	GCF_000025325.1|G0000239
split_0113	GCA_016198125.1|G0000102
split_0113	GCF_029338295.1|G0000267
split_0114	GCA_007122875.1|G0000082
split_0114	GCA_020201485.1|G0000126
split_0115	GCA_011048835.1|G0000087
split_0115	GCF_000306765.2|G0000243
split_0115	GCF_036429475.1|G0000275
split_0115	GCF_036429475.1|G0000276
split_0116	GCA_011048835.1|G0000087
split_0116	GCF_000306765.2|G0000243
split_0116	GCF_036429475.1|G0000276
split_0117	GCF_000306765.2|G0000243
split_0117	GCF_036429475.1|G0000276
split_0118	GCA_001564275.1|G0000016
split_0118	GCA_002844335.1|G0000045
split_0118	GCA_003561665.1|G0000064
split_0118	GCA_005954745.1|G0000077
split_0118	GCA_023008585.1|G0000143
split_0118	GCA_031852275.1|G0000184
split_0118	GCF_000025325.1|G0000237
split_0118	GCF_000334895.1|G0000248
split_0118	GCF_003369835.1|G0000255
split_0118	GCF_029338295.1|G0000270
split_0118	GOMC.bin.11431|G0000282
split_0119	GCA_001564275.1|G0000016
split_0119	GCA_003561665.1|G0000064
split_0119	GCA_005954745.1|G0000077
split_0119	GCA_023008585.1|G0000143
split_0119	GCA_031852275.1|G0000184
split_0119	GCF_000025325.1|G0000237
split_0120	GCA_001564275.1|G0000016
split_0120	GCA_003561665.1|G0000064
split_0120	GCA_023008585.1|G0000143
split_0120	GCF_000025325.1|G0000237
split_0121	GCA_001564275.1|G0000016
split_0121	GCA_003561665.1|G0000064
split_0121	GCA_023008585.1|G0000143
split_0122	GCA_001564275.1|G0000016
split_0122	GCA_003561665.1|G0000064
split_0123	GCA_005954745.1|G0000077
split_0123	GCA_031852275.1|G0000184
split_0124	GCA_002844335.1|G0000045
split_0124	GCF_000334895.1|G0000248
split_0124	GCF_003369835.1|G0000255
split_0124	GCF_029338295.1|G0000270
split_0124	GOMC.bin.11431|G0000282
split_0125	GCA_002844335.1|G0000045
split_0125	GCF_000334895.1|G0000248
split_0125	GCF_003369835.1|G0000255
split_0125	GOMC.bin.11431|G0000282
split_0126	GCA_002844335.1|G0000045
split_0126	GCF_003369835.1|G0000255
split_0126	GOMC.bin.11431|G0000282
split_0127	GCF_003369835.1|G0000255
split_0127	GOMC.bin.11431|G0000282
split_0128	GCF_000306765.2|G0000242
split_0128	GOMC.bin.9202|G0000291
split_0129	GCA_000306725.1|G0000004
split_0129	GCA_001507955.1|G0000014
split_0129	GCA_001873845.1|G0000021
split_0129	GCA_003135935.1|G0000055
split_0129	GCA_007118975.1|G0000080
split_0129	GCA_015660915.1|G0000100
split_0129	GCA_018396865.1|G0000118
split_0129	GCA_037443105.1|G0000207
split_0129	GCA_041599855.1|G0000217
split_0129	GCF_000008645.1|G0000231
split_0129	GCF_000214415.1|G0000240
split_0129	GCF_000711905.1|G0000251
split_0129	GCF_946463545.1|G0000278
split_0129	GOMC.bin.7887|G0000286
split_0130	GCA_000306725.1|G0000004
split_0130	GCA_007118975.1|G0000080
split_0131	GCA_001507955.1|G0000014
split_0131	GCA_001873845.1|G0000021
split_0131	GCA_003135935.1|G0000055
split_0131	GCA_015660915.1|G0000100
split_0131	GCA_018396865.1|G0000118
split_0131	GCA_037443105.1|G0000207
split_0131	GCA_041599855.1|G0000217
split_0131	GCF_000008645.1|G0000231
split_0131	GCF_000214415.1|G0000240
split_0131	GCF_000711905.1|G0000251
split_0131	GCF_946463545.1|G0000278
split_0131	GOMC.bin.7887|G0000286
split_0132	GCA_001507955.1|G0000014
split_0132	GCA_015660915.1|G0000100
split_0132	GCA_018396865.1|G0000118
split_0132	GCA_037443105.1|G0000207
split_0132	GCA_041599855.1|G0000217
split_0132	GCF_000008645.1|G0000231
split_0132	GCF_000214415.1|G0000240
split_0132	GCF_000711905.1|G0000251
split_0132	GCF_946463545.1|G0000278
split_0132	GOMC.bin.7887|G0000286
split_0133	GCA_001507955.1|G0000014
split_0133	GCA_015660915.1|G0000100
split_0133	GCA_018396865.1|G0000118
split_0133	GCF_000008645.1|G0000231
split_0133	GCF_000214415.1|G0000240
split_0133	GCF_946463545.1|G0000278
split_0133	GOMC.bin.7887|G0000286
split_0134	GCA_001507955.1|G0000014
split_0134	GCA_015660915.1|G0000100
split_0134	GCA_018396865.1|G0000118
split_0134	GCF_000008645.1|G0000231
split_0135	GCA_001507955.1|G0000014
split_0135	GCA_015660915.1|G0000100
split_0135	GCF_000008645.1|G0000231
split_0136	GCA_001507955.1|G0000014
split_0136	GCF_000008645.1|G0000231
split_0137	GCF_000214415.1|G0000240
split_0137	GCF_946463545.1|G0000278
split_0137	GOMC.bin.7887|G0000286
split_0138	GCF_000214415.1|G0000240
split_0138	GCF_946463545.1|G0000278
split_0139	GCA_037443105.1|G0000207
split_0139	GCA_041599855.1|G0000217
split_0139	GCF_000711905.1|G0000251
split_0140	GCA_041599855.1|G0000217
split_0140	GCF_000711905.1|G0000251
split_0141	GCA_001873845.1|G0000021
split_0141	GCA_003135935.1|G0000055
split_0142	GCA_000306725.1|G0000007
split_0142	GCA_000309865.1|G0000009
split_0142	GCA_000380705.1|G0000010
split_0142	GCA_001273385.1|G0000013
split_0142	GCA_001595885.1|G0000017
split_0142	GCA_001766815.1|G0000019
split_0142	GCA_001940665.2|G0000022
split_0142	GCA_002010045.1|G0000024
split_0142	GCA_002254385.1|G0000032
split_0142	GCA_002501765.1|G0000038
split_0142	GCA_003144275.1|G0000056
split_0142	GCA_003194445.1|G0000060
split_0142	GCA_003551675.1|G0000061
split_0142	GCA_003560595.1|G0000062
split_0142	GCA_003561665.1|G0000063
split_0142	GCA_003649915.1|G0000066
split_0142	GCA_003661125.1|G0000067
split_0142	GCA_005223125.1|G0000072
split_0142	GCA_007129655.1|G0000084
split_0142	GCA_011046235.1|G0000085
split_0142	GCA_013791785.1|G0000093
split_0142	GCA_014859835.1|G0000094
split_0142	GCA_015520145.1|G0000095
split_0142	GCA_015520145.1|G0000096
split_0142	GCA_016212785.1|G0000103
split_0142	GCA_016214785.1|G0000104
split_0142	GCA_016841265.1|G0000105
split_0142	GCA_016841485.1|G0000108
split_0142	GCA_016928095.1|G0000109
split_0142	GCA_017885655.1|G0000116
split_0142	GCA_018814355.1|G0000119
split_0142	GCA_018830205.1|G0000120
split_0142	GCA_019429385.1|G0000124
split_0142	GCA_020029475.1|G0000125
split_0142	GCA_020696385.1|G0000127
split_0142	GCA_021108405.1|G0000131
split_0142	GCA_021108405.1|G0000132
split_0142	GCA_022848835.1|G0000136
split_0142	GCA_022848835.1|G0000137
split_0142	GCA_022848865.1|G0000138
split_0142	GCA_023140195.1|G0000144
split_0142	GCA_023145185.1|G0000145
split_0142	GCA_027030065.1|G0000153
split_0142	GCA_028279585.1|G0000154
split_0142	GCA_029762535.1|G0000158
split_0142	GCA_029858465.1|G0000160
split_0142	GCA_029932465.1|G0000164
split_0142	GCA_030594205.1|G0000167
split_0142	GCA_030605385.1|G0000170
split_0142	GCA_030605805.1|G0000175
split_0142	GCA_030606525.1|G0000176
split_0142	GCA_030672365.1|G0000181
split_0142	GCA_034190145.1|G0000185
split_0142	GCA_034190245.1|G0000187
split_0142	GCA_034190245.1|G0000188
split_0142	GCA_035529455.1|G0000196
split_0142	GCA_035529455.1|G0000197
split_0142	GCA_035540375.1|G0000200
split_0142	GCA_036444275.1|G0000202
split_0142	GCA_036446635.1|G0000203
split_0142	GCA_036475875.1|G0000204
split_0142	GCA_038046745.1|G0000208
split_0142	GCA_040753455.1|G0000213
split_0142	GCA_041599855.1|G0000216
split_0142	GCA_902384455.1|G0000224
split_0142	GOMC.bin.11076|G0000280
split_0142	GOMC.bin.11076|G0000281
split_0142	GOMC.bin.2868|G0000285
split_0142	GOMC.bin.7887|G0000287
split_0142	GOMC.bin.7887|G0000288
split_0142	GOMC.bin.874|G0000290
split_0143	GCA_000306725.1|G0000007
split_0143	GCA_000309865.1|G0000009
split_0143	GCA_000380705.1|G0000010
split_0143	GCA_001273385.1|G0000013
split_0143	GCA_001595885.1|G0000017
split_0143	GCA_001766815.1|G0000019
split_0143	GCA_001940665.2|G0000022
split_0143	GCA_002010045.1|G0000024
split_0143	GCA_002254385.1|G0000032
split_0143	GCA_002501765.1|G0000038
split_0143	GCA_003144275.1|G0000056
split_0143	GCA_003194445.1|G0000060
split_0143	GCA_003551675.1|G0000061
split_0143	GCA_003560595.1|G0000062
split_0143	GCA_003561665.1|G0000063
split_0143	GCA_003649915.1|G0000066
split_0143	GCA_003661125.1|G0000067
split_0143	GCA_007129655.1|G0000084
split_0143	GCA_011046235.1|G0000085
split_0143	GCA_013791785.1|G0000093
split_0143	GCA_014859835.1|G0000094
split_0143	GCA_015520145.1|G0000096
split_0143	GCA_016212785.1|G0000103
split_0143	GCA_016214785.1|G0000104
split_0143	GCA_016841265.1|G0000105
split_0143	GCA_016841485.1|G0000108
split_0143	GCA_016928095.1|G0000109
split_0143	GCA_017885655.1|G0000116
split_0143	GCA_018814355.1|G0000119
split_0143	GCA_018830205.1|G0000120
split_0143	GCA_019429385.1|G0000124
split_0143	GCA_020029475.1|G0000125
split_0143	GCA_020696385.1|G0000127
split_0143	GCA_021108405.1|G0000131
split_0143	GCA_021108405.1|G0000132
split_0143	GCA_022848835.1|G0000136
split_0143	GCA_022848835.1|G0000137
split_0143	GCA_022848865.1|G0000138
split_0143	GCA_023140195.1|G0000144
split_0143	GCA_023145185.1|G0000145
split_0143	GCA_027030065.1|G0000153
split_0143	GCA_028279585.1|G0000154
split_0143	GCA_029762535.1|G0000158
split_0143	GCA_029858465.1|G0000160
split_0143	GCA_029932465.1|G0000164
split_0143	GCA_030594205.1|G0000167
split_0143	GCA_030605385.1|G0000170
split_0143	GCA_030605805.1|G0000175
split_0143	GCA_030606525.1|G0000176
split_0143	GCA_030672365.1|G0000181
split_0143	GCA_034190145.1|G0000185
split_0143	GCA_034190245.1|G0000187
split_0143	GCA_034190245.1|G0000188
split_0143	GCA_035529455.1|G0000196
split_0143	GCA_035529455.1|G0000197
split_0143	GCA_035540375.1|G0000200
split_0143	GCA_036444275.1|G0000202
split_0143	GCA_036446635.1|G0000203
split_0143	GCA_036475875.1|G0000204
split_0143	GCA_038046745.1|G0000208
split_0143	GCA_040753455.1|G0000213
split_0143	GCA_041599855.1|G0000216
split_0143	GCA_902384455.1|G0000224
split_0143	GOMC.bin.11076|G0000280
split_0143	GOMC.bin.11076|G0000281
split_0143	GOMC.bin.2868|G0000285
split_0143	GOMC.bin.7887|G0000287
split_0143	GOMC.bin.7887|G0000288
split_0143	GOMC.bin.874|G0000290
split_0144	GCA_000306725.1|G0000007
split_0144	GCA_000309865.1|G0000009
split_0144	GCA_000380705.1|G0000010
split_0144	GCA_001273385.1|G0000013
split_0144	GCA_001595885.1|G0000017
split_0144	GCA_001766815.1|G0000019
split_0144	GCA_001940665.2|G0000022
split_0144	GCA_002010045.1|G0000024
split_0144	GCA_002254385.1|G0000032
split_0144	GCA_003144275.1|G0000056
split_0144	GCA_003194445.1|G0000060
split_0144	GCA_003551675.1|G0000061
split_0144	GCA_003560595.1|G0000062
split_0144	GCA_003561665.1|G0000063
split_0144	GCA_003649915.1|G0000066
split_0144	GCA_003661125.1|G0000067
split_0144	GCA_007129655.1|G0000084
split_0144	GCA_011046235.1|G0000085
split_0144	GCA_013791785.1|G0000093
split_0144	GCA_014859835.1|G0000094
split_0144	GCA_015520145.1|G0000096
split_0144	GCA_016212785.1|G0000103
split_0144	GCA_016214785.1|G0000104
split_0144	GCA_016841265.1|G0000105
split_0144	GCA_016841485.1|G0000108
split_0144	GCA_016928095.1|G0000109
split_0144	GCA_017885655.1|G0000116
split_0144	GCA_018814355.1|G0000119
split_0144	GCA_018830205.1|G0000120
split_0144	GCA_019429385.1|G0000124
split_0144	GCA_020029475.1|G0000125
split_0144	GCA_020696385.1|G0000127
split_0144	GCA_021108405.1|G0000131
split_0144	GCA_021108405.1|G0000132
split_0144	GCA_022848835.1|G0000136
split_0144	GCA_022848835.1|G0000137
split_0144	GCA_022848865.1|G0000138
split_0144	GCA_023140195.1|G0000144
split_0144	GCA_023145185.1|G0000145
split_0144	GCA_027030065.1|G0000153
split_0144	GCA_028279585.1|G0000154
split_0144	GCA_029762535.1|G0000158
split_0144	GCA_029858465.1|G0000160
split_0144	GCA_029932465.1|G0000164
split_0144	GCA_030594205.1|G0000167
split_0144	GCA_030605385.1|G0000170
split_0144	GCA_030605805.1|G0000175
split_0144	GCA_030606525.1|G0000176
split_0144	GCA_030672365.1|G0000181
split_0144	GCA_034190145.1|G0000185
split_0144	GCA_034190245.1|G0000187
split_0144	GCA_034190245.1|G0000188
split_0144	GCA_035529455.1|G0000196
split_0144	GCA_035529455.1|G0000197
split_0144	GCA_035540375.1|G0000200
split_0144	GCA_036444275.1|G0000202
split_0144	GCA_036446635.1|G0000203
split_0144	GCA_036475875.1|G0000204
split_0144	GCA_038046745.1|G0000208
split_0144	GCA_040753455.1|G0000213
split_0144	GCA_041599855.1|G0000216
split_0144	GCA_902384455.1|G0000224
split_0144	GOMC.bin.11076|G0000280
split_0144	GOMC.bin.11076|G0000281
split_0144	GOMC.bin.2868|G0000285
split_0144	GOMC.bin.7887|G0000287
split_0144	GOMC.bin.7887|G0000288
split_0144	GOMC.bin.874|G0000290
split_0145	GCA_000306725.1|G0000007
split_0145	GCA_000309865.1|G0000009
split_0145	GCA_000380705.1|G0000010
split_0145	GCA_001273385.1|G0000013
split_0145	GCA_001595885.1|G0000017
split_0145	GCA_001766815.1|G0000019
split_0145	GCA_001940665.2|G0000022
split_0145	GCA_002010045.1|G0000024
split_0145	GCA_003144275.1|G0000056
split_0145	GCA_003194445.1|G0000060
split_0145	GCA_003561665.1|G0000063
split_0145	GCA_003661125.1|G0000067
split_0145	GCA_013791785.1|G0000093
split_0145	GCA_015520145.1|G0000096
split_0145	GCA_016212785.1|G0000103
split_0145	GCA_016214785.1|G0000104
split_0145	GCA_016841265.1|G0000105
split_0145	GCA_016841485.1|G0000108
split_0145	GCA_017885655.1|G0000116
split_0145	GCA_018830205.1|G0000120
split_0145	GCA_019429385.1|G0000124
split_0145	GCA_020029475.1|G0000125
split_0145	GCA_020696385.1|G0000127
split_0145	GCA_021108405.1|G0000131
split_0145	GCA_021108405.1|G0000132
split_0145	GCA_022848835.1|G0000136
split_0145	GCA_022848835.1|G0000137
split_0145	GCA_022848865.1|G0000138
split_0145	GCA_023140195.1|G0000144
split_0145	GCA_027030065.1|G0000153
split_0145	GCA_030594205.1|G0000167
split_0145	GCA_030605385.1|G0000170
split_0145	GCA_030605805.1|G0000175
split_0145	GCA_030672365.1|G0000181
split_0145	GCA_034190145.1|G0000185
split_0145	GCA_034190245.1|G0000187
split_0145	GCA_034190245.1|G0000188
split_0145	GCA_035540375.1|G0000200
split_0145	GCA_036444275.1|G0000202
split_0145	GCA_036446635.1|G0000203
split_0145	GCA_036475875.1|G0000204
split_0145	GCA_038046745.1|G0000208
split_0145	GCA_040753455.1|G0000213
split_0145	GCA_041599855.1|G0000216
split_0145	GCA_902384455.1|G0000224
split_0145	GOMC.bin.11076|G0000280
split_0145	GOMC.bin.11076|G0000281
split_0145	GOMC.bin.2868|G0000285
split_0145	GOMC.bin.7887|G0000288
split_0145	GOMC.bin.874|G0000290
split_0146	GCA_000306725.1|G0000007
split_0146	GCA_000309865.1|G0000009
split_0146	GCA_000380705.1|G0000010
split_0146	GCA_001766815.1|G0000019
split_0146	GCA_001940665.2|G0000022
split_0146	GCA_002010045.1|G0000024
split_0146	GCA_003144275.1|G0000056
split_0146	GCA_003194445.1|G0000060
split_0146	GCA_003661125.1|G0000067
split_0146	GCA_015520145.1|G0000096
split_0146	GCA_016841265.1|G0000105
split_0146	GCA_016841485.1|G0000108
split_0146	GCA_019429385.1|G0000124
split_0146	GCA_021108405.1|G0000131
split_0146	GCA_021108405.1|G0000132
split_0146	GCA_027030065.1|G0000153
split_0146	GCA_030605385.1|G0000170
split_0146	GCA_030605805.1|G0000175
split_0146	GCA_034190145.1|G0000185
split_0146	GCA_034190245.1|G0000187
split_0146	GCA_034190245.1|G0000188
split_0146	GOMC.bin.11076|G0000280
split_0146	GOMC.bin.11076|G0000281
split_0146	GOMC.bin.2868|G0000285
split_0147	GCA_000306725.1|G0000007
split_0147	GCA_000309865.1|G0000009
split_0147	GCA_000380705.1|G0000010
split_0147	GCA_001766815.1|G0000019
split_0147	GCA_001940665.2|G0000022
split_0147	GCA_002010045.1|G0000024
split_0147	GCA_003194445.1|G0000060
split_0147	GCA_003661125.1|G0000067
split_0147	GCA_015520145.1|G0000096
split_0147	GCA_016841265.1|G0000105
split_0147	GCA_019429385.1|G0000124
split_0147	GCA_021108405.1|G0000131
split_0147	GCA_021108405.1|G0000132
split_0147	GCA_027030065.1|G0000153
split_0147	GCA_030605805.1|G0000175
split_0147	GCA_034190145.1|G0000185
split_0147	GCA_034190245.1|G0000187
split_0147	GOMC.bin.11076|G0000281
split_0148	GCA_000306725.1|G0000007
split_0148	GCA_000309865.1|G0000009
split_0148	GCA_001766815.1|G0000019
split_0148	GCA_002010045.1|G0000024
split_0148	GCA_003194445.1|G0000060
split_0148	GCA_003661125.1|G0000067
split_0148	GCA_015520145.1|G0000096
split_0148	GCA_016841265.1|G0000105
split_0148	GCA_019429385.1|G0000124
split_0148	GCA_021108405.1|G0000132
split_0148	GCA_027030065.1|G0000153
split_0148	GCA_030605805.1|G0000175
split_0148	GCA_034190145.1|G0000185
split_0148	GCA_034190245.1|G0000187
split_0148	GOMC.bin.11076|G0000281
split_0149	GCA_000306725.1|G0000007
split_0149	GCA_001766815.1|G0000019
split_0149	GCA_002010045.1|G0000024
split_0149	GCA_003194445.1|G0000060
split_0149	GCA_003661125.1|G0000067
split_0149	GCA_015520145.1|G0000096
split_0149	GCA_016841265.1|G0000105
split_0149	GCA_019429385.1|G0000124
split_0149	GCA_021108405.1|G0000132
split_0149	GCA_030605805.1|G0000175
split_0149	GCA_034190145.1|G0000185
split_0149	GCA_034190245.1|G0000187
split_0149	GOMC.bin.11076|G0000281
split_0150	GCA_000306725.1|G0000007
split_0150	GCA_001766815.1|G0000019
split_0150	GCA_002010045.1|G0000024
split_0150	GCA_003194445.1|G0000060
split_0150	GCA_003661125.1|G0000067
split_0150	GCA_015520145.1|G0000096
split_0150	GCA_016841265.1|G0000105
split_0150	GCA_019429385.1|G0000124
split_0150	GCA_030605805.1|G0000175
split_0150	GCA_034190145.1|G0000185
split_0150	GCA_034190245.1|G0000187
split_0150	GOMC.bin.11076|G0000281
split_0151	GCA_000306725.1|G0000007
split_0151	GCA_003661125.1|G0000067
split_0151	GCA_016841265.1|G0000105
split_0152	GCA_000306725.1|G0000007
split_0152	GCA_016841265.1|G0000105
split_0153	GCA_001766815.1|G0000019
split_0153	GCA_002010045.1|G0000024
split_0153	GCA_003194445.1|G0000060
split_0153	GCA_015520145.1|G0000096
split_0153	GCA_019429385.1|G0000124
split_0153	GCA_030605805.1|G0000175
split_0153	GCA_034190145.1|G0000185
split_0153	GCA_034190245.1|G0000187
split_0153	GOMC.bin.11076|G0000281
split_0154	GCA_001766815.1|G0000019
split_0154	GCA_003194445.1|G0000060
split_0154	GCA_015520145.1|G0000096
split_0154	GCA_019429385.1|G0000124
split_0154	GCA_030605805.1|G0000175
split_0155	GCA_003194445.1|G0000060
split_0155	GCA_015520145.1|G0000096
split_0155	GCA_019429385.1|G0000124
split_0155	GCA_030605805.1|G0000175
split_0156	GCA_003194445.1|G0000060
split_0156	GCA_015520145.1|G0000096
split_0156	GCA_030605805.1|G0000175
split_0157	GCA_003194445.1|G0000060
split_0157	GCA_030605805.1|G0000175
split_0158	GCA_002010045.1|G0000024
split_0158	GCA_034190145.1|G0000185
split_0158	GCA_034190245.1|G0000187
split_0158	GOMC.bin.11076|G0000281
split_0159	GCA_034190145.1|G0000185
split_0159	GCA_034190245.1|G0000187
split_0159	GOMC.bin.11076|G0000281
split_0160	GCA_034190145.1|G0000185
split_0160	GOMC.bin.11076|G0000281
split_0161	GCA_000309865.1|G0000009
split_0161	GCA_027030065.1|G0000153
split_0162	GCA_000380705.1|G0000010
split_0162	GCA_001940665.2|G0000022
split_0162	GCA_021108405.1|G0000131
split_0163	GCA_000380705.1|G0000010
split_0163	GCA_021108405.1|G0000131
split_0164	GCA_003144275.1|G0000056
split_0164	GCA_016841485.1|G0000108
split_0164	GCA_030605385.1|G0000170
split_0164	GCA_034190245.1|G0000188
split_0164	GOMC.bin.11076|G0000280
split_0164	GOMC.bin.2868|G0000285
split_0165	GCA_003144275.1|G0000056
split_0165	GCA_016841485.1|G0000108
split_0165	GCA_034190245.1|G0000188
split_0165	GOMC.bin.11076|G0000280
split_0165	GOMC.bin.2868|G0000285
split_0166	GCA_003144275.1|G0000056
split_0166	GCA_034190245.1|G0000188
split_0166	GOMC.bin.11076|G0000280
split_0166	GOMC.bin.2868|G0000285
split_0167	GCA_003144275.1|G0000056
split_0167	GCA_034190245.1|G0000188
split_0167	GOMC.bin.11076|G0000280
split_0168	GCA_003144275.1|G0000056
split_0168	GOMC.bin.11076|G0000280
split_0169	GCA_001273385.1|G0000013
split_0169	GCA_001595885.1|G0000017
split_0169	GCA_003561665.1|G0000063
split_0169	GCA_013791785.1|G0000093
split_0169	GCA_016212785.1|G0000103
split_0169	GCA_016214785.1|G0000104
split_0169	GCA_017885655.1|G0000116
split_0169	GCA_018830205.1|G0000120
split_0169	GCA_020029475.1|G0000125
split_0169	GCA_020696385.1|G0000127
split_0169	GCA_022848835.1|G0000136
split_0169	GCA_022848835.1|G0000137
split_0169	GCA_022848865.1|G0000138
split_0169	GCA_023140195.1|G0000144
split_0169	GCA_030594205.1|G0000167
split_0169	GCA_030672365.1|G0000181
split_0169	GCA_035540375.1|G0000200
split_0169	GCA_036444275.1|G0000202
split_0169	GCA_036446635.1|G0000203
split_0169	GCA_036475875.1|G0000204
split_0169	GCA_038046745.1|G0000208
split_0169	GCA_040753455.1|G0000213
split_0169	GCA_041599855.1|G0000216
split_0169	GCA_902384455.1|G0000224
split_0169	GOMC.bin.7887|G0000288
split_0169	GOMC.bin.874|G0000290
split_0170	GCA_001273385.1|G0000013
split_0170	GCA_001595885.1|G0000017
split_0170	GCA_003561665.1|G0000063
split_0170	GCA_013791785.1|G0000093
split_0170	GCA_016212785.1|G0000103
split_0170	GCA_016214785.1|G0000104
split_0170	GCA_017885655.1|G0000116
split_0170	GCA_018830205.1|G0000120
split_0170	GCA_020029475.1|G0000125
split_0170	GCA_020696385.1|G0000127
split_0170	GCA_022848835.1|G0000136
split_0170	GCA_022848835.1|G0000137
split_0170	GCA_022848865.1|G0000138
split_0170	GCA_030594205.1|G0000167
split_0170	GCA_030672365.1|G0000181
split_0170	GCA_035540375.1|G0000200
split_0170	GCA_036444275.1|G0000202
split_0170	GCA_036446635.1|G0000203
split_0170	GCA_036475875.1|G0000204
split_0170	GCA_038046745.1|G0000208
split_0170	GCA_040753455.1|G0000213
split_0170	GCA_041599855.1|G0000216
split_0170	GCA_902384455.1|G0000224
split_0170	GOMC.bin.7887|G0000288
split_0170	GOMC.bin.874|G0000290
split_0171	GCA_001273385.1|G0000013
split_0171	GCA_001595885.1|G0000017
split_0171	GCA_013791785.1|G0000093
split_0171	GCA_016212785.1|G0000103
split_0171	GCA_016214785.1|G0000104
split_0171	GCA_018830205.1|G0000120
split_0171	GCA_020696385.1|G0000127
split_0171	GCA_030672365.1|G0000181
split_0171	GCA_036444275.1|G0000202
split_0171	GCA_036446635.1|G0000203
split_0171	GCA_036475875.1|G0000204
split_0171	GCA_038046745.1|G0000208
split_0171	GCA_040753455.1|G0000213
split_0171	GOMC.bin.7887|G0000288
split_0171	GOMC.bin.874|G0000290
split_0172	GCA_001273385.1|G0000013
split_0172	GCA_001595885.1|G0000017
split_0172	GCA_013791785.1|G0000093
split_0172	GCA_016212785.1|G0000103
split_0172	GCA_016214785.1|G0000104
split_0172	GCA_018830205.1|G0000120
split_0172	GCA_030672365.1|G0000181
split_0172	GCA_036444275.1|G0000202
split_0172	GCA_036446635.1|G0000203
split_0172	GCA_036475875.1|G0000204
split_0172	GCA_038046745.1|G0000208
split_0172	GOMC.bin.7887|G0000288
split_0172	GOMC.bin.874|G0000290
split_0173	GCA_001595885.1|G0000017
split_0173	GCA_013791785.1|G0000093
split_0173	GCA_016212785.1|G0000103
split_0173	GCA_016214785.1|G0000104
split_0173	GCA_018830205.1|G0000120
split_0173	GCA_030672365.1|G0000181
split_0173	GCA_036444275.1|G0000202
split_0173	GCA_036446635.1|G0000203
split_0173	GCA_036475875.1|G0000204
split_0173	GCA_038046745.1|G0000208
split_0173	GOMC.bin.7887|G0000288
split_0173	GOMC.bin.874|G0000290
split_0174	GCA_001595885.1|G0000017
split_0174	GCA_013791785.1|G0000093
split_0174	GCA_016214785.1|G0000104
split_0174	GCA_030672365.1|G0000181
split_0174	GCA_036475875.1|G0000204
split_0175	GCA_001595885.1|G0000017
split_0175	GCA_013791785.1|G0000093
split_0175	GCA_016214785.1|G0000104
split_0175	GCA_030672365.1|G0000181
split_0176	GCA_001595885.1|G0000017
split_0176	GCA_013791785.1|G0000093
split_0176	GCA_030672365.1|G0000181
split_0177	GCA_001595885.1|G0000017
split_0177	GCA_030672365.1|G0000181
split_0178	GCA_016212785.1|G0000103
split_0178	GCA_018830205.1|G0000120
split_0178	GCA_036444275.1|G0000202
split_0178	GCA_036446635.1|G0000203
split_0178	GCA_038046745.1|G0000208
split_0178	GOMC.bin.7887|G0000288
split_0178	GOMC.bin.874|G0000290
split_0179	GCA_016212785.1|G0000103
split_0179	GCA_018830205.1|G0000120
split_0179	GCA_036444275.1|G0000202
split_0179	GCA_036446635.1|G0000203
split_0179	GCA_038046745.1|G0000208
split_0179	GOMC.bin.874|G0000290
split_0180	GCA_016212785.1|G0000103
split_0180	GCA_018830205.1|G0000120
split_0180	GCA_036446635.1|G0000203
split_0180	GCA_038046745.1|G0000208
split_0180	GOMC.bin.874|G0000290
split_0181	GCA_018830205.1|G0000120
split_0181	GCA_036446635.1|G0000203
split_0181	GCA_038046745.1|G0000208
split_0181	GOMC.bin.874|G0000290
split_0182	GCA_036446635.1|G0000203
split_0182	GCA_038046745.1|G0000208
split_0182	GOMC.bin.874|G0000290
split_0183	GCA_036446635.1|G0000203
split_0183	GCA_038046745.1|G0000208
split_0184	GCA_020696385.1|G0000127
split_0184	GCA_040753455.1|G0000213
split_0185	GCA_003561665.1|G0000063
split_0185	GCA_017885655.1|G0000116
split_0185	GCA_020029475.1|G0000125
split_0185	GCA_022848835.1|G0000136
split_0185	GCA_022848835.1|G0000137
split_0185	GCA_022848865.1|G0000138
split_0185	GCA_030594205.1|G0000167
split_0185	GCA_035540375.1|G0000200
split_0185	GCA_041599855.1|G0000216
split_0185	GCA_902384455.1|G0000224
split_0186	GCA_003561665.1|G0000063
split_0186	GCA_017885655.1|G0000116
split_0186	GCA_020029475.1|G0000125
split_0186	GCA_022848835.1|G0000136
split_0186	GCA_022848835.1|G0000137
split_0186	GCA_030594205.1|G0000167
split_0186	GCA_035540375.1|G0000200
split_0186	GCA_041599855.1|G0000216
split_0186	GCA_902384455.1|G0000224
split_0187	GCA_003561665.1|G0000063
split_0187	GCA_017885655.1|G0000116
split_0187	GCA_020029475.1|G0000125
split_0187	GCA_022848835.1|G0000136
split_0187	GCA_022848835.1|G0000137
split_0187	GCA_030594205.1|G0000167
split_0187	GCA_035540375.1|G0000200
split_0187	GCA_041599855.1|G0000216
split_0188	GCA_003561665.1|G0000063
split_0188	GCA_035540375.1|G0000200
split_0188	GCA_041599855.1|G0000216
split_0189	GCA_003561665.1|G0000063
split_0189	GCA_035540375.1|G0000200
split_0190	GCA_017885655.1|G0000116
split_0190	GCA_020029475.1|G0000125
split_0190	GCA_022848835.1|G0000136
split_0190	GCA_022848835.1|G0000137
split_0190	GCA_030594205.1|G0000167
split_0191	GCA_020029475.1|G0000125
split_0191	GCA_022848835.1|G0000136
split_0191	GCA_022848835.1|G0000137
split_0191	GCA_030594205.1|G0000167
split_0192	GCA_020029475.1|G0000125
split_0192	GCA_030594205.1|G0000167
split_0193	GCA_022848835.1|G0000136
split_0193	GCA_022848835.1|G0000137
split_0194	GCA_002254385.1|G0000032
split_0194	GCA_003551675.1|G0000061
split_0194	GCA_003560595.1|G0000062
split_0194	GCA_003649915.1|G0000066
split_0194	GCA_007129655.1|G0000084
split_0194	GCA_011046235.1|G0000085
split_0194	GCA_014859835.1|G0000094
split_0194	GCA_016928095.1|G0000109
split_0194	GCA_018814355.1|G0000119
split_0194	GCA_023145185.1|G0000145
split_0194	GCA_028279585.1|G0000154
split_0194	GCA_029762535.1|G0000158
split_0194	GCA_029858465.1|G0000160
split_0194	GCA_029932465.1|G0000164
split_0194	GCA_030606525.1|G0000176
split_0194	GCA_035529455.1|G0000196
split_0194	GCA_035529455.1|G0000197
split_0194	GOMC.bin.7887|G0000287
split_0195	GCA_002254385.1|G0000032
split_0195	GCA_003551675.1|G0000061
split_0195	GCA_003560595.1|G0000062
split_0195	GCA_007129655.1|G0000084
split_0195	GCA_011046235.1|G0000085
split_0195	GCA_014859835.1|G0000094
split_0195	GCA_016928095.1|G0000109
split_0195	GCA_018814355.1|G0000119
split_0195	GCA_023145185.1|G0000145
split_0195	GCA_028279585.1|G0000154
split_0195	GCA_029762535.1|G0000158
split_0195	GCA_029858465.1|G0000160
split_0195	GCA_035529455.1|G0000196
split_0195	GCA_035529455.1|G0000197
split_0195	GOMC.bin.7887|G0000287
split_0196	GCA_002254385.1|G0000032
split_0196	GCA_003551675.1|G0000061
split_0196	GCA_007129655.1|G0000084
split_0196	GCA_011046235.1|G0000085
split_0196	GCA_014859835.1|G0000094
split_0196	GCA_016928095.1|G0000109
split_0196	GCA_018814355.1|G0000119
split_0196	GCA_023145185.1|G0000145
split_0196	GCA_028279585.1|G0000154
split_0196	GCA_029762535.1|G0000158
split_0196	GCA_029858465.1|G0000160
split_0196	GCA_035529455.1|G0000196
split_0196	GCA_035529455.1|G0000197
split_0197	GCA_002254385.1|G0000032
split_0197	GCA_011046235.1|G0000085
split_0197	GCA_014859835.1|G0000094
split_0197	GCA_016928095.1|G0000109
split_0197	GCA_018814355.1|G0000119
split_0197	GCA_023145185.1|G0000145
split_0197	GCA_028279585.1|G0000154
split_0197	GCA_029762535.1|G0000158
split_0197	GCA_029858465.1|G0000160
split_0197	GCA_035529455.1|G0000196
split_0197	GCA_035529455.1|G0000197
split_0198	GCA_002254385.1|G0000032
split_0198	GCA_016928095.1|G0000109
split_0198	GCA_023145185.1|G0000145
split_0198	GCA_028279585.1|G0000154
split_0198	GCA_029762535.1|G0000158
split_0199	GCA_002254385.1|G0000032
split_0199	GCA_016928095.1|G0000109
split_0199	GCA_023145185.1|G0000145
split_0199	GCA_029762535.1|G0000158
split_0200	GCA_002254385.1|G0000032
split_0200	GCA_016928095.1|G0000109
split_0200	GCA_023145185.1|G0000145
split_0201	GCA_002254385.1|G0000032
split_0201	GCA_023145185.1|G0000145
split_0202	GCA_011046235.1|G0000085
split_0202	GCA_014859835.1|G0000094
split_0202	GCA_018814355.1|G0000119
split_0202	GCA_029858465.1|G0000160
split_0202	GCA_035529455.1|G0000196
split_0202	GCA_035529455.1|G0000197
split_0203	GCA_011046235.1|G0000085
split_0203	GCA_014859835.1|G0000094
split_0203	GCA_018814355.1|G0000119
split_0203	GCA_035529455.1|G0000196
split_0203	GCA_035529455.1|G0000197
split_0204	GCA_014859835.1|G0000094
split_0204	GCA_018814355.1|G0000119
split_0204	GCA_035529455.1|G0000196
split_0204	GCA_035529455.1|G0000197
split_0205	GCA_014859835.1|G0000094
split_0205	GCA_035529455.1|G0000196
split_0205	GCA_035529455.1|G0000197
split_0206	GCA_035529455.1|G0000196
split_0206	GCA_035529455.1|G0000197
split_0207	GCA_003551675.1|G0000061
split_0207	GCA_007129655.1|G0000084
split_0208	GCA_003560595.1|G0000062
split_0208	GOMC.bin.7887|G0000287
split_0209	GCA_003649915.1|G0000066
split_0209	GCA_029932465.1|G0000164
split_0209	GCA_030606525.1|G0000176
split_0210	GCA_029932465.1|G0000164
split_0210	GCA_030606525.1|G0000176
split_0211	GCA_005223125.1|G0000072
split_0211	GCA_015520145.1|G0000095
split_0212	GCA_000306725.1|G0000005
split_0212	GCA_000306725.1|G0000006
split_0212	GCA_000309865.1|G0000008
split_0212	GCA_001766815.1|G0000018
split_0212	GCA_002067095.1|G0000028
split_0212	GCA_002067315.1|G0000030
split_0212	GCA_002499905.1|G0000036
split_0212	GCA_002501765.1|G0000037
split_0212	GCA_002503885.1|G0000040
split_0212	GCA_002503885.1|G0000041
split_0212	GCA_003104905.1|G0000050
split_0212	GCA_003104905.1|G0000051
split_0212	GCA_003104905.1|G0000052
split_0212	GCA_003194425.1|G0000057
split_0212	GCA_003194445.1|G0000058
split_0212	GCA_003194445.1|G0000059
split_0212	GCA_003661125.1|G0000068
split_0212	GCA_003661125.1|G0000069
split_0212	GCA_004193545.1|G0000071
split_0212	GCA_013152845.1|G0000088
split_0212	GCA_013331375.1|G0000089
split_0212	GCA_015660865.1|G0000098
split_0212	GCA_015660915.1|G0000099
split_0212	GCA_016841265.1|G0000106
split_0212	GCA_016841265.1|G0000107
split_0212	GCA_016937345.1|G0000111
split_0212	GCA_017883965.1|G0000115
split_0212	GCA_018992685.1|G0000121
split_0212	GCA_019429385.1|G0000123
split_0212	GCA_020854925.1|G0000130
split_0212	GCA_021108405.1|G0000133
split_0212	GCA_023229165.1|G0000146
split_0212	GCA_023252215.1|G0000147
split_0212	GCA_028716125.1|G0000156
split_0212	GCA_029907705.1|G0000163
split_0212	GCA_030019205.1|G0000165
split_0212	GCA_030605805.1|G0000171
split_0212	GCA_030605805.1|G0000172
split_0212	GCA_030605805.1|G0000173
split_0212	GCA_030605805.1|G0000174
split_0212	GCA_030611045.1|G0000177
split_0212	GCA_030611265.1|G0000178
split_0212	GCA_030633635.1|G0000180
split_0212	GCA_034190145.1|G0000186
split_0212	GCA_034190245.1|G0000189
split_0212	GCA_034659235.1|G0000190
split_0212	GCA_034659235.1|G0000191
split_0212	GCA_034659235.1|G0000192
split_0212	GCA_034659235.1|G0000193
split_0212	GCA_036733165.1|G0000205
split_0212	GCA_040776445.1|G0000214
split_0212	GCA_905171695.1|G0000225
split_0212	GCA_963677995.1|G0000227
split_0212	GCA_974486395.1|G0000229
split_0212	GCF_000011005.1|G0000232
split_0212	GCF_000011005.1|G0000233
split_0212	GCF_000011005.1|G0000234
split_0212	GCF_000275865.1|G0000241
split_0212	GCF_000327485.1|G0000247
split_0212	GCF_004102725.1|G0000256
split_0212	GCF_021023085.1|G0000261
split_0212	GOMC.bin.11076|G0000279
split_0212	GOMC.bin.831|G0000289
split_0213	GCA_000306725.1|G0000005
split_0213	GCA_000306725.1|G0000006
split_0213	GCA_002501765.1|G0000037
split_0213	GCA_003104905.1|G0000052
split_0213	GCA_013152845.1|G0000088
split_0213	GCA_013331375.1|G0000089
split_0213	GCA_016841265.1|G0000106
split_0213	GCA_016841265.1|G0000107
split_0213	GCA_019429385.1|G0000123
split_0213	GCA_023229165.1|G0000146
split_0213	GCA_023252215.1|G0000147
split_0213	GCA_974486395.1|G0000229
split_0214	GCA_000306725.1|G0000005
split_0214	GCA_000306725.1|G0000006
split_0214	GCA_003104905.1|G0000052
split_0214	GCA_013331375.1|G0000089
split_0214	GCA_016841265.1|G0000106
split_0214	GCA_016841265.1|G0000107
split_0214	GCA_019429385.1|G0000123
split_0214	GCA_023252215.1|G0000147
split_0214	GCA_974486395.1|G0000229
split_0215	GCA_000306725.1|G0000005
split_0215	GCA_000306725.1|G0000006
split_0215	GCA_003104905.1|G0000052
split_0215	GCA_013331375.1|G0000089
split_0215	GCA_019429385.1|G0000123
split_0215	GCA_023252215.1|G0000147
split_0215	GCA_974486395.1|G0000229
split_0216	GCA_000306725.1|G0000005
split_0216	GCA_000306725.1|G0000006
split_0216	GCA_013331375.1|G0000089
split_0216	GCA_019429385.1|G0000123
split_0216	GCA_023252215.1|G0000147
split_0217	GCA_000306725.1|G0000005
split_0217	GCA_000306725.1|G0000006
split_0217	GCA_019429385.1|G0000123
split_0217	GCA_023252215.1|G0000147
split_0218	GCA_000306725.1|G0000005
split_0218	GCA_000306725.1|G0000006
split_0219	GCA_019429385.1|G0000123
split_0219	GCA_023252215.1|G0000147
split_0220	GCA_003104905.1|G0000052
split_0220	GCA_974486395.1|G0000229
split_0221	GCA_016841265.1|G0000106
split_0221	GCA_016841265.1|G0000107
split_0222	GCA_002501765.1|G0000037
split_0222	GCA_013152845.1|G0000088
split_0222	GCA_023229165.1|G0000146
split_0223	GCA_002501765.1|G0000037
split_0223	GCA_023229165.1|G0000146
split_0224	GCA_000309865.1|G0000008
split_0224	GCA_001766815.1|G0000018
split_0224	GCA_002067095.1|G0000028
split_0224	GCA_002067315.1|G0000030
split_0224	GCA_002499905.1|G0000036
split_0224	GCA_002503885.1|G0000040
split_0224	GCA_002503885.1|G0000041
split_0224	GCA_003104905.1|G0000050
split_0224	GCA_003104905.1|G0000051
split_0224	GCA_003194425.1|G0000057
split_0224	GCA_003194445.1|G0000058
split_0224	GCA_003194445.1|G0000059
split_0224	GCA_003661125.1|G0000068
split_0224	GCA_003661125.1|G0000069
split_0224	GCA_004193545.1|G0000071
split_0224	GCA_015660865.1|G0000098
split_0224	GCA_015660915.1|G0000099
split_0224	GCA_016937345.1|G0000111
split_0224	GCA_017883965.1|G0000115
split_0224	GCA_018992685.1|G0000121
split_0224	GCA_020854925.1|G0000130
split_0224	GCA_021108405.1|G0000133
split_0224	GCA_028716125.1|G0000156
split_0224	GCA_029907705.1|G0000163
split_0224	GCA_030019205.1|G0000165
split_0224	GCA_030605805.1|G0000171
split_0224	GCA_030605805.1|G0000172
split_0224	GCA_030605805.1|G0000173
split_0224	GCA_030605805.1|G0000174
split_0224	GCA_030611045.1|G0000177
split_0224	GCA_030611265.1|G0000178
split_0224	GCA_030633635.1|G0000180
split_0224	GCA_034190145.1|G0000186
split_0224	GCA_034190245.1|G0000189
split_0224	GCA_034659235.1|G0000190
split_0224	GCA_034659235.1|G0000191
split_0224	GCA_034659235.1|G0000192
split_0224	GCA_034659235.1|G0000193
split_0224	GCA_036733165.1|G0000205
split_0224	GCA_040776445.1|G0000214
split_0224	GCA_905171695.1|G0000225
split_0224	GCA_963677995.1|G0000227
split_0224	GCF_000011005.1|G0000232
split_0224	GCF_000011005.1|G0000233
split_0224	GCF_000011005.1|G0000234
split_0224	GCF_000275865.1|G0000241
split_0224	GCF_000327485.1|G0000247
split_0224	GCF_004102725.1|G0000256
split_0224	GCF_021023085.1|G0000261
split_0224	GOMC.bin.11076|G0000279
split_0224	GOMC.bin.831|G0000289
split_0225	GCA_000309865.1|G0000008
split_0225	GCA_001766815.1|G0000018
split_0225	GCA_002067095.1|G0000028
split_0225	GCA_002067315.1|G0000030
split_0225	GCA_002499905.1|G0000036
split_0225	GCA_002503885.1|G0000040
split_0225	GCA_002503885.1|G0000041
split_0225	GCA_003194445.1|G0000058
split_0225	GCA_003194445.1|G0000059
split_0225	GCA_003661125.1|G0000069
split_0225	GCA_004193545.1|G0000071
split_0225	GCA_015660865.1|G0000098
split_0225	GCA_015660915.1|G0000099
split_0225	GCA_016937345.1|G0000111
split_0225	GCA_017883965.1|G0000115
split_0225	GCA_018992685.1|G0000121
split_0225	GCA_020854925.1|G0000130
split_0225	GCA_028716125.1|G0000156
split_0225	GCA_029907705.1|G0000163
split_0225	GCA_030019205.1|G0000165
split_0225	GCA_030605805.1|G0000171
split_0225	GCA_030605805.1|G0000172
split_0225	GCA_030605805.1|G0000173
split_0225	GCA_030605805.1|G0000174
split_0225	GCA_030611045.1|G0000177
split_0225	GCA_030633635.1|G0000180
split_0225	GCA_034190145.1|G0000186
split_0225	GCA_034190245.1|G0000189
split_0225	GCA_034659235.1|G0000190
split_0225	GCA_034659235.1|G0000191
split_0225	GCA_034659235.1|G0000192
split_0225	GCA_034659235.1|G0000193
split_0225	GCA_036733165.1|G0000205
split_0225	GCA_040776445.1|G0000214
split_0225	GCA_905171695.1|G0000225
split_0225	GCA_963677995.1|G0000227
split_0225	GCF_000011005.1|G0000232
split_0225	GCF_000011005.1|G0000233
split_0225	GCF_000011005.1|G0000234
split_0225	GCF_000275865.1|G0000241
split_0225	GCF_000327485.1|G0000247
split_0225	GCF_004102725.1|G0000256
split_0225	GCF_021023085.1|G0000261
split_0225	GOMC.bin.11076|G0000279
split_0225	GOMC.bin.831|G0000289
split_0226	GCA_000309865.1|G0000008
split_0226	GCA_001766815.1|G0000018
split_0226	GCA_002067095.1|G0000028
split_0226	GCA_002067315.1|G0000030
split_0226	GCA_002499905.1|G0000036
split_0226	GCA_002503885.1|G0000040
split_0226	GCA_002503885.1|G0000041
split_0226	GCA_003194445.1|G0000058
split_0226	GCA_003194445.1|G0000059
split_0226	GCA_003661125.1|G0000069
split_0226	GCA_004193545.1|G0000071
split_0226	GCA_015660865.1|G0000098
split_0226	GCA_015660915.1|G0000099
split_0226	GCA_016937345.1|G0000111
split_0226	GCA_017883965.1|G0000115
split_0226	GCA_018992685.1|G0000121
split_0226	GCA_028716125.1|G0000156
split_0226	GCA_029907705.1|G0000163
split_0226	GCA_030019205.1|G0000165
split_0226	GCA_030605805.1|G0000171
split_0226	GCA_030605805.1|G0000172
split_0226	GCA_030605805.1|G0000173
split_0226	GCA_030605805.1|G0000174
split_0226	GCA_030611045.1|G0000177
split_0226	GCA_030633635.1|G0000180
split_0226	GCA_034190145.1|G0000186
split_0226	GCA_034190245.1|G0000189
split_0226	GCA_034659235.1|G0000190
split_0226	GCA_034659235.1|G0000191
split_0226	GCA_034659235.1|G0000192
split_0226	GCA_034659235.1|G0000193
split_0226	GCA_040776445.1|G0000214
split_0226	GCA_905171695.1|G0000225
split_0226	GCA_963677995.1|G0000227
split_0226	GCF_000011005.1|G0000232
split_0226	GCF_000011005.1|G0000233
split_0226	GCF_000011005.1|G0000234
split_0226	GCF_000275865.1|G0000241
split_0226	GCF_000327485.1|G0000247
split_0226	GCF_004102725.1|G0000256
split_0226	GCF_021023085.1|G0000261
split_0226	GOMC.bin.11076|G0000279
split_0226	GOMC.bin.831|G0000289
split_0227	GCA_000309865.1|G0000008
split_0227	GCA_001766815.1|G0000018
split_0227	GCA_002067095.1|G0000028
split_0227	GCA_002499905.1|G0000036
split_0227	GCA_002503885.1|G0000040
split_0227	GCA_002503885.1|G0000041
split_0227	GCA_003194445.1|G0000058
split_0227	GCA_003194445.1|G0000059
split_0227	GCA_003661125.1|G0000069
split_0227	GCA_004193545.1|G0000071
split_0227	GCA_015660865.1|G0000098
split_0227	GCA_016937345.1|G0000111
split_0227	GCA_017883965.1|G0000115
split_0227	GCA_018992685.1|G0000121
split_0227	GCA_028716125.1|G0000156
split_0227	GCA_029907705.1|G0000163
split_0227	GCA_030019205.1|G0000165
split_0227	GCA_030605805.1|G0000171
split_0227	GCA_030605805.1|G0000172
split_0227	GCA_030605805.1|G0000173
split_0227	GCA_030605805.1|G0000174
split_0227	GCA_030611045.1|G0000177
split_0227	GCA_030633635.1|G0000180
split_0227	GCA_034190145.1|G0000186
split_0227	GCA_034190245.1|G0000189
split_0227	GCA_034659235.1|G0000190
split_0227	GCA_034659235.1|G0000191
split_0227	GCA_034659235.1|G0000192
split_0227	GCA_034659235.1|G0000193
split_0227	GCA_040776445.1|G0000214
split_0227	GCA_905171695.1|G0000225
split_0227	GCA_963677995.1|G0000227
split_0227	GCF_000275865.1|G0000241
split_0227	GCF_000327485.1|G0000247
split_0227	GCF_004102725.1|G0000256
split_0227	GOMC.bin.11076|G0000279
split_0227	GOMC.bin.831|G0000289
split_0228	GCA_000309865.1|G0000008
split_0228	GCA_001766815.1|G0000018
split_0228	GCA_003194445.1|G0000058
split_0228	GCA_003194445.1|G0000059
split_0228	GCA_003661125.1|G0000069
split_0228	GCA_004193545.1|G0000071
split_0228	GCA_017883965.1|G0000115
split_0228	GCA_018992685.1|G0000121
split_0228	GCA_028716125.1|G0000156
split_0228	GCA_030605805.1|G0000171
split_0228	GCA_030605805.1|G0000172
split_0228	GCA_030605805.1|G0000173
split_0228	GCA_030605805.1|G0000174
split_0228	GCA_030611045.1|G0000177
split_0228	GCA_030633635.1|G0000180
split_0228	GCA_034190145.1|G0000186
split_0228	GCA_034190245.1|G0000189
split_0228	GCA_034659235.1|G0000190
split_0228	GCA_034659235.1|G0000191
split_0228	GCA_034659235.1|G0000192
split_0228	GCA_034659235.1|G0000193
split_0228	GCA_905171695.1|G0000225
split_0228	GOMC.bin.11076|G0000279
split_0229	GCA_001766815.1|G0000018
split_0229	GCA_003194445.1|G0000058
split_0229	GCA_003194445.1|G0000059
split_0229	GCA_003661125.1|G0000069
split_0229	GCA_004193545.1|G0000071
split_0229	GCA_017883965.1|G0000115
split_0229	GCA_018992685.1|G0000121
split_0229	GCA_028716125.1|G0000156
split_0229	GCA_030605805.1|G0000171
split_0229	GCA_030605805.1|G0000172
split_0229	GCA_030605805.1|G0000173
split_0229	GCA_030605805.1|G0000174
split_0229	GCA_030611045.1|G0000177
split_0229	GCA_030633635.1|G0000180
split_0229	GCA_034190145.1|G0000186
split_0229	GCA_034190245.1|G0000189
split_0229	GCA_034659235.1|G0000190
split_0229	GCA_034659235.1|G0000191
split_0229	GCA_034659235.1|G0000192
split_0229	GCA_034659235.1|G0000193
split_0229	GCA_905171695.1|G0000225
split_0229	GOMC.bin.11076|G0000279
split_0230	GCA_001766815.1|G0000018
split_0230	GCA_003194445.1|G0000058
split_0230	GCA_003661125.1|G0000069
split_0230	GCA_004193545.1|G0000071
split_0230	GCA_017883965.1|G0000115
split_0230	GCA_018992685.1|G0000121
split_0230	GCA_028716125.1|G0000156
split_0230	GCA_030605805.1|G0000171
split_0230	GCA_030605805.1|G0000172
split_0230	GCA_030605805.1|G0000173
split_0230	GCA_030605805.1|G0000174
split_0230	GCA_030611045.1|G0000177
split_0230	GCA_030633635.1|G0000180
split_0230	GCA_034190145.1|G0000186
split_0230	GCA_034190245.1|G0000189
split_0230	GCA_034659235.1|G0000190
split_0230	GCA_034659235.1|G0000191
split_0230	GCA_034659235.1|G0000192
split_0230	GCA_034659235.1|G0000193
split_0230	GCA_905171695.1|G0000225
split_0230	GOMC.bin.11076|G0000279
split_0231	GCA_001766815.1|G0000018
split_0231	GCA_003194445.1|G0000058
split_0231	GCA_003661125.1|G0000069
split_0231	GCA_004193545.1|G0000071
split_0231	GCA_017883965.1|G0000115
split_0231	GCA_018992685.1|G0000121
split_0231	GCA_028716125.1|G0000156
split_0231	GCA_030605805.1|G0000171
split_0231	GCA_030605805.1|G0000172
split_0231	GCA_030605805.1|G0000173
split_0231	GCA_030605805.1|G0000174
split_0231	GCA_030611045.1|G0000177
split_0231	GCA_030633635.1|G0000180
split_0231	GCA_034190145.1|G0000186
split_0231	GCA_034190245.1|G0000189
split_0231	GCA_034659235.1|G0000191
split_0231	GCA_034659235.1|G0000192
split_0231	GCA_034659235.1|G0000193
split_0231	GCA_905171695.1|G0000225
split_0231	GOMC.bin.11076|G0000279
split_0232	GCA_001766815.1|G0000018
split_0232	GCA_028716125.1|G0000156
split_0232	GCA_030605805.1|G0000172
split_0232	GCA_034190145.1|G0000186
split_0232	GCA_034190245.1|G0000189
split_0232	GOMC.bin.11076|G0000279
split_0233	GCA_001766815.1|G0000018
split_0233	GCA_028716125.1|G0000156
split_0233	GCA_030605805.1|G0000172
split_0233	GCA_034190145.1|G0000186
split_0233	GOMC.bin.11076|G0000279
split_0234	GCA_001766815.1|G0000018
split_0234	GCA_028716125.1|G0000156
split_0235	GCA_030605805.1|G0000172
split_0235	GCA_034190145.1|G0000186
split_0235	GOMC.bin.11076|G0000279
split_0236	GCA_034190145.1|G0000186
split_0236	GOMC.bin.11076|G0000279
split_0237	GCA_003194445.1|G0000058
split_0237	GCA_003661125.1|G0000069
split_0237	GCA_004193545.1|G0000071
split_0237	GCA_017883965.1|G0000115
split_0237	GCA_018992685.1|G0000121
split_0237	GCA_030605805.1|G0000171
split_0237	GCA_030605805.1|G0000173
split_0237	GCA_030605805.1|G0000174
split_0237	GCA_030611045.1|G0000177
split_0237	GCA_030633635.1|G0000180
split_0237	GCA_034659235.1|G0000191
split_0237	GCA_034659235.1|G0000192
split_0237	GCA_034659235.1|G0000193
split_0237	GCA_905171695.1|G0000225
split_0238	GCA_003194445.1|G0000058
split_0238	GCA_017883965.1|G0000115
split_0238	GCA_018992685.1|G0000121
split_0238	GCA_030605805.1|G0000171
split_0238	GCA_030605805.1|G0000173
split_0238	GCA_030605805.1|G0000174
split_0238	GCA_030611045.1|G0000177
split_0238	GCA_034659235.1|G0000191
split_0238	GCA_034659235.1|G0000192
split_0238	GCA_034659235.1|G0000193
split_0238	GCA_905171695.1|G0000225
split_0239	GCA_003194445.1|G0000058
split_0239	GCA_018992685.1|G0000121
split_0239	GCA_030605805.1|G0000171
split_0239	GCA_030605805.1|G0000173
split_0239	GCA_030605805.1|G0000174
split_0239	GCA_034659235.1|G0000191
split_0239	GCA_034659235.1|G0000192
split_0239	GCA_034659235.1|G0000193
split_0239	GCA_905171695.1|G0000225
split_0240	GCA_003194445.1|G0000058
split_0240	GCA_018992685.1|G0000121
split_0240	GCA_030605805.1|G0000171
split_0240	GCA_030605805.1|G0000173
split_0240	GCA_030605805.1|G0000174
split_0240	GCA_034659235.1|G0000191
split_0240	GCA_034659235.1|G0000192
split_0240	GCA_034659235.1|G0000193
split_0241	GCA_003194445.1|G0000058
split_0241	GCA_018992685.1|G0000121
split_0241	GCA_030605805.1|G0000171
split_0241	GCA_030605805.1|G0000173
split_0241	GCA_030605805.1|G0000174
split_0241	GCA_034659235.1|G0000193
split_0242	GCA_003194445.1|G0000058
split_0242	GCA_018992685.1|G0000121
split_0242	GCA_034659235.1|G0000193
split_0243	GCA_003194445.1|G0000058
split_0243	GCA_018992685.1|G0000121
split_0244	GCA_030605805.1|G0000171
split_0244	GCA_030605805.1|G0000173
split_0244	GCA_030605805.1|G0000174
split_0245	GCA_030605805.1|G0000171
split_0245	GCA_030605805.1|G0000174
split_0246	GCA_034659235.1|G0000191
split_0246	GCA_034659235.1|G0000192
split_0247	GCA_017883965.1|G0000115
split_0247	GCA_030611045.1|G0000177
split_0248	GCA_003661125.1|G0000069
split_0248	GCA_004193545.1|G0000071
split_0248	GCA_030633635.1|G0000180
split_0249	GCA_003661125.1|G0000069
split_0249	GCA_030633635.1|G0000180
split_0250	GCA_002067095.1|G0000028
split_0250	GCA_002499905.1|G0000036
split_0250	GCA_002503885.1|G0000040
split_0250	GCA_002503885.1|G0000041
split_0250	GCA_015660865.1|G0000098
split_0250	GCA_016937345.1|G0000111
split_0250	GCA_029907705.1|G0000163
split_0250	GCA_030019205.1|G0000165
split_0250	GCA_040776445.1|G0000214
split_0250	GCA_963677995.1|G0000227
split_0250	GCF_000275865.1|G0000241
split_0250	GCF_000327485.1|G0000247
split_0250	GCF_004102725.1|G0000256
split_0250	GOMC.bin.831|G0000289
split_0251	GCA_002067095.1|G0000028
split_0251	GCA_002499905.1|G0000036
split_0251	GCA_002503885.1|G0000040
split_0251	GCA_002503885.1|G0000041
split_0251	GCA_015660865.1|G0000098
split_0251	GCA_029907705.1|G0000163
split_0251	GCA_030019205.1|G0000165
split_0251	GCA_040776445.1|G0000214
split_0251	GCA_963677995.1|G0000227
split_0251	GCF_000275865.1|G0000241
split_0251	GCF_000327485.1|G0000247
split_0251	GCF_004102725.1|G0000256
split_0251	GOMC.bin.831|G0000289
split_0252	GCA_002067095.1|G0000028
split_0252	GCA_040776445.1|G0000214
split_0253	GCA_002499905.1|G0000036
split_0253	GCA_002503885.1|G0000040
split_0253	GCA_002503885.1|G0000041
split_0253	GCA_015660865.1|G0000098
split_0253	GCA_029907705.1|G0000163
split_0253	GCA_030019205.1|G0000165
split_0253	GCA_963677995.1|G0000227
split_0253	GCF_000275865.1|G0000241
split_0253	GCF_000327485.1|G0000247
split_0253	GCF_004102725.1|G0000256
split_0253	GOMC.bin.831|G0000289
split_0254	GCA_002499905.1|G0000036
split_0254	GCA_002503885.1|G0000040
split_0254	GCA_015660865.1|G0000098
split_0254	GCA_029907705.1|G0000163
split_0254	GCA_963677995.1|G0000227
split_0254	GCF_000327485.1|G0000247
split_0254	GCF_004102725.1|G0000256
split_0254	GOMC.bin.831|G0000289
split_0255	GCA_002499905.1|G0000036
split_0255	GCF_000327485.1|G0000247
split_0256	GCA_002503885.1|G0000040
split_0256	GCA_015660865.1|G0000098
split_0256	GCA_029907705.1|G0000163
split_0256	GCA_963677995.1|G0000227
split_0256	GCF_004102725.1|G0000256
split_0256	GOMC.bin.831|G0000289
split_0257	GCA_002503885.1|G0000040
split_0257	GCA_029907705.1|G0000163
split_0257	GCF_004102725.1|G0000256
split_0257	GOMC.bin.831|G0000289
split_0258	GCA_002503885.1|G0000040
split_0258	GCF_004102725.1|G0000256
split_0258	GOMC.bin.831|G0000289
split_0259	GCA_002503885.1|G0000040
split_0259	GOMC.bin.831|G0000289
split_0260	GCA_015660865.1|G0000098
split_0260	GCA_963677995.1|G0000227
split_0261	GCA_002503885.1|G0000041
split_0261	GCA_030019205.1|G0000165
split_0261	GCF_000275865.1|G0000241
split_0262	GCA_002503885.1|G0000041
split_0262	GCA_030019205.1|G0000165
split_0263	GCA_002067315.1|G0000030
split_0263	GCA_015660915.1|G0000099
split_0263	GCF_000011005.1|G0000232
split_0263	GCF_000011005.1|G0000233
split_0263	GCF_000011005.1|G0000234
split_0263	GCF_021023085.1|G0000261
split_0264	GCA_002067315.1|G0000030
split_0264	GCA_015660915.1|G0000099
split_0264	GCF_000011005.1|G0000233
split_0264	GCF_000011005.1|G0000234
split_0264	GCF_021023085.1|G0000261
split_0265	GCA_002067315.1|G0000030
split_0265	GCF_000011005.1|G0000234
split_0265	GCF_021023085.1|G0000261
split_0266	GCA_002067315.1|G0000030
split_0266	GCF_000011005.1|G0000234
split_0267	GCA_015660915.1|G0000099
split_0267	GCF_000011005.1|G0000233
split_0268	GCA_020854925.1|G0000130
split_0268	GCA_036733165.1|G0000205
split_0269	GCA_003104905.1|G0000050
split_0269	GCA_003104905.1|G0000051
split_0269	GCA_003194425.1|G0000057
split_0269	GCA_003661125.1|G0000068
split_0269	GCA_021108405.1|G0000133
split_0269	GCA_030611265.1|G0000178
split_0270	GCA_003104905.1|G0000050
split_0270	GCA_003104905.1|G0000051
split_0270	GCA_021108405.1|G0000133
split_0271	GCA_003104905.1|G0000050
split_0271	GCA_003104905.1|G0000051
split_0272	GCA_003194425.1|G0000057
split_0272	GCA_003661125.1|G0000068
split_0272	GCA_030611265.1|G0000178
split_0273	GCA_003194425.1|G0000057
split_0273	GCA_003661125.1|G0000068
split_0274	GCA_002497075.1|G0000035
split_0274	GCA_011048835.1|G0000086
split_0275	GCA_030612095.1|G0000179
split_0275	GCA_034660695.1|G0000194
split_0275	GOMC.bin.2408|G0000284
split_0276	GCA_034660695.1|G0000194
split_0276	GOMC.bin.2408|G0000284
split_0277	GCA_002009975.1|G0000023
split_0277	GCA_002010075.1|G0000025
split_0277	GCA_002011155.2|G0000027
split_0277	GCA_002494725.1|G0000033
split_0277	GCA_015520705.1|G0000097
split_0277	GCA_029259245.1|G0000157
split_0277	GCF_000007305.1|G0000230
split_0277	GCF_000016125.1|G0000235
split_0278	GCA_002009975.1|G0000023
split_0278	GCA_002011155.2|G0000027
split_0278	GCA_015520705.1|G0000097
split_0278	GCA_029259245.1|G0000157
split_0278	GCF_000007305.1|G0000230
split_0278	GCF_000016125.1|G0000235
split_0279	GCA_002009975.1|G0000023
split_0279	GCA_015520705.1|G0000097
split_0279	GCA_029259245.1|G0000157
split_0279	GCF_000007305.1|G0000230
split_0279	GCF_000016125.1|G0000235
split_0280	GCA_015520705.1|G0000097
split_0280	GCA_029259245.1|G0000157
split_0280	GCF_000007305.1|G0000230
split_0280	GCF_000016125.1|G0000235
split_0281	GCA_015520705.1|G0000097
split_0281	GCA_029259245.1|G0000157
split_0282	GCF_000007305.1|G0000230
split_0282	GCF_000016125.1|G0000235
split_0283	GCA_002010075.1|G0000025
split_0283	GCA_002494725.1|G0000033
split_0284	GCA_013415695.1|G0000090
split_0284	GCA_020725985.1|G0000129
split_0284	GCA_029907465.1|G0000162
split_0284	GCA_046539605.1|G0000220
split_0285	GCA_013415695.1|G0000090
split_0285	GCA_046539605.1|G0000220
split_0286	GCA_020725985.1|G0000129
split_0286	GCA_029907465.1|G0000162
split_0287	GCA_002067865.1|G0000031
split_0287	GCA_002497075.1|G0000034
split_0287	GCA_030604065.1|G0000169
split_0288	GCA_002497075.1|G0000034
split_0288	GCA_030604065.1|G0000169
split_0289	GCA_002508545.1|G0000042
split_0289	GCF_000308215.1|G0000246
