split_id	gene_id
split_0001	CRR476095_bin.3|G0000002
split_0001	ERR2027894_bin.22|G0000003
split_0001	ERR2027902_bin.36|G0000005
split_0002	CRR476095_bin.3|G0000002
split_0002	ERR2027894_bin.22|G0000003
split_0002	ERR2027902_bin.36|G0000005
split_0002	GCF_000008645.1|G0000415
split_0003	CRR476095_bin.3|G0000002
split_0003	ERR2027894_bin.22|G0000003
split_0003	ERR2027902_bin.36|G0000005
split_0003	GCA_000166095.1|G0000007
split_0003	GCF_000008645.1|G0000415
split_0004	CRR476095_bin.3|G0000002
split_0004	ERR2027894_bin.22|G0000003
split_0004	ERR2027902_bin.36|G0000005
split_0004	GCA_000166095.1|G0000007
split_0004	GCA_001507955.1|G0000016
split_0004	GCF_000008645.1|G0000415
split_0005	CRR476095_bin.3|G0000002
split_0005	ERR2027894_bin.22|G0000003
split_0005	ERR2027902_bin.36|G0000005
split_0005	GCA_000166095.1|G0000007
split_0005	GCA_000309865.1|G0000011
split_0005	GCA_001507955.1|G0000016
split_0005	GCF_000008645.1|G0000415
split_0006	CRR476095_bin.3|G0000002
split_0006	ERR2027894_bin.22|G0000003
split_0006	ERR2027902_bin.36|G0000005
split_0006	GCA_000166095.1|G0000007
split_0006	GCA_000309865.1|G0000011
split_0006	GCA_001507955.1|G0000016
split_0006	GCA_021158125.1|G0000228
split_0006	GCA_029934005.1|G0000299
split_0006	GCF_000008645.1|G0000415
split_0007	CRR476095_bin.3|G0000002
split_0007	ERR2027894_bin.22|G0000003
split_0007	ERR2027902_bin.36|G0000005
split_0007	GCA_000166095.1|G0000007
split_0007	GCA_000309865.1|G0000011
split_0007	GCA_001273385.1|G0000013
split_0007	GCA_001399795.1|G0000014
split_0007	GCA_001507955.1|G0000016
split_0007	GCA_002011155.2|G0000046
split_0007	GCA_003133625.1|G0000077
split_0007	GCA_004376295.1|G0000101
split_0007	GCA_004376645.1|G0000104
split_0007	GCA_009889585.1|G0000119
split_0007	GCA_015660915.1|G0000143
split_0007	GCA_019685575.1|G0000214
split_0007	GCA_020352645.1|G0000220
split_0007	GCA_021158125.1|G0000228
split_0007	GCA_023131225.1|G0000239
split_0007	GCA_026014495.1|G0000254
split_0007	GCA_029934005.1|G0000299
split_0007	GCA_034660895.1|G0000332
split_0007	GCA_035624185.1|G0000339
split_0007	GCA_038894255.1|G0000374
split_0007	GCF_000008645.1|G0000415
split_0008	CRR476095_bin.3|G0000002
split_0008	ERR2027894_bin.22|G0000003
split_0008	ERR2027902_bin.36|G0000005
split_0008	GCA_000166095.1|G0000007
split_0008	GCA_000309865.1|G0000011
split_0008	GCA_001273385.1|G0000013
split_0008	GCA_001399795.1|G0000014
split_0008	GCA_001507955.1|G0000016
split_0008	GCA_002011155.2|G0000046
split_0008	GCA_002503135.1|G0000061
split_0008	GCA_002507245.1|G0000065
split_0008	GCA_003133625.1|G0000077
split_0008	GCA_004376295.1|G0000101
split_0008	GCA_004376645.1|G0000104
split_0008	GCA_009889585.1|G0000119
split_0008	GCA_015660915.1|G0000143
split_0008	GCA_018397035.1|G0000194
split_0008	GCA_019685575.1|G0000214
split_0008	GCA_020352645.1|G0000220
split_0008	GCA_021158125.1|G0000228
split_0008	GCA_023131225.1|G0000239
split_0008	GCA_026014495.1|G0000254
split_0008	GCA_029934005.1|G0000299
split_0008	GCA_034660895.1|G0000332
split_0008	GCA_035624185.1|G0000339
split_0008	GCA_038873015.1|G0000369
split_0008	GCA_038894255.1|G0000374
split_0008	GCF_000008645.1|G0000415
split_0009	CRR476095_bin.3|G0000002
split_0009	ERR2027894_bin.22|G0000003
split_0009	ERR2027902_bin.36|G0000005
split_0009	GCA_000166095.1|G0000007
split_0009	GCA_000309865.1|G0000011
split_0009	GCA_001273385.1|G0000013
split_0009	GCA_001399795.1|G0000014
split_0009	GCA_001507955.1|G0000016
split_0009	GCA_002011155.2|G0000046
split_0009	GCA_002503135.1|G0000061
split_0009	GCA_002507245.1|G0000065
split_0009	GCA_003133625.1|G0000077
split_0009	GCA_003662645.1|G0000092
split_0009	GCA_004376295.1|G0000101
split_0009	GCA_004376645.1|G0000104
split_0009	GCA_009889585.1|G0000119
split_0009	GCA_015520475.1|G0000138
split_0009	GCA_015660915.1|G0000143
split_0009	GCA_018396405.1|G0000183
split_0009	GCA_018397035.1|G0000194
split_0009	GCA_019685575.1|G0000214
split_0009	GCA_020352645.1|G0000220
split_0009	GCA_021158125.1|G0000228
split_0009	GCA_023131225.1|G0000239
split_0009	GCA_026014495.1|G0000254
split_0009	GCA_029934005.1|G0000299
split_0009	GCA_034660895.1|G0000332
split_0009	GCA_035624185.1|G0000339
split_0009	GCA_038873015.1|G0000369
split_0009	GCA_038894255.1|G0000374
split_0009	GCF_000008645.1|G0000415
split_0009	GOMC.bin.2843|G0000442
split_0009	GOMC.bin.5642|G0000453
split_0010	CRR476095_bin.3|G0000002
split_0010	ERR2027894_bin.22|G0000003
split_0010	ERR2027902_bin.36|G0000005
split_0010	GCA_000166095.1|G0000007
split_0010	GCA_000309865.1|G0000011
split_0010	GCA_001273385.1|G0000013
split_0010	GCA_001399795.1|G0000014
split_0010	GCA_001507955.1|G0000016
split_0010	GCA_001593935.1|G0000022
split_0010	GCA_002011155.2|G0000046
split_0010	GCA_002503135.1|G0000061
split_0010	GCA_002507245.1|G0000065
split_0010	GCA_003133625.1|G0000077
split_0010	GCA_003662645.1|G0000092
split_0010	GCA_004376295.1|G0000101
split_0010	GCA_004376645.1|G0000104
split_0010	GCA_009889585.1|G0000119
split_0010	GCA_015520475.1|G0000138
split_0010	GCA_015660915.1|G0000143
split_0010	GCA_018396405.1|G0000183
split_0010	GCA_018396725.1|G0000188
split_0010	GCA_018397035.1|G0000194
split_0010	GCA_019685575.1|G0000214
split_0010	GCA_020352645.1|G0000220
split_0010	GCA_021158125.1|G0000228
split_0010	GCA_023131225.1|G0000239
split_0010	GCA_026014495.1|G0000254
split_0010	GCA_029934005.1|G0000299
split_0010	GCA_034660895.1|G0000332
split_0010	GCA_035624185.1|G0000339
split_0010	GCA_038873015.1|G0000369
split_0010	GCA_038894255.1|G0000374
split_0010	GCF_000008645.1|G0000415
split_0010	GOMC.bin.2843|G0000442
split_0010	GOMC.bin.5642|G0000453
split_0011	CRR476095_bin.3|G0000002
split_0011	ERR2027894_bin.22|G0000003
split_0011	ERR2027902_bin.36|G0000005
split_0011	GCA_000166095.1|G0000007
split_0011	GCA_000309865.1|G0000011
split_0011	GCA_001273385.1|G0000013
split_0011	GCA_001399795.1|G0000014
split_0011	GCA_001507955.1|G0000016
split_0011	GCA_001593935.1|G0000022
split_0011	GCA_002011155.2|G0000046
split_0011	GCA_002503135.1|G0000061
split_0011	GCA_002507245.1|G0000065
split_0011	GCA_003133625.1|G0000077
split_0011	GCA_003662645.1|G0000092
split_0011	GCA_004376295.1|G0000101
split_0011	GCA_004376645.1|G0000104
split_0011	GCA_009889585.1|G0000119
split_0011	GCA_015520475.1|G0000138
split_0011	GCA_015660915.1|G0000143
split_0011	GCA_018396405.1|G0000183
split_0011	GCA_018396725.1|G0000188
split_0011	GCA_018397035.1|G0000194
split_0011	GCA_019685575.1|G0000214
split_0011	GCA_020352645.1|G0000220
split_0011	GCA_020355125.1|G0000221
split_0011	GCA_021158125.1|G0000228
split_0011	GCA_023131225.1|G0000239
split_0011	GCA_026014495.1|G0000254
split_0011	GCA_026015035.1|G0000257
split_0011	GCA_029934005.1|G0000299
split_0011	GCA_030837285.1|G0000324
split_0011	GCA_034660895.1|G0000332
split_0011	GCA_035624185.1|G0000339
split_0011	GCA_038873015.1|G0000369
split_0011	GCA_038883335.1|G0000372
split_0011	GCA_038894255.1|G0000374
split_0011	GCF_000008645.1|G0000415
split_0011	GOMC.bin.1512|G0000431
split_0011	GOMC.bin.2843|G0000442
split_0011	GOMC.bin.5642|G0000453
split_0012	CRR476095_bin.3|G0000002
split_0012	ERR2027894_bin.22|G0000003
split_0012	ERR2027902_bin.36|G0000005
split_0012	GCA_000166095.1|G0000007
split_0012	GCA_000309865.1|G0000011
split_0012	GCA_001273385.1|G0000013
split_0012	GCA_001399795.1|G0000014
split_0012	GCA_001507955.1|G0000016
split_0012	GCA_001593935.1|G0000022
split_0012	GCA_002011155.2|G0000046
split_0012	GCA_002503135.1|G0000061
split_0012	GCA_002507245.1|G0000065
split_0012	GCA_003133625.1|G0000077
split_0012	GCA_003662645.1|G0000092
split_0012	GCA_004212075.1|G0000096
split_0012	GCA_004212085.1|G0000098
split_0012	GCA_004376295.1|G0000101
split_0012	GCA_004376645.1|G0000104
split_0012	GCA_009889585.1|G0000119
split_0012	GCA_015520475.1|G0000138
split_0012	GCA_015660915.1|G0000143
split_0012	GCA_018396405.1|G0000183
split_0012	GCA_018396415.1|G0000185
split_0012	GCA_018396725.1|G0000188
split_0012	GCA_018397035.1|G0000194
split_0012	GCA_019057385.1|G0000200
split_0012	GCA_019058165.1|G0000203
split_0012	GCA_019058495.1|G0000210
split_0012	GCA_019685575.1|G0000214
split_0012	GCA_020352645.1|G0000220
split_0012	GCA_020355125.1|G0000221
split_0012	GCA_021157845.1|G0000226
split_0012	GCA_021158125.1|G0000228
split_0012	GCA_021498085.1|G0000232
split_0012	GCA_023131225.1|G0000239
split_0012	GCA_026014495.1|G0000254
split_0012	GCA_026015035.1|G0000257
split_0012	GCA_026015185.1|G0000260
split_0012	GCA_026015225.1|G0000263
split_0012	GCA_027068725.1|G0000275
split_0012	GCA_027068725.1|G0000277
split_0012	GCA_029934005.1|G0000299
split_0012	GCA_030615265.1|G0000317
split_0012	GCA_030837285.1|G0000324
split_0012	GCA_034660795.1|G0000330
split_0012	GCA_034660895.1|G0000332
split_0012	GCA_035624185.1|G0000339
split_0012	GCA_037308085.1|G0000345
split_0012	GCA_037310415.1|G0000348
split_0012	GCA_038850485.1|G0000365
split_0012	GCA_038873015.1|G0000369
split_0012	GCA_038883335.1|G0000372
split_0012	GCA_038894255.1|G0000374
split_0012	GCA_054381475.1|G0000395
split_0012	GCF_000008645.1|G0000415
split_0012	GOMC.bin.1512|G0000431
split_0012	GOMC.bin.2843|G0000442
split_0012	GOMC.bin.5642|G0000453
split_0013	CRR476095_bin.3|G0000002
split_0013	ERR2027894_bin.22|G0000003
split_0013	ERR2027902_bin.36|G0000005
split_0013	GCA_000166095.1|G0000007
split_0013	GCA_000309865.1|G0000011
split_0013	GCA_001273385.1|G0000013
split_0013	GCA_001399795.1|G0000014
split_0013	GCA_001507955.1|G0000016
split_0013	GCA_001593935.1|G0000022
split_0013	GCA_002010065.2|G0000037
split_0013	GCA_002011155.2|G0000046
split_0013	GCA_002503135.1|G0000061
split_0013	GCA_002507245.1|G0000065
split_0013	GCA_002897955.1|G0000069
split_0013	GCA_003133625.1|G0000077
split_0013	GCA_003662645.1|G0000092
split_0013	GCA_004212075.1|G0000096
split_0013	GCA_004212085.1|G0000098
split_0013	GCA_004376295.1|G0000101
split_0013	GCA_004376645.1|G0000104
split_0013	GCA_009889585.1|G0000119
split_0013	GCA_015520145.1|G0000137
split_0013	GCA_015520475.1|G0000138
split_0013	GCA_015660915.1|G0000143
split_0013	GCA_018396405.1|G0000183
split_0013	GCA_018396415.1|G0000185
split_0013	GCA_018396725.1|G0000188
split_0013	GCA_018397035.1|G0000194
split_0013	GCA_018830205.1|G0000195
split_0013	GCA_019057385.1|G0000200
split_0013	GCA_019058165.1|G0000203
split_0013	GCA_019058495.1|G0000210
split_0013	GCA_019685575.1|G0000214
split_0013	GCA_020352645.1|G0000220
split_0013	GCA_020355125.1|G0000221
split_0013	GCA_021157845.1|G0000226
split_0013	GCA_021158125.1|G0000228
split_0013	GCA_021498085.1|G0000232
split_0013	GCA_023131225.1|G0000239
split_0013	GCA_026014495.1|G0000254
split_0013	GCA_026015035.1|G0000257
split_0013	GCA_026015185.1|G0000260
split_0013	GCA_026015225.1|G0000263
split_0013	GCA_026989875.1|G0000265
split_0013	GCA_026989875.1|G0000266
split_0013	GCA_027068725.1|G0000275
split_0013	GCA_027068725.1|G0000277
split_0013	GCA_029934005.1|G0000299
split_0013	GCA_030615265.1|G0000317
split_0013	GCA_030837285.1|G0000324
split_0013	GCA_034660795.1|G0000330
split_0013	GCA_034660895.1|G0000332
split_0013	GCA_035624185.1|G0000339
split_0013	GCA_037308085.1|G0000345
split_0013	GCA_037310415.1|G0000348
split_0013	GCA_038850485.1|G0000365
split_0013	GCA_038873015.1|G0000369
split_0013	GCA_038883335.1|G0000372
split_0013	GCA_038894255.1|G0000374
split_0013	GCA_041306005.1|G0000378
split_0013	GCA_054381475.1|G0000395
split_0013	GCF_000008645.1|G0000415
split_0013	GOMC.bin.1512|G0000431
split_0013	GOMC.bin.2843|G0000442
split_0013	GOMC.bin.5642|G0000453
split_0013	GOMC.bin.874|G0000462
split_0014	CRR476095_bin.3|G0000002
split_0014	ERR2027894_bin.22|G0000003
split_0014	ERR2027902_bin.36|G0000005
split_0014	GCA_000166095.1|G0000007
split_0014	GCA_000309865.1|G0000011
split_0014	GCA_001273385.1|G0000013
split_0014	GCA_001399795.1|G0000014
split_0014	GCA_001507955.1|G0000016
split_0014	GCA_001593935.1|G0000022
split_0014	GCA_002010065.2|G0000037
split_0014	GCA_002011155.2|G0000046
split_0014	GCA_002503135.1|G0000061
split_0014	GCA_002507245.1|G0000065
split_0014	GCA_002897955.1|G0000069
split_0014	GCA_003133625.1|G0000077
split_0014	GCA_003662645.1|G0000092
split_0014	GCA_004212075.1|G0000096
split_0014	GCA_004212085.1|G0000098
split_0014	GCA_004376295.1|G0000101
split_0014	GCA_004376645.1|G0000104
split_0014	GCA_009889585.1|G0000119
split_0014	GCA_015520145.1|G0000137
split_0014	GCA_015520475.1|G0000138
split_0014	GCA_015660915.1|G0000143
split_0014	GCA_018396405.1|G0000183
split_0014	GCA_018396415.1|G0000185
split_0014	GCA_018396725.1|G0000188
split_0014	GCA_018397035.1|G0000194
split_0014	GCA_018830205.1|G0000195
split_0014	GCA_019057385.1|G0000200
split_0014	GCA_019058165.1|G0000203
split_0014	GCA_019058495.1|G0000210
split_0014	GCA_019685575.1|G0000214
split_0014	GCA_020352645.1|G0000220
split_0014	GCA_020355125.1|G0000221
split_0014	GCA_021157845.1|G0000226
split_0014	GCA_021158125.1|G0000228
split_0014	GCA_021498085.1|G0000232
split_0014	GCA_023131225.1|G0000239
split_0014	GCA_026014495.1|G0000254
split_0014	GCA_026015035.1|G0000257
split_0014	GCA_026015185.1|G0000260
split_0014	GCA_026015225.1|G0000263
split_0014	GCA_026989875.1|G0000265
split_0014	GCA_026989875.1|G0000266
split_0014	GCA_027068725.1|G0000275
split_0014	GCA_027068725.1|G0000277
split_0014	GCA_029932835.1|G0000298
split_0014	GCA_029934005.1|G0000299
split_0014	GCA_030615265.1|G0000317
split_0014	GCA_030837285.1|G0000324
split_0014	GCA_034660795.1|G0000330
split_0014	GCA_034660895.1|G0000332
split_0014	GCA_035624185.1|G0000339
split_0014	GCA_037308085.1|G0000345
split_0014	GCA_037310415.1|G0000348
split_0014	GCA_038046745.1|G0000356
split_0014	GCA_038850485.1|G0000365
split_0014	GCA_038873015.1|G0000369
split_0014	GCA_038883335.1|G0000372
split_0014	GCA_038894255.1|G0000374
split_0014	GCA_041306005.1|G0000378
split_0014	GCA_054381475.1|G0000395
split_0014	GCF_000008645.1|G0000415
split_0014	GOMC.bin.1512|G0000431
split_0014	GOMC.bin.2843|G0000442
split_0014	GOMC.bin.5642|G0000453
split_0014	GOMC.bin.874|G0000462
split_0015	CRR476095_bin.3|G0000002
split_0015	ERR2027894_bin.22|G0000003
split_0015	ERR2027902_bin.36|G0000005
split_0015	GCA_000166095.1|G0000007
split_0015	GCA_000309865.1|G0000011
split_0015	GCA_001273385.1|G0000013
split_0015	GCA_001399795.1|G0000014
split_0015	GCA_001507955.1|G0000016
split_0015	GCA_001593935.1|G0000022
split_0015	GCA_001766815.1|G0000028
split_0015	GCA_002010065.2|G0000037
split_0015	GCA_002011155.2|G0000046
split_0015	GCA_002503135.1|G0000061
split_0015	GCA_002507245.1|G0000065
split_0015	GCA_002897955.1|G0000069
split_0015	GCA_002923215.1|G0000071
split_0015	GCA_003133625.1|G0000077
split_0015	GCA_003194425.1|G0000080
split_0015	GCA_003661125.1|G0000087
split_0015	GCA_003662645.1|G0000092
split_0015	GCA_003695745.1|G0000093
split_0015	GCA_004212075.1|G0000096
split_0015	GCA_004212085.1|G0000098
split_0015	GCA_004376295.1|G0000101
split_0015	GCA_004376645.1|G0000104
split_0015	GCA_009889585.1|G0000119
split_0015	GCA_015520145.1|G0000137
split_0015	GCA_015520475.1|G0000138
split_0015	GCA_015660915.1|G0000143
split_0015	GCA_016212785.1|G0000146
split_0015	GCA_016931955.1|G0000172
split_0015	GCA_017883965.1|G0000180
split_0015	GCA_018396405.1|G0000183
split_0015	GCA_018396415.1|G0000185
split_0015	GCA_018396725.1|G0000188
split_0015	GCA_018397035.1|G0000194
split_0015	GCA_018830205.1|G0000195
split_0015	GCA_019057385.1|G0000200
split_0015	GCA_019058165.1|G0000203
split_0015	GCA_019058495.1|G0000210
split_0015	GCA_019685575.1|G0000214
split_0015	GCA_020352645.1|G0000220
split_0015	GCA_020355125.1|G0000221
split_0015	GCA_021157845.1|G0000226
split_0015	GCA_021158125.1|G0000228
split_0015	GCA_021498085.1|G0000232
split_0015	GCA_023131225.1|G0000239
split_0015	GCA_026014495.1|G0000254
split_0015	GCA_026015035.1|G0000257
split_0015	GCA_026015185.1|G0000260
split_0015	GCA_026015225.1|G0000263
split_0015	GCA_026989875.1|G0000265
split_0015	GCA_026989875.1|G0000266
split_0015	GCA_027068725.1|G0000275
split_0015	GCA_027068725.1|G0000277
split_0015	GCA_029259545.1|G0000289
split_0015	GCA_029932835.1|G0000298
split_0015	GCA_029934005.1|G0000299
split_0015	GCA_030018435.1|G0000301
split_0015	GCA_030611045.1|G0000310
split_0015	GCA_030615265.1|G0000317
split_0015	GCA_030633595.1|G0000319
split_0015	GCA_030633635.1|G0000320
split_0015	GCA_030837285.1|G0000324
split_0015	GCA_034190145.1|G0000325
split_0015	GCA_034190245.1|G0000328
split_0015	GCA_034660795.1|G0000330
split_0015	GCA_034660895.1|G0000332
split_0015	GCA_035624185.1|G0000339
split_0015	GCA_036444275.1|G0000341
split_0015	GCA_037308085.1|G0000345
split_0015	GCA_037310415.1|G0000348
split_0015	GCA_038046745.1|G0000356
split_0015	GCA_038850485.1|G0000365
split_0015	GCA_038873015.1|G0000369
split_0015	GCA_038883335.1|G0000372
split_0015	GCA_038894255.1|G0000374
split_0015	GCA_041306005.1|G0000378
split_0015	GCA_054381475.1|G0000395
split_0015	GCF_000008645.1|G0000415
split_0015	GOMC.bin.11076|G0000429
split_0015	GOMC.bin.1512|G0000431
split_0015	GOMC.bin.2843|G0000442
split_0015	GOMC.bin.5642|G0000453
split_0015	GOMC.bin.874|G0000462
split_0016	CRR476095_bin.3|G0000002
split_0016	ERR2027894_bin.22|G0000003
split_0016	ERR2027902_bin.36|G0000005
split_0016	GCA_000166095.1|G0000007
split_0016	GCA_000309865.1|G0000011
split_0016	GCA_001273385.1|G0000013
split_0016	GCA_001399795.1|G0000014
split_0016	GCA_001507955.1|G0000016
split_0016	GCA_001593935.1|G0000022
split_0016	GCA_001742785.1|G0000026
split_0016	GCA_001766815.1|G0000028
split_0016	GCA_001914405.1|G0000031
split_0016	GCA_001940655.1|G0000033
split_0016	GCA_001940665.2|G0000034
split_0016	GCA_002010045.1|G0000036
split_0016	GCA_002010065.2|G0000037
split_0016	GCA_002010195.1|G0000040
split_0016	GCA_002010215.1|G0000043
split_0016	GCA_002011155.2|G0000046
split_0016	GCA_002494725.1|G0000053
split_0016	GCA_002503135.1|G0000061
split_0016	GCA_002507245.1|G0000065
split_0016	GCA_002897955.1|G0000069
split_0016	GCA_002923215.1|G0000071
split_0016	GCA_003034855.1|G0000074
split_0016	GCA_003133625.1|G0000077
split_0016	GCA_003194425.1|G0000080
split_0016	GCA_003661125.1|G0000087
split_0016	GCA_003662645.1|G0000092
split_0016	GCA_003695745.1|G0000093
split_0016	GCA_004212075.1|G0000096
split_0016	GCA_004212085.1|G0000098
split_0016	GCA_004376295.1|G0000101
split_0016	GCA_004376645.1|G0000104
split_0016	GCA_004524365.1|G0000106
split_0016	GCA_004524535.1|G0000110
split_0016	GCA_005191415.1|G0000112
split_0016	GCA_005191425.1|G0000115
split_0016	GCA_005223125.1|G0000116
split_0016	GCA_009889585.1|G0000119
split_0016	GCA_011364925.1|G0000122
split_0016	GCA_013331375.1|G0000128
split_0016	GCA_014730165.1|G0000133
split_0016	GCA_015520145.1|G0000137
split_0016	GCA_015520475.1|G0000138
split_0016	GCA_015660915.1|G0000143
split_0016	GCA_016212785.1|G0000146
split_0016	GCA_016839265.1|G0000150
split_0016	GCA_016839425.1|G0000153
split_0016	GCA_016839585.1|G0000156
split_0016	GCA_016840695.1|G0000167
split_0016	GCA_016926735.1|G0000170
split_0016	GCA_016931955.1|G0000172
split_0016	GCA_017883965.1|G0000180
split_0016	GCA_018396405.1|G0000183
split_0016	GCA_018396415.1|G0000185
split_0016	GCA_018396725.1|G0000188
split_0016	GCA_018397035.1|G0000194
split_0016	GCA_018830205.1|G0000195
split_0016	GCA_019057385.1|G0000200
split_0016	GCA_019058165.1|G0000203
split_0016	GCA_019058315.1|G0000207
split_0016	GCA_019058495.1|G0000210
split_0016	GCA_019429385.1|G0000212
split_0016	GCA_019685575.1|G0000214
split_0016	GCA_019894715.1|G0000217
split_0016	GCA_020352645.1|G0000220
split_0016	GCA_020355125.1|G0000221
split_0016	GCA_021108405.1|G0000224
split_0016	GCA_021157845.1|G0000226
split_0016	GCA_021158125.1|G0000228
split_0016	GCA_021498085.1|G0000232
split_0016	GCA_023131225.1|G0000239
split_0016	GCA_023252215.1|G0000242
split_0016	GCA_024860865.1|G0000249
split_0016	GCA_026014495.1|G0000254
split_0016	GCA_026015035.1|G0000257
split_0016	GCA_026015185.1|G0000260
split_0016	GCA_026015225.1|G0000263
split_0016	GCA_026989875.1|G0000265
split_0016	GCA_026989875.1|G0000266
split_0016	GCA_027021185.1|G0000268
split_0016	GCA_027051165.1|G0000271
split_0016	GCA_027051265.1|G0000272
split_0016	GCA_027068725.1|G0000275
split_0016	GCA_027068725.1|G0000277
split_0016	GCA_029259545.1|G0000289
split_0016	GCA_029838175.1|G0000292
split_0016	GCA_029932835.1|G0000298
split_0016	GCA_029934005.1|G0000299
split_0016	GCA_030018435.1|G0000301
split_0016	GCA_030605385.1|G0000307
split_0016	GCA_030610785.1|G0000309
split_0016	GCA_030611045.1|G0000310
split_0016	GCA_030615265.1|G0000317
split_0016	GCA_030633595.1|G0000319
split_0016	GCA_030633635.1|G0000320
split_0016	GCA_030837285.1|G0000324
split_0016	GCA_034190145.1|G0000325
split_0016	GCA_034190245.1|G0000328
split_0016	GCA_034660795.1|G0000330
split_0016	GCA_034660895.1|G0000332
split_0016	GCA_035531115.1|G0000337
split_0016	GCA_035624185.1|G0000339
split_0016	GCA_036444275.1|G0000341
split_0016	GCA_036446635.1|G0000343
split_0016	GCA_037308085.1|G0000345
split_0016	GCA_037310415.1|G0000348
split_0016	GCA_037443105.1|G0000352
split_0016	GCA_038046745.1|G0000356
split_0016	GCA_038850485.1|G0000365
split_0016	GCA_038873015.1|G0000369
split_0016	GCA_038883335.1|G0000372
split_0016	GCA_038894255.1|G0000374
split_0016	GCA_041306005.1|G0000378
split_0016	GCA_048887225.1|G0000384
split_0016	GCA_048939465.1|G0000387
split_0016	GCA_052626505.1|G0000393
split_0016	GCA_054381475.1|G0000395
split_0016	GCA_054383535.1|G0000401
split_0016	GCA_054383535.1|G0000402
split_0016	GCA_054383595.1|G0000404
split_0016	GCA_054384595.1|G0000407
split_0016	GCF_000008645.1|G0000415
split_0016	GCF_002153915.1|G0000424
split_0016	GOMC.bin.11076|G0000429
split_0016	GOMC.bin.1512|G0000431
split_0016	GOMC.bin.2843|G0000442
split_0016	GOMC.bin.5642|G0000453
split_0016	GOMC.bin.707|G0000456
split_0016	GOMC.bin.7887|G0000457
split_0016	GOMC.bin.874|G0000462
split_0017	CRR476095_bin.3|G0000002
split_0017	ERR2027894_bin.22|G0000003
split_0017	ERR2027902_bin.36|G0000005
split_0017	GCA_000166095.1|G0000007
split_0017	GCA_000309865.1|G0000011
split_0017	GCA_001273385.1|G0000013
split_0017	GCA_001399795.1|G0000014
split_0017	GCA_001507955.1|G0000016
split_0017	GCA_001593935.1|G0000022
split_0017	GCA_001742785.1|G0000026
split_0017	GCA_001766815.1|G0000028
split_0017	GCA_001914405.1|G0000031
split_0017	GCA_001940655.1|G0000033
split_0017	GCA_001940665.2|G0000034
split_0017	GCA_002010045.1|G0000036
split_0017	GCA_002010065.2|G0000037
split_0017	GCA_002010195.1|G0000040
split_0017	GCA_002010215.1|G0000043
split_0017	GCA_002011155.2|G0000046
split_0017	GCA_002494725.1|G0000053
split_0017	GCA_002503135.1|G0000061
split_0017	GCA_002507245.1|G0000065
split_0017	GCA_002897955.1|G0000069
split_0017	GCA_002923215.1|G0000071
split_0017	GCA_003034855.1|G0000074
split_0017	GCA_003133625.1|G0000077
split_0017	GCA_003194425.1|G0000080
split_0017	GCA_003661125.1|G0000087
split_0017	GCA_003662645.1|G0000092
split_0017	GCA_003695745.1|G0000093
split_0017	GCA_004212075.1|G0000096
split_0017	GCA_004212085.1|G0000098
split_0017	GCA_004376295.1|G0000101
split_0017	GCA_004376645.1|G0000104
split_0017	GCA_004524365.1|G0000106
split_0017	GCA_004524535.1|G0000110
split_0017	GCA_005191415.1|G0000112
split_0017	GCA_005191425.1|G0000115
split_0017	GCA_005223125.1|G0000116
split_0017	GCA_009889585.1|G0000119
split_0017	GCA_011364925.1|G0000122
split_0017	GCA_013154335.1|G0000126
split_0017	GCA_013331375.1|G0000128
split_0017	GCA_014730165.1|G0000133
split_0017	GCA_015520145.1|G0000137
split_0017	GCA_015520475.1|G0000138
split_0017	GCA_015660915.1|G0000143
split_0017	GCA_016212785.1|G0000146
split_0017	GCA_016839265.1|G0000150
split_0017	GCA_016839425.1|G0000153
split_0017	GCA_016839585.1|G0000156
split_0017	GCA_016840695.1|G0000167
split_0017	GCA_016926735.1|G0000170
split_0017	GCA_016931955.1|G0000172
split_0017	GCA_017883965.1|G0000180
split_0017	GCA_018396405.1|G0000183
split_0017	GCA_018396415.1|G0000185
split_0017	GCA_018396725.1|G0000188
split_0017	GCA_018397035.1|G0000194
split_0017	GCA_018830205.1|G0000195
split_0017	GCA_019057385.1|G0000200
split_0017	GCA_019058165.1|G0000203
split_0017	GCA_019058315.1|G0000207
split_0017	GCA_019058495.1|G0000210
split_0017	GCA_019429385.1|G0000212
split_0017	GCA_019685575.1|G0000214
split_0017	GCA_019894715.1|G0000217
split_0017	GCA_020352645.1|G0000220
split_0017	GCA_020355125.1|G0000221
split_0017	GCA_021108405.1|G0000224
split_0017	GCA_021157845.1|G0000226
split_0017	GCA_021158125.1|G0000228
split_0017	GCA_021498085.1|G0000232
split_0017	GCA_023131225.1|G0000239
split_0017	GCA_023252215.1|G0000242
split_0017	GCA_024860865.1|G0000249
split_0017	GCA_026014495.1|G0000254
split_0017	GCA_026015035.1|G0000257
split_0017	GCA_026015185.1|G0000260
split_0017	GCA_026015225.1|G0000263
split_0017	GCA_026989875.1|G0000265
split_0017	GCA_026989875.1|G0000266
split_0017	GCA_027021185.1|G0000268
split_0017	GCA_027051165.1|G0000271
split_0017	GCA_027051265.1|G0000272
split_0017	GCA_027068725.1|G0000275
split_0017	GCA_027068725.1|G0000277
split_0017	GCA_029259545.1|G0000289
split_0017	GCA_029838175.1|G0000292
split_0017	GCA_029932835.1|G0000298
split_0017	GCA_029934005.1|G0000299
split_0017	GCA_030018435.1|G0000301
split_0017	GCA_030605385.1|G0000307
split_0017	GCA_030610785.1|G0000309
split_0017	GCA_030611045.1|G0000310
split_0017	GCA_030615265.1|G0000317
split_0017	GCA_030633595.1|G0000319
split_0017	GCA_030633635.1|G0000320
split_0017	GCA_030837285.1|G0000324
split_0017	GCA_034190145.1|G0000325
split_0017	GCA_034190245.1|G0000328
split_0017	GCA_034660795.1|G0000330
split_0017	GCA_034660895.1|G0000332
split_0017	GCA_035531115.1|G0000337
split_0017	GCA_035624185.1|G0000339
split_0017	GCA_036444275.1|G0000341
split_0017	GCA_036446635.1|G0000343
split_0017	GCA_037308085.1|G0000345
split_0017	GCA_037310415.1|G0000348
split_0017	GCA_037443105.1|G0000352
split_0017	GCA_038046745.1|G0000356
split_0017	GCA_038850485.1|G0000365
split_0017	GCA_038873015.1|G0000369
split_0017	GCA_038883335.1|G0000372
split_0017	GCA_038894255.1|G0000374
split_0017	GCA_041306005.1|G0000378
split_0017	GCA_048887225.1|G0000384
split_0017	GCA_048939465.1|G0000387
split_0017	GCA_052626505.1|G0000393
split_0017	GCA_054381475.1|G0000395
split_0017	GCA_054383535.1|G0000401
split_0017	GCA_054383535.1|G0000402
split_0017	GCA_054383595.1|G0000404
split_0017	GCA_054384595.1|G0000407
split_0017	GCF_000008645.1|G0000415
split_0017	GCF_002153915.1|G0000424
split_0017	GOMC.bin.11076|G0000429
split_0017	GOMC.bin.1512|G0000431
split_0017	GOMC.bin.2843|G0000442
split_0017	GOMC.bin.5642|G0000453
split_0017	GOMC.bin.707|G0000456
split_0017	GOMC.bin.7887|G0000457
split_0017	GOMC.bin.874|G0000462
split_0018	CRR476095_bin.3|G0000002
split_0018	ERR2027894_bin.22|G0000003
split_0018	ERR2027902_bin.36|G0000005
split_0018	GCA_000166095.1|G0000007
split_0018	GCA_000309865.1|G0000011
split_0018	GCA_001273385.1|G0000013
split_0018	GCA_001399795.1|G0000014
split_0018	GCA_001507955.1|G0000016
split_0018	GCA_001593935.1|G0000022
split_0018	GCA_001742785.1|G0000026
split_0018	GCA_001766815.1|G0000028
split_0018	GCA_001914405.1|G0000031
split_0018	GCA_001940655.1|G0000033
split_0018	GCA_001940665.2|G0000034
split_0018	GCA_002010045.1|G0000036
split_0018	GCA_002010065.2|G0000037
split_0018	GCA_002010195.1|G0000040
split_0018	GCA_002010215.1|G0000043
split_0018	GCA_002011155.2|G0000046
split_0018	GCA_002490245.1|G0000052
split_0018	GCA_002494725.1|G0000053
split_0018	GCA_002503135.1|G0000061
split_0018	GCA_002507245.1|G0000065
split_0018	GCA_002897955.1|G0000069
split_0018	GCA_002923215.1|G0000071
split_0018	GCA_003034855.1|G0000074
split_0018	GCA_003133625.1|G0000077
split_0018	GCA_003194425.1|G0000080
split_0018	GCA_003661125.1|G0000087
split_0018	GCA_003662645.1|G0000092
split_0018	GCA_003695745.1|G0000093
split_0018	GCA_004212075.1|G0000096
split_0018	GCA_004212085.1|G0000098
split_0018	GCA_004376295.1|G0000101
split_0018	GCA_004376645.1|G0000104
split_0018	GCA_004524365.1|G0000106
split_0018	GCA_004524535.1|G0000110
split_0018	GCA_005191415.1|G0000112
split_0018	GCA_005191425.1|G0000115
split_0018	GCA_005223125.1|G0000116
split_0018	GCA_009889585.1|G0000119
split_0018	GCA_011364925.1|G0000122
split_0018	GCA_013154335.1|G0000126
split_0018	GCA_013331375.1|G0000128
split_0018	GCA_014730165.1|G0000133
split_0018	GCA_015520145.1|G0000137
split_0018	GCA_015520475.1|G0000138
split_0018	GCA_015660915.1|G0000143
split_0018	GCA_016212785.1|G0000146
split_0018	GCA_016839265.1|G0000150
split_0018	GCA_016839425.1|G0000153
split_0018	GCA_016839585.1|G0000156
split_0018	GCA_016840695.1|G0000167
split_0018	GCA_016926735.1|G0000170
split_0018	GCA_016931955.1|G0000172
split_0018	GCA_017883965.1|G0000180
split_0018	GCA_018396405.1|G0000183
split_0018	GCA_018396415.1|G0000185
split_0018	GCA_018396725.1|G0000188
split_0018	GCA_018397035.1|G0000194
split_0018	GCA_018830205.1|G0000195
split_0018	GCA_019057385.1|G0000200
split_0018	GCA_019058165.1|G0000203
split_0018	GCA_019058315.1|G0000207
split_0018	GCA_019058495.1|G0000210
split_0018	GCA_019429385.1|G0000212
split_0018	GCA_019685575.1|G0000214
split_0018	GCA_019894715.1|G0000217
split_0018	GCA_020352645.1|G0000220
split_0018	GCA_020355125.1|G0000221
split_0018	GCA_021108405.1|G0000224
split_0018	GCA_021157845.1|G0000226
split_0018	GCA_021158125.1|G0000228
split_0018	GCA_021498085.1|G0000232
split_0018	GCA_023131225.1|G0000239
split_0018	GCA_023252215.1|G0000242
split_0018	GCA_024860865.1|G0000249
split_0018	GCA_026014495.1|G0000254
split_0018	GCA_026015035.1|G0000257
split_0018	GCA_026015185.1|G0000260
split_0018	GCA_026015225.1|G0000263
split_0018	GCA_026989875.1|G0000265
split_0018	GCA_026989875.1|G0000266
split_0018	GCA_027021185.1|G0000268
split_0018	GCA_027051165.1|G0000271
split_0018	GCA_027051265.1|G0000272
split_0018	GCA_027068725.1|G0000275
split_0018	GCA_027068725.1|G0000277
split_0018	GCA_029259545.1|G0000289
split_0018	GCA_029838175.1|G0000292
split_0018	GCA_029932835.1|G0000298
split_0018	GCA_029934005.1|G0000299
split_0018	GCA_030018435.1|G0000301
split_0018	GCA_030605385.1|G0000307
split_0018	GCA_030610785.1|G0000309
split_0018	GCA_030611045.1|G0000310
split_0018	GCA_030615265.1|G0000317
split_0018	GCA_030633595.1|G0000319
split_0018	GCA_030633635.1|G0000320
split_0018	GCA_030837285.1|G0000324
split_0018	GCA_034190145.1|G0000325
split_0018	GCA_034190245.1|G0000328
split_0018	GCA_034660795.1|G0000330
split_0018	GCA_034660895.1|G0000332
split_0018	GCA_035531115.1|G0000337
split_0018	GCA_035624185.1|G0000339
split_0018	GCA_036444275.1|G0000341
split_0018	GCA_036446635.1|G0000343
split_0018	GCA_037308085.1|G0000345
split_0018	GCA_037310415.1|G0000348
split_0018	GCA_037443105.1|G0000352
split_0018	GCA_038046745.1|G0000356
split_0018	GCA_038850485.1|G0000365
split_0018	GCA_038873015.1|G0000369
split_0018	GCA_038883335.1|G0000372
split_0018	GCA_038894255.1|G0000374
split_0018	GCA_041306005.1|G0000378
split_0018	GCA_048887225.1|G0000384
split_0018	GCA_048939465.1|G0000387
split_0018	GCA_052626505.1|G0000393
split_0018	GCA_054381475.1|G0000395
split_0018	GCA_054383535.1|G0000401
split_0018	GCA_054383535.1|G0000402
split_0018	GCA_054383595.1|G0000404
split_0018	GCA_054384595.1|G0000407
split_0018	GCF_000008645.1|G0000415
split_0018	GCF_002153915.1|G0000424
split_0018	GOMC.bin.11076|G0000429
split_0018	GOMC.bin.1512|G0000431
split_0018	GOMC.bin.2843|G0000442
split_0018	GOMC.bin.5642|G0000453
split_0018	GOMC.bin.707|G0000456
split_0018	GOMC.bin.7887|G0000457
split_0018	GOMC.bin.874|G0000462
split_0019	CRR476095_bin.3|G0000002
split_0019	ERR2027894_bin.22|G0000003
split_0019	ERR2027902_bin.36|G0000005
split_0019	GCA_000166095.1|G0000007
split_0019	GCA_000309865.1|G0000011
split_0019	GCA_000402775.1|G0000012
split_0019	GCA_001273385.1|G0000013
split_0019	GCA_001399795.1|G0000014
split_0019	GCA_001507955.1|G0000016
split_0019	GCA_001593935.1|G0000022
split_0019	GCA_001742785.1|G0000026
split_0019	GCA_001766815.1|G0000028
split_0019	GCA_001914405.1|G0000031
split_0019	GCA_001940655.1|G0000033
split_0019	GCA_001940665.2|G0000034
split_0019	GCA_002010045.1|G0000036
split_0019	GCA_002010065.2|G0000037
split_0019	GCA_002010195.1|G0000040
split_0019	GCA_002010215.1|G0000043
split_0019	GCA_002011155.2|G0000046
split_0019	GCA_002490245.1|G0000052
split_0019	GCA_002494725.1|G0000053
split_0019	GCA_002503135.1|G0000061
split_0019	GCA_002507245.1|G0000065
split_0019	GCA_002897955.1|G0000069
split_0019	GCA_002923215.1|G0000071
split_0019	GCA_003034855.1|G0000074
split_0019	GCA_003133625.1|G0000077
split_0019	GCA_003194425.1|G0000080
split_0019	GCA_003661125.1|G0000087
split_0019	GCA_003662645.1|G0000092
split_0019	GCA_003695745.1|G0000093
split_0019	GCA_004212075.1|G0000096
split_0019	GCA_004212085.1|G0000098
split_0019	GCA_004376295.1|G0000101
split_0019	GCA_004376645.1|G0000104
split_0019	GCA_004524365.1|G0000106
split_0019	GCA_004524535.1|G0000110
split_0019	GCA_005191415.1|G0000112
split_0019	GCA_005191425.1|G0000115
split_0019	GCA_005223125.1|G0000116
split_0019	GCA_009889585.1|G0000119
split_0019	GCA_011364925.1|G0000122
split_0019	GCA_013154335.1|G0000126
split_0019	GCA_013331375.1|G0000128
split_0019	GCA_014730165.1|G0000133
split_0019	GCA_015520145.1|G0000137
split_0019	GCA_015520475.1|G0000138
split_0019	GCA_015660915.1|G0000143
split_0019	GCA_016212785.1|G0000146
split_0019	GCA_016839265.1|G0000150
split_0019	GCA_016839425.1|G0000153
split_0019	GCA_016839585.1|G0000156
split_0019	GCA_016840695.1|G0000167
split_0019	GCA_016926735.1|G0000170
split_0019	GCA_016931955.1|G0000172
split_0019	GCA_016931955.1|G0000173
split_0019	GCA_017883965.1|G0000180
split_0019	GCA_018396405.1|G0000183
split_0019	GCA_018396415.1|G0000185
split_0019	GCA_018396725.1|G0000188
split_0019	GCA_018397035.1|G0000194
split_0019	GCA_018830205.1|G0000195
split_0019	GCA_019057385.1|G0000200
split_0019	GCA_019058165.1|G0000203
split_0019	GCA_019058315.1|G0000207
split_0019	GCA_019058495.1|G0000210
split_0019	GCA_019429385.1|G0000212
split_0019	GCA_019685575.1|G0000214
split_0019	GCA_019894715.1|G0000217
split_0019	GCA_020352645.1|G0000220
split_0019	GCA_020355125.1|G0000221
split_0019	GCA_021108405.1|G0000224
split_0019	GCA_021157845.1|G0000226
split_0019	GCA_021158125.1|G0000228
split_0019	GCA_021498085.1|G0000232
split_0019	GCA_023131225.1|G0000239
split_0019	GCA_023252215.1|G0000242
split_0019	GCA_024860865.1|G0000249
split_0019	GCA_026014495.1|G0000254
split_0019	GCA_026015035.1|G0000257
split_0019	GCA_026015185.1|G0000260
split_0019	GCA_026015225.1|G0000263
split_0019	GCA_026989875.1|G0000265
split_0019	GCA_026989875.1|G0000266
split_0019	GCA_027021185.1|G0000268
split_0019	GCA_027051165.1|G0000271
split_0019	GCA_027051265.1|G0000272
split_0019	GCA_027068725.1|G0000275
split_0019	GCA_027068725.1|G0000277
split_0019	GCA_029259545.1|G0000289
split_0019	GCA_029838175.1|G0000292
split_0019	GCA_029932835.1|G0000298
split_0019	GCA_029934005.1|G0000299
split_0019	GCA_030018435.1|G0000301
split_0019	GCA_030605385.1|G0000307
split_0019	GCA_030610785.1|G0000309
split_0019	GCA_030611045.1|G0000310
split_0019	GCA_030615265.1|G0000317
split_0019	GCA_030633595.1|G0000319
split_0019	GCA_030633635.1|G0000320
split_0019	GCA_030837285.1|G0000324
split_0019	GCA_034190145.1|G0000325
split_0019	GCA_034190245.1|G0000328
split_0019	GCA_034660795.1|G0000330
split_0019	GCA_034660895.1|G0000332
split_0019	GCA_035531115.1|G0000337
split_0019	GCA_035624185.1|G0000339
split_0019	GCA_036444275.1|G0000341
split_0019	GCA_036446635.1|G0000343
split_0019	GCA_037308085.1|G0000345
split_0019	GCA_037310415.1|G0000348
split_0019	GCA_037443105.1|G0000352
split_0019	GCA_038046745.1|G0000356
split_0019	GCA_038850485.1|G0000365
split_0019	GCA_038873015.1|G0000369
split_0019	GCA_038883335.1|G0000372
split_0019	GCA_038894255.1|G0000374
split_0019	GCA_041306005.1|G0000378
split_0019	GCA_048887225.1|G0000384
split_0019	GCA_048939465.1|G0000387
split_0019	GCA_052626505.1|G0000393
split_0019	GCA_054381475.1|G0000395
split_0019	GCA_054383535.1|G0000401
split_0019	GCA_054383535.1|G0000402
split_0019	GCA_054383595.1|G0000404
split_0019	GCA_054384595.1|G0000407
split_0019	GCF_000008645.1|G0000415
split_0019	GCF_002153915.1|G0000424
split_0019	GOMC.bin.11076|G0000429
split_0019	GOMC.bin.1512|G0000431
split_0019	GOMC.bin.2843|G0000442
split_0019	GOMC.bin.5642|G0000453
split_0019	GOMC.bin.707|G0000456
split_0019	GOMC.bin.7887|G0000457
split_0019	GOMC.bin.874|G0000462
split_0020	CRR476095_bin.3|G0000002
split_0020	ERR2027894_bin.22|G0000003
split_0020	ERR2027902_bin.36|G0000005
split_0020	GCA_000166095.1|G0000007
split_0020	GCA_000309865.1|G0000011
split_0020	GCA_000402775.1|G0000012
split_0020	GCA_001273385.1|G0000013
split_0020	GCA_001399795.1|G0000014
split_0020	GCA_001507955.1|G0000016
split_0020	GCA_001593935.1|G0000022
split_0020	GCA_001742785.1|G0000026
split_0020	GCA_001766815.1|G0000028
split_0020	GCA_001914405.1|G0000031
split_0020	GCA_001940655.1|G0000033
split_0020	GCA_001940665.2|G0000034
split_0020	GCA_002010045.1|G0000036
split_0020	GCA_002010065.2|G0000037
split_0020	GCA_002010195.1|G0000040
split_0020	GCA_002010215.1|G0000043
split_0020	GCA_002011155.2|G0000046
split_0020	GCA_002490245.1|G0000052
split_0020	GCA_002494725.1|G0000053
split_0020	GCA_002503135.1|G0000061
split_0020	GCA_002507245.1|G0000065
split_0020	GCA_002897955.1|G0000069
split_0020	GCA_002923215.1|G0000071
split_0020	GCA_003034855.1|G0000074
split_0020	GCA_003133625.1|G0000077
split_0020	GCA_003194425.1|G0000080
split_0020	GCA_003661125.1|G0000087
split_0020	GCA_003662645.1|G0000092
split_0020	GCA_003695745.1|G0000093
split_0020	GCA_004212075.1|G0000096
split_0020	GCA_004212085.1|G0000098
split_0020	GCA_004376295.1|G0000101
split_0020	GCA_004376645.1|G0000104
split_0020	GCA_004524365.1|G0000106
split_0020	GCA_004524535.1|G0000110
split_0020	GCA_005191415.1|G0000112
split_0020	GCA_005191425.1|G0000115
split_0020	GCA_005223125.1|G0000116
split_0020	GCA_009889585.1|G0000119
split_0020	GCA_011364925.1|G0000122
split_0020	GCA_013154335.1|G0000126
split_0020	GCA_013331375.1|G0000128
split_0020	GCA_014730165.1|G0000133
split_0020	GCA_015520145.1|G0000137
split_0020	GCA_015520475.1|G0000138
split_0020	GCA_015660915.1|G0000143
split_0020	GCA_016212785.1|G0000146
split_0020	GCA_016839265.1|G0000150
split_0020	GCA_016839425.1|G0000153
split_0020	GCA_016839585.1|G0000156
split_0020	GCA_016840695.1|G0000167
split_0020	GCA_016926735.1|G0000170
split_0020	GCA_016931955.1|G0000172
split_0020	GCA_016931955.1|G0000173
split_0020	GCA_017883965.1|G0000180
split_0020	GCA_018396405.1|G0000183
split_0020	GCA_018396415.1|G0000185
split_0020	GCA_018396725.1|G0000188
split_0020	GCA_018397035.1|G0000194
split_0020	GCA_018830205.1|G0000195
split_0020	GCA_019057385.1|G0000200
split_0020	GCA_019058165.1|G0000203
split_0020	GCA_019058315.1|G0000207
split_0020	GCA_019058495.1|G0000210
split_0020	GCA_019429385.1|G0000212
split_0020	GCA_019685575.1|G0000214
split_0020	GCA_019894715.1|G0000217
split_0020	GCA_020352645.1|G0000220
split_0020	GCA_020355125.1|G0000221
split_0020	GCA_021108405.1|G0000224
split_0020	GCA_021157845.1|G0000226
split_0020	GCA_021158125.1|G0000228
split_0020	GCA_021498085.1|G0000232
split_0020	GCA_023131225.1|G0000239
split_0020	GCA_023252215.1|G0000242
split_0020	GCA_024860865.1|G0000249
split_0020	GCA_026014495.1|G0000254
split_0020	GCA_026015035.1|G0000257
split_0020	GCA_026015185.1|G0000260
split_0020	GCA_026015225.1|G0000263
split_0020	GCA_026989875.1|G0000265
split_0020	GCA_026989875.1|G0000266
split_0020	GCA_027021185.1|G0000268
split_0020	GCA_027051165.1|G0000271
split_0020	GCA_027051265.1|G0000272
split_0020	GCA_027068725.1|G0000275
split_0020	GCA_027068725.1|G0000277
split_0020	GCA_029259545.1|G0000289
split_0020	GCA_029838175.1|G0000292
split_0020	GCA_029932835.1|G0000298
split_0020	GCA_029934005.1|G0000299
split_0020	GCA_030018435.1|G0000301
split_0020	GCA_030605385.1|G0000307
split_0020	GCA_030610785.1|G0000309
split_0020	GCA_030611045.1|G0000310
split_0020	GCA_030615265.1|G0000317
split_0020	GCA_030633595.1|G0000319
split_0020	GCA_030633635.1|G0000320
split_0020	GCA_030750015.1|G0000321
split_0020	GCA_030750015.1|G0000322
split_0020	GCA_030837285.1|G0000324
split_0020	GCA_034190145.1|G0000325
split_0020	GCA_034190245.1|G0000328
split_0020	GCA_034660795.1|G0000330
split_0020	GCA_034660895.1|G0000332
split_0020	GCA_035531115.1|G0000337
split_0020	GCA_035624185.1|G0000339
split_0020	GCA_036444275.1|G0000341
split_0020	GCA_036446635.1|G0000343
split_0020	GCA_037308085.1|G0000345
split_0020	GCA_037310415.1|G0000348
split_0020	GCA_037443105.1|G0000352
split_0020	GCA_038046745.1|G0000356
split_0020	GCA_038850485.1|G0000365
split_0020	GCA_038873015.1|G0000369
split_0020	GCA_038883335.1|G0000372
split_0020	GCA_038894255.1|G0000374
split_0020	GCA_041306005.1|G0000378
split_0020	GCA_048887225.1|G0000384
split_0020	GCA_048939465.1|G0000387
split_0020	GCA_052626505.1|G0000393
split_0020	GCA_054381475.1|G0000395
split_0020	GCA_054383535.1|G0000401
split_0020	GCA_054383535.1|G0000402
split_0020	GCA_054383595.1|G0000404
split_0020	GCA_054384595.1|G0000407
split_0020	GCF_000008645.1|G0000415
split_0020	GCF_002153915.1|G0000424
split_0020	GOMC.bin.11076|G0000429
split_0020	GOMC.bin.1512|G0000431
split_0020	GOMC.bin.2843|G0000442
split_0020	GOMC.bin.5642|G0000453
split_0020	GOMC.bin.707|G0000456
split_0020	GOMC.bin.7887|G0000457
split_0020	GOMC.bin.874|G0000462
split_0021	CRR476095_bin.3|G0000001
split_0021	ERR2027894_bin.22|G0000004
split_0021	ERR2027902_bin.36|G0000006
split_0021	GCA_000166095.1|G0000008
split_0021	GCA_000306725.1|G0000009
split_0021	GCA_000309865.1|G0000010
split_0021	GCA_001412355.1|G0000015
split_0021	GCA_001507955.1|G0000017
split_0021	GCA_001509375.1|G0000018
split_0021	GCA_001563335.1|G0000019
split_0021	GCA_001766815.1|G0000029
split_0021	GCA_002010065.2|G0000038
split_0021	GCA_002010075.1|G0000039
split_0021	GCA_002010195.1|G0000041
split_0021	GCA_002010215.1|G0000042
split_0021	GCA_002010305.1|G0000044
split_0021	GCA_002011155.2|G0000047
split_0021	GCA_002067095.1|G0000048
split_0021	GCA_002067315.1|G0000049
split_0021	GCA_002067795.1|G0000050
split_0021	GCA_002494725.1|G0000054
split_0021	GCA_002496395.1|G0000057
split_0021	GCA_002496395.1|G0000058
split_0021	GCA_002499905.1|G0000059
split_0021	GCA_002501765.1|G0000060
split_0021	GCA_002503135.1|G0000062
split_0021	GCA_002503885.1|G0000063
split_0021	GCA_002506015.1|G0000064
split_0021	GCA_002813105.2|G0000067
split_0021	GCA_002839545.1|G0000068
split_0021	GCA_002897955.1|G0000070
split_0021	GCA_002923215.1|G0000072
split_0021	GCA_002923215.1|G0000073
split_0021	GCA_003104905.1|G0000075
split_0021	GCA_003144275.1|G0000078
split_0021	GCA_003194425.1|G0000079
split_0021	GCA_003194445.1|G0000081
split_0021	GCA_003661125.1|G0000086
split_0021	GCA_003695745.1|G0000094
split_0021	GCA_004193545.1|G0000095
split_0021	GCA_004212075.1|G0000097
split_0021	GCA_004212085.1|G0000099
split_0021	GCA_004524435.1|G0000107
split_0021	GCA_004524445.1|G0000108
split_0021	GCA_008080745.1|G0000118
split_0021	GCA_011048835.1|G0000121
split_0021	GCA_011364985.1|G0000124
split_0021	GCA_013331375.1|G0000127
split_0021	GCA_013388835.1|G0000129
split_0021	GCA_014728035.1|G0000131
split_0021	GCA_014859725.1|G0000135
split_0021	GCA_015520145.1|G0000136
split_0021	GCA_015523685.1|G0000140
split_0021	GCA_015660865.1|G0000141
split_0021	GCA_015660865.1|G0000142
split_0021	GCA_015660915.1|G0000144
split_0021	GCA_015661555.1|G0000145
split_0021	GCA_016839445.1|G0000154
split_0021	GCA_016840065.1|G0000159
split_0021	GCA_016840135.1|G0000160
split_0021	GCA_016840425.1|G0000163
split_0021	GCA_016841265.1|G0000168
split_0021	GCA_016841485.1|G0000169
split_0021	GCA_016937345.1|G0000177
split_0021	GCA_017883965.1|G0000181
split_0021	GCA_018263395.1|G0000182
split_0021	GCA_018397035.1|G0000193
split_0021	GCA_018830205.1|G0000196
split_0021	GCA_019058495.1|G0000211
split_0021	GCA_019429385.1|G0000213
split_0021	GCA_020348985.1|G0000218
split_0021	GCA_021108405.1|G0000225
split_0021	GCA_021498125.1|G0000233
split_0021	GCA_023131225.1|G0000240
split_0021	GCA_023229165.1|G0000241
split_0021	GCA_024275415.1|G0000245
split_0021	GCA_024276825.1|G0000247
split_0021	GCA_024860865.1|G0000248
split_0021	GCA_025839675.1|G0000253
split_0021	GCA_026015185.1|G0000261
split_0021	GCA_026015225.1|G0000262
split_0021	GCA_026989875.1|G0000264
split_0021	GCA_027021185.1|G0000267
split_0021	GCA_027031765.1|G0000269
split_0021	GCA_027051165.1|G0000270
split_0021	GCA_027051265.1|G0000273
split_0021	GCA_027051265.1|G0000274
split_0021	GCA_028678665.1|G0000281
split_0021	GCA_028678665.1|G0000282
split_0021	GCA_029210805.1|G0000283
split_0021	GCA_029259545.1|G0000290
split_0021	GCA_029855935.1|G0000294
split_0021	GCA_029907705.1|G0000297
split_0021	GCA_030019205.1|G0000303
split_0021	GCA_030605385.1|G0000306
split_0021	GCA_030611045.1|G0000311
split_0021	GCA_030611265.1|G0000312
split_0021	GCA_030611625.1|G0000313
split_0021	GCA_030612005.1|G0000314
split_0021	GCA_030612265.1|G0000315
split_0021	GCA_030627385.1|G0000318
split_0021	GCA_034190145.1|G0000326
split_0021	GCA_034190245.1|G0000327
split_0021	GCA_034659235.1|G0000329
split_0021	GCA_035624185.1|G0000338
split_0021	GCA_036444275.1|G0000342
split_0021	GCA_037308085.1|G0000346
split_0021	GCA_037310415.1|G0000349
split_0021	GCA_037443105.1|G0000353
split_0021	GCA_038046745.1|G0000355
split_0021	GCA_038825165.1|G0000362
split_0021	GCA_040776445.1|G0000376
split_0021	GCA_046546175.1|G0000380
split_0021	GCA_048882045.1|G0000381
split_0021	GCA_048939465.1|G0000389
split_0021	GCA_052584815.1|G0000391
split_0021	GCA_054381495.1|G0000398
split_0021	GCA_054390655.1|G0000410
split_0021	GCA_905171695.1|G0000411
split_0021	GCA_963677995.1|G0000412
split_0021	GCA_974486395.1|G0000413
split_0021	GCF_000008645.1|G0000414
split_0021	GCF_000011005.1|G0000416
split_0021	GCF_000016125.1|G0000417
split_0021	GCF_000023985.1|G0000418
split_0021	GCF_000214415.1|G0000419
split_0021	GCF_000275865.1|G0000420
split_0021	GCF_000327485.1|G0000421
split_0021	GCF_000327485.1|G0000422
split_0021	GCF_000711905.1|G0000423
split_0021	GCF_004102725.1|G0000425
split_0021	GCF_021023085.1|G0000426
split_0021	GCF_946463545.1|G0000427
split_0021	GOMC.bin.11076|G0000428
split_0021	GOMC.bin.2765|G0000440
split_0021	GOMC.bin.707|G0000455
split_0021	GOMC.bin.7887|G0000458
split_0021	GOMC.bin.831|G0000460
split_0021	GOMC.bin.874|G0000461
split_0022	CRR476095_bin.3|G0000001
split_0022	ERR2027894_bin.22|G0000004
split_0022	ERR2027902_bin.36|G0000006
split_0022	GCA_000166095.1|G0000008
split_0022	GCA_000306725.1|G0000009
split_0022	GCA_000309865.1|G0000010
split_0022	GCA_001412355.1|G0000015
split_0022	GCA_001507955.1|G0000017
split_0022	GCA_001509375.1|G0000018
split_0022	GCA_001563335.1|G0000019
split_0022	GCA_001766815.1|G0000029
split_0022	GCA_002010075.1|G0000039
split_0022	GCA_002010195.1|G0000041
split_0022	GCA_002010215.1|G0000042
split_0022	GCA_002010305.1|G0000044
split_0022	GCA_002011155.2|G0000047
split_0022	GCA_002067095.1|G0000048
split_0022	GCA_002067315.1|G0000049
split_0022	GCA_002067795.1|G0000050
split_0022	GCA_002494725.1|G0000054
split_0022	GCA_002496395.1|G0000057
split_0022	GCA_002496395.1|G0000058
split_0022	GCA_002499905.1|G0000059
split_0022	GCA_002501765.1|G0000060
split_0022	GCA_002503135.1|G0000062
split_0022	GCA_002503885.1|G0000063
split_0022	GCA_002506015.1|G0000064
split_0022	GCA_002813105.2|G0000067
split_0022	GCA_002839545.1|G0000068
split_0022	GCA_003104905.1|G0000075
split_0022	GCA_003144275.1|G0000078
split_0022	GCA_003194425.1|G0000079
split_0022	GCA_003194445.1|G0000081
split_0022	GCA_003661125.1|G0000086
split_0022	GCA_004193545.1|G0000095
split_0022	GCA_004212075.1|G0000097
split_0022	GCA_004212085.1|G0000099
split_0022	GCA_004524435.1|G0000107
split_0022	GCA_004524445.1|G0000108
split_0022	GCA_008080745.1|G0000118
split_0022	GCA_011048835.1|G0000121
split_0022	GCA_011364985.1|G0000124
split_0022	GCA_013331375.1|G0000127
split_0022	GCA_013388835.1|G0000129
split_0022	GCA_014728035.1|G0000131
split_0022	GCA_014859725.1|G0000135
split_0022	GCA_015523685.1|G0000140
split_0022	GCA_015660865.1|G0000141
split_0022	GCA_015660865.1|G0000142
split_0022	GCA_015660915.1|G0000144
split_0022	GCA_015661555.1|G0000145
split_0022	GCA_016839445.1|G0000154
split_0022	GCA_016840065.1|G0000159
split_0022	GCA_016840135.1|G0000160
split_0022	GCA_016840425.1|G0000163
split_0022	GCA_016841265.1|G0000168
split_0022	GCA_016841485.1|G0000169
split_0022	GCA_016937345.1|G0000177
split_0022	GCA_017883965.1|G0000181
split_0022	GCA_018263395.1|G0000182
split_0022	GCA_018397035.1|G0000193
split_0022	GCA_019058495.1|G0000211
split_0022	GCA_019429385.1|G0000213
split_0022	GCA_020348985.1|G0000218
split_0022	GCA_021108405.1|G0000225
split_0022	GCA_021498125.1|G0000233
split_0022	GCA_023131225.1|G0000240
split_0022	GCA_023229165.1|G0000241
split_0022	GCA_024275415.1|G0000245
split_0022	GCA_024276825.1|G0000247
split_0022	GCA_024860865.1|G0000248
split_0022	GCA_025839675.1|G0000253
split_0022	GCA_026015185.1|G0000261
split_0022	GCA_026015225.1|G0000262
split_0022	GCA_027031765.1|G0000269
split_0022	GCA_027051165.1|G0000270
split_0022	GCA_027051265.1|G0000273
split_0022	GCA_027051265.1|G0000274
split_0022	GCA_028678665.1|G0000281
split_0022	GCA_028678665.1|G0000282
split_0022	GCA_029210805.1|G0000283
split_0022	GCA_029259545.1|G0000290
split_0022	GCA_029855935.1|G0000294
split_0022	GCA_029907705.1|G0000297
split_0022	GCA_030019205.1|G0000303
split_0022	GCA_030605385.1|G0000306
split_0022	GCA_030611045.1|G0000311
split_0022	GCA_030611265.1|G0000312
split_0022	GCA_030611625.1|G0000313
split_0022	GCA_030612005.1|G0000314
split_0022	GCA_030612265.1|G0000315
split_0022	GCA_030627385.1|G0000318
split_0022	GCA_034190145.1|G0000326
split_0022	GCA_034190245.1|G0000327
split_0022	GCA_034659235.1|G0000329
split_0022	GCA_035624185.1|G0000338
split_0022	GCA_037308085.1|G0000346
split_0022	GCA_037310415.1|G0000349
split_0022	GCA_037443105.1|G0000353
split_0022	GCA_038825165.1|G0000362
split_0022	GCA_040776445.1|G0000376
split_0022	GCA_046546175.1|G0000380
split_0022	GCA_048882045.1|G0000381
split_0022	GCA_048939465.1|G0000389
split_0022	GCA_052584815.1|G0000391
split_0022	GCA_054381495.1|G0000398
split_0022	GCA_054390655.1|G0000410
split_0022	GCA_905171695.1|G0000411
split_0022	GCA_963677995.1|G0000412
split_0022	GCA_974486395.1|G0000413
split_0022	GCF_000008645.1|G0000414
split_0022	GCF_000011005.1|G0000416
split_0022	GCF_000016125.1|G0000417
split_0022	GCF_000023985.1|G0000418
split_0022	GCF_000214415.1|G0000419
split_0022	GCF_000275865.1|G0000420
split_0022	GCF_000327485.1|G0000421
split_0022	GCF_000327485.1|G0000422
split_0022	GCF_000711905.1|G0000423
split_0022	GCF_004102725.1|G0000425
split_0022	GCF_021023085.1|G0000426
split_0022	GCF_946463545.1|G0000427
split_0022	GOMC.bin.11076|G0000428
split_0022	GOMC.bin.707|G0000455
split_0022	GOMC.bin.831|G0000460
split_0023	CRR476095_bin.3|G0000001
split_0023	ERR2027894_bin.22|G0000004
split_0023	ERR2027902_bin.36|G0000006
split_0023	GCA_000166095.1|G0000008
split_0023	GCA_000306725.1|G0000009
split_0023	GCA_000309865.1|G0000010
split_0023	GCA_001412355.1|G0000015
split_0023	GCA_001507955.1|G0000017
split_0023	GCA_001509375.1|G0000018
split_0023	GCA_001563335.1|G0000019
split_0023	GCA_001766815.1|G0000029
split_0023	GCA_002010075.1|G0000039
split_0023	GCA_002010195.1|G0000041
split_0023	GCA_002010215.1|G0000042
split_0023	GCA_002010305.1|G0000044
split_0023	GCA_002011155.2|G0000047
split_0023	GCA_002067095.1|G0000048
split_0023	GCA_002067315.1|G0000049
split_0023	GCA_002067795.1|G0000050
split_0023	GCA_002494725.1|G0000054
split_0023	GCA_002496395.1|G0000057
split_0023	GCA_002496395.1|G0000058
split_0023	GCA_002499905.1|G0000059
split_0023	GCA_002501765.1|G0000060
split_0023	GCA_002503135.1|G0000062
split_0023	GCA_002503885.1|G0000063
split_0023	GCA_002506015.1|G0000064
split_0023	GCA_002813105.2|G0000067
split_0023	GCA_002839545.1|G0000068
split_0023	GCA_003104905.1|G0000075
split_0023	GCA_003144275.1|G0000078
split_0023	GCA_003194425.1|G0000079
split_0023	GCA_003194445.1|G0000081
split_0023	GCA_003661125.1|G0000086
split_0023	GCA_004193545.1|G0000095
split_0023	GCA_004212075.1|G0000097
split_0023	GCA_004212085.1|G0000099
split_0023	GCA_004524435.1|G0000107
split_0023	GCA_004524445.1|G0000108
split_0023	GCA_008080745.1|G0000118
split_0023	GCA_011048835.1|G0000121
split_0023	GCA_011364985.1|G0000124
split_0023	GCA_013331375.1|G0000127
split_0023	GCA_013388835.1|G0000129
split_0023	GCA_014728035.1|G0000131
split_0023	GCA_014859725.1|G0000135
split_0023	GCA_015523685.1|G0000140
split_0023	GCA_015660865.1|G0000141
split_0023	GCA_015660865.1|G0000142
split_0023	GCA_015660915.1|G0000144
split_0023	GCA_015661555.1|G0000145
split_0023	GCA_016839445.1|G0000154
split_0023	GCA_016841265.1|G0000168
split_0023	GCA_016841485.1|G0000169
split_0023	GCA_016937345.1|G0000177
split_0023	GCA_017883965.1|G0000181
split_0023	GCA_019429385.1|G0000213
split_0023	GCA_020348985.1|G0000218
split_0023	GCA_021108405.1|G0000225
split_0023	GCA_021498125.1|G0000233
split_0023	GCA_023229165.1|G0000241
split_0023	GCA_024275415.1|G0000245
split_0023	GCA_024276825.1|G0000247
split_0023	GCA_025839675.1|G0000253
split_0023	GCA_027031765.1|G0000269
split_0023	GCA_028678665.1|G0000281
split_0023	GCA_028678665.1|G0000282
split_0023	GCA_029210805.1|G0000283
split_0023	GCA_029259545.1|G0000290
split_0023	GCA_029855935.1|G0000294
split_0023	GCA_029907705.1|G0000297
split_0023	GCA_030019205.1|G0000303
split_0023	GCA_030605385.1|G0000306
split_0023	GCA_030611045.1|G0000311
split_0023	GCA_030611265.1|G0000312
split_0023	GCA_030611625.1|G0000313
split_0023	GCA_030612005.1|G0000314
split_0023	GCA_030612265.1|G0000315
split_0023	GCA_030627385.1|G0000318
split_0023	GCA_034190145.1|G0000326
split_0023	GCA_034190245.1|G0000327
split_0023	GCA_034659235.1|G0000329
split_0023	GCA_035624185.1|G0000338
split_0023	GCA_037443105.1|G0000353
split_0023	GCA_038825165.1|G0000362
split_0023	GCA_040776445.1|G0000376
split_0023	GCA_046546175.1|G0000380
split_0023	GCA_048882045.1|G0000381
split_0023	GCA_052584815.1|G0000391
split_0023	GCA_054381495.1|G0000398
split_0023	GCA_054390655.1|G0000410
split_0023	GCA_905171695.1|G0000411
split_0023	GCA_963677995.1|G0000412
split_0023	GCA_974486395.1|G0000413
split_0023	GCF_000008645.1|G0000414
split_0023	GCF_000011005.1|G0000416
split_0023	GCF_000016125.1|G0000417
split_0023	GCF_000023985.1|G0000418
split_0023	GCF_000214415.1|G0000419
split_0023	GCF_000275865.1|G0000420
split_0023	GCF_000327485.1|G0000421
split_0023	GCF_000327485.1|G0000422
split_0023	GCF_000711905.1|G0000423
split_0023	GCF_004102725.1|G0000425
split_0023	GCF_021023085.1|G0000426
split_0023	GCF_946463545.1|G0000427
split_0023	GOMC.bin.11076|G0000428
split_0023	GOMC.bin.707|G0000455
split_0023	GOMC.bin.831|G0000460
split_0024	CRR476095_bin.3|G0000001
split_0024	ERR2027894_bin.22|G0000004
split_0024	ERR2027902_bin.36|G0000006
split_0024	GCA_000166095.1|G0000008
split_0024	GCA_000306725.1|G0000009
split_0024	GCA_000309865.1|G0000010
split_0024	GCA_001412355.1|G0000015
split_0024	GCA_001507955.1|G0000017
split_0024	GCA_001509375.1|G0000018
split_0024	GCA_001766815.1|G0000029
split_0024	GCA_002010075.1|G0000039
split_0024	GCA_002010195.1|G0000041
split_0024	GCA_002010215.1|G0000042
split_0024	GCA_002010305.1|G0000044
split_0024	GCA_002011155.2|G0000047
split_0024	GCA_002067095.1|G0000048
split_0024	GCA_002067315.1|G0000049
split_0024	GCA_002067795.1|G0000050
split_0024	GCA_002494725.1|G0000054
split_0024	GCA_002496395.1|G0000057
split_0024	GCA_002496395.1|G0000058
split_0024	GCA_002499905.1|G0000059
split_0024	GCA_002501765.1|G0000060
split_0024	GCA_002503135.1|G0000062
split_0024	GCA_002503885.1|G0000063
split_0024	GCA_002506015.1|G0000064
split_0024	GCA_002813105.2|G0000067
split_0024	GCA_002839545.1|G0000068
split_0024	GCA_003104905.1|G0000075
split_0024	GCA_003144275.1|G0000078
split_0024	GCA_003194425.1|G0000079
split_0024	GCA_003194445.1|G0000081
split_0024	GCA_003661125.1|G0000086
split_0024	GCA_004193545.1|G0000095
split_0024	GCA_004212075.1|G0000097
split_0024	GCA_004212085.1|G0000099
split_0024	GCA_011048835.1|G0000121
split_0024	GCA_013331375.1|G0000127
split_0024	GCA_014859725.1|G0000135
split_0024	GCA_015523685.1|G0000140
split_0024	GCA_015660865.1|G0000141
split_0024	GCA_015660865.1|G0000142
split_0024	GCA_015660915.1|G0000144
split_0024	GCA_015661555.1|G0000145
split_0024	GCA_016841265.1|G0000168
split_0024	GCA_016841485.1|G0000169
split_0024	GCA_016937345.1|G0000177
split_0024	GCA_017883965.1|G0000181
split_0024	GCA_019429385.1|G0000213
split_0024	GCA_021108405.1|G0000225
split_0024	GCA_023229165.1|G0000241
split_0024	GCA_025839675.1|G0000253
split_0024	GCA_028678665.1|G0000281
split_0024	GCA_028678665.1|G0000282
split_0024	GCA_029259545.1|G0000290
split_0024	GCA_029907705.1|G0000297
split_0024	GCA_030019205.1|G0000303
split_0024	GCA_030605385.1|G0000306
split_0024	GCA_030611045.1|G0000311
split_0024	GCA_030611265.1|G0000312
split_0024	GCA_030611625.1|G0000313
split_0024	GCA_030612265.1|G0000315
split_0024	GCA_030627385.1|G0000318
split_0024	GCA_034190145.1|G0000326
split_0024	GCA_034190245.1|G0000327
split_0024	GCA_034659235.1|G0000329
split_0024	GCA_035624185.1|G0000338
split_0024	GCA_037443105.1|G0000353
split_0024	GCA_040776445.1|G0000376
split_0024	GCA_046546175.1|G0000380
split_0024	GCA_905171695.1|G0000411
split_0024	GCA_963677995.1|G0000412
split_0024	GCA_974486395.1|G0000413
split_0024	GCF_000008645.1|G0000414
split_0024	GCF_000011005.1|G0000416
split_0024	GCF_000016125.1|G0000417
split_0024	GCF_000023985.1|G0000418
split_0024	GCF_000214415.1|G0000419
split_0024	GCF_000275865.1|G0000420
split_0024	GCF_000327485.1|G0000421
split_0024	GCF_000327485.1|G0000422
split_0024	GCF_000711905.1|G0000423
split_0024	GCF_004102725.1|G0000425
split_0024	GCF_021023085.1|G0000426
split_0024	GCF_946463545.1|G0000427
split_0024	GOMC.bin.11076|G0000428
split_0024	GOMC.bin.707|G0000455
split_0024	GOMC.bin.831|G0000460
split_0025	CRR476095_bin.3|G0000001
split_0025	ERR2027894_bin.22|G0000004
split_0025	ERR2027902_bin.36|G0000006
split_0025	GCA_000166095.1|G0000008
split_0025	GCA_000309865.1|G0000010
split_0025	GCA_001412355.1|G0000015
split_0025	GCA_001507955.1|G0000017
split_0025	GCA_002011155.2|G0000047
split_0025	GCA_002067095.1|G0000048
split_0025	GCA_002067315.1|G0000049
split_0025	GCA_002496395.1|G0000057
split_0025	GCA_002496395.1|G0000058
split_0025	GCA_002499905.1|G0000059
split_0025	GCA_002503135.1|G0000062
split_0025	GCA_002503885.1|G0000063
split_0025	GCA_003144275.1|G0000078
split_0025	GCA_011048835.1|G0000121
split_0025	GCA_015660865.1|G0000141
split_0025	GCA_015660865.1|G0000142
split_0025	GCA_015660915.1|G0000144
split_0025	GCA_015661555.1|G0000145
split_0025	GCA_016841485.1|G0000169
split_0025	GCA_016937345.1|G0000177
split_0025	GCA_028678665.1|G0000281
split_0025	GCA_028678665.1|G0000282
split_0025	GCA_029907705.1|G0000297
split_0025	GCA_030019205.1|G0000303
split_0025	GCA_030605385.1|G0000306
split_0025	GCA_034190145.1|G0000326
split_0025	GCA_034190245.1|G0000327
split_0025	GCA_035624185.1|G0000338
split_0025	GCA_037443105.1|G0000353
split_0025	GCA_040776445.1|G0000376
split_0025	GCA_963677995.1|G0000412
split_0025	GCF_000008645.1|G0000414
split_0025	GCF_000011005.1|G0000416
split_0025	GCF_000016125.1|G0000417
split_0025	GCF_000023985.1|G0000418
split_0025	GCF_000214415.1|G0000419
split_0025	GCF_000275865.1|G0000420
split_0025	GCF_000327485.1|G0000421
split_0025	GCF_000327485.1|G0000422
split_0025	GCF_004102725.1|G0000425
split_0025	GCF_021023085.1|G0000426
split_0025	GCF_946463545.1|G0000427
split_0025	GOMC.bin.11076|G0000428
split_0025	GOMC.bin.831|G0000460
split_0026	CRR476095_bin.3|G0000001
split_0026	ERR2027894_bin.22|G0000004
split_0026	ERR2027902_bin.36|G0000006
split_0026	GCA_000166095.1|G0000008
split_0026	GCA_000309865.1|G0000010
split_0026	GCA_001507955.1|G0000017
split_0026	GCA_015661555.1|G0000145
split_0026	GCF_000008645.1|G0000414
split_0026	GCF_000016125.1|G0000417
split_0026	GCF_000023985.1|G0000418
split_0026	GCF_000214415.1|G0000419
split_0026	GCF_946463545.1|G0000427
split_0027	CRR476095_bin.3|G0000001
split_0027	ERR2027894_bin.22|G0000004
split_0027	ERR2027902_bin.36|G0000006
split_0027	GCA_000309865.1|G0000010
split_0027	GCA_001507955.1|G0000017
split_0027	GCA_015661555.1|G0000145
split_0027	GCF_000008645.1|G0000414
split_0027	GCF_000016125.1|G0000417
split_0027	GCF_000023985.1|G0000418
split_0027	GCF_000214415.1|G0000419
split_0027	GCF_946463545.1|G0000427
split_0028	CRR476095_bin.3|G0000001
split_0028	ERR2027894_bin.22|G0000004
split_0028	ERR2027902_bin.36|G0000006
split_0028	GCA_001507955.1|G0000017
split_0028	GCA_015661555.1|G0000145
split_0028	GCF_000008645.1|G0000414
split_0028	GCF_000016125.1|G0000417
split_0028	GCF_000023985.1|G0000418
split_0028	GCF_000214415.1|G0000419
split_0028	GCF_946463545.1|G0000427
split_0029	CRR476095_bin.3|G0000001
split_0029	ERR2027894_bin.22|G0000004
split_0029	ERR2027902_bin.36|G0000006
split_0029	GCA_015661555.1|G0000145
split_0029	GCF_000016125.1|G0000417
split_0029	GCF_000023985.1|G0000418
split_0029	GCF_000214415.1|G0000419
split_0029	GCF_946463545.1|G0000427
split_0030	CRR476095_bin.3|G0000001
split_0030	ERR2027894_bin.22|G0000004
split_0030	ERR2027902_bin.36|G0000006
split_0031	ERR2027894_bin.22|G0000004
split_0031	ERR2027902_bin.36|G0000006
split_0032	GCA_015661555.1|G0000145
split_0032	GCF_000016125.1|G0000417
split_0032	GCF_000023985.1|G0000418
split_0032	GCF_000214415.1|G0000419
split_0032	GCF_946463545.1|G0000427
split_0033	GCA_015661555.1|G0000145
split_0033	GCF_000016125.1|G0000417
split_0033	GCF_000023985.1|G0000418
split_0033	GCF_946463545.1|G0000427
split_0034	GCA_015661555.1|G0000145
split_0034	GCF_000016125.1|G0000417
split_0034	GCF_946463545.1|G0000427
split_0035	GCF_000016125.1|G0000417
split_0035	GCF_946463545.1|G0000427
split_0036	GCA_001507955.1|G0000017
split_0036	GCF_000008645.1|G0000414
split_0037	GCA_001412355.1|G0000015
split_0037	GCA_002011155.2|G0000047
split_0037	GCA_002067095.1|G0000048
split_0037	GCA_002067315.1|G0000049
split_0037	GCA_002496395.1|G0000057
split_0037	GCA_002496395.1|G0000058
split_0037	GCA_002499905.1|G0000059
split_0037	GCA_002503135.1|G0000062
split_0037	GCA_002503885.1|G0000063
split_0037	GCA_003144275.1|G0000078
split_0037	GCA_011048835.1|G0000121
split_0037	GCA_015660865.1|G0000141
split_0037	GCA_015660865.1|G0000142
split_0037	GCA_015660915.1|G0000144
split_0037	GCA_016841485.1|G0000169
split_0037	GCA_016937345.1|G0000177
split_0037	GCA_028678665.1|G0000281
split_0037	GCA_028678665.1|G0000282
split_0037	GCA_029907705.1|G0000297
split_0037	GCA_030019205.1|G0000303
split_0037	GCA_030605385.1|G0000306
split_0037	GCA_034190145.1|G0000326
split_0037	GCA_034190245.1|G0000327
split_0037	GCA_035624185.1|G0000338
split_0037	GCA_037443105.1|G0000353
split_0037	GCA_040776445.1|G0000376
split_0037	GCA_963677995.1|G0000412
split_0037	GCF_000011005.1|G0000416
split_0037	GCF_000275865.1|G0000420
split_0037	GCF_000327485.1|G0000421
split_0037	GCF_000327485.1|G0000422
split_0037	GCF_004102725.1|G0000425
split_0037	GCF_021023085.1|G0000426
split_0037	GOMC.bin.11076|G0000428
split_0037	GOMC.bin.831|G0000460
split_0038	GCA_001412355.1|G0000015
split_0038	GCA_002011155.2|G0000047
split_0038	GCA_002067095.1|G0000048
split_0038	GCA_002067315.1|G0000049
split_0038	GCA_002496395.1|G0000057
split_0038	GCA_002496395.1|G0000058
split_0038	GCA_002499905.1|G0000059
split_0038	GCA_002503135.1|G0000062
split_0038	GCA_002503885.1|G0000063
split_0038	GCA_011048835.1|G0000121
split_0038	GCA_015660865.1|G0000141
split_0038	GCA_015660865.1|G0000142
split_0038	GCA_015660915.1|G0000144
split_0038	GCA_016841485.1|G0000169
split_0038	GCA_016937345.1|G0000177
split_0038	GCA_028678665.1|G0000281
split_0038	GCA_028678665.1|G0000282
split_0038	GCA_029907705.1|G0000297
split_0038	GCA_030019205.1|G0000303
split_0038	GCA_030605385.1|G0000306
split_0038	GCA_035624185.1|G0000338
split_0038	GCA_040776445.1|G0000376
split_0038	GCA_963677995.1|G0000412
split_0038	GCF_000011005.1|G0000416
split_0038	GCF_000275865.1|G0000420
split_0038	GCF_000327485.1|G0000421
split_0038	GCF_000327485.1|G0000422
split_0038	GCF_004102725.1|G0000425
split_0038	GCF_021023085.1|G0000426
split_0038	GOMC.bin.831|G0000460
split_0039	GCA_001412355.1|G0000015
split_0039	GCA_002067095.1|G0000048
split_0039	GCA_002067315.1|G0000049
split_0039	GCA_002496395.1|G0000057
split_0039	GCA_002496395.1|G0000058
split_0039	GCA_002499905.1|G0000059
split_0039	GCA_002503135.1|G0000062
split_0039	GCA_002503885.1|G0000063
split_0039	GCA_011048835.1|G0000121
split_0039	GCA_015660865.1|G0000141
split_0039	GCA_015660865.1|G0000142
split_0039	GCA_015660915.1|G0000144
split_0039	GCA_016841485.1|G0000169
split_0039	GCA_016937345.1|G0000177
split_0039	GCA_028678665.1|G0000281
split_0039	GCA_028678665.1|G0000282
split_0039	GCA_029907705.1|G0000297
split_0039	GCA_030019205.1|G0000303
split_0039	GCA_035624185.1|G0000338
split_0039	GCA_040776445.1|G0000376
split_0039	GCA_963677995.1|G0000412
split_0039	GCF_000011005.1|G0000416
split_0039	GCF_000275865.1|G0000420
split_0039	GCF_000327485.1|G0000421
split_0039	GCF_000327485.1|G0000422
split_0039	GCF_004102725.1|G0000425
split_0039	GCF_021023085.1|G0000426
split_0039	GOMC.bin.831|G0000460
split_0040	GCA_001412355.1|G0000015
split_0040	GCA_002067095.1|G0000048
split_0040	GCA_002496395.1|G0000057
split_0040	GCA_002496395.1|G0000058
split_0040	GCA_002499905.1|G0000059
split_0040	GCA_002503135.1|G0000062
split_0040	GCA_002503885.1|G0000063
split_0040	GCA_011048835.1|G0000121
split_0040	GCA_015660865.1|G0000141
split_0040	GCA_015660865.1|G0000142
split_0040	GCA_016841485.1|G0000169
split_0040	GCA_016937345.1|G0000177
split_0040	GCA_028678665.1|G0000281
split_0040	GCA_028678665.1|G0000282
split_0040	GCA_029907705.1|G0000297
split_0040	GCA_030019205.1|G0000303
split_0040	GCA_040776445.1|G0000376
split_0040	GCA_963677995.1|G0000412
split_0040	GCF_000275865.1|G0000420
split_0040	GCF_000327485.1|G0000421
split_0040	GCF_000327485.1|G0000422
split_0040	GCF_004102725.1|G0000425
split_0040	GOMC.bin.831|G0000460
split_0041	GCA_001412355.1|G0000015
split_0041	GCA_002067095.1|G0000048
split_0041	GCA_002496395.1|G0000057
split_0041	GCA_002499905.1|G0000059
split_0041	GCA_002503135.1|G0000062
split_0041	GCA_002503885.1|G0000063
split_0041	GCA_011048835.1|G0000121
split_0041	GCA_015660865.1|G0000141
split_0041	GCA_015660865.1|G0000142
split_0041	GCA_016841485.1|G0000169
split_0041	GCA_016937345.1|G0000177
split_0041	GCA_028678665.1|G0000281
split_0041	GCA_028678665.1|G0000282
split_0041	GCA_029907705.1|G0000297
split_0041	GCA_030019205.1|G0000303
split_0041	GCA_040776445.1|G0000376
split_0041	GCF_000275865.1|G0000420
split_0041	GCF_000327485.1|G0000421
split_0041	GCF_000327485.1|G0000422
split_0041	GCF_004102725.1|G0000425
split_0041	GOMC.bin.831|G0000460
split_0042	GCA_001412355.1|G0000015
split_0042	GCA_002067095.1|G0000048
split_0042	GCA_002496395.1|G0000057
split_0042	GCA_002499905.1|G0000059
split_0042	GCA_002503135.1|G0000062
split_0042	GCA_002503885.1|G0000063
split_0042	GCA_011048835.1|G0000121
split_0042	GCA_015660865.1|G0000141
split_0042	GCA_016841485.1|G0000169
split_0042	GCA_016937345.1|G0000177
split_0042	GCA_028678665.1|G0000281
split_0042	GCA_028678665.1|G0000282
split_0042	GCA_029907705.1|G0000297
split_0042	GCA_030019205.1|G0000303
split_0042	GCA_040776445.1|G0000376
split_0042	GCF_000275865.1|G0000420
split_0042	GCF_000327485.1|G0000421
split_0042	GCF_000327485.1|G0000422
split_0042	GCF_004102725.1|G0000425
split_0042	GOMC.bin.831|G0000460
split_0043	GCA_001412355.1|G0000015
split_0043	GCA_002067095.1|G0000048
split_0043	GCA_002496395.1|G0000057
split_0043	GCA_002499905.1|G0000059
split_0043	GCA_002503135.1|G0000062
split_0043	GCA_002503885.1|G0000063
split_0043	GCA_011048835.1|G0000121
split_0043	GCA_015660865.1|G0000141
split_0043	GCA_016841485.1|G0000169
split_0043	GCA_016937345.1|G0000177
split_0043	GCA_028678665.1|G0000281
split_0043	GCA_028678665.1|G0000282
split_0043	GCA_029907705.1|G0000297
split_0043	GCA_040776445.1|G0000376
split_0043	GCF_000275865.1|G0000420
split_0043	GCF_000327485.1|G0000421
split_0043	GCF_000327485.1|G0000422
split_0043	GCF_004102725.1|G0000425
split_0043	GOMC.bin.831|G0000460
split_0044	GCA_001412355.1|G0000015
split_0044	GCA_002067095.1|G0000048
split_0044	GCA_002496395.1|G0000057
split_0044	GCA_002499905.1|G0000059
split_0044	GCA_002503135.1|G0000062
split_0044	GCA_002503885.1|G0000063
split_0044	GCA_011048835.1|G0000121
split_0044	GCA_015660865.1|G0000141
split_0044	GCA_016841485.1|G0000169
split_0044	GCA_016937345.1|G0000177
split_0044	GCA_028678665.1|G0000281
split_0044	GCA_029907705.1|G0000297
split_0044	GCA_040776445.1|G0000376
split_0044	GCF_000275865.1|G0000420
split_0044	GCF_000327485.1|G0000421
split_0044	GCF_000327485.1|G0000422
split_0044	GCF_004102725.1|G0000425
split_0044	GOMC.bin.831|G0000460
split_0045	GCA_001412355.1|G0000015
split_0045	GCA_002067095.1|G0000048
split_0045	GCA_002496395.1|G0000057
split_0045	GCA_002499905.1|G0000059
split_0045	GCA_002503135.1|G0000062
split_0045	GCA_002503885.1|G0000063
split_0045	GCA_011048835.1|G0000121
split_0045	GCA_015660865.1|G0000141
split_0045	GCA_016841485.1|G0000169
split_0045	GCA_016937345.1|G0000177
split_0045	GCA_028678665.1|G0000281
split_0045	GCA_040776445.1|G0000376
split_0045	GCF_000275865.1|G0000420
split_0045	GCF_000327485.1|G0000421
split_0045	GCF_000327485.1|G0000422
split_0045	GCF_004102725.1|G0000425
split_0045	GOMC.bin.831|G0000460
split_0046	GCA_001412355.1|G0000015
split_0046	GCA_002067095.1|G0000048
split_0046	GCA_002499905.1|G0000059
split_0046	GCA_002503135.1|G0000062
split_0046	GCA_002503885.1|G0000063
split_0046	GCA_011048835.1|G0000121
split_0046	GCA_016841485.1|G0000169
split_0046	GCA_016937345.1|G0000177
split_0046	GCA_040776445.1|G0000376
split_0046	GCF_000275865.1|G0000420
split_0046	GCF_000327485.1|G0000422
split_0046	GCF_004102725.1|G0000425
split_0046	GOMC.bin.831|G0000460
split_0047	GCA_001412355.1|G0000015
split_0047	GCA_002067095.1|G0000048
split_0047	GCA_002499905.1|G0000059
split_0047	GCA_002503135.1|G0000062
split_0047	GCA_011048835.1|G0000121
split_0047	GCA_016841485.1|G0000169
split_0047	GCA_016937345.1|G0000177
split_0047	GCA_040776445.1|G0000376
split_0047	GCF_000275865.1|G0000420
split_0047	GCF_000327485.1|G0000422
split_0048	GCA_001412355.1|G0000015
split_0048	GCA_002067095.1|G0000048
split_0048	GCA_002499905.1|G0000059
split_0048	GCA_011048835.1|G0000121
split_0048	GCA_016841485.1|G0000169
split_0048	GCA_016937345.1|G0000177
split_0048	GCA_040776445.1|G0000376
split_0048	GCF_000275865.1|G0000420
split_0048	GCF_000327485.1|G0000422
split_0049	GCA_001412355.1|G0000015
split_0049	GCA_002067095.1|G0000048
split_0049	GCA_002499905.1|G0000059
split_0049	GCA_011048835.1|G0000121
split_0049	GCA_040776445.1|G0000376
split_0049	GCF_000275865.1|G0000420
split_0049	GCF_000327485.1|G0000422
split_0050	GCA_001412355.1|G0000015
split_0050	GCA_011048835.1|G0000121
split_0051	GCA_002067095.1|G0000048
split_0051	GCA_002499905.1|G0000059
split_0051	GCA_040776445.1|G0000376
split_0051	GCF_000275865.1|G0000420
split_0051	GCF_000327485.1|G0000422
split_0052	GCA_002067095.1|G0000048
split_0052	GCA_002499905.1|G0000059
split_0052	GCA_040776445.1|G0000376
split_0052	GCF_000327485.1|G0000422
split_0053	GCA_002067095.1|G0000048
split_0053	GCA_040776445.1|G0000376
split_0053	GCF_000327485.1|G0000422
split_0054	GCA_002067095.1|G0000048
split_0054	GCF_000327485.1|G0000422
split_0055	GCA_016841485.1|G0000169
split_0055	GCA_016937345.1|G0000177
split_0056	GCA_002503885.1|G0000063
split_0056	GCF_004102725.1|G0000425
split_0056	GOMC.bin.831|G0000460
split_0057	GCA_002503885.1|G0000063
split_0057	GOMC.bin.831|G0000460
split_0058	GCA_002496395.1|G0000057
split_0058	GCA_015660865.1|G0000141
split_0058	GCA_028678665.1|G0000281
split_0058	GCF_000327485.1|G0000421
split_0059	GCA_002496395.1|G0000057
split_0059	GCF_000327485.1|G0000421
split_0060	GCA_015660865.1|G0000141
split_0060	GCA_028678665.1|G0000281
split_0061	GCA_002496395.1|G0000058
split_0061	GCA_963677995.1|G0000412
split_0062	GCA_002067315.1|G0000049
split_0062	GCA_015660915.1|G0000144
split_0062	GCA_035624185.1|G0000338
split_0062	GCF_000011005.1|G0000416
split_0062	GCF_021023085.1|G0000426
split_0063	GCA_002067315.1|G0000049
split_0063	GCF_000011005.1|G0000416
split_0063	GCF_021023085.1|G0000426
split_0064	GCA_002067315.1|G0000049
split_0064	GCF_021023085.1|G0000426
split_0065	GCA_015660915.1|G0000144
split_0065	GCA_035624185.1|G0000338
split_0066	GCA_002011155.2|G0000047
split_0066	GCA_030605385.1|G0000306
split_0067	GCA_003144275.1|G0000078
split_0067	GCA_034190145.1|G0000326
split_0067	GCA_034190245.1|G0000327
split_0067	GCA_037443105.1|G0000353
split_0067	GOMC.bin.11076|G0000428
split_0068	GCA_003144275.1|G0000078
split_0068	GCA_034190145.1|G0000326
split_0068	GCA_034190245.1|G0000327
split_0068	GOMC.bin.11076|G0000428
split_0069	GCA_003144275.1|G0000078
split_0069	GCA_034190145.1|G0000326
split_0069	GCA_034190245.1|G0000327
split_0070	GCA_003144275.1|G0000078
split_0070	GCA_034190245.1|G0000327
split_0071	GCA_000306725.1|G0000009
split_0071	GCA_001509375.1|G0000018
split_0071	GCA_001766815.1|G0000029
split_0071	GCA_002010075.1|G0000039
split_0071	GCA_002010195.1|G0000041
split_0071	GCA_002010215.1|G0000042
split_0071	GCA_002010305.1|G0000044
split_0071	GCA_002067795.1|G0000050
split_0071	GCA_002494725.1|G0000054
split_0071	GCA_002501765.1|G0000060
split_0071	GCA_002506015.1|G0000064
split_0071	GCA_002813105.2|G0000067
split_0071	GCA_002839545.1|G0000068
split_0071	GCA_003104905.1|G0000075
split_0071	GCA_003194425.1|G0000079
split_0071	GCA_003194445.1|G0000081
split_0071	GCA_003661125.1|G0000086
split_0071	GCA_004193545.1|G0000095
split_0071	GCA_004212075.1|G0000097
split_0071	GCA_004212085.1|G0000099
split_0071	GCA_013331375.1|G0000127
split_0071	GCA_014859725.1|G0000135
split_0071	GCA_015523685.1|G0000140
split_0071	GCA_016841265.1|G0000168
split_0071	GCA_017883965.1|G0000181
split_0071	GCA_019429385.1|G0000213
split_0071	GCA_021108405.1|G0000225
split_0071	GCA_023229165.1|G0000241
split_0071	GCA_025839675.1|G0000253
split_0071	GCA_029259545.1|G0000290
split_0071	GCA_030611045.1|G0000311
split_0071	GCA_030611265.1|G0000312
split_0071	GCA_030611625.1|G0000313
split_0071	GCA_030612265.1|G0000315
split_0071	GCA_030627385.1|G0000318
split_0071	GCA_034659235.1|G0000329
split_0071	GCA_046546175.1|G0000380
split_0071	GCA_905171695.1|G0000411
split_0071	GCA_974486395.1|G0000413
split_0071	GCF_000711905.1|G0000423
split_0071	GOMC.bin.707|G0000455
split_0072	GCA_000306725.1|G0000009
split_0072	GCA_001766815.1|G0000029
split_0072	GCA_002010075.1|G0000039
split_0072	GCA_002010195.1|G0000041
split_0072	GCA_002010215.1|G0000042
split_0072	GCA_002010305.1|G0000044
split_0072	GCA_002494725.1|G0000054
split_0072	GCA_002506015.1|G0000064
split_0072	GCA_002813105.2|G0000067
split_0072	GCA_002839545.1|G0000068
split_0072	GCA_003104905.1|G0000075
split_0072	GCA_003194445.1|G0000081
split_0072	GCA_004193545.1|G0000095
split_0072	GCA_004212075.1|G0000097
split_0072	GCA_004212085.1|G0000099
split_0072	GCA_013331375.1|G0000127
split_0072	GCA_014859725.1|G0000135
split_0072	GCA_015523685.1|G0000140
split_0072	GCA_016841265.1|G0000168
split_0072	GCA_019429385.1|G0000213
split_0072	GCA_021108405.1|G0000225
split_0072	GCA_025839675.1|G0000253
split_0072	GCA_030611265.1|G0000312
split_0072	GCA_030611625.1|G0000313
split_0072	GCA_030612265.1|G0000315
split_0072	GCA_030627385.1|G0000318
split_0072	GCA_034659235.1|G0000329
split_0072	GCA_046546175.1|G0000380
split_0072	GCA_905171695.1|G0000411
split_0072	GCA_974486395.1|G0000413
split_0072	GCF_000711905.1|G0000423
split_0072	GOMC.bin.707|G0000455
split_0073	GCA_000306725.1|G0000009
split_0073	GCA_001766815.1|G0000029
split_0073	GCA_002010075.1|G0000039
split_0073	GCA_002010195.1|G0000041
split_0073	GCA_002010215.1|G0000042
split_0073	GCA_002010305.1|G0000044
split_0073	GCA_002494725.1|G0000054
split_0073	GCA_002506015.1|G0000064
split_0073	GCA_002813105.2|G0000067
split_0073	GCA_002839545.1|G0000068
split_0073	GCA_003104905.1|G0000075
split_0073	GCA_003194445.1|G0000081
split_0073	GCA_004193545.1|G0000095
split_0073	GCA_004212085.1|G0000099
split_0073	GCA_013331375.1|G0000127
split_0073	GCA_014859725.1|G0000135
split_0073	GCA_015523685.1|G0000140
split_0073	GCA_016841265.1|G0000168
split_0073	GCA_019429385.1|G0000213
split_0073	GCA_021108405.1|G0000225
split_0073	GCA_030611265.1|G0000312
split_0073	GCA_030627385.1|G0000318
split_0073	GCA_034659235.1|G0000329
split_0073	GCA_046546175.1|G0000380
split_0073	GCA_905171695.1|G0000411
split_0073	GCA_974486395.1|G0000413
split_0073	GCF_000711905.1|G0000423
split_0073	GOMC.bin.707|G0000455
split_0074	GCA_000306725.1|G0000009
split_0074	GCA_001766815.1|G0000029
split_0074	GCA_002010075.1|G0000039
split_0074	GCA_002506015.1|G0000064
split_0074	GCA_002813105.2|G0000067
split_0074	GCA_002839545.1|G0000068
split_0074	GCA_003104905.1|G0000075
split_0074	GCA_003194445.1|G0000081
split_0074	GCA_004193545.1|G0000095
split_0074	GCA_004212085.1|G0000099
split_0074	GCA_013331375.1|G0000127
split_0074	GCA_014859725.1|G0000135
split_0074	GCA_016841265.1|G0000168
split_0074	GCA_019429385.1|G0000213
split_0074	GCA_021108405.1|G0000225
split_0074	GCA_030611265.1|G0000312
split_0074	GCA_030627385.1|G0000318
split_0074	GCA_034659235.1|G0000329
split_0074	GCA_046546175.1|G0000380
split_0074	GCA_905171695.1|G0000411
split_0074	GCA_974486395.1|G0000413
split_0074	GCF_000711905.1|G0000423
split_0074	GOMC.bin.707|G0000455
split_0075	GCA_000306725.1|G0000009
split_0075	GCA_002010075.1|G0000039
split_0075	GCA_002506015.1|G0000064
split_0075	GCA_002813105.2|G0000067
split_0075	GCA_002839545.1|G0000068
split_0075	GCA_003104905.1|G0000075
split_0075	GCA_003194445.1|G0000081
split_0075	GCA_004193545.1|G0000095
split_0075	GCA_013331375.1|G0000127
split_0075	GCA_014859725.1|G0000135
split_0075	GCA_016841265.1|G0000168
split_0075	GCA_019429385.1|G0000213
split_0075	GCA_021108405.1|G0000225
split_0075	GCA_030611265.1|G0000312
split_0075	GCA_030627385.1|G0000318
split_0075	GCA_034659235.1|G0000329
split_0075	GCA_046546175.1|G0000380
split_0075	GCA_905171695.1|G0000411
split_0075	GCA_974486395.1|G0000413
split_0075	GCF_000711905.1|G0000423
split_0075	GOMC.bin.707|G0000455
split_0076	GCA_000306725.1|G0000009
split_0076	GCA_002506015.1|G0000064
split_0076	GCA_002813105.2|G0000067
split_0076	GCA_002839545.1|G0000068
split_0076	GCA_003104905.1|G0000075
split_0076	GCA_003194445.1|G0000081
split_0076	GCA_004193545.1|G0000095
split_0076	GCA_013331375.1|G0000127
split_0076	GCA_014859725.1|G0000135
split_0076	GCA_016841265.1|G0000168
split_0076	GCA_019429385.1|G0000213
split_0076	GCA_021108405.1|G0000225
split_0076	GCA_030611265.1|G0000312
split_0076	GCA_030627385.1|G0000318
split_0076	GCA_034659235.1|G0000329
split_0076	GCA_046546175.1|G0000380
split_0076	GCA_905171695.1|G0000411
split_0076	GCA_974486395.1|G0000413
split_0076	GOMC.bin.707|G0000455
split_0077	GCA_000306725.1|G0000009
split_0077	GCA_002506015.1|G0000064
split_0077	GCA_002839545.1|G0000068
split_0077	GCA_003104905.1|G0000075
split_0077	GCA_003194445.1|G0000081
split_0077	GCA_004193545.1|G0000095
split_0077	GCA_013331375.1|G0000127
split_0077	GCA_014859725.1|G0000135
split_0077	GCA_016841265.1|G0000168
split_0077	GCA_019429385.1|G0000213
split_0077	GCA_021108405.1|G0000225
split_0077	GCA_030611265.1|G0000312
split_0077	GCA_030627385.1|G0000318
split_0077	GCA_034659235.1|G0000329
split_0077	GCA_046546175.1|G0000380
split_0077	GCA_905171695.1|G0000411
split_0077	GCA_974486395.1|G0000413
split_0077	GOMC.bin.707|G0000455
split_0078	GCA_000306725.1|G0000009
split_0078	GCA_002839545.1|G0000068
split_0078	GCA_003104905.1|G0000075
split_0078	GCA_013331375.1|G0000127
split_0078	GCA_014859725.1|G0000135
split_0078	GCA_016841265.1|G0000168
split_0078	GCA_019429385.1|G0000213
split_0078	GCA_021108405.1|G0000225
split_0078	GCA_030611265.1|G0000312
split_0078	GCA_030627385.1|G0000318
split_0078	GCA_046546175.1|G0000380
split_0078	GCA_974486395.1|G0000413
split_0079	GCA_000306725.1|G0000009
split_0079	GCA_013331375.1|G0000127
split_0079	GCA_016841265.1|G0000168
split_0079	GCA_030611265.1|G0000312
split_0079	GCA_046546175.1|G0000380
split_0080	GCA_000306725.1|G0000009
split_0080	GCA_013331375.1|G0000127
split_0080	GCA_016841265.1|G0000168
split_0080	GCA_046546175.1|G0000380
split_0081	GCA_000306725.1|G0000009
split_0081	GCA_016841265.1|G0000168
split_0081	GCA_046546175.1|G0000380
split_0082	GCA_000306725.1|G0000009
split_0082	GCA_046546175.1|G0000380
split_0083	GCA_002839545.1|G0000068
split_0083	GCA_003104905.1|G0000075
split_0083	GCA_014859725.1|G0000135
split_0083	GCA_019429385.1|G0000213
split_0083	GCA_021108405.1|G0000225
split_0083	GCA_030627385.1|G0000318
split_0083	GCA_974486395.1|G0000413
split_0084	GCA_002839545.1|G0000068
split_0084	GCA_014859725.1|G0000135
split_0084	GCA_019429385.1|G0000213
split_0084	GCA_021108405.1|G0000225
split_0084	GCA_030627385.1|G0000318
split_0085	GCA_014859725.1|G0000135
split_0085	GCA_019429385.1|G0000213
split_0085	GCA_021108405.1|G0000225
split_0085	GCA_030627385.1|G0000318
split_0086	GCA_014859725.1|G0000135
split_0086	GCA_019429385.1|G0000213
split_0087	GCA_021108405.1|G0000225
split_0087	GCA_030627385.1|G0000318
split_0088	GCA_003104905.1|G0000075
split_0088	GCA_974486395.1|G0000413
split_0089	GCA_002506015.1|G0000064
split_0089	GCA_003194445.1|G0000081
split_0089	GCA_004193545.1|G0000095
split_0089	GCA_034659235.1|G0000329
split_0089	GCA_905171695.1|G0000411
split_0089	GOMC.bin.707|G0000455
split_0090	GCA_002506015.1|G0000064
split_0090	GCA_003194445.1|G0000081
split_0090	GCA_004193545.1|G0000095
split_0090	GCA_034659235.1|G0000329
split_0090	GCA_905171695.1|G0000411
split_0091	GCA_002506015.1|G0000064
split_0091	GCA_003194445.1|G0000081
split_0091	GCA_034659235.1|G0000329
split_0092	GCA_002506015.1|G0000064
split_0092	GCA_034659235.1|G0000329
split_0093	GCA_004193545.1|G0000095
split_0093	GCA_905171695.1|G0000411
split_0094	GCA_002010075.1|G0000039
split_0094	GCF_000711905.1|G0000423
split_0095	GCA_001766815.1|G0000029
split_0095	GCA_004212085.1|G0000099
split_0096	GCA_002010195.1|G0000041
split_0096	GCA_002010215.1|G0000042
split_0096	GCA_002010305.1|G0000044
split_0096	GCA_002494725.1|G0000054
split_0096	GCA_015523685.1|G0000140
split_0097	GCA_002010195.1|G0000041
split_0097	GCA_002010215.1|G0000042
split_0097	GCA_002494725.1|G0000054
split_0098	GCA_002010215.1|G0000042
split_0098	GCA_002494725.1|G0000054
split_0099	GCA_002010305.1|G0000044
split_0099	GCA_015523685.1|G0000140
split_0100	GCA_004212075.1|G0000097
split_0100	GCA_025839675.1|G0000253
split_0100	GCA_030611625.1|G0000313
split_0100	GCA_030612265.1|G0000315
split_0101	GCA_025839675.1|G0000253
split_0101	GCA_030611625.1|G0000313
split_0101	GCA_030612265.1|G0000315
split_0102	GCA_030611625.1|G0000313
split_0102	GCA_030612265.1|G0000315
split_0103	GCA_001509375.1|G0000018
split_0103	GCA_002067795.1|G0000050
split_0103	GCA_002501765.1|G0000060
split_0103	GCA_003194425.1|G0000079
split_0103	GCA_003661125.1|G0000086
split_0103	GCA_017883965.1|G0000181
split_0103	GCA_023229165.1|G0000241
split_0103	GCA_029259545.1|G0000290
split_0103	GCA_030611045.1|G0000311
split_0104	GCA_001509375.1|G0000018
split_0104	GCA_002067795.1|G0000050
split_0104	GCA_002501765.1|G0000060
split_0104	GCA_023229165.1|G0000241
split_0105	GCA_001509375.1|G0000018
split_0105	GCA_002067795.1|G0000050
split_0105	GCA_023229165.1|G0000241
split_0106	GCA_002067795.1|G0000050
split_0106	GCA_023229165.1|G0000241
split_0107	GCA_003194425.1|G0000079
split_0107	GCA_003661125.1|G0000086
split_0107	GCA_017883965.1|G0000181
split_0107	GCA_029259545.1|G0000290
split_0107	GCA_030611045.1|G0000311
split_0108	GCA_003194425.1|G0000079
split_0108	GCA_003661125.1|G0000086
split_0108	GCA_017883965.1|G0000181
split_0108	GCA_030611045.1|G0000311
split_0109	GCA_003194425.1|G0000079
split_0109	GCA_003661125.1|G0000086
split_0109	GCA_017883965.1|G0000181
split_0110	GCA_003661125.1|G0000086
split_0110	GCA_017883965.1|G0000181
split_0111	GCA_001563335.1|G0000019
split_0111	GCA_004524435.1|G0000107
split_0111	GCA_004524445.1|G0000108
split_0111	GCA_008080745.1|G0000118
split_0111	GCA_011364985.1|G0000124
split_0111	GCA_013388835.1|G0000129
split_0111	GCA_014728035.1|G0000131
split_0111	GCA_016839445.1|G0000154
split_0111	GCA_020348985.1|G0000218
split_0111	GCA_021498125.1|G0000233
split_0111	GCA_024275415.1|G0000245
split_0111	GCA_024276825.1|G0000247
split_0111	GCA_027031765.1|G0000269
split_0111	GCA_029210805.1|G0000283
split_0111	GCA_029855935.1|G0000294
split_0111	GCA_030612005.1|G0000314
split_0111	GCA_038825165.1|G0000362
split_0111	GCA_048882045.1|G0000381
split_0111	GCA_052584815.1|G0000391
split_0111	GCA_054381495.1|G0000398
split_0111	GCA_054390655.1|G0000410
split_0112	GCA_001563335.1|G0000019
split_0112	GCA_004524435.1|G0000107
split_0112	GCA_004524445.1|G0000108
split_0112	GCA_008080745.1|G0000118
split_0112	GCA_013388835.1|G0000129
split_0112	GCA_014728035.1|G0000131
split_0112	GCA_020348985.1|G0000218
split_0112	GCA_021498125.1|G0000233
split_0112	GCA_024275415.1|G0000245
split_0112	GCA_024276825.1|G0000247
split_0112	GCA_027031765.1|G0000269
split_0112	GCA_029210805.1|G0000283
split_0112	GCA_029855935.1|G0000294
split_0112	GCA_030612005.1|G0000314
split_0112	GCA_038825165.1|G0000362
split_0112	GCA_048882045.1|G0000381
split_0112	GCA_052584815.1|G0000391
split_0112	GCA_054381495.1|G0000398
split_0112	GCA_054390655.1|G0000410
split_0113	GCA_001563335.1|G0000019
split_0113	GCA_004524435.1|G0000107
split_0113	GCA_004524445.1|G0000108
split_0113	GCA_008080745.1|G0000118
split_0113	GCA_014728035.1|G0000131
split_0113	GCA_020348985.1|G0000218
split_0113	GCA_021498125.1|G0000233
split_0113	GCA_024275415.1|G0000245
split_0113	GCA_024276825.1|G0000247
split_0113	GCA_029210805.1|G0000283
split_0113	GCA_029855935.1|G0000294
split_0113	GCA_030612005.1|G0000314
split_0113	GCA_038825165.1|G0000362
split_0113	GCA_048882045.1|G0000381
split_0113	GCA_052584815.1|G0000391
split_0113	GCA_054381495.1|G0000398
split_0113	GCA_054390655.1|G0000410
split_0114	GCA_001563335.1|G0000019
split_0114	GCA_004524435.1|G0000107
split_0114	GCA_004524445.1|G0000108
split_0114	GCA_008080745.1|G0000118
split_0114	GCA_014728035.1|G0000131
split_0114	GCA_020348985.1|G0000218
split_0114	GCA_024275415.1|G0000245
split_0114	GCA_024276825.1|G0000247
split_0114	GCA_029210805.1|G0000283
split_0114	GCA_030612005.1|G0000314
split_0114	GCA_038825165.1|G0000362
split_0114	GCA_048882045.1|G0000381
split_0114	GCA_052584815.1|G0000391
split_0114	GCA_054381495.1|G0000398
split_0114	GCA_054390655.1|G0000410
split_0115	GCA_001563335.1|G0000019
split_0115	GCA_004524435.1|G0000107
split_0115	GCA_004524445.1|G0000108
split_0115	GCA_020348985.1|G0000218
split_0115	GCA_024275415.1|G0000245
split_0115	GCA_024276825.1|G0000247
split_0115	GCA_029210805.1|G0000283
split_0115	GCA_030612005.1|G0000314
split_0115	GCA_038825165.1|G0000362
split_0115	GCA_048882045.1|G0000381
split_0115	GCA_052584815.1|G0000391
split_0115	GCA_054381495.1|G0000398
split_0115	GCA_054390655.1|G0000410
split_0116	GCA_001563335.1|G0000019
split_0116	GCA_004524445.1|G0000108
split_0116	GCA_020348985.1|G0000218
split_0116	GCA_024275415.1|G0000245
split_0116	GCA_024276825.1|G0000247
split_0116	GCA_029210805.1|G0000283
split_0116	GCA_030612005.1|G0000314
split_0116	GCA_038825165.1|G0000362
split_0116	GCA_048882045.1|G0000381
split_0116	GCA_052584815.1|G0000391
split_0116	GCA_054381495.1|G0000398
split_0116	GCA_054390655.1|G0000410
split_0117	GCA_001563335.1|G0000019
split_0117	GCA_004524445.1|G0000108
split_0117	GCA_020348985.1|G0000218
split_0117	GCA_024275415.1|G0000245
split_0117	GCA_024276825.1|G0000247
split_0117	GCA_029210805.1|G0000283
split_0117	GCA_030612005.1|G0000314
split_0117	GCA_048882045.1|G0000381
split_0117	GCA_052584815.1|G0000391
split_0117	GCA_054381495.1|G0000398
split_0117	GCA_054390655.1|G0000410
split_0118	GCA_001563335.1|G0000019
split_0118	GCA_020348985.1|G0000218
split_0118	GCA_024275415.1|G0000245
split_0118	GCA_024276825.1|G0000247
split_0118	GCA_029210805.1|G0000283
split_0118	GCA_030612005.1|G0000314
split_0118	GCA_048882045.1|G0000381
split_0118	GCA_052584815.1|G0000391
split_0118	GCA_054381495.1|G0000398
split_0118	GCA_054390655.1|G0000410
split_0119	GCA_001563335.1|G0000019
split_0119	GCA_020348985.1|G0000218
split_0119	GCA_024275415.1|G0000245
split_0119	GCA_024276825.1|G0000247
split_0119	GCA_029210805.1|G0000283
split_0119	GCA_048882045.1|G0000381
split_0119	GCA_054390655.1|G0000410
split_0120	GCA_001563335.1|G0000019
split_0120	GCA_020348985.1|G0000218
split_0120	GCA_024275415.1|G0000245
split_0120	GCA_029210805.1|G0000283
split_0120	GCA_048882045.1|G0000381
split_0120	GCA_054390655.1|G0000410
split_0121	GCA_001563335.1|G0000019
split_0121	GCA_020348985.1|G0000218
split_0121	GCA_029210805.1|G0000283
split_0121	GCA_048882045.1|G0000381
split_0121	GCA_054390655.1|G0000410
split_0122	GCA_001563335.1|G0000019
split_0122	GCA_020348985.1|G0000218
split_0122	GCA_048882045.1|G0000381
split_0122	GCA_054390655.1|G0000410
split_0123	GCA_001563335.1|G0000019
split_0123	GCA_048882045.1|G0000381
split_0123	GCA_054390655.1|G0000410
split_0124	GCA_001563335.1|G0000019
split_0124	GCA_048882045.1|G0000381
split_0125	GCA_030612005.1|G0000314
split_0125	GCA_052584815.1|G0000391
split_0125	GCA_054381495.1|G0000398
split_0126	GCA_052584815.1|G0000391
split_0126	GCA_054381495.1|G0000398
split_0127	GCA_008080745.1|G0000118
split_0127	GCA_014728035.1|G0000131
split_0128	GCA_021498125.1|G0000233
split_0128	GCA_029855935.1|G0000294
split_0129	GCA_013388835.1|G0000129
split_0129	GCA_027031765.1|G0000269
split_0130	GCA_011364985.1|G0000124
split_0130	GCA_016839445.1|G0000154
split_0131	GCA_016840065.1|G0000159
split_0131	GCA_016840135.1|G0000160
split_0131	GCA_016840425.1|G0000163
split_0131	GCA_018263395.1|G0000182
split_0131	GCA_018397035.1|G0000193
split_0131	GCA_019058495.1|G0000211
split_0131	GCA_023131225.1|G0000240
split_0131	GCA_024860865.1|G0000248
split_0131	GCA_026015185.1|G0000261
split_0131	GCA_026015225.1|G0000262
split_0131	GCA_027051165.1|G0000270
split_0131	GCA_027051265.1|G0000273
split_0131	GCA_027051265.1|G0000274
split_0131	GCA_037308085.1|G0000346
split_0131	GCA_037310415.1|G0000349
split_0131	GCA_048939465.1|G0000389
split_0132	GCA_016840065.1|G0000159
split_0132	GCA_016840135.1|G0000160
split_0132	GCA_018263395.1|G0000182
split_0132	GCA_018397035.1|G0000193
split_0132	GCA_019058495.1|G0000211
split_0132	GCA_023131225.1|G0000240
split_0132	GCA_024860865.1|G0000248
split_0132	GCA_026015185.1|G0000261
split_0132	GCA_026015225.1|G0000262
split_0132	GCA_037308085.1|G0000346
split_0132	GCA_037310415.1|G0000349
split_0132	GCA_048939465.1|G0000389
split_0133	GCA_016840065.1|G0000159
split_0133	GCA_016840135.1|G0000160
split_0133	GCA_018263395.1|G0000182
split_0133	GCA_018397035.1|G0000193
split_0133	GCA_019058495.1|G0000211
split_0133	GCA_023131225.1|G0000240
split_0133	GCA_026015185.1|G0000261
split_0133	GCA_026015225.1|G0000262
split_0133	GCA_037308085.1|G0000346
split_0133	GCA_037310415.1|G0000349
split_0133	GCA_048939465.1|G0000389
split_0134	GCA_016840065.1|G0000159
split_0134	GCA_016840135.1|G0000160
split_0134	GCA_018397035.1|G0000193
split_0134	GCA_019058495.1|G0000211
split_0134	GCA_023131225.1|G0000240
split_0134	GCA_026015185.1|G0000261
split_0134	GCA_026015225.1|G0000262
split_0134	GCA_037308085.1|G0000346
split_0134	GCA_037310415.1|G0000349
split_0134	GCA_048939465.1|G0000389
split_0135	GCA_016840065.1|G0000159
split_0135	GCA_016840135.1|G0000160
split_0135	GCA_019058495.1|G0000211
split_0135	GCA_023131225.1|G0000240
split_0135	GCA_037308085.1|G0000346
split_0135	GCA_037310415.1|G0000349
split_0135	GCA_048939465.1|G0000389
split_0136	GCA_016840065.1|G0000159
split_0136	GCA_016840135.1|G0000160
split_0136	GCA_023131225.1|G0000240
split_0136	GCA_048939465.1|G0000389
split_0137	GCA_016840065.1|G0000159
split_0137	GCA_016840135.1|G0000160
split_0138	GCA_023131225.1|G0000240
split_0138	GCA_048939465.1|G0000389
split_0139	GCA_019058495.1|G0000211
split_0139	GCA_037308085.1|G0000346
split_0139	GCA_037310415.1|G0000349
split_0140	GCA_019058495.1|G0000211
split_0140	GCA_037308085.1|G0000346
split_0141	GCA_018397035.1|G0000193
split_0141	GCA_026015185.1|G0000261
split_0141	GCA_026015225.1|G0000262
split_0142	GCA_026015185.1|G0000261
split_0142	GCA_026015225.1|G0000262
split_0143	GCA_016840425.1|G0000163
split_0143	GCA_027051165.1|G0000270
split_0143	GCA_027051265.1|G0000273
split_0143	GCA_027051265.1|G0000274
split_0144	GCA_016840425.1|G0000163
split_0144	GCA_027051165.1|G0000270
split_0145	GCA_027051265.1|G0000273
split_0145	GCA_027051265.1|G0000274
split_0146	GCA_002010065.2|G0000038
split_0146	GCA_002897955.1|G0000070
split_0146	GCA_002923215.1|G0000072
split_0146	GCA_002923215.1|G0000073
split_0146	GCA_003695745.1|G0000094
split_0146	GCA_015520145.1|G0000136
split_0146	GCA_018830205.1|G0000196
split_0146	GCA_026989875.1|G0000264
split_0146	GCA_027021185.1|G0000267
split_0146	GCA_036444275.1|G0000342
split_0146	GCA_038046745.1|G0000355
split_0146	GOMC.bin.2765|G0000440
split_0146	GOMC.bin.7887|G0000458
split_0146	GOMC.bin.874|G0000461
split_0147	GCA_002010065.2|G0000038
split_0147	GCA_002897955.1|G0000070
split_0147	GCA_015520145.1|G0000136
split_0147	GCA_018830205.1|G0000196
split_0147	GCA_026989875.1|G0000264
split_0147	GCA_027021185.1|G0000267
split_0147	GCA_036444275.1|G0000342
split_0147	GCA_038046745.1|G0000355
split_0147	GOMC.bin.2765|G0000440
split_0147	GOMC.bin.7887|G0000458
split_0147	GOMC.bin.874|G0000461
split_0148	GCA_002010065.2|G0000038
split_0148	GCA_002897955.1|G0000070
split_0148	GCA_015520145.1|G0000136
split_0148	GCA_026989875.1|G0000264
split_0148	GCA_027021185.1|G0000267
split_0148	GCA_036444275.1|G0000342
split_0148	GCA_038046745.1|G0000355
split_0148	GOMC.bin.2765|G0000440
split_0148	GOMC.bin.7887|G0000458
split_0148	GOMC.bin.874|G0000461
split_0149	GCA_002010065.2|G0000038
split_0149	GCA_002897955.1|G0000070
split_0149	GCA_026989875.1|G0000264
split_0149	GCA_027021185.1|G0000267
split_0149	GCA_036444275.1|G0000342
split_0149	GCA_038046745.1|G0000355
split_0149	GOMC.bin.2765|G0000440
split_0149	GOMC.bin.7887|G0000458
split_0150	GCA_002010065.2|G0000038
split_0150	GCA_002897955.1|G0000070
split_0150	GCA_026989875.1|G0000264
split_0151	GCA_002010065.2|G0000038
split_0151	GCA_026989875.1|G0000264
split_0152	GCA_027021185.1|G0000267
split_0152	GCA_036444275.1|G0000342
split_0152	GCA_038046745.1|G0000355
split_0152	GOMC.bin.2765|G0000440
split_0152	GOMC.bin.7887|G0000458
split_0153	GCA_027021185.1|G0000267
split_0153	GCA_036444275.1|G0000342
split_0153	GCA_038046745.1|G0000355
split_0153	GOMC.bin.7887|G0000458
split_0154	GCA_027021185.1|G0000267
split_0154	GCA_036444275.1|G0000342
split_0154	GOMC.bin.7887|G0000458
split_0155	GCA_027021185.1|G0000267
split_0155	GOMC.bin.7887|G0000458
split_0156	GCA_015520145.1|G0000136
split_0156	GOMC.bin.874|G0000461
split_0157	GCA_002923215.1|G0000072
split_0157	GCA_002923215.1|G0000073
split_0157	GCA_003695745.1|G0000094
split_0158	GCA_002923215.1|G0000072
split_0158	GCA_002923215.1|G0000073
split_0159	GCA_001593855.1|G0000020
split_0159	GCA_001593865.1|G0000021
split_0159	GCA_001593935.1|G0000023
split_0159	GCA_001723845.1|G0000024
split_0159	GCA_001723845.1|G0000025
split_0159	GCA_001742785.1|G0000027
split_0159	GCA_001873845.1|G0000030
split_0159	GCA_001940655.1|G0000032
split_0159	GCA_001940665.2|G0000035
split_0159	GCA_002011035.2|G0000045
split_0159	GCA_002490245.1|G0000051
split_0159	GCA_002494765.1|G0000055
split_0159	GCA_002495885.1|G0000056
split_0159	GCA_002507245.1|G0000066
split_0159	GCA_003133625.1|G0000076
split_0159	GCA_003601775.1|G0000082
split_0159	GCA_003649155.1|G0000083
split_0159	GCA_003649205.1|G0000084
split_0159	GCA_003650925.1|G0000085
split_0159	GCA_003661265.1|G0000088
split_0159	GCA_003661385.1|G0000089
split_0159	GCA_003661905.1|G0000090
split_0159	GCA_003662535.1|G0000091
split_0159	GCA_004347965.1|G0000100
split_0159	GCA_004376295.1|G0000102
split_0159	GCA_004376645.1|G0000103
split_0159	GCA_004524365.1|G0000105
split_0159	GCA_004524535.1|G0000109
split_0159	GCA_004524545.1|G0000111
split_0159	GCA_005191415.1|G0000113
split_0159	GCA_005191425.1|G0000114
split_0159	GCA_005223125.1|G0000117
split_0159	GCA_009889585.1|G0000120
split_0159	GCA_011364925.1|G0000123
split_0159	GCA_011605775.1|G0000125
split_0159	GCA_013388925.1|G0000130
split_0159	GCA_014729935.1|G0000132
split_0159	GCA_014730165.1|G0000134
split_0159	GCA_015520475.1|G0000139
split_0159	GCA_016292335.1|G0000147
split_0159	GCA_016294985.1|G0000148
split_0159	GCA_016550395.1|G0000149
split_0159	GCA_016839265.1|G0000151
split_0159	GCA_016839425.1|G0000152
split_0159	GCA_016839585.1|G0000155
split_0159	GCA_016839765.1|G0000157
split_0159	GCA_016840065.1|G0000158
split_0159	GCA_016840135.1|G0000161
split_0159	GCA_016840425.1|G0000162
split_0159	GCA_016840425.1|G0000164
split_0159	GCA_016840465.1|G0000165
split_0159	GCA_016840485.1|G0000166
split_0159	GCA_016926735.1|G0000171
split_0159	GCA_016932935.1|G0000174
split_0159	GCA_016932935.1|G0000175
split_0159	GCA_016933055.1|G0000176
split_0159	GCA_017601265.1|G0000178
split_0159	GCA_017608025.1|G0000179
split_0159	GCA_018396405.1|G0000184
split_0159	GCA_018396535.1|G0000186
split_0159	GCA_018396695.1|G0000187
split_0159	GCA_018396725.1|G0000189
split_0159	GCA_018396755.1|G0000190
split_0159	GCA_018396775.1|G0000191
split_0159	GCA_018396865.1|G0000192
split_0159	GCA_018992685.1|G0000197
split_0159	GCA_019056805.1|G0000198
split_0159	GCA_019057385.1|G0000199
split_0159	GCA_019058015.1|G0000201
split_0159	GCA_019058135.1|G0000202
split_0159	GCA_019058165.1|G0000204
split_0159	GCA_019058315.1|G0000205
split_0159	GCA_019058315.1|G0000206
split_0159	GCA_019058445.1|G0000208
split_0159	GCA_019058495.1|G0000209
split_0159	GCA_019685575.1|G0000215
split_0159	GCA_019894715.1|G0000216
split_0159	GCA_020352645.1|G0000219
split_0159	GCA_020355125.1|G0000222
split_0159	GCA_020833005.1|G0000223
split_0159	GCA_021158125.1|G0000227
split_0159	GCA_021161045.1|G0000229
split_0159	GCA_021161825.1|G0000230
split_0159	GCA_021498085.1|G0000231
split_0159	GCA_022865705.1|G0000234
split_0159	GCA_023131225.1|G0000235
split_0159	GCA_023131225.1|G0000236
split_0159	GCA_023131225.1|G0000237
split_0159	GCA_023131225.1|G0000238
split_0159	GCA_023379805.1|G0000243
split_0159	GCA_024256165.1|G0000244
split_0159	GCA_024276395.1|G0000246
split_0159	GCA_025058425.1|G0000250
split_0159	GCA_025059045.1|G0000251
split_0159	GCA_025059075.1|G0000252
split_0159	GCA_026014495.1|G0000255
split_0159	GCA_026014815.1|G0000256
split_0159	GCA_026015035.1|G0000258
split_0159	GCA_026015185.1|G0000259
split_0159	GCA_027068725.1|G0000276
split_0159	GCA_027491455.1|G0000278
split_0159	GCA_027491845.1|G0000279
split_0159	GCA_027492035.1|G0000280
split_0159	GCA_029258915.1|G0000284
split_0159	GCA_029258925.1|G0000285
split_0159	GCA_029259155.1|G0000286
split_0159	GCA_029259185.1|G0000287
split_0159	GCA_029259355.1|G0000288
split_0159	GCA_029775995.1|G0000291
split_0159	GCA_029838175.1|G0000293
split_0159	GCA_029856295.1|G0000295
split_0159	GCA_029856435.1|G0000296
split_0159	GCA_029934005.1|G0000300
split_0159	GCA_030018435.1|G0000302
split_0159	GCA_030019435.1|G0000304
split_0159	GCA_030587475.2|G0000305
split_0159	GCA_030610785.1|G0000308
split_0159	GCA_030615265.1|G0000316
split_0159	GCA_030837285.1|G0000323
split_0159	GCA_034660795.1|G0000331
split_0159	GCA_034660895.1|G0000333
split_0159	GCA_035531115.1|G0000334
split_0159	GCA_035531115.1|G0000335
split_0159	GCA_035531115.1|G0000336
split_0159	GCA_036012225.1|G0000340
split_0159	GCA_036514475.1|G0000344
split_0159	GCA_037308085.1|G0000347
split_0159	GCA_037310415.1|G0000350
split_0159	GCA_037386725.1|G0000351
split_0159	GCA_037917685.1|G0000354
split_0159	GCA_038736355.1|G0000357
split_0159	GCA_038817485.1|G0000358
split_0159	GCA_038818435.1|G0000359
split_0159	GCA_038819355.1|G0000360
split_0159	GCA_038820475.1|G0000361
split_0159	GCA_038825615.1|G0000363
split_0159	GCA_038840055.1|G0000364
split_0159	GCA_038852135.1|G0000366
split_0159	GCA_038852285.1|G0000367
split_0159	GCA_038852745.1|G0000368
split_0159	GCA_038873015.1|G0000370
split_0159	GCA_038883335.1|G0000371
split_0159	GCA_038883485.1|G0000373
split_0159	GCA_038894255.1|G0000375
split_0159	GCA_041305945.1|G0000377
split_0159	GCA_041862235.1|G0000379
split_0159	GCA_048886645.1|G0000382
split_0159	GCA_048886645.1|G0000383
split_0159	GCA_048887225.1|G0000385
split_0159	GCA_048938295.1|G0000386
split_0159	GCA_048939465.1|G0000388
split_0159	GCA_052246955.1|G0000390
split_0159	GCA_052626505.1|G0000392
split_0159	GCA_054381345.1|G0000394
split_0159	GCA_054381475.1|G0000396
split_0159	GCA_054381475.1|G0000397
split_0159	GCA_054383535.1|G0000399
split_0159	GCA_054383535.1|G0000400
split_0159	GCA_054383595.1|G0000403
split_0159	GCA_054384275.1|G0000405
split_0159	GCA_054384595.1|G0000406
split_0159	GCA_054385715.1|G0000408
split_0159	GCA_054386615.1|G0000409
split_0159	GOMC.bin.1197|G0000430
split_0159	GOMC.bin.1512|G0000432
split_0159	GOMC.bin.16766|G0000433
split_0159	GOMC.bin.16972|G0000434
split_0159	GOMC.bin.18048|G0000435
split_0159	GOMC.bin.2212|G0000436
split_0159	GOMC.bin.2492|G0000437
split_0159	GOMC.bin.2493|G0000438
split_0159	GOMC.bin.2724|G0000439
split_0159	GOMC.bin.2843|G0000441
split_0159	GOMC.bin.2890|G0000443
split_0159	GOMC.bin.2895|G0000444
split_0159	GOMC.bin.2900|G0000445
split_0159	GOMC.bin.3028|G0000446
split_0159	GOMC.bin.3028|G0000447
split_0159	GOMC.bin.3195|G0000448
split_0159	GOMC.bin.3217|G0000449
split_0159	GOMC.bin.3217|G0000450
split_0159	GOMC.bin.4375|G0000451
split_0159	GOMC.bin.5632|G0000452
split_0159	GOMC.bin.5642|G0000454
split_0159	GOMC.bin.7984|G0000459
split_0159	GOMC.bin.9181|G0000463
split_0160	GCA_001593855.1|G0000020
split_0160	GCA_001593865.1|G0000021
split_0160	GCA_001593935.1|G0000023
split_0160	GCA_001723845.1|G0000024
split_0160	GCA_001723845.1|G0000025
split_0160	GCA_001742785.1|G0000027
split_0160	GCA_001873845.1|G0000030
split_0160	GCA_001940655.1|G0000032
split_0160	GCA_001940665.2|G0000035
split_0160	GCA_002011035.2|G0000045
split_0160	GCA_002490245.1|G0000051
split_0160	GCA_002494765.1|G0000055
split_0160	GCA_002495885.1|G0000056
split_0160	GCA_002507245.1|G0000066
split_0160	GCA_003133625.1|G0000076
split_0160	GCA_003601775.1|G0000082
split_0160	GCA_003649155.1|G0000083
split_0160	GCA_003649205.1|G0000084
split_0160	GCA_003650925.1|G0000085
split_0160	GCA_003661265.1|G0000088
split_0160	GCA_003661385.1|G0000089
split_0160	GCA_003661905.1|G0000090
split_0160	GCA_003662535.1|G0000091
split_0160	GCA_004347965.1|G0000100
split_0160	GCA_004376295.1|G0000102
split_0160	GCA_004376645.1|G0000103
split_0160	GCA_004524365.1|G0000105
split_0160	GCA_004524535.1|G0000109
split_0160	GCA_004524545.1|G0000111
split_0160	GCA_005191415.1|G0000113
split_0160	GCA_005191425.1|G0000114
split_0160	GCA_005223125.1|G0000117
split_0160	GCA_009889585.1|G0000120
split_0160	GCA_011364925.1|G0000123
split_0160	GCA_011605775.1|G0000125
split_0160	GCA_013388925.1|G0000130
split_0160	GCA_014729935.1|G0000132
split_0160	GCA_014730165.1|G0000134
split_0160	GCA_015520475.1|G0000139
split_0160	GCA_016292335.1|G0000147
split_0160	GCA_016294985.1|G0000148
split_0160	GCA_016550395.1|G0000149
split_0160	GCA_016839265.1|G0000151
split_0160	GCA_016839425.1|G0000152
split_0160	GCA_016839585.1|G0000155
split_0160	GCA_016839765.1|G0000157
split_0160	GCA_016840065.1|G0000158
split_0160	GCA_016840135.1|G0000161
split_0160	GCA_016840425.1|G0000162
split_0160	GCA_016840425.1|G0000164
split_0160	GCA_016840485.1|G0000166
split_0160	GCA_016926735.1|G0000171
split_0160	GCA_016932935.1|G0000174
split_0160	GCA_016932935.1|G0000175
split_0160	GCA_016933055.1|G0000176
split_0160	GCA_017601265.1|G0000178
split_0160	GCA_017608025.1|G0000179
split_0160	GCA_018396405.1|G0000184
split_0160	GCA_018396535.1|G0000186
split_0160	GCA_018396695.1|G0000187
split_0160	GCA_018396725.1|G0000189
split_0160	GCA_018396755.1|G0000190
split_0160	GCA_018396775.1|G0000191
split_0160	GCA_018396865.1|G0000192
split_0160	GCA_018992685.1|G0000197
split_0160	GCA_019056805.1|G0000198
split_0160	GCA_019057385.1|G0000199
split_0160	GCA_019058015.1|G0000201
split_0160	GCA_019058135.1|G0000202
split_0160	GCA_019058165.1|G0000204
split_0160	GCA_019058315.1|G0000205
split_0160	GCA_019058315.1|G0000206
split_0160	GCA_019058445.1|G0000208
split_0160	GCA_019058495.1|G0000209
split_0160	GCA_019685575.1|G0000215
split_0160	GCA_019894715.1|G0000216
split_0160	GCA_020352645.1|G0000219
split_0160	GCA_020355125.1|G0000222
split_0160	GCA_020833005.1|G0000223
split_0160	GCA_021158125.1|G0000227
split_0160	GCA_021161045.1|G0000229
split_0160	GCA_021161825.1|G0000230
split_0160	GCA_021498085.1|G0000231
split_0160	GCA_022865705.1|G0000234
split_0160	GCA_023131225.1|G0000235
split_0160	GCA_023131225.1|G0000236
split_0160	GCA_023131225.1|G0000237
split_0160	GCA_023131225.1|G0000238
split_0160	GCA_023379805.1|G0000243
split_0160	GCA_024256165.1|G0000244
split_0160	GCA_024276395.1|G0000246
split_0160	GCA_025058425.1|G0000250
split_0160	GCA_025059045.1|G0000251
split_0160	GCA_025059075.1|G0000252
split_0160	GCA_026014495.1|G0000255
split_0160	GCA_026014815.1|G0000256
split_0160	GCA_026015035.1|G0000258
split_0160	GCA_026015185.1|G0000259
split_0160	GCA_027068725.1|G0000276
split_0160	GCA_027491455.1|G0000278
split_0160	GCA_027491845.1|G0000279
split_0160	GCA_027492035.1|G0000280
split_0160	GCA_029258915.1|G0000284
split_0160	GCA_029258925.1|G0000285
split_0160	GCA_029259155.1|G0000286
split_0160	GCA_029259185.1|G0000287
split_0160	GCA_029259355.1|G0000288
split_0160	GCA_029775995.1|G0000291
split_0160	GCA_029838175.1|G0000293
split_0160	GCA_029856295.1|G0000295
split_0160	GCA_029856435.1|G0000296
split_0160	GCA_029934005.1|G0000300
split_0160	GCA_030018435.1|G0000302
split_0160	GCA_030019435.1|G0000304
split_0160	GCA_030587475.2|G0000305
split_0160	GCA_030610785.1|G0000308
split_0160	GCA_030615265.1|G0000316
split_0160	GCA_030837285.1|G0000323
split_0160	GCA_034660795.1|G0000331
split_0160	GCA_034660895.1|G0000333
split_0160	GCA_035531115.1|G0000334
split_0160	GCA_035531115.1|G0000335
split_0160	GCA_035531115.1|G0000336
split_0160	GCA_036012225.1|G0000340
split_0160	GCA_036514475.1|G0000344
split_0160	GCA_037308085.1|G0000347
split_0160	GCA_037310415.1|G0000350
split_0160	GCA_037386725.1|G0000351
split_0160	GCA_037917685.1|G0000354
split_0160	GCA_038736355.1|G0000357
split_0160	GCA_038817485.1|G0000358
split_0160	GCA_038818435.1|G0000359
split_0160	GCA_038819355.1|G0000360
split_0160	GCA_038820475.1|G0000361
split_0160	GCA_038825615.1|G0000363
split_0160	GCA_038840055.1|G0000364
split_0160	GCA_038852135.1|G0000366
split_0160	GCA_038852285.1|G0000367
split_0160	GCA_038852745.1|G0000368
split_0160	GCA_038873015.1|G0000370
split_0160	GCA_038883335.1|G0000371
split_0160	GCA_038883485.1|G0000373
split_0160	GCA_038894255.1|G0000375
split_0160	GCA_041305945.1|G0000377
split_0160	GCA_041862235.1|G0000379
split_0160	GCA_048886645.1|G0000382
split_0160	GCA_048886645.1|G0000383
split_0160	GCA_048887225.1|G0000385
split_0160	GCA_048938295.1|G0000386
split_0160	GCA_048939465.1|G0000388
split_0160	GCA_052246955.1|G0000390
split_0160	GCA_052626505.1|G0000392
split_0160	GCA_054381345.1|G0000394
split_0160	GCA_054381475.1|G0000396
split_0160	GCA_054381475.1|G0000397
split_0160	GCA_054383535.1|G0000399
split_0160	GCA_054383535.1|G0000400
split_0160	GCA_054383595.1|G0000403
split_0160	GCA_054384275.1|G0000405
split_0160	GCA_054384595.1|G0000406
split_0160	GCA_054385715.1|G0000408
split_0160	GCA_054386615.1|G0000409
split_0160	GOMC.bin.1197|G0000430
split_0160	GOMC.bin.1512|G0000432
split_0160	GOMC.bin.16766|G0000433
split_0160	GOMC.bin.16972|G0000434
split_0160	GOMC.bin.18048|G0000435
split_0160	GOMC.bin.2212|G0000436
split_0160	GOMC.bin.2492|G0000437
split_0160	GOMC.bin.2493|G0000438
split_0160	GOMC.bin.2724|G0000439
split_0160	GOMC.bin.2843|G0000441
split_0160	GOMC.bin.2890|G0000443
split_0160	GOMC.bin.2895|G0000444
split_0160	GOMC.bin.2900|G0000445
split_0160	GOMC.bin.3028|G0000446
split_0160	GOMC.bin.3028|G0000447
split_0160	GOMC.bin.3195|G0000448
split_0160	GOMC.bin.3217|G0000449
split_0160	GOMC.bin.3217|G0000450
split_0160	GOMC.bin.4375|G0000451
split_0160	GOMC.bin.5632|G0000452
split_0160	GOMC.bin.5642|G0000454
split_0160	GOMC.bin.7984|G0000459
split_0160	GOMC.bin.9181|G0000463
split_0161	GCA_001593855.1|G0000020
split_0161	GCA_001593865.1|G0000021
split_0161	GCA_001593935.1|G0000023
split_0161	GCA_001723845.1|G0000024
split_0161	GCA_001723845.1|G0000025
split_0161	GCA_001742785.1|G0000027
split_0161	GCA_001873845.1|G0000030
split_0161	GCA_001940655.1|G0000032
split_0161	GCA_001940665.2|G0000035
split_0161	GCA_002011035.2|G0000045
split_0161	GCA_002490245.1|G0000051
split_0161	GCA_002494765.1|G0000055
split_0161	GCA_002495885.1|G0000056
split_0161	GCA_002507245.1|G0000066
split_0161	GCA_003133625.1|G0000076
split_0161	GCA_003601775.1|G0000082
split_0161	GCA_003649155.1|G0000083
split_0161	GCA_003649205.1|G0000084
split_0161	GCA_003650925.1|G0000085
split_0161	GCA_003661265.1|G0000088
split_0161	GCA_003661385.1|G0000089
split_0161	GCA_003661905.1|G0000090
split_0161	GCA_003662535.1|G0000091
split_0161	GCA_004347965.1|G0000100
split_0161	GCA_004376295.1|G0000102
split_0161	GCA_004376645.1|G0000103
split_0161	GCA_004524365.1|G0000105
split_0161	GCA_004524535.1|G0000109
split_0161	GCA_004524545.1|G0000111
split_0161	GCA_005191415.1|G0000113
split_0161	GCA_005191425.1|G0000114
split_0161	GCA_005223125.1|G0000117
split_0161	GCA_009889585.1|G0000120
split_0161	GCA_011364925.1|G0000123
split_0161	GCA_011605775.1|G0000125
split_0161	GCA_013388925.1|G0000130
split_0161	GCA_014729935.1|G0000132
split_0161	GCA_014730165.1|G0000134
split_0161	GCA_015520475.1|G0000139
split_0161	GCA_016292335.1|G0000147
split_0161	GCA_016294985.1|G0000148
split_0161	GCA_016550395.1|G0000149
split_0161	GCA_016839265.1|G0000151
split_0161	GCA_016839425.1|G0000152
split_0161	GCA_016839585.1|G0000155
split_0161	GCA_016839765.1|G0000157
split_0161	GCA_016840065.1|G0000158
split_0161	GCA_016840135.1|G0000161
split_0161	GCA_016840425.1|G0000162
split_0161	GCA_016840425.1|G0000164
split_0161	GCA_016840485.1|G0000166
split_0161	GCA_016926735.1|G0000171
split_0161	GCA_016932935.1|G0000174
split_0161	GCA_016932935.1|G0000175
split_0161	GCA_016933055.1|G0000176
split_0161	GCA_017601265.1|G0000178
split_0161	GCA_017608025.1|G0000179
split_0161	GCA_018396405.1|G0000184
split_0161	GCA_018396535.1|G0000186
split_0161	GCA_018396695.1|G0000187
split_0161	GCA_018396725.1|G0000189
split_0161	GCA_018396755.1|G0000190
split_0161	GCA_018396775.1|G0000191
split_0161	GCA_018396865.1|G0000192
split_0161	GCA_018992685.1|G0000197
split_0161	GCA_019056805.1|G0000198
split_0161	GCA_019057385.1|G0000199
split_0161	GCA_019058015.1|G0000201
split_0161	GCA_019058135.1|G0000202
split_0161	GCA_019058165.1|G0000204
split_0161	GCA_019058315.1|G0000205
split_0161	GCA_019058315.1|G0000206
split_0161	GCA_019058445.1|G0000208
split_0161	GCA_019058495.1|G0000209
split_0161	GCA_019685575.1|G0000215
split_0161	GCA_019894715.1|G0000216
split_0161	GCA_020352645.1|G0000219
split_0161	GCA_020355125.1|G0000222
split_0161	GCA_020833005.1|G0000223
split_0161	GCA_021158125.1|G0000227
split_0161	GCA_021161045.1|G0000229
split_0161	GCA_021161825.1|G0000230
split_0161	GCA_021498085.1|G0000231
split_0161	GCA_022865705.1|G0000234
split_0161	GCA_023131225.1|G0000238
split_0161	GCA_023379805.1|G0000243
split_0161	GCA_024256165.1|G0000244
split_0161	GCA_024276395.1|G0000246
split_0161	GCA_025058425.1|G0000250
split_0161	GCA_025059045.1|G0000251
split_0161	GCA_025059075.1|G0000252
split_0161	GCA_026014495.1|G0000255
split_0161	GCA_026014815.1|G0000256
split_0161	GCA_026015035.1|G0000258
split_0161	GCA_026015185.1|G0000259
split_0161	GCA_027068725.1|G0000276
split_0161	GCA_027491455.1|G0000278
split_0161	GCA_027491845.1|G0000279
split_0161	GCA_027492035.1|G0000280
split_0161	GCA_029258915.1|G0000284
split_0161	GCA_029258925.1|G0000285
split_0161	GCA_029259155.1|G0000286
split_0161	GCA_029259185.1|G0000287
split_0161	GCA_029259355.1|G0000288
split_0161	GCA_029775995.1|G0000291
split_0161	GCA_029838175.1|G0000293
split_0161	GCA_029856295.1|G0000295
split_0161	GCA_029856435.1|G0000296
split_0161	GCA_029934005.1|G0000300
split_0161	GCA_030018435.1|G0000302
split_0161	GCA_030019435.1|G0000304
split_0161	GCA_030587475.2|G0000305
split_0161	GCA_030610785.1|G0000308
split_0161	GCA_030615265.1|G0000316
split_0161	GCA_030837285.1|G0000323
split_0161	GCA_034660795.1|G0000331
split_0161	GCA_034660895.1|G0000333
split_0161	GCA_035531115.1|G0000334
split_0161	GCA_035531115.1|G0000335
split_0161	GCA_035531115.1|G0000336
split_0161	GCA_036012225.1|G0000340
split_0161	GCA_036514475.1|G0000344
split_0161	GCA_037308085.1|G0000347
split_0161	GCA_037310415.1|G0000350
split_0161	GCA_037386725.1|G0000351
split_0161	GCA_037917685.1|G0000354
split_0161	GCA_038736355.1|G0000357
split_0161	GCA_038817485.1|G0000358
split_0161	GCA_038818435.1|G0000359
split_0161	GCA_038819355.1|G0000360
split_0161	GCA_038820475.1|G0000361
split_0161	GCA_038825615.1|G0000363
split_0161	GCA_038840055.1|G0000364
split_0161	GCA_038852135.1|G0000366
split_0161	GCA_038852285.1|G0000367
split_0161	GCA_038852745.1|G0000368
split_0161	GCA_038873015.1|G0000370
split_0161	GCA_038883335.1|G0000371
split_0161	GCA_038883485.1|G0000373
split_0161	GCA_038894255.1|G0000375
split_0161	GCA_041305945.1|G0000377
split_0161	GCA_041862235.1|G0000379
split_0161	GCA_048886645.1|G0000382
split_0161	GCA_048886645.1|G0000383
split_0161	GCA_048887225.1|G0000385
split_0161	GCA_048938295.1|G0000386
split_0161	GCA_048939465.1|G0000388
split_0161	GCA_052246955.1|G0000390
split_0161	GCA_052626505.1|G0000392
split_0161	GCA_054381345.1|G0000394
split_0161	GCA_054381475.1|G0000396
split_0161	GCA_054381475.1|G0000397
split_0161	GCA_054383535.1|G0000399
split_0161	GCA_054383535.1|G0000400
split_0161	GCA_054383595.1|G0000403
split_0161	GCA_054384275.1|G0000405
split_0161	GCA_054384595.1|G0000406
split_0161	GCA_054385715.1|G0000408
split_0161	GCA_054386615.1|G0000409
split_0161	GOMC.bin.1197|G0000430
split_0161	GOMC.bin.1512|G0000432
split_0161	GOMC.bin.16766|G0000433
split_0161	GOMC.bin.16972|G0000434
split_0161	GOMC.bin.18048|G0000435
split_0161	GOMC.bin.2212|G0000436
split_0161	GOMC.bin.2492|G0000437
split_0161	GOMC.bin.2493|G0000438
split_0161	GOMC.bin.2724|G0000439
split_0161	GOMC.bin.2843|G0000441
split_0161	GOMC.bin.2895|G0000444
split_0161	GOMC.bin.2900|G0000445
split_0161	GOMC.bin.3028|G0000446
split_0161	GOMC.bin.3028|G0000447
split_0161	GOMC.bin.3195|G0000448
split_0161	GOMC.bin.3217|G0000449
split_0161	GOMC.bin.3217|G0000450
split_0161	GOMC.bin.4375|G0000451
split_0161	GOMC.bin.5632|G0000452
split_0161	GOMC.bin.5642|G0000454
split_0161	GOMC.bin.7984|G0000459
split_0161	GOMC.bin.9181|G0000463
split_0162	GCA_001593855.1|G0000020
split_0162	GCA_001593865.1|G0000021
split_0162	GCA_001593935.1|G0000023
split_0162	GCA_001723845.1|G0000024
split_0162	GCA_001723845.1|G0000025
split_0162	GCA_001742785.1|G0000027
split_0162	GCA_001873845.1|G0000030
split_0162	GCA_001940655.1|G0000032
split_0162	GCA_001940665.2|G0000035
split_0162	GCA_002011035.2|G0000045
split_0162	GCA_002490245.1|G0000051
split_0162	GCA_002494765.1|G0000055
split_0162	GCA_002495885.1|G0000056
split_0162	GCA_002507245.1|G0000066
split_0162	GCA_003133625.1|G0000076
split_0162	GCA_003601775.1|G0000082
split_0162	GCA_003649155.1|G0000083
split_0162	GCA_003649205.1|G0000084
split_0162	GCA_003650925.1|G0000085
split_0162	GCA_003661265.1|G0000088
split_0162	GCA_003661385.1|G0000089
split_0162	GCA_003661905.1|G0000090
split_0162	GCA_003662535.1|G0000091
split_0162	GCA_004347965.1|G0000100
split_0162	GCA_004376295.1|G0000102
split_0162	GCA_004376645.1|G0000103
split_0162	GCA_004524365.1|G0000105
split_0162	GCA_004524535.1|G0000109
split_0162	GCA_004524545.1|G0000111
split_0162	GCA_005191415.1|G0000113
split_0162	GCA_005191425.1|G0000114
split_0162	GCA_005223125.1|G0000117
split_0162	GCA_009889585.1|G0000120
split_0162	GCA_011364925.1|G0000123
split_0162	GCA_011605775.1|G0000125
split_0162	GCA_013388925.1|G0000130
split_0162	GCA_014729935.1|G0000132
split_0162	GCA_014730165.1|G0000134
split_0162	GCA_015520475.1|G0000139
split_0162	GCA_016839265.1|G0000151
split_0162	GCA_016839425.1|G0000152
split_0162	GCA_016839585.1|G0000155
split_0162	GCA_016839765.1|G0000157
split_0162	GCA_016840425.1|G0000162
split_0162	GCA_016840425.1|G0000164
split_0162	GCA_016840485.1|G0000166
split_0162	GCA_016926735.1|G0000171
split_0162	GCA_016932935.1|G0000174
split_0162	GCA_016932935.1|G0000175
split_0162	GCA_016933055.1|G0000176
split_0162	GCA_017601265.1|G0000178
split_0162	GCA_017608025.1|G0000179
split_0162	GCA_018396405.1|G0000184
split_0162	GCA_018396535.1|G0000186
split_0162	GCA_018396695.1|G0000187
split_0162	GCA_018396725.1|G0000189
split_0162	GCA_018396755.1|G0000190
split_0162	GCA_018396775.1|G0000191
split_0162	GCA_018396865.1|G0000192
split_0162	GCA_018992685.1|G0000197
split_0162	GCA_019056805.1|G0000198
split_0162	GCA_019058015.1|G0000201
split_0162	GCA_019058135.1|G0000202
split_0162	GCA_019058165.1|G0000204
split_0162	GCA_019058315.1|G0000205
split_0162	GCA_019058315.1|G0000206
split_0162	GCA_019058445.1|G0000208
split_0162	GCA_019058495.1|G0000209
split_0162	GCA_019685575.1|G0000215
split_0162	GCA_019894715.1|G0000216
split_0162	GCA_020352645.1|G0000219
split_0162	GCA_020355125.1|G0000222
split_0162	GCA_020833005.1|G0000223
split_0162	GCA_021158125.1|G0000227
split_0162	GCA_021161045.1|G0000229
split_0162	GCA_021161825.1|G0000230
split_0162	GCA_021498085.1|G0000231
split_0162	GCA_022865705.1|G0000234
split_0162	GCA_023131225.1|G0000238
split_0162	GCA_023379805.1|G0000243
split_0162	GCA_024256165.1|G0000244
split_0162	GCA_024276395.1|G0000246
split_0162	GCA_025058425.1|G0000250
split_0162	GCA_025059045.1|G0000251
split_0162	GCA_025059075.1|G0000252
split_0162	GCA_026014495.1|G0000255
split_0162	GCA_026014815.1|G0000256
split_0162	GCA_026015035.1|G0000258
split_0162	GCA_026015185.1|G0000259
split_0162	GCA_027068725.1|G0000276
split_0162	GCA_027491455.1|G0000278
split_0162	GCA_027491845.1|G0000279
split_0162	GCA_027492035.1|G0000280
split_0162	GCA_029258915.1|G0000284
split_0162	GCA_029258925.1|G0000285
split_0162	GCA_029259155.1|G0000286
split_0162	GCA_029259185.1|G0000287
split_0162	GCA_029259355.1|G0000288
split_0162	GCA_029775995.1|G0000291
split_0162	GCA_029838175.1|G0000293
split_0162	GCA_029856295.1|G0000295
split_0162	GCA_029856435.1|G0000296
split_0162	GCA_029934005.1|G0000300
split_0162	GCA_030018435.1|G0000302
split_0162	GCA_030019435.1|G0000304
split_0162	GCA_030587475.2|G0000305
split_0162	GCA_030610785.1|G0000308
split_0162	GCA_030615265.1|G0000316
split_0162	GCA_030837285.1|G0000323
split_0162	GCA_034660795.1|G0000331
split_0162	GCA_034660895.1|G0000333
split_0162	GCA_035531115.1|G0000334
split_0162	GCA_035531115.1|G0000335
split_0162	GCA_035531115.1|G0000336
split_0162	GCA_036012225.1|G0000340
split_0162	GCA_036514475.1|G0000344
split_0162	GCA_037308085.1|G0000347
split_0162	GCA_037310415.1|G0000350
split_0162	GCA_037386725.1|G0000351
split_0162	GCA_037917685.1|G0000354
split_0162	GCA_038736355.1|G0000357
split_0162	GCA_038817485.1|G0000358
split_0162	GCA_038818435.1|G0000359
split_0162	GCA_038819355.1|G0000360
split_0162	GCA_038820475.1|G0000361
split_0162	GCA_038825615.1|G0000363
split_0162	GCA_038840055.1|G0000364
split_0162	GCA_038852135.1|G0000366
split_0162	GCA_038852285.1|G0000367
split_0162	GCA_038852745.1|G0000368
split_0162	GCA_038873015.1|G0000370
split_0162	GCA_038883335.1|G0000371
split_0162	GCA_038883485.1|G0000373
split_0162	GCA_038894255.1|G0000375
split_0162	GCA_041305945.1|G0000377
split_0162	GCA_041862235.1|G0000379
split_0162	GCA_048886645.1|G0000382
split_0162	GCA_048886645.1|G0000383
split_0162	GCA_048887225.1|G0000385
split_0162	GCA_048939465.1|G0000388
split_0162	GCA_052246955.1|G0000390
split_0162	GCA_052626505.1|G0000392
split_0162	GCA_054381345.1|G0000394
split_0162	GCA_054381475.1|G0000396
split_0162	GCA_054381475.1|G0000397
split_0162	GCA_054383535.1|G0000399
split_0162	GCA_054383535.1|G0000400
split_0162	GCA_054383595.1|G0000403
split_0162	GCA_054384275.1|G0000405
split_0162	GCA_054384595.1|G0000406
split_0162	GCA_054385715.1|G0000408
split_0162	GCA_054386615.1|G0000409
split_0162	GOMC.bin.1197|G0000430
split_0162	GOMC.bin.1512|G0000432
split_0162	GOMC.bin.16766|G0000433
split_0162	GOMC.bin.16972|G0000434
split_0162	GOMC.bin.18048|G0000435
split_0162	GOMC.bin.2212|G0000436
split_0162	GOMC.bin.2492|G0000437
split_0162	GOMC.bin.2493|G0000438
split_0162	GOMC.bin.2724|G0000439
split_0162	GOMC.bin.2843|G0000441
split_0162	GOMC.bin.2895|G0000444
split_0162	GOMC.bin.2900|G0000445
split_0162	GOMC.bin.3028|G0000446
split_0162	GOMC.bin.3028|G0000447
split_0162	GOMC.bin.3195|G0000448
split_0162	GOMC.bin.3217|G0000449
split_0162	GOMC.bin.3217|G0000450
split_0162	GOMC.bin.4375|G0000451
split_0162	GOMC.bin.5632|G0000452
split_0162	GOMC.bin.5642|G0000454
split_0162	GOMC.bin.7984|G0000459
split_0162	GOMC.bin.9181|G0000463
split_0163	GCA_001593855.1|G0000020
split_0163	GCA_001593865.1|G0000021
split_0163	GCA_001593935.1|G0000023
split_0163	GCA_002011035.2|G0000045
split_0163	GCA_002490245.1|G0000051
split_0163	GCA_002507245.1|G0000066
split_0163	GCA_003133625.1|G0000076
split_0163	GCA_003601775.1|G0000082
split_0163	GCA_003649155.1|G0000083
split_0163	GCA_003649205.1|G0000084
split_0163	GCA_003650925.1|G0000085
split_0163	GCA_003661265.1|G0000088
split_0163	GCA_003661385.1|G0000089
split_0163	GCA_003661905.1|G0000090
split_0163	GCA_003662535.1|G0000091
split_0163	GCA_004347965.1|G0000100
split_0163	GCA_004376295.1|G0000102
split_0163	GCA_004376645.1|G0000103
split_0163	GCA_009889585.1|G0000120
split_0163	GCA_011605775.1|G0000125
split_0163	GCA_013388925.1|G0000130
split_0163	GCA_015520475.1|G0000139
split_0163	GCA_016840425.1|G0000162
split_0163	GCA_016840425.1|G0000164
split_0163	GCA_016840485.1|G0000166
split_0163	GCA_017601265.1|G0000178
split_0163	GCA_017608025.1|G0000179
split_0163	GCA_018396405.1|G0000184
split_0163	GCA_018396535.1|G0000186
split_0163	GCA_018396725.1|G0000189
split_0163	GCA_018396755.1|G0000190
split_0163	GCA_018396775.1|G0000191
split_0163	GCA_018396865.1|G0000192
split_0163	GCA_019056805.1|G0000198
split_0163	GCA_019058165.1|G0000204
split_0163	GCA_019058495.1|G0000209
split_0163	GCA_019685575.1|G0000215
split_0163	GCA_020352645.1|G0000219
split_0163	GCA_020355125.1|G0000222
split_0163	GCA_020833005.1|G0000223
split_0163	GCA_021158125.1|G0000227
split_0163	GCA_021161825.1|G0000230
split_0163	GCA_021498085.1|G0000231
split_0163	GCA_022865705.1|G0000234
split_0163	GCA_023131225.1|G0000238
split_0163	GCA_023379805.1|G0000243
split_0163	GCA_024256165.1|G0000244
split_0163	GCA_025058425.1|G0000250
split_0163	GCA_025059045.1|G0000251
split_0163	GCA_025059075.1|G0000252
split_0163	GCA_026014495.1|G0000255
split_0163	GCA_026015035.1|G0000258
split_0163	GCA_026015185.1|G0000259
split_0163	GCA_027068725.1|G0000276
split_0163	GCA_027491845.1|G0000279
split_0163	GCA_029258915.1|G0000284
split_0163	GCA_029258925.1|G0000285
split_0163	GCA_029259155.1|G0000286
split_0163	GCA_029259355.1|G0000288
split_0163	GCA_029775995.1|G0000291
split_0163	GCA_029934005.1|G0000300
split_0163	GCA_030615265.1|G0000316
split_0163	GCA_030837285.1|G0000323
split_0163	GCA_034660795.1|G0000331
split_0163	GCA_034660895.1|G0000333
split_0163	GCA_036012225.1|G0000340
split_0163	GCA_036514475.1|G0000344
split_0163	GCA_037308085.1|G0000347
split_0163	GCA_037310415.1|G0000350
split_0163	GCA_037917685.1|G0000354
split_0163	GCA_038817485.1|G0000358
split_0163	GCA_038818435.1|G0000359
split_0163	GCA_038840055.1|G0000364
split_0163	GCA_038852135.1|G0000366
split_0163	GCA_038852285.1|G0000367
split_0163	GCA_038852745.1|G0000368
split_0163	GCA_038873015.1|G0000370
split_0163	GCA_038883335.1|G0000371
split_0163	GCA_038883485.1|G0000373
split_0163	GCA_038894255.1|G0000375
split_0163	GCA_041862235.1|G0000379
split_0163	GCA_048886645.1|G0000382
split_0163	GCA_048886645.1|G0000383
split_0163	GCA_048939465.1|G0000388
split_0163	GCA_052246955.1|G0000390
split_0163	GOMC.bin.1197|G0000430
split_0163	GOMC.bin.1512|G0000432
split_0163	GOMC.bin.16766|G0000433
split_0163	GOMC.bin.16972|G0000434
split_0163	GOMC.bin.18048|G0000435
split_0163	GOMC.bin.2212|G0000436
split_0163	GOMC.bin.2492|G0000437
split_0163	GOMC.bin.2493|G0000438
split_0163	GOMC.bin.2724|G0000439
split_0163	GOMC.bin.2843|G0000441
split_0163	GOMC.bin.2895|G0000444
split_0163	GOMC.bin.2900|G0000445
split_0163	GOMC.bin.3028|G0000446
split_0163	GOMC.bin.3028|G0000447
split_0163	GOMC.bin.3195|G0000448
split_0163	GOMC.bin.3217|G0000449
split_0163	GOMC.bin.3217|G0000450
split_0163	GOMC.bin.5632|G0000452
split_0163	GOMC.bin.5642|G0000454
split_0164	GCA_001593855.1|G0000020
split_0164	GCA_001593865.1|G0000021
split_0164	GCA_001593935.1|G0000023
split_0164	GCA_002011035.2|G0000045
split_0164	GCA_002490245.1|G0000051
split_0164	GCA_002507245.1|G0000066
split_0164	GCA_003133625.1|G0000076
split_0164	GCA_003601775.1|G0000082
split_0164	GCA_003649155.1|G0000083
split_0164	GCA_003649205.1|G0000084
split_0164	GCA_003650925.1|G0000085
split_0164	GCA_003661265.1|G0000088
split_0164	GCA_003661385.1|G0000089
split_0164	GCA_003661905.1|G0000090
split_0164	GCA_003662535.1|G0000091
split_0164	GCA_004347965.1|G0000100
split_0164	GCA_004376295.1|G0000102
split_0164	GCA_004376645.1|G0000103
split_0164	GCA_009889585.1|G0000120
split_0164	GCA_011605775.1|G0000125
split_0164	GCA_013388925.1|G0000130
split_0164	GCA_015520475.1|G0000139
split_0164	GCA_016840425.1|G0000162
split_0164	GCA_016840485.1|G0000166
split_0164	GCA_017601265.1|G0000178
split_0164	GCA_017608025.1|G0000179
split_0164	GCA_018396405.1|G0000184
split_0164	GCA_018396535.1|G0000186
split_0164	GCA_018396725.1|G0000189
split_0164	GCA_018396755.1|G0000190
split_0164	GCA_018396775.1|G0000191
split_0164	GCA_018396865.1|G0000192
split_0164	GCA_019056805.1|G0000198
split_0164	GCA_019685575.1|G0000215
split_0164	GCA_020352645.1|G0000219
split_0164	GCA_020355125.1|G0000222
split_0164	GCA_020833005.1|G0000223
split_0164	GCA_021158125.1|G0000227
split_0164	GCA_021161825.1|G0000230
split_0164	GCA_022865705.1|G0000234
split_0164	GCA_023131225.1|G0000238
split_0164	GCA_023379805.1|G0000243
split_0164	GCA_024256165.1|G0000244
split_0164	GCA_025058425.1|G0000250
split_0164	GCA_025059045.1|G0000251
split_0164	GCA_025059075.1|G0000252
split_0164	GCA_026014495.1|G0000255
split_0164	GCA_026015035.1|G0000258
split_0164	GCA_026015185.1|G0000259
split_0164	GCA_027068725.1|G0000276
split_0164	GCA_027491845.1|G0000279
split_0164	GCA_029258915.1|G0000284
split_0164	GCA_029258925.1|G0000285
split_0164	GCA_029259155.1|G0000286
split_0164	GCA_029259355.1|G0000288
split_0164	GCA_029775995.1|G0000291
split_0164	GCA_029934005.1|G0000300
split_0164	GCA_030615265.1|G0000316
split_0164	GCA_030837285.1|G0000323
split_0164	GCA_034660895.1|G0000333
split_0164	GCA_036012225.1|G0000340
split_0164	GCA_036514475.1|G0000344
split_0164	GCA_037917685.1|G0000354
split_0164	GCA_038817485.1|G0000358
split_0164	GCA_038818435.1|G0000359
split_0164	GCA_038840055.1|G0000364
split_0164	GCA_038852135.1|G0000366
split_0164	GCA_038852285.1|G0000367
split_0164	GCA_038852745.1|G0000368
split_0164	GCA_038873015.1|G0000370
split_0164	GCA_038883335.1|G0000371
split_0164	GCA_038883485.1|G0000373
split_0164	GCA_038894255.1|G0000375
split_0164	GCA_041862235.1|G0000379
split_0164	GCA_048886645.1|G0000382
split_0164	GCA_052246955.1|G0000390
split_0164	GOMC.bin.1197|G0000430
split_0164	GOMC.bin.1512|G0000432
split_0164	GOMC.bin.16766|G0000433
split_0164	GOMC.bin.16972|G0000434
split_0164	GOMC.bin.18048|G0000435
split_0164	GOMC.bin.2212|G0000436
split_0164	GOMC.bin.2492|G0000437
split_0164	GOMC.bin.2493|G0000438
split_0164	GOMC.bin.2724|G0000439
split_0164	GOMC.bin.2843|G0000441
split_0164	GOMC.bin.2895|G0000444
split_0164	GOMC.bin.2900|G0000445
split_0164	GOMC.bin.3028|G0000446
split_0164	GOMC.bin.3028|G0000447
split_0164	GOMC.bin.3195|G0000448
split_0164	GOMC.bin.3217|G0000449
split_0164	GOMC.bin.3217|G0000450
split_0164	GOMC.bin.5632|G0000452
split_0164	GOMC.bin.5642|G0000454
split_0165	GCA_001593855.1|G0000020
split_0165	GCA_001593865.1|G0000021
split_0165	GCA_001593935.1|G0000023
split_0165	GCA_002011035.2|G0000045
split_0165	GCA_002490245.1|G0000051
split_0165	GCA_002507245.1|G0000066
split_0165	GCA_003133625.1|G0000076
split_0165	GCA_003601775.1|G0000082
split_0165	GCA_003649155.1|G0000083
split_0165	GCA_003649205.1|G0000084
split_0165	GCA_003650925.1|G0000085
split_0165	GCA_003661265.1|G0000088
split_0165	GCA_003661905.1|G0000090
split_0165	GCA_003662535.1|G0000091
split_0165	GCA_004347965.1|G0000100
split_0165	GCA_004376295.1|G0000102
split_0165	GCA_004376645.1|G0000103
split_0165	GCA_009889585.1|G0000120
split_0165	GCA_011605775.1|G0000125
split_0165	GCA_013388925.1|G0000130
split_0165	GCA_015520475.1|G0000139
split_0165	GCA_016840485.1|G0000166
split_0165	GCA_017601265.1|G0000178
split_0165	GCA_017608025.1|G0000179
split_0165	GCA_018396405.1|G0000184
split_0165	GCA_018396535.1|G0000186
split_0165	GCA_018396725.1|G0000189
split_0165	GCA_018396755.1|G0000190
split_0165	GCA_018396775.1|G0000191
split_0165	GCA_018396865.1|G0000192
split_0165	GCA_019056805.1|G0000198
split_0165	GCA_019685575.1|G0000215
split_0165	GCA_020352645.1|G0000219
split_0165	GCA_020355125.1|G0000222
split_0165	GCA_020833005.1|G0000223
split_0165	GCA_021158125.1|G0000227
split_0165	GCA_021161825.1|G0000230
split_0165	GCA_022865705.1|G0000234
split_0165	GCA_023131225.1|G0000238
split_0165	GCA_023379805.1|G0000243
split_0165	GCA_024256165.1|G0000244
split_0165	GCA_025058425.1|G0000250
split_0165	GCA_025059045.1|G0000251
split_0165	GCA_025059075.1|G0000252
split_0165	GCA_026014495.1|G0000255
split_0165	GCA_026015035.1|G0000258
split_0165	GCA_026015185.1|G0000259
split_0165	GCA_027068725.1|G0000276
split_0165	GCA_029258915.1|G0000284
split_0165	GCA_029258925.1|G0000285
split_0165	GCA_029259155.1|G0000286
split_0165	GCA_029775995.1|G0000291
split_0165	GCA_029934005.1|G0000300
split_0165	GCA_030615265.1|G0000316
split_0165	GCA_030837285.1|G0000323
split_0165	GCA_034660895.1|G0000333
split_0165	GCA_036012225.1|G0000340
split_0165	GCA_036514475.1|G0000344
split_0165	GCA_037917685.1|G0000354
split_0165	GCA_038817485.1|G0000358
split_0165	GCA_038818435.1|G0000359
split_0165	GCA_038840055.1|G0000364
split_0165	GCA_038852135.1|G0000366
split_0165	GCA_038852285.1|G0000367
split_0165	GCA_038852745.1|G0000368
split_0165	GCA_038873015.1|G0000370
split_0165	GCA_038883335.1|G0000371
split_0165	GCA_038883485.1|G0000373
split_0165	GCA_038894255.1|G0000375
split_0165	GCA_041862235.1|G0000379
split_0165	GCA_052246955.1|G0000390
split_0165	GOMC.bin.1197|G0000430
split_0165	GOMC.bin.1512|G0000432
split_0165	GOMC.bin.16766|G0000433
split_0165	GOMC.bin.16972|G0000434
split_0165	GOMC.bin.18048|G0000435
split_0165	GOMC.bin.2212|G0000436
split_0165	GOMC.bin.2492|G0000437
split_0165	GOMC.bin.2493|G0000438
split_0165	GOMC.bin.2724|G0000439
split_0165	GOMC.bin.2843|G0000441
split_0165	GOMC.bin.2895|G0000444
split_0165	GOMC.bin.2900|G0000445
split_0165	GOMC.bin.3028|G0000446
split_0165	GOMC.bin.3028|G0000447
split_0165	GOMC.bin.3195|G0000448
split_0165	GOMC.bin.3217|G0000449
split_0165	GOMC.bin.3217|G0000450
split_0165	GOMC.bin.5632|G0000452
split_0165	GOMC.bin.5642|G0000454
split_0166	GCA_001593855.1|G0000020
split_0166	GCA_002011035.2|G0000045
split_0166	GCA_038883335.1|G0000371
split_0167	GCA_002011035.2|G0000045
split_0167	GCA_038883335.1|G0000371
split_0168	GCA_001593865.1|G0000021
split_0168	GCA_001593935.1|G0000023
split_0168	GCA_002490245.1|G0000051
split_0168	GCA_002507245.1|G0000066
split_0168	GCA_003133625.1|G0000076
split_0168	GCA_003601775.1|G0000082
split_0168	GCA_003649155.1|G0000083
split_0168	GCA_003649205.1|G0000084
split_0168	GCA_003650925.1|G0000085
split_0168	GCA_003661265.1|G0000088
split_0168	GCA_003661905.1|G0000090
split_0168	GCA_003662535.1|G0000091
split_0168	GCA_004347965.1|G0000100
split_0168	GCA_004376295.1|G0000102
split_0168	GCA_004376645.1|G0000103
split_0168	GCA_009889585.1|G0000120
split_0168	GCA_011605775.1|G0000125
split_0168	GCA_013388925.1|G0000130
split_0168	GCA_015520475.1|G0000139
split_0168	GCA_016840485.1|G0000166
split_0168	GCA_017601265.1|G0000178
split_0168	GCA_017608025.1|G0000179
split_0168	GCA_018396405.1|G0000184
split_0168	GCA_018396535.1|G0000186
split_0168	GCA_018396725.1|G0000189
split_0168	GCA_018396755.1|G0000190
split_0168	GCA_018396775.1|G0000191
split_0168	GCA_018396865.1|G0000192
split_0168	GCA_019056805.1|G0000198
split_0168	GCA_019685575.1|G0000215
split_0168	GCA_020352645.1|G0000219
split_0168	GCA_020355125.1|G0000222
split_0168	GCA_020833005.1|G0000223
split_0168	GCA_021158125.1|G0000227
split_0168	GCA_021161825.1|G0000230
split_0168	GCA_022865705.1|G0000234
split_0168	GCA_023131225.1|G0000238
split_0168	GCA_023379805.1|G0000243
split_0168	GCA_024256165.1|G0000244
split_0168	GCA_025058425.1|G0000250
split_0168	GCA_025059045.1|G0000251
split_0168	GCA_025059075.1|G0000252
split_0168	GCA_026014495.1|G0000255
split_0168	GCA_026015035.1|G0000258
split_0168	GCA_026015185.1|G0000259
split_0168	GCA_027068725.1|G0000276
split_0168	GCA_029258915.1|G0000284
split_0168	GCA_029258925.1|G0000285
split_0168	GCA_029259155.1|G0000286
split_0168	GCA_029775995.1|G0000291
split_0168	GCA_029934005.1|G0000300
split_0168	GCA_030615265.1|G0000316
split_0168	GCA_030837285.1|G0000323
split_0168	GCA_034660895.1|G0000333
split_0168	GCA_036012225.1|G0000340
split_0168	GCA_036514475.1|G0000344
split_0168	GCA_037917685.1|G0000354
split_0168	GCA_038817485.1|G0000358
split_0168	GCA_038818435.1|G0000359
split_0168	GCA_038840055.1|G0000364
split_0168	GCA_038852135.1|G0000366
split_0168	GCA_038852285.1|G0000367
split_0168	GCA_038852745.1|G0000368
split_0168	GCA_038873015.1|G0000370
split_0168	GCA_038883485.1|G0000373
split_0168	GCA_038894255.1|G0000375
split_0168	GCA_041862235.1|G0000379
split_0168	GCA_052246955.1|G0000390
split_0168	GOMC.bin.1197|G0000430
split_0168	GOMC.bin.1512|G0000432
split_0168	GOMC.bin.16766|G0000433
split_0168	GOMC.bin.16972|G0000434
split_0168	GOMC.bin.18048|G0000435
split_0168	GOMC.bin.2212|G0000436
split_0168	GOMC.bin.2492|G0000437
split_0168	GOMC.bin.2493|G0000438
split_0168	GOMC.bin.2724|G0000439
split_0168	GOMC.bin.2843|G0000441
split_0168	GOMC.bin.2895|G0000444
split_0168	GOMC.bin.2900|G0000445
split_0168	GOMC.bin.3028|G0000446
split_0168	GOMC.bin.3028|G0000447
split_0168	GOMC.bin.3195|G0000448
split_0168	GOMC.bin.3217|G0000449
split_0168	GOMC.bin.3217|G0000450
split_0168	GOMC.bin.5632|G0000452
split_0168	GOMC.bin.5642|G0000454
split_0169	GCA_001593865.1|G0000021
split_0169	GCA_001593935.1|G0000023
split_0169	GCA_002490245.1|G0000051
split_0169	GCA_002507245.1|G0000066
split_0169	GCA_003133625.1|G0000076
split_0169	GCA_003601775.1|G0000082
split_0169	GCA_003649155.1|G0000083
split_0169	GCA_003649205.1|G0000084
split_0169	GCA_003650925.1|G0000085
split_0169	GCA_003661265.1|G0000088
split_0169	GCA_003661905.1|G0000090
split_0169	GCA_003662535.1|G0000091
split_0169	GCA_004347965.1|G0000100
split_0169	GCA_004376295.1|G0000102
split_0169	GCA_004376645.1|G0000103
split_0169	GCA_009889585.1|G0000120
split_0169	GCA_015520475.1|G0000139
split_0169	GCA_016840485.1|G0000166
split_0169	GCA_017601265.1|G0000178
split_0169	GCA_017608025.1|G0000179
split_0169	GCA_018396405.1|G0000184
split_0169	GCA_018396535.1|G0000186
split_0169	GCA_018396755.1|G0000190
split_0169	GCA_018396865.1|G0000192
split_0169	GCA_019056805.1|G0000198
split_0169	GCA_019685575.1|G0000215
split_0169	GCA_020352645.1|G0000219
split_0169	GCA_020355125.1|G0000222
split_0169	GCA_020833005.1|G0000223
split_0169	GCA_021158125.1|G0000227
split_0169	GCA_021161825.1|G0000230
split_0169	GCA_022865705.1|G0000234
split_0169	GCA_023131225.1|G0000238
split_0169	GCA_025059045.1|G0000251
split_0169	GCA_025059075.1|G0000252
split_0169	GCA_026014495.1|G0000255
split_0169	GCA_026015035.1|G0000258
split_0169	GCA_027068725.1|G0000276
split_0169	GCA_029258915.1|G0000284
split_0169	GCA_029258925.1|G0000285
split_0169	GCA_029259155.1|G0000286
split_0169	GCA_029934005.1|G0000300
split_0169	GCA_030615265.1|G0000316
split_0169	GCA_030837285.1|G0000323
split_0169	GCA_034660895.1|G0000333
split_0169	GCA_037917685.1|G0000354
split_0169	GCA_038817485.1|G0000358
split_0169	GCA_038818435.1|G0000359
split_0169	GCA_038840055.1|G0000364
split_0169	GCA_038852745.1|G0000368
split_0169	GCA_038883485.1|G0000373
split_0169	GCA_038894255.1|G0000375
split_0169	GCA_041862235.1|G0000379
split_0169	GCA_052246955.1|G0000390
split_0169	GOMC.bin.1197|G0000430
split_0169	GOMC.bin.1512|G0000432
split_0169	GOMC.bin.16766|G0000433
split_0169	GOMC.bin.16972|G0000434
split_0169	GOMC.bin.18048|G0000435
split_0169	GOMC.bin.2212|G0000436
split_0169	GOMC.bin.2492|G0000437
split_0169	GOMC.bin.2493|G0000438
split_0169	GOMC.bin.2724|G0000439
split_0169	GOMC.bin.2843|G0000441
split_0169	GOMC.bin.2895|G0000444
split_0169	GOMC.bin.2900|G0000445
split_0169	GOMC.bin.3028|G0000446
split_0169	GOMC.bin.3028|G0000447
split_0169	GOMC.bin.3195|G0000448
split_0169	GOMC.bin.3217|G0000449
split_0169	GOMC.bin.3217|G0000450
split_0169	GOMC.bin.5632|G0000452
split_0169	GOMC.bin.5642|G0000454
split_0170	GCA_001593865.1|G0000021
split_0170	GCA_001593935.1|G0000023
split_0170	GCA_002490245.1|G0000051
split_0170	GCA_002507245.1|G0000066
split_0170	GCA_003133625.1|G0000076
split_0170	GCA_003601775.1|G0000082
split_0170	GCA_003649155.1|G0000083
split_0170	GCA_003649205.1|G0000084
split_0170	GCA_003650925.1|G0000085
split_0170	GCA_003661265.1|G0000088
split_0170	GCA_003661905.1|G0000090
split_0170	GCA_004347965.1|G0000100
split_0170	GCA_004376295.1|G0000102
split_0170	GCA_004376645.1|G0000103
split_0170	GCA_009889585.1|G0000120
split_0170	GCA_015520475.1|G0000139
split_0170	GCA_016840485.1|G0000166
split_0170	GCA_017601265.1|G0000178
split_0170	GCA_017608025.1|G0000179
split_0170	GCA_018396405.1|G0000184
split_0170	GCA_018396535.1|G0000186
split_0170	GCA_018396755.1|G0000190
split_0170	GCA_018396865.1|G0000192
split_0170	GCA_019056805.1|G0000198
split_0170	GCA_019685575.1|G0000215
split_0170	GCA_020352645.1|G0000219
split_0170	GCA_020355125.1|G0000222
split_0170	GCA_020833005.1|G0000223
split_0170	GCA_021158125.1|G0000227
split_0170	GCA_021161825.1|G0000230
split_0170	GCA_022865705.1|G0000234
split_0170	GCA_023131225.1|G0000238
split_0170	GCA_025059045.1|G0000251
split_0170	GCA_025059075.1|G0000252
split_0170	GCA_026014495.1|G0000255
split_0170	GCA_026015035.1|G0000258
split_0170	GCA_027068725.1|G0000276
split_0170	GCA_029258915.1|G0000284
split_0170	GCA_029258925.1|G0000285
split_0170	GCA_029259155.1|G0000286
split_0170	GCA_029934005.1|G0000300
split_0170	GCA_030615265.1|G0000316
split_0170	GCA_030837285.1|G0000323
split_0170	GCA_034660895.1|G0000333
split_0170	GCA_037917685.1|G0000354
split_0170	GCA_038817485.1|G0000358
split_0170	GCA_038818435.1|G0000359
split_0170	GCA_038840055.1|G0000364
split_0170	GCA_038852745.1|G0000368
split_0170	GCA_038883485.1|G0000373
split_0170	GCA_038894255.1|G0000375
split_0170	GCA_041862235.1|G0000379
split_0170	GCA_052246955.1|G0000390
split_0170	GOMC.bin.1197|G0000430
split_0170	GOMC.bin.1512|G0000432
split_0170	GOMC.bin.16766|G0000433
split_0170	GOMC.bin.18048|G0000435
split_0170	GOMC.bin.2492|G0000437
split_0170	GOMC.bin.2493|G0000438
split_0170	GOMC.bin.2724|G0000439
split_0170	GOMC.bin.2843|G0000441
split_0170	GOMC.bin.2895|G0000444
split_0170	GOMC.bin.2900|G0000445
split_0170	GOMC.bin.3028|G0000446
split_0170	GOMC.bin.3028|G0000447
split_0170	GOMC.bin.3195|G0000448
split_0170	GOMC.bin.3217|G0000449
split_0170	GOMC.bin.3217|G0000450
split_0170	GOMC.bin.5632|G0000452
split_0170	GOMC.bin.5642|G0000454
split_0171	GCA_001593865.1|G0000021
split_0171	GCA_002490245.1|G0000051
split_0171	GCA_003649155.1|G0000083
split_0171	GCA_003649205.1|G0000084
split_0171	GCA_003650925.1|G0000085
split_0171	GCA_003661265.1|G0000088
split_0171	GCA_003661905.1|G0000090
split_0171	GCA_004347965.1|G0000100
split_0171	GCA_017601265.1|G0000178
split_0171	GCA_018396535.1|G0000186
split_0171	GCA_018396755.1|G0000190
split_0171	GCA_020833005.1|G0000223
split_0171	GCA_021161825.1|G0000230
split_0171	GCA_025059075.1|G0000252
split_0171	GCA_027068725.1|G0000276
split_0171	GCA_029258915.1|G0000284
split_0171	GCA_029258925.1|G0000285
split_0171	GCA_029259155.1|G0000286
split_0171	GCA_037917685.1|G0000354
split_0171	GCA_038818435.1|G0000359
split_0171	GCA_038840055.1|G0000364
split_0171	GCA_038852745.1|G0000368
split_0171	GCA_038883485.1|G0000373
split_0171	GCA_041862235.1|G0000379
split_0171	GCA_052246955.1|G0000390
split_0171	GOMC.bin.1197|G0000430
split_0171	GOMC.bin.16766|G0000433
split_0171	GOMC.bin.18048|G0000435
split_0171	GOMC.bin.2492|G0000437
split_0171	GOMC.bin.2493|G0000438
split_0171	GOMC.bin.2724|G0000439
split_0171	GOMC.bin.2895|G0000444
split_0171	GOMC.bin.2900|G0000445
split_0171	GOMC.bin.3028|G0000446
split_0171	GOMC.bin.3028|G0000447
split_0171	GOMC.bin.3195|G0000448
split_0171	GOMC.bin.3217|G0000449
split_0171	GOMC.bin.3217|G0000450
split_0172	GCA_001593865.1|G0000021
split_0172	GCA_003649155.1|G0000083
split_0172	GCA_003649205.1|G0000084
split_0172	GCA_003650925.1|G0000085
split_0172	GCA_003661265.1|G0000088
split_0172	GCA_003661905.1|G0000090
split_0172	GCA_004347965.1|G0000100
split_0172	GCA_018396535.1|G0000186
split_0172	GCA_018396755.1|G0000190
split_0172	GCA_020833005.1|G0000223
split_0172	GCA_021161825.1|G0000230
split_0172	GCA_025059075.1|G0000252
split_0172	GCA_027068725.1|G0000276
split_0172	GCA_029258915.1|G0000284
split_0172	GCA_029258925.1|G0000285
split_0172	GCA_029259155.1|G0000286
split_0172	GCA_037917685.1|G0000354
split_0172	GCA_038818435.1|G0000359
split_0172	GCA_038840055.1|G0000364
split_0172	GCA_038852745.1|G0000368
split_0172	GCA_038883485.1|G0000373
split_0172	GCA_052246955.1|G0000390
split_0172	GOMC.bin.1197|G0000430
split_0172	GOMC.bin.16766|G0000433
split_0172	GOMC.bin.18048|G0000435
split_0172	GOMC.bin.2492|G0000437
split_0172	GOMC.bin.2493|G0000438
split_0172	GOMC.bin.2724|G0000439
split_0172	GOMC.bin.2895|G0000444
split_0172	GOMC.bin.2900|G0000445
split_0172	GOMC.bin.3028|G0000446
split_0172	GOMC.bin.3028|G0000447
split_0172	GOMC.bin.3195|G0000448
split_0172	GOMC.bin.3217|G0000449
split_0172	GOMC.bin.3217|G0000450
split_0173	GCA_001593865.1|G0000021
split_0173	GCA_018396535.1|G0000186
split_0173	GCA_018396755.1|G0000190
split_0173	GCA_038852745.1|G0000368
split_0173	GCA_038883485.1|G0000373
split_0174	GCA_001593865.1|G0000021
split_0174	GCA_018396755.1|G0000190
split_0174	GCA_038852745.1|G0000368
split_0174	GCA_038883485.1|G0000373
split_0175	GCA_001593865.1|G0000021
split_0175	GCA_018396755.1|G0000190
split_0176	GCA_038852745.1|G0000368
split_0176	GCA_038883485.1|G0000373
split_0177	GCA_003649155.1|G0000083
split_0177	GCA_003649205.1|G0000084
split_0177	GCA_003650925.1|G0000085
split_0177	GCA_003661265.1|G0000088
split_0177	GCA_003661905.1|G0000090
split_0177	GCA_004347965.1|G0000100
split_0177	GCA_020833005.1|G0000223
split_0177	GCA_021161825.1|G0000230
split_0177	GCA_025059075.1|G0000252
split_0177	GCA_027068725.1|G0000276
split_0177	GCA_029258915.1|G0000284
split_0177	GCA_029258925.1|G0000285
split_0177	GCA_029259155.1|G0000286
split_0177	GCA_037917685.1|G0000354
split_0177	GCA_038818435.1|G0000359
split_0177	GCA_038840055.1|G0000364
split_0177	GCA_052246955.1|G0000390
split_0177	GOMC.bin.1197|G0000430
split_0177	GOMC.bin.16766|G0000433
split_0177	GOMC.bin.18048|G0000435
split_0177	GOMC.bin.2492|G0000437
split_0177	GOMC.bin.2493|G0000438
split_0177	GOMC.bin.2724|G0000439
split_0177	GOMC.bin.2895|G0000444
split_0177	GOMC.bin.2900|G0000445
split_0177	GOMC.bin.3028|G0000446
split_0177	GOMC.bin.3028|G0000447
split_0177	GOMC.bin.3195|G0000448
split_0177	GOMC.bin.3217|G0000449
split_0177	GOMC.bin.3217|G0000450
split_0178	GCA_003649155.1|G0000083
split_0178	GCA_003649205.1|G0000084
split_0178	GCA_003650925.1|G0000085
split_0178	GCA_003661265.1|G0000088
split_0178	GCA_021161825.1|G0000230
split_0178	GCA_027068725.1|G0000276
split_0178	GCA_029259155.1|G0000286
split_0178	GCA_037917685.1|G0000354
split_0178	GCA_038818435.1|G0000359
split_0178	GCA_038840055.1|G0000364
split_0178	GCA_052246955.1|G0000390
split_0178	GOMC.bin.1197|G0000430
split_0178	GOMC.bin.2493|G0000438
split_0178	GOMC.bin.2724|G0000439
split_0178	GOMC.bin.2895|G0000444
split_0178	GOMC.bin.2900|G0000445
split_0178	GOMC.bin.3195|G0000448
split_0179	GCA_003649155.1|G0000083
split_0179	GCA_003661265.1|G0000088
split_0179	GCA_029259155.1|G0000286
split_0179	GCA_037917685.1|G0000354
split_0179	GCA_038818435.1|G0000359
split_0179	GCA_038840055.1|G0000364
split_0179	GCA_052246955.1|G0000390
split_0179	GOMC.bin.1197|G0000430
split_0179	GOMC.bin.2493|G0000438
split_0179	GOMC.bin.3195|G0000448
split_0180	GCA_003649155.1|G0000083
split_0180	GCA_029259155.1|G0000286
split_0180	GCA_037917685.1|G0000354
split_0180	GCA_038818435.1|G0000359
split_0180	GCA_038840055.1|G0000364
split_0180	GCA_052246955.1|G0000390
split_0180	GOMC.bin.1197|G0000430
split_0180	GOMC.bin.2493|G0000438
split_0180	GOMC.bin.3195|G0000448
split_0181	GCA_003649155.1|G0000083
split_0181	GCA_037917685.1|G0000354
split_0181	GCA_038840055.1|G0000364
split_0181	GOMC.bin.3195|G0000448
split_0182	GCA_003649155.1|G0000083
split_0182	GOMC.bin.3195|G0000448
split_0183	GCA_037917685.1|G0000354
split_0183	GCA_038840055.1|G0000364
split_0184	GCA_029259155.1|G0000286
split_0184	GCA_038818435.1|G0000359
split_0184	GCA_052246955.1|G0000390
split_0184	GOMC.bin.1197|G0000430
split_0184	GOMC.bin.2493|G0000438
split_0185	GCA_029259155.1|G0000286
split_0185	GOMC.bin.2493|G0000438
split_0186	GCA_038818435.1|G0000359
split_0186	GCA_052246955.1|G0000390
split_0186	GOMC.bin.1197|G0000430
split_0187	GCA_052246955.1|G0000390
split_0187	GOMC.bin.1197|G0000430
split_0188	GCA_003649205.1|G0000084
split_0188	GCA_003650925.1|G0000085
split_0188	GCA_021161825.1|G0000230
split_0188	GCA_027068725.1|G0000276
split_0188	GOMC.bin.2724|G0000439
split_0188	GOMC.bin.2895|G0000444
split_0188	GOMC.bin.2900|G0000445
split_0189	GCA_003649205.1|G0000084
split_0189	GCA_003650925.1|G0000085
split_0189	GCA_027068725.1|G0000276
split_0189	GOMC.bin.2724|G0000439
split_0189	GOMC.bin.2895|G0000444
split_0189	GOMC.bin.2900|G0000445
split_0190	GCA_003649205.1|G0000084
split_0190	GCA_003650925.1|G0000085
split_0190	GCA_027068725.1|G0000276
split_0190	GOMC.bin.2724|G0000439
split_0190	GOMC.bin.2900|G0000445
split_0191	GCA_003649205.1|G0000084
split_0191	GCA_003650925.1|G0000085
split_0192	GCA_027068725.1|G0000276
split_0192	GOMC.bin.2724|G0000439
split_0192	GOMC.bin.2900|G0000445
split_0193	GOMC.bin.2724|G0000439
split_0193	GOMC.bin.2900|G0000445
split_0194	GCA_003661905.1|G0000090
split_0194	GCA_004347965.1|G0000100
split_0194	GCA_020833005.1|G0000223
split_0194	GCA_025059075.1|G0000252
split_0194	GCA_029258915.1|G0000284
split_0194	GCA_029258925.1|G0000285
split_0194	GOMC.bin.16766|G0000433
split_0194	GOMC.bin.18048|G0000435
split_0194	GOMC.bin.2492|G0000437
split_0194	GOMC.bin.3028|G0000446
split_0194	GOMC.bin.3028|G0000447
split_0194	GOMC.bin.3217|G0000449
split_0194	GOMC.bin.3217|G0000450
split_0195	GCA_003661905.1|G0000090
split_0195	GCA_020833005.1|G0000223
split_0195	GCA_025059075.1|G0000252
split_0195	GCA_029258925.1|G0000285
split_0195	GOMC.bin.18048|G0000435
split_0195	GOMC.bin.2492|G0000437
split_0196	GCA_003661905.1|G0000090
split_0196	GCA_020833005.1|G0000223
split_0196	GCA_025059075.1|G0000252
split_0196	GCA_029258925.1|G0000285
split_0196	GOMC.bin.2492|G0000437
split_0197	GCA_003661905.1|G0000090
split_0197	GCA_020833005.1|G0000223
split_0197	GCA_025059075.1|G0000252
split_0197	GCA_029258925.1|G0000285
split_0198	GCA_003661905.1|G0000090
split_0198	GCA_020833005.1|G0000223
split_0198	GCA_025059075.1|G0000252
split_0199	GCA_020833005.1|G0000223
split_0199	GCA_025059075.1|G0000252
split_0200	GCA_004347965.1|G0000100
split_0200	GCA_029258915.1|G0000284
split_0200	GOMC.bin.16766|G0000433
split_0200	GOMC.bin.3028|G0000446
split_0200	GOMC.bin.3028|G0000447
split_0200	GOMC.bin.3217|G0000449
split_0200	GOMC.bin.3217|G0000450
split_0201	GCA_004347965.1|G0000100
split_0201	GOMC.bin.16766|G0000433
split_0201	GOMC.bin.3028|G0000446
split_0201	GOMC.bin.3028|G0000447
split_0202	GCA_004347965.1|G0000100
split_0202	GOMC.bin.16766|G0000433
split_0202	GOMC.bin.3028|G0000447
split_0203	GCA_004347965.1|G0000100
split_0203	GOMC.bin.16766|G0000433
split_0204	GCA_029258915.1|G0000284
split_0204	GOMC.bin.3217|G0000449
split_0204	GOMC.bin.3217|G0000450
split_0205	GCA_029258915.1|G0000284
split_0205	GOMC.bin.3217|G0000450
split_0206	GCA_002490245.1|G0000051
split_0206	GCA_017601265.1|G0000178
split_0206	GCA_041862235.1|G0000379
split_0207	GCA_002490245.1|G0000051
split_0207	GCA_041862235.1|G0000379
split_0208	GCA_001593935.1|G0000023
split_0208	GCA_002507245.1|G0000066
split_0208	GCA_003133625.1|G0000076
split_0208	GCA_003601775.1|G0000082
split_0208	GCA_004376295.1|G0000102
split_0208	GCA_004376645.1|G0000103
split_0208	GCA_009889585.1|G0000120
split_0208	GCA_015520475.1|G0000139
split_0208	GCA_016840485.1|G0000166
split_0208	GCA_017608025.1|G0000179
split_0208	GCA_018396405.1|G0000184
split_0208	GCA_018396865.1|G0000192
split_0208	GCA_019056805.1|G0000198
split_0208	GCA_019685575.1|G0000215
split_0208	GCA_020352645.1|G0000219
split_0208	GCA_020355125.1|G0000222
split_0208	GCA_021158125.1|G0000227
split_0208	GCA_022865705.1|G0000234
split_0208	GCA_023131225.1|G0000238
split_0208	GCA_025059045.1|G0000251
split_0208	GCA_026014495.1|G0000255
split_0208	GCA_026015035.1|G0000258
split_0208	GCA_029934005.1|G0000300
split_0208	GCA_030615265.1|G0000316
split_0208	GCA_030837285.1|G0000323
split_0208	GCA_034660895.1|G0000333
split_0208	GCA_038817485.1|G0000358
split_0208	GCA_038894255.1|G0000375
split_0208	GOMC.bin.1512|G0000432
split_0208	GOMC.bin.2843|G0000441
split_0208	GOMC.bin.5632|G0000452
split_0208	GOMC.bin.5642|G0000454
split_0209	GCA_001593935.1|G0000023
split_0209	GCA_002507245.1|G0000066
split_0209	GCA_003133625.1|G0000076
split_0209	GCA_003601775.1|G0000082
split_0209	GCA_004376295.1|G0000102
split_0209	GCA_004376645.1|G0000103
split_0209	GCA_009889585.1|G0000120
split_0209	GCA_015520475.1|G0000139
split_0209	GCA_016840485.1|G0000166
split_0209	GCA_017608025.1|G0000179
split_0209	GCA_018396405.1|G0000184
split_0209	GCA_018396865.1|G0000192
split_0209	GCA_019056805.1|G0000198
split_0209	GCA_019685575.1|G0000215
split_0209	GCA_020352645.1|G0000219
split_0209	GCA_021158125.1|G0000227
split_0209	GCA_022865705.1|G0000234
split_0209	GCA_023131225.1|G0000238
split_0209	GCA_025059045.1|G0000251
split_0209	GCA_026014495.1|G0000255
split_0209	GCA_029934005.1|G0000300
split_0209	GCA_030615265.1|G0000316
split_0209	GCA_034660895.1|G0000333
split_0209	GCA_038817485.1|G0000358
split_0209	GCA_038894255.1|G0000375
split_0209	GOMC.bin.2843|G0000441
split_0209	GOMC.bin.5632|G0000452
split_0209	GOMC.bin.5642|G0000454
split_0210	GCA_001593935.1|G0000023
split_0210	GCA_002507245.1|G0000066
split_0210	GCA_003133625.1|G0000076
split_0210	GCA_003601775.1|G0000082
split_0210	GCA_004376295.1|G0000102
split_0210	GCA_004376645.1|G0000103
split_0210	GCA_015520475.1|G0000139
split_0210	GCA_017608025.1|G0000179
split_0210	GCA_018396405.1|G0000184
split_0210	GCA_018396865.1|G0000192
split_0210	GCA_019685575.1|G0000215
split_0210	GCA_020352645.1|G0000219
split_0210	GCA_021158125.1|G0000227
split_0210	GCA_022865705.1|G0000234
split_0210	GCA_023131225.1|G0000238
split_0210	GCA_025059045.1|G0000251
split_0210	GCA_026014495.1|G0000255
split_0210	GCA_029934005.1|G0000300
split_0210	GCA_030615265.1|G0000316
split_0210	GCA_034660895.1|G0000333
split_0210	GCA_038894255.1|G0000375
split_0210	GOMC.bin.2843|G0000441
split_0210	GOMC.bin.5632|G0000452
split_0210	GOMC.bin.5642|G0000454
split_0211	GCA_001593935.1|G0000023
split_0211	GCA_002507245.1|G0000066
split_0211	GCA_003133625.1|G0000076
split_0211	GCA_003601775.1|G0000082
split_0211	GCA_004376295.1|G0000102
split_0211	GCA_004376645.1|G0000103
split_0211	GCA_015520475.1|G0000139
split_0211	GCA_017608025.1|G0000179
split_0211	GCA_018396405.1|G0000184
split_0211	GCA_018396865.1|G0000192
split_0211	GCA_019685575.1|G0000215
split_0211	GCA_020352645.1|G0000219
split_0211	GCA_021158125.1|G0000227
split_0211	GCA_022865705.1|G0000234
split_0211	GCA_023131225.1|G0000238
split_0211	GCA_026014495.1|G0000255
split_0211	GCA_029934005.1|G0000300
split_0211	GCA_030615265.1|G0000316
split_0211	GCA_034660895.1|G0000333
split_0211	GCA_038894255.1|G0000375
split_0211	GOMC.bin.5632|G0000452
split_0211	GOMC.bin.5642|G0000454
split_0212	GCA_001593935.1|G0000023
split_0212	GCA_015520475.1|G0000139
split_0212	GCA_018396405.1|G0000184
split_0212	GOMC.bin.5642|G0000454
split_0213	GCA_001593935.1|G0000023
split_0213	GCA_018396405.1|G0000184
split_0214	GCA_015520475.1|G0000139
split_0214	GOMC.bin.5642|G0000454
split_0215	GCA_002507245.1|G0000066
split_0215	GCA_003133625.1|G0000076
split_0215	GCA_003601775.1|G0000082
split_0215	GCA_004376295.1|G0000102
split_0215	GCA_004376645.1|G0000103
split_0215	GCA_017608025.1|G0000179
split_0215	GCA_018396865.1|G0000192
split_0215	GCA_019685575.1|G0000215
split_0215	GCA_020352645.1|G0000219
split_0215	GCA_021158125.1|G0000227
split_0215	GCA_022865705.1|G0000234
split_0215	GCA_023131225.1|G0000238
split_0215	GCA_026014495.1|G0000255
split_0215	GCA_029934005.1|G0000300
split_0215	GCA_030615265.1|G0000316
split_0215	GCA_034660895.1|G0000333
split_0215	GCA_038894255.1|G0000375
split_0215	GOMC.bin.5632|G0000452
split_0216	GCA_002507245.1|G0000066
split_0216	GCA_003133625.1|G0000076
split_0216	GCA_003601775.1|G0000082
split_0216	GCA_004376295.1|G0000102
split_0216	GCA_004376645.1|G0000103
split_0216	GCA_017608025.1|G0000179
split_0216	GCA_018396865.1|G0000192
split_0216	GCA_020352645.1|G0000219
split_0216	GCA_021158125.1|G0000227
split_0216	GCA_022865705.1|G0000234
split_0216	GCA_023131225.1|G0000238
split_0216	GCA_029934005.1|G0000300
split_0216	GCA_030615265.1|G0000316
split_0216	GCA_038894255.1|G0000375
split_0216	GOMC.bin.5632|G0000452
split_0217	GCA_002507245.1|G0000066
split_0217	GCA_003601775.1|G0000082
split_0217	GCA_004376295.1|G0000102
split_0217	GCA_004376645.1|G0000103
split_0217	GCA_018396865.1|G0000192
split_0217	GCA_020352645.1|G0000219
split_0217	GCA_022865705.1|G0000234
split_0217	GCA_023131225.1|G0000238
split_0217	GCA_030615265.1|G0000316
split_0217	GOMC.bin.5632|G0000452
split_0218	GCA_002507245.1|G0000066
split_0218	GCA_003601775.1|G0000082
split_0218	GCA_004376645.1|G0000103
split_0218	GCA_018396865.1|G0000192
split_0218	GCA_020352645.1|G0000219
split_0218	GCA_022865705.1|G0000234
split_0218	GCA_023131225.1|G0000238
split_0218	GCA_030615265.1|G0000316
split_0218	GOMC.bin.5632|G0000452
split_0219	GCA_002507245.1|G0000066
split_0219	GCA_003601775.1|G0000082
split_0219	GCA_018396865.1|G0000192
split_0219	GCA_022865705.1|G0000234
split_0219	GCA_030615265.1|G0000316
split_0219	GOMC.bin.5632|G0000452
split_0220	GCA_002507245.1|G0000066
split_0220	GCA_030615265.1|G0000316
split_0221	GCA_003601775.1|G0000082
split_0221	GCA_018396865.1|G0000192
split_0221	GCA_022865705.1|G0000234
split_0221	GOMC.bin.5632|G0000452
split_0222	GCA_003601775.1|G0000082
split_0222	GCA_018396865.1|G0000192
split_0223	GCA_022865705.1|G0000234
split_0223	GOMC.bin.5632|G0000452
split_0224	GCA_004376645.1|G0000103
split_0224	GCA_020352645.1|G0000219
split_0224	GCA_023131225.1|G0000238
split_0225	GCA_004376645.1|G0000103
split_0225	GCA_020352645.1|G0000219
split_0226	GCA_003133625.1|G0000076
split_0226	GCA_017608025.1|G0000179
split_0226	GCA_021158125.1|G0000227
split_0226	GCA_029934005.1|G0000300
split_0226	GCA_038894255.1|G0000375
split_0227	GCA_003133625.1|G0000076
split_0227	GCA_017608025.1|G0000179
split_0227	GCA_029934005.1|G0000300
split_0227	GCA_038894255.1|G0000375
split_0228	GCA_003133625.1|G0000076
split_0228	GCA_017608025.1|G0000179
split_0228	GCA_038894255.1|G0000375
split_0229	GCA_003133625.1|G0000076
split_0229	GCA_038894255.1|G0000375
split_0230	GCA_019685575.1|G0000215
split_0230	GCA_026014495.1|G0000255
split_0230	GCA_034660895.1|G0000333
split_0231	GCA_019685575.1|G0000215
split_0231	GCA_034660895.1|G0000333
split_0232	GCA_025059045.1|G0000251
split_0232	GOMC.bin.2843|G0000441
split_0233	GCA_009889585.1|G0000120
split_0233	GCA_016840485.1|G0000166
split_0233	GCA_019056805.1|G0000198
split_0233	GCA_038817485.1|G0000358
split_0234	GCA_016840485.1|G0000166
split_0234	GCA_019056805.1|G0000198
split_0234	GCA_038817485.1|G0000358
split_0235	GCA_016840485.1|G0000166
split_0235	GCA_019056805.1|G0000198
split_0236	GCA_020355125.1|G0000222
split_0236	GCA_026015035.1|G0000258
split_0236	GCA_030837285.1|G0000323
split_0236	GOMC.bin.1512|G0000432
split_0237	GCA_020355125.1|G0000222
split_0237	GCA_030837285.1|G0000323
split_0237	GOMC.bin.1512|G0000432
split_0238	GCA_020355125.1|G0000222
split_0238	GCA_030837285.1|G0000323
split_0239	GCA_003662535.1|G0000091
split_0239	GOMC.bin.16972|G0000434
split_0239	GOMC.bin.2212|G0000436
split_0240	GCA_003662535.1|G0000091
split_0240	GOMC.bin.16972|G0000434
split_0241	GCA_011605775.1|G0000125
split_0241	GCA_013388925.1|G0000130
split_0241	GCA_018396725.1|G0000189
split_0241	GCA_018396775.1|G0000191
split_0241	GCA_023379805.1|G0000243
split_0241	GCA_024256165.1|G0000244
split_0241	GCA_025058425.1|G0000250
split_0241	GCA_026015185.1|G0000259
split_0241	GCA_029775995.1|G0000291
split_0241	GCA_036012225.1|G0000340
split_0241	GCA_036514475.1|G0000344
split_0241	GCA_038852135.1|G0000366
split_0241	GCA_038852285.1|G0000367
split_0241	GCA_038873015.1|G0000370
split_0242	GCA_011605775.1|G0000125
split_0242	GCA_013388925.1|G0000130
split_0242	GCA_018396725.1|G0000189
split_0242	GCA_018396775.1|G0000191
split_0242	GCA_023379805.1|G0000243
split_0242	GCA_024256165.1|G0000244
split_0242	GCA_025058425.1|G0000250
split_0242	GCA_029775995.1|G0000291
split_0242	GCA_036012225.1|G0000340
split_0242	GCA_036514475.1|G0000344
split_0242	GCA_038852135.1|G0000366
split_0242	GCA_038852285.1|G0000367
split_0242	GCA_038873015.1|G0000370
split_0243	GCA_011605775.1|G0000125
split_0243	GCA_013388925.1|G0000130
split_0243	GCA_018396725.1|G0000189
split_0243	GCA_018396775.1|G0000191
split_0243	GCA_023379805.1|G0000243
split_0243	GCA_024256165.1|G0000244
split_0243	GCA_025058425.1|G0000250
split_0243	GCA_029775995.1|G0000291
split_0243	GCA_036012225.1|G0000340
split_0243	GCA_036514475.1|G0000344
split_0243	GCA_038852135.1|G0000366
split_0243	GCA_038852285.1|G0000367
split_0244	GCA_011605775.1|G0000125
split_0244	GCA_018396725.1|G0000189
split_0244	GCA_018396775.1|G0000191
split_0244	GCA_038852285.1|G0000367
split_0245	GCA_011605775.1|G0000125
split_0245	GCA_018396775.1|G0000191
split_0246	GCA_018396725.1|G0000189
split_0246	GCA_038852285.1|G0000367
split_0247	GCA_013388925.1|G0000130
split_0247	GCA_023379805.1|G0000243
split_0247	GCA_024256165.1|G0000244
split_0247	GCA_025058425.1|G0000250
split_0247	GCA_029775995.1|G0000291
split_0247	GCA_036012225.1|G0000340
split_0247	GCA_036514475.1|G0000344
split_0247	GCA_038852135.1|G0000366
split_0248	GCA_013388925.1|G0000130
split_0248	GCA_023379805.1|G0000243
split_0248	GCA_024256165.1|G0000244
split_0248	GCA_025058425.1|G0000250
split_0248	GCA_036012225.1|G0000340
split_0248	GCA_036514475.1|G0000344
split_0248	GCA_038852135.1|G0000366
split_0249	GCA_013388925.1|G0000130
split_0249	GCA_023379805.1|G0000243
split_0249	GCA_024256165.1|G0000244
split_0249	GCA_025058425.1|G0000250
split_0249	GCA_036012225.1|G0000340
split_0249	GCA_036514475.1|G0000344
split_0250	GCA_013388925.1|G0000130
split_0250	GCA_024256165.1|G0000244
split_0251	GCA_023379805.1|G0000243
split_0251	GCA_025058425.1|G0000250
split_0251	GCA_036012225.1|G0000340
split_0251	GCA_036514475.1|G0000344
split_0252	GCA_023379805.1|G0000243
split_0252	GCA_036012225.1|G0000340
split_0252	GCA_036514475.1|G0000344
split_0253	GCA_023379805.1|G0000243
split_0253	GCA_036514475.1|G0000344
split_0254	GCA_003661385.1|G0000089
split_0254	GCA_016840425.1|G0000162
split_0254	GCA_027491845.1|G0000279
split_0254	GCA_029259355.1|G0000288
split_0254	GCA_048886645.1|G0000382
split_0255	GCA_003661385.1|G0000089
split_0255	GCA_029259355.1|G0000288
split_0256	GCA_016840425.1|G0000162
split_0256	GCA_027491845.1|G0000279
split_0256	GCA_048886645.1|G0000382
split_0257	GCA_016840425.1|G0000162
split_0257	GCA_048886645.1|G0000382
split_0258	GCA_016840425.1|G0000164
split_0258	GCA_019058165.1|G0000204
split_0258	GCA_019058495.1|G0000209
split_0258	GCA_021498085.1|G0000231
split_0258	GCA_034660795.1|G0000331
split_0258	GCA_037308085.1|G0000347
split_0258	GCA_037310415.1|G0000350
split_0258	GCA_048886645.1|G0000383
split_0258	GCA_048939465.1|G0000388
split_0259	GCA_016840425.1|G0000164
split_0259	GCA_019058165.1|G0000204
split_0259	GCA_021498085.1|G0000231
split_0259	GCA_034660795.1|G0000331
split_0259	GCA_048886645.1|G0000383
split_0259	GCA_048939465.1|G0000388
split_0260	GCA_016840425.1|G0000164
split_0260	GCA_019058165.1|G0000204
split_0260	GCA_021498085.1|G0000231
split_0260	GCA_034660795.1|G0000331
split_0260	GCA_048886645.1|G0000383
split_0261	GCA_016840425.1|G0000164
split_0261	GCA_048886645.1|G0000383
split_0262	GCA_019058165.1|G0000204
split_0262	GCA_021498085.1|G0000231
split_0262	GCA_034660795.1|G0000331
split_0263	GCA_019058165.1|G0000204
split_0263	GCA_021498085.1|G0000231
split_0264	GCA_019058495.1|G0000209
split_0264	GCA_037308085.1|G0000347
split_0264	GCA_037310415.1|G0000350
split_0265	GCA_037308085.1|G0000347
split_0265	GCA_037310415.1|G0000350
split_0266	GCA_001723845.1|G0000024
split_0266	GCA_001723845.1|G0000025
split_0266	GCA_001742785.1|G0000027
split_0266	GCA_001873845.1|G0000030
split_0266	GCA_001940655.1|G0000032
split_0266	GCA_001940665.2|G0000035
split_0266	GCA_002494765.1|G0000055
split_0266	GCA_002495885.1|G0000056
split_0266	GCA_004524365.1|G0000105
split_0266	GCA_004524535.1|G0000109
split_0266	GCA_004524545.1|G0000111
split_0266	GCA_005191415.1|G0000113
split_0266	GCA_005191425.1|G0000114
split_0266	GCA_005223125.1|G0000117
split_0266	GCA_011364925.1|G0000123
split_0266	GCA_014729935.1|G0000132
split_0266	GCA_014730165.1|G0000134
split_0266	GCA_016839265.1|G0000151
split_0266	GCA_016839425.1|G0000152
split_0266	GCA_016839585.1|G0000155
split_0266	GCA_016839765.1|G0000157
split_0266	GCA_016926735.1|G0000171
split_0266	GCA_016932935.1|G0000174
split_0266	GCA_016932935.1|G0000175
split_0266	GCA_016933055.1|G0000176
split_0266	GCA_018396695.1|G0000187
split_0266	GCA_018992685.1|G0000197
split_0266	GCA_019058015.1|G0000201
split_0266	GCA_019058135.1|G0000202
split_0266	GCA_019058315.1|G0000205
split_0266	GCA_019058315.1|G0000206
split_0266	GCA_019058445.1|G0000208
split_0266	GCA_019894715.1|G0000216
split_0266	GCA_021161045.1|G0000229
split_0266	GCA_024276395.1|G0000246
split_0266	GCA_026014815.1|G0000256
split_0266	GCA_027491455.1|G0000278
split_0266	GCA_027492035.1|G0000280
split_0266	GCA_029259185.1|G0000287
split_0266	GCA_029838175.1|G0000293
split_0266	GCA_029856295.1|G0000295
split_0266	GCA_029856435.1|G0000296
split_0266	GCA_030018435.1|G0000302
split_0266	GCA_030019435.1|G0000304
split_0266	GCA_030587475.2|G0000305
split_0266	GCA_030610785.1|G0000308
split_0266	GCA_035531115.1|G0000334
split_0266	GCA_035531115.1|G0000335
split_0266	GCA_035531115.1|G0000336
split_0266	GCA_037386725.1|G0000351
split_0266	GCA_038736355.1|G0000357
split_0266	GCA_038819355.1|G0000360
split_0266	GCA_038820475.1|G0000361
split_0266	GCA_038825615.1|G0000363
split_0266	GCA_041305945.1|G0000377
split_0266	GCA_048887225.1|G0000385
split_0266	GCA_052626505.1|G0000392
split_0266	GCA_054381345.1|G0000394
split_0266	GCA_054381475.1|G0000396
split_0266	GCA_054381475.1|G0000397
split_0266	GCA_054383535.1|G0000399
split_0266	GCA_054383535.1|G0000400
split_0266	GCA_054383595.1|G0000403
split_0266	GCA_054384275.1|G0000405
split_0266	GCA_054384595.1|G0000406
split_0266	GCA_054385715.1|G0000408
split_0266	GCA_054386615.1|G0000409
split_0266	GOMC.bin.4375|G0000451
split_0266	GOMC.bin.7984|G0000459
split_0266	GOMC.bin.9181|G0000463
split_0267	GCA_001723845.1|G0000024
split_0267	GCA_001723845.1|G0000025
split_0267	GCA_001742785.1|G0000027
split_0267	GCA_001873845.1|G0000030
split_0267	GCA_001940665.2|G0000035
split_0267	GCA_002494765.1|G0000055
split_0267	GCA_002495885.1|G0000056
split_0267	GCA_005191415.1|G0000113
split_0267	GCA_016839265.1|G0000151
split_0267	GCA_018396695.1|G0000187
split_0267	GCA_018992685.1|G0000197
split_0267	GCA_019058315.1|G0000205
split_0267	GCA_021161045.1|G0000229
split_0267	GCA_024276395.1|G0000246
split_0267	GCA_026014815.1|G0000256
split_0267	GCA_027491455.1|G0000278
split_0267	GCA_027492035.1|G0000280
split_0267	GCA_029259185.1|G0000287
split_0267	GCA_030018435.1|G0000302
split_0267	GCA_030019435.1|G0000304
split_0267	GCA_035531115.1|G0000334
split_0267	GCA_038736355.1|G0000357
split_0267	GCA_054381475.1|G0000396
split_0267	GCA_054383535.1|G0000399
split_0267	GOMC.bin.4375|G0000451
split_0268	GCA_001723845.1|G0000024
split_0268	GCA_001723845.1|G0000025
split_0268	GCA_001742785.1|G0000027
split_0268	GCA_001873845.1|G0000030
split_0268	GCA_002494765.1|G0000055
split_0268	GCA_002495885.1|G0000056
split_0268	GCA_018396695.1|G0000187
split_0268	GCA_018992685.1|G0000197
split_0268	GCA_021161045.1|G0000229
split_0268	GCA_026014815.1|G0000256
split_0268	GCA_027491455.1|G0000278
split_0268	GCA_027492035.1|G0000280
split_0268	GCA_029259185.1|G0000287
split_0268	GCA_030018435.1|G0000302
split_0268	GCA_030019435.1|G0000304
split_0268	GCA_038736355.1|G0000357
split_0268	GOMC.bin.4375|G0000451
split_0269	GCA_001723845.1|G0000024
split_0269	GCA_001723845.1|G0000025
split_0269	GCA_001742785.1|G0000027
split_0269	GCA_001873845.1|G0000030
split_0269	GCA_002494765.1|G0000055
split_0269	GCA_002495885.1|G0000056
split_0269	GCA_018992685.1|G0000197
split_0269	GCA_027491455.1|G0000278
split_0269	GCA_027492035.1|G0000280
split_0269	GCA_029259185.1|G0000287
split_0269	GCA_030018435.1|G0000302
split_0269	GCA_030019435.1|G0000304
split_0269	GCA_038736355.1|G0000357
split_0269	GOMC.bin.4375|G0000451
split_0270	GCA_001723845.1|G0000024
split_0270	GCA_001723845.1|G0000025
split_0270	GCA_001742785.1|G0000027
split_0270	GCA_001873845.1|G0000030
split_0270	GCA_002494765.1|G0000055
split_0270	GCA_002495885.1|G0000056
split_0270	GCA_018992685.1|G0000197
split_0270	GCA_029259185.1|G0000287
split_0270	GCA_030018435.1|G0000302
split_0270	GCA_030019435.1|G0000304
split_0270	GCA_038736355.1|G0000357
split_0270	GOMC.bin.4375|G0000451
split_0271	GCA_001723845.1|G0000024
split_0271	GCA_001723845.1|G0000025
split_0271	GCA_001742785.1|G0000027
split_0271	GCA_001873845.1|G0000030
split_0271	GCA_002494765.1|G0000055
split_0271	GCA_002495885.1|G0000056
split_0271	GCA_018992685.1|G0000197
split_0271	GCA_030018435.1|G0000302
split_0271	GCA_030019435.1|G0000304
split_0271	GOMC.bin.4375|G0000451
split_0272	GCA_001723845.1|G0000024
split_0272	GCA_001723845.1|G0000025
split_0272	GCA_001742785.1|G0000027
split_0272	GCA_001873845.1|G0000030
split_0272	GCA_018992685.1|G0000197
split_0272	GOMC.bin.4375|G0000451
split_0273	GCA_001723845.1|G0000024
split_0273	GCA_001723845.1|G0000025
split_0273	GCA_018992685.1|G0000197
split_0273	GOMC.bin.4375|G0000451
split_0274	GCA_001723845.1|G0000024
split_0274	GCA_001723845.1|G0000025
split_0275	GCA_018992685.1|G0000197
split_0275	GOMC.bin.4375|G0000451
split_0276	GCA_001742785.1|G0000027
split_0276	GCA_001873845.1|G0000030
split_0277	GCA_002494765.1|G0000055
split_0277	GCA_002495885.1|G0000056
split_0277	GCA_030018435.1|G0000302
split_0277	GCA_030019435.1|G0000304
split_0278	GCA_002494765.1|G0000055
split_0278	GCA_002495885.1|G0000056
split_0278	GCA_030018435.1|G0000302
split_0279	GCA_002494765.1|G0000055
split_0279	GCA_030018435.1|G0000302
split_0280	GCA_029259185.1|G0000287
split_0280	GCA_038736355.1|G0000357
split_0281	GCA_027491455.1|G0000278
split_0281	GCA_027492035.1|G0000280
split_0282	GCA_018396695.1|G0000187
split_0282	GCA_021161045.1|G0000229
split_0282	GCA_026014815.1|G0000256
split_0283	GCA_018396695.1|G0000187
split_0283	GCA_026014815.1|G0000256
split_0284	GCA_001940665.2|G0000035
split_0284	GCA_005191415.1|G0000113
split_0284	GCA_016839265.1|G0000151
split_0284	GCA_019058315.1|G0000205
split_0284	GCA_024276395.1|G0000246
split_0284	GCA_035531115.1|G0000334
split_0284	GCA_054381475.1|G0000396
split_0284	GCA_054383535.1|G0000399
split_0285	GCA_001940665.2|G0000035
split_0285	GCA_016839265.1|G0000151
split_0285	GCA_024276395.1|G0000246
split_0286	GCA_001940665.2|G0000035
split_0286	GCA_016839265.1|G0000151
split_0287	GCA_005191415.1|G0000113
split_0287	GCA_019058315.1|G0000205
split_0287	GCA_035531115.1|G0000334
split_0287	GCA_054381475.1|G0000396
split_0287	GCA_054383535.1|G0000399
split_0288	GCA_005191415.1|G0000113
split_0288	GCA_035531115.1|G0000334
split_0289	GCA_019058315.1|G0000205
split_0289	GCA_054381475.1|G0000396
split_0289	GCA_054383535.1|G0000399
split_0290	GCA_019058315.1|G0000205
split_0290	GCA_054383535.1|G0000399
split_0291	GCA_001940655.1|G0000032
split_0291	GCA_004524365.1|G0000105
split_0291	GCA_004524535.1|G0000109
split_0291	GCA_004524545.1|G0000111
split_0291	GCA_005191425.1|G0000114
split_0291	GCA_005223125.1|G0000117
split_0291	GCA_011364925.1|G0000123
split_0291	GCA_014729935.1|G0000132
split_0291	GCA_014730165.1|G0000134
split_0291	GCA_016839425.1|G0000152
split_0291	GCA_016839585.1|G0000155
split_0291	GCA_016839765.1|G0000157
split_0291	GCA_016926735.1|G0000171
split_0291	GCA_016932935.1|G0000174
split_0291	GCA_016932935.1|G0000175
split_0291	GCA_016933055.1|G0000176
split_0291	GCA_019058015.1|G0000201
split_0291	GCA_019058135.1|G0000202
split_0291	GCA_019058315.1|G0000206
split_0291	GCA_019058445.1|G0000208
split_0291	GCA_019894715.1|G0000216
split_0291	GCA_029838175.1|G0000293
split_0291	GCA_029856295.1|G0000295
split_0291	GCA_029856435.1|G0000296
split_0291	GCA_030587475.2|G0000305
split_0291	GCA_030610785.1|G0000308
split_0291	GCA_035531115.1|G0000335
split_0291	GCA_035531115.1|G0000336
split_0291	GCA_037386725.1|G0000351
split_0291	GCA_038819355.1|G0000360
split_0291	GCA_038820475.1|G0000361
split_0291	GCA_038825615.1|G0000363
split_0291	GCA_041305945.1|G0000377
split_0291	GCA_048887225.1|G0000385
split_0291	GCA_052626505.1|G0000392
split_0291	GCA_054381345.1|G0000394
split_0291	GCA_054381475.1|G0000397
split_0291	GCA_054383535.1|G0000400
split_0291	GCA_054383595.1|G0000403
split_0291	GCA_054384275.1|G0000405
split_0291	GCA_054384595.1|G0000406
split_0291	GCA_054385715.1|G0000408
split_0291	GCA_054386615.1|G0000409
split_0291	GOMC.bin.7984|G0000459
split_0291	GOMC.bin.9181|G0000463
split_0292	GCA_001940655.1|G0000032
split_0292	GCA_004524365.1|G0000105
split_0292	GCA_004524535.1|G0000109
split_0292	GCA_004524545.1|G0000111
split_0292	GCA_005223125.1|G0000117
split_0292	GCA_011364925.1|G0000123
split_0292	GCA_014729935.1|G0000132
split_0292	GCA_014730165.1|G0000134
split_0292	GCA_016839425.1|G0000152
split_0292	GCA_016839585.1|G0000155
split_0292	GCA_016839765.1|G0000157
split_0292	GCA_016926735.1|G0000171
split_0292	GCA_016932935.1|G0000174
split_0292	GCA_016932935.1|G0000175
split_0292	GCA_016933055.1|G0000176
split_0292	GCA_019058015.1|G0000201
split_0292	GCA_019058135.1|G0000202
split_0292	GCA_019058445.1|G0000208
split_0292	GCA_019894715.1|G0000216
split_0292	GCA_029838175.1|G0000293
split_0292	GCA_029856295.1|G0000295
split_0292	GCA_029856435.1|G0000296
split_0292	GCA_030587475.2|G0000305
split_0292	GCA_030610785.1|G0000308
split_0292	GCA_037386725.1|G0000351
split_0292	GCA_038819355.1|G0000360
split_0292	GCA_038820475.1|G0000361
split_0292	GCA_038825615.1|G0000363
split_0292	GCA_041305945.1|G0000377
split_0292	GCA_048887225.1|G0000385
split_0292	GCA_052626505.1|G0000392
split_0292	GCA_054384275.1|G0000405
split_0292	GCA_054384595.1|G0000406
split_0292	GCA_054385715.1|G0000408
split_0292	GCA_054386615.1|G0000409
split_0292	GOMC.bin.9181|G0000463
split_0293	GCA_001940655.1|G0000032
split_0293	GCA_004524365.1|G0000105
split_0293	GCA_004524535.1|G0000109
split_0293	GCA_004524545.1|G0000111
split_0293	GCA_005223125.1|G0000117
split_0293	GCA_011364925.1|G0000123
split_0293	GCA_014729935.1|G0000132
split_0293	GCA_014730165.1|G0000134
split_0293	GCA_016839425.1|G0000152
split_0293	GCA_016839585.1|G0000155
split_0293	GCA_016839765.1|G0000157
split_0293	GCA_016926735.1|G0000171
split_0293	GCA_016932935.1|G0000174
split_0293	GCA_016932935.1|G0000175
split_0293	GCA_016933055.1|G0000176
split_0293	GCA_019058015.1|G0000201
split_0293	GCA_019058135.1|G0000202
split_0293	GCA_019058445.1|G0000208
split_0293	GCA_019894715.1|G0000216
split_0293	GCA_029838175.1|G0000293
split_0293	GCA_029856295.1|G0000295
split_0293	GCA_030587475.2|G0000305
split_0293	GCA_030610785.1|G0000308
split_0293	GCA_037386725.1|G0000351
split_0293	GCA_041305945.1|G0000377
split_0293	GCA_048887225.1|G0000385
split_0293	GCA_052626505.1|G0000392
split_0293	GCA_054384275.1|G0000405
split_0293	GCA_054384595.1|G0000406
split_0293	GCA_054386615.1|G0000409
split_0293	GOMC.bin.9181|G0000463
split_0294	GCA_001940655.1|G0000032
split_0294	GCA_004524545.1|G0000111
split_0294	GCA_014729935.1|G0000132
split_0294	GCA_016932935.1|G0000174
split_0294	GCA_016932935.1|G0000175
split_0294	GCA_016933055.1|G0000176
split_0294	GCA_030587475.2|G0000305
split_0294	GCA_041305945.1|G0000377
split_0294	GCA_054384275.1|G0000405
split_0294	GCA_054386615.1|G0000409
split_0295	GCA_001940655.1|G0000032
split_0295	GCA_004524545.1|G0000111
split_0295	GCA_016933055.1|G0000176
split_0295	GCA_054384275.1|G0000405
split_0296	GCA_004524545.1|G0000111
split_0296	GCA_016933055.1|G0000176
split_0296	GCA_054384275.1|G0000405
split_0297	GCA_004524545.1|G0000111
split_0297	GCA_016933055.1|G0000176
split_0298	GCA_014729935.1|G0000132
split_0298	GCA_016932935.1|G0000174
split_0298	GCA_016932935.1|G0000175
split_0298	GCA_030587475.2|G0000305
split_0298	GCA_041305945.1|G0000377
split_0298	GCA_054386615.1|G0000409
split_0299	GCA_014729935.1|G0000132
split_0299	GCA_054386615.1|G0000409
split_0300	GCA_016932935.1|G0000174
split_0300	GCA_016932935.1|G0000175
split_0300	GCA_030587475.2|G0000305
split_0300	GCA_041305945.1|G0000377
split_0301	GCA_016932935.1|G0000174
split_0301	GCA_016932935.1|G0000175
split_0301	GCA_030587475.2|G0000305
split_0302	GCA_016932935.1|G0000175
split_0302	GCA_030587475.2|G0000305
split_0303	GCA_004524365.1|G0000105
split_0303	GCA_004524535.1|G0000109
split_0303	GCA_005223125.1|G0000117
split_0303	GCA_011364925.1|G0000123
split_0303	GCA_014730165.1|G0000134
split_0303	GCA_016839425.1|G0000152
split_0303	GCA_016839585.1|G0000155
split_0303	GCA_016839765.1|G0000157
split_0303	GCA_016926735.1|G0000171
split_0303	GCA_019058015.1|G0000201
split_0303	GCA_019058135.1|G0000202
split_0303	GCA_019058445.1|G0000208
split_0303	GCA_019894715.1|G0000216
split_0303	GCA_029838175.1|G0000293
split_0303	GCA_029856295.1|G0000295
split_0303	GCA_030610785.1|G0000308
split_0303	GCA_037386725.1|G0000351
split_0303	GCA_048887225.1|G0000385
split_0303	GCA_052626505.1|G0000392
split_0303	GCA_054384595.1|G0000406
split_0303	GOMC.bin.9181|G0000463
split_0304	GCA_004524365.1|G0000105
split_0304	GCA_004524535.1|G0000109
split_0304	GCA_005223125.1|G0000117
split_0304	GCA_011364925.1|G0000123
split_0304	GCA_014730165.1|G0000134
split_0304	GCA_016839425.1|G0000152
split_0304	GCA_016839585.1|G0000155
split_0304	GCA_016839765.1|G0000157
split_0304	GCA_016926735.1|G0000171
split_0304	GCA_019058445.1|G0000208
split_0304	GCA_019894715.1|G0000216
split_0304	GCA_029838175.1|G0000293
split_0304	GCA_029856295.1|G0000295
split_0304	GCA_030610785.1|G0000308
split_0304	GCA_037386725.1|G0000351
split_0304	GCA_048887225.1|G0000385
split_0304	GCA_052626505.1|G0000392
split_0304	GCA_054384595.1|G0000406
split_0304	GOMC.bin.9181|G0000463
split_0305	GCA_004524365.1|G0000105
split_0305	GCA_014730165.1|G0000134
split_0305	GCA_016926735.1|G0000171
split_0305	GCA_019894715.1|G0000216
split_0305	GCA_037386725.1|G0000351
split_0305	GOMC.bin.9181|G0000463
split_0306	GCA_004524365.1|G0000105
split_0306	GCA_014730165.1|G0000134
split_0306	GCA_016926735.1|G0000171
split_0306	GCA_019894715.1|G0000216
split_0306	GCA_037386725.1|G0000351
split_0307	GCA_004524365.1|G0000105
split_0307	GCA_014730165.1|G0000134
split_0307	GCA_016926735.1|G0000171
split_0307	GCA_019894715.1|G0000216
split_0308	GCA_004524365.1|G0000105
split_0308	GCA_014730165.1|G0000134
split_0309	GCA_016926735.1|G0000171
split_0309	GCA_019894715.1|G0000216
split_0310	GCA_004524535.1|G0000109
split_0310	GCA_005223125.1|G0000117
split_0310	GCA_011364925.1|G0000123
split_0310	GCA_016839425.1|G0000152
split_0310	GCA_016839585.1|G0000155
split_0310	GCA_016839765.1|G0000157
split_0310	GCA_019058445.1|G0000208
split_0310	GCA_029838175.1|G0000293
split_0310	GCA_029856295.1|G0000295
split_0310	GCA_030610785.1|G0000308
split_0310	GCA_048887225.1|G0000385
split_0310	GCA_052626505.1|G0000392
split_0310	GCA_054384595.1|G0000406
split_0311	GCA_004524535.1|G0000109
split_0311	GCA_005223125.1|G0000117
split_0311	GCA_016839425.1|G0000152
split_0311	GCA_016839585.1|G0000155
split_0311	GCA_019058445.1|G0000208
split_0311	GCA_029838175.1|G0000293
split_0311	GCA_029856295.1|G0000295
split_0311	GCA_030610785.1|G0000308
split_0311	GCA_048887225.1|G0000385
split_0311	GCA_052626505.1|G0000392
split_0311	GCA_054384595.1|G0000406
split_0312	GCA_004524535.1|G0000109
split_0312	GCA_016839585.1|G0000155
split_0313	GCA_005223125.1|G0000117
split_0313	GCA_016839425.1|G0000152
split_0313	GCA_019058445.1|G0000208
split_0313	GCA_029838175.1|G0000293
split_0313	GCA_029856295.1|G0000295
split_0313	GCA_030610785.1|G0000308
split_0313	GCA_048887225.1|G0000385
split_0313	GCA_052626505.1|G0000392
split_0313	GCA_054384595.1|G0000406
split_0314	GCA_005223125.1|G0000117
split_0314	GCA_030610785.1|G0000308
split_0314	GCA_054384595.1|G0000406
split_0315	GCA_030610785.1|G0000308
split_0315	GCA_054384595.1|G0000406
split_0316	GCA_016839425.1|G0000152
split_0316	GCA_019058445.1|G0000208
split_0316	GCA_029838175.1|G0000293
split_0316	GCA_029856295.1|G0000295
split_0316	GCA_048887225.1|G0000385
split_0316	GCA_052626505.1|G0000392
split_0317	GCA_019058445.1|G0000208
split_0317	GCA_029838175.1|G0000293
split_0317	GCA_029856295.1|G0000295
split_0317	GCA_048887225.1|G0000385
split_0317	GCA_052626505.1|G0000392
split_0318	GCA_019058445.1|G0000208
split_0318	GCA_029838175.1|G0000293
split_0318	GCA_029856295.1|G0000295
split_0319	GCA_019058445.1|G0000208
split_0319	GCA_029856295.1|G0000295
split_0320	GCA_048887225.1|G0000385
split_0320	GCA_052626505.1|G0000392
split_0321	GCA_011364925.1|G0000123
split_0321	GCA_016839765.1|G0000157
split_0322	GCA_019058015.1|G0000201
split_0322	GCA_019058135.1|G0000202
split_0323	GCA_029856435.1|G0000296
split_0323	GCA_038819355.1|G0000360
split_0323	GCA_038820475.1|G0000361
split_0323	GCA_038825615.1|G0000363
split_0323	GCA_054385715.1|G0000408
split_0324	GCA_029856435.1|G0000296
split_0324	GCA_038825615.1|G0000363
split_0325	GCA_038819355.1|G0000360
split_0325	GCA_038820475.1|G0000361
split_0325	GCA_054385715.1|G0000408
split_0326	GCA_038819355.1|G0000360
split_0326	GCA_038820475.1|G0000361
split_0327	GCA_005191425.1|G0000114
split_0327	GCA_019058315.1|G0000206
split_0327	GCA_035531115.1|G0000335
split_0327	GCA_035531115.1|G0000336
split_0327	GCA_054381345.1|G0000394
split_0327	GCA_054381475.1|G0000397
split_0327	GCA_054383535.1|G0000400
split_0327	GCA_054383595.1|G0000403
split_0327	GOMC.bin.7984|G0000459
split_0328	GCA_005191425.1|G0000114
split_0328	GCA_035531115.1|G0000335
split_0328	GCA_035531115.1|G0000336
split_0328	GCA_054381345.1|G0000394
split_0328	GCA_054381475.1|G0000397
split_0328	GCA_054383595.1|G0000403
split_0328	GOMC.bin.7984|G0000459
split_0329	GCA_005191425.1|G0000114
split_0329	GCA_054383595.1|G0000403
split_0330	GCA_035531115.1|G0000335
split_0330	GCA_035531115.1|G0000336
split_0330	GCA_054381345.1|G0000394
split_0330	GCA_054381475.1|G0000397
split_0330	GOMC.bin.7984|G0000459
split_0331	GCA_035531115.1|G0000335
split_0331	GCA_054381345.1|G0000394
split_0331	GCA_054381475.1|G0000397
split_0332	GCA_035531115.1|G0000335
split_0332	GCA_054381475.1|G0000397
split_0333	GCA_035531115.1|G0000336
split_0333	GOMC.bin.7984|G0000459
split_0334	GCA_019058315.1|G0000206
split_0334	GCA_054383535.1|G0000400
split_0335	GCA_016292335.1|G0000147
split_0335	GCA_016294985.1|G0000148
split_0335	GCA_016550395.1|G0000149
split_0335	GCA_016840065.1|G0000158
split_0335	GCA_016840135.1|G0000161
split_0335	GCA_019057385.1|G0000199
split_0335	GCA_048938295.1|G0000386
split_0336	GCA_016292335.1|G0000147
split_0336	GCA_016294985.1|G0000148
split_0336	GCA_019057385.1|G0000199
split_0337	GCA_016294985.1|G0000148
split_0337	GCA_019057385.1|G0000199
split_0338	GCA_016550395.1|G0000149
split_0338	GCA_016840065.1|G0000158
split_0338	GCA_016840135.1|G0000161
split_0338	GCA_048938295.1|G0000386
split_0339	GCA_016550395.1|G0000149
split_0339	GCA_048938295.1|G0000386
split_0340	GCA_016840065.1|G0000158
split_0340	GCA_016840135.1|G0000161
split_0341	GCA_023131225.1|G0000235
split_0341	GCA_023131225.1|G0000236
split_0341	GCA_023131225.1|G0000237
split_0341	GOMC.bin.2890|G0000443
split_0342	GCA_023131225.1|G0000235
split_0342	GCA_023131225.1|G0000237
split_0343	GCA_023131225.1|G0000236
split_0343	GOMC.bin.2890|G0000443
split_0344	GCA_030750015.1|G0000321
split_0344	GCA_030750015.1|G0000322
split_0345	GCA_000402775.1|G0000012
split_0345	GCA_016931955.1|G0000173
split_0346	GCA_001742785.1|G0000026
split_0346	GCA_001914405.1|G0000031
split_0346	GCA_001940655.1|G0000033
split_0346	GCA_001940665.2|G0000034
split_0346	GCA_002010045.1|G0000036
split_0346	GCA_002010195.1|G0000040
split_0346	GCA_002010215.1|G0000043
split_0346	GCA_002494725.1|G0000053
split_0346	GCA_003034855.1|G0000074
split_0346	GCA_004524365.1|G0000106
split_0346	GCA_004524535.1|G0000110
split_0346	GCA_005191415.1|G0000112
split_0346	GCA_005191425.1|G0000115
split_0346	GCA_005223125.1|G0000116
split_0346	GCA_011364925.1|G0000122
split_0346	GCA_013331375.1|G0000128
split_0346	GCA_014730165.1|G0000133
split_0346	GCA_016839265.1|G0000150
split_0346	GCA_016839425.1|G0000153
split_0346	GCA_016839585.1|G0000156
split_0346	GCA_016840695.1|G0000167
split_0346	GCA_016926735.1|G0000170
split_0346	GCA_019058315.1|G0000207
split_0346	GCA_019429385.1|G0000212
split_0346	GCA_019894715.1|G0000217
split_0346	GCA_021108405.1|G0000224
split_0346	GCA_023252215.1|G0000242
split_0346	GCA_024860865.1|G0000249
split_0346	GCA_027021185.1|G0000268
split_0346	GCA_027051165.1|G0000271
split_0346	GCA_027051265.1|G0000272
split_0346	GCA_029838175.1|G0000292
split_0346	GCA_030605385.1|G0000307
split_0346	GCA_030610785.1|G0000309
split_0346	GCA_035531115.1|G0000337
split_0346	GCA_036446635.1|G0000343
split_0346	GCA_037443105.1|G0000352
split_0346	GCA_048887225.1|G0000384
split_0346	GCA_048939465.1|G0000387
split_0346	GCA_052626505.1|G0000393
split_0346	GCA_054383535.1|G0000401
split_0346	GCA_054383535.1|G0000402
split_0346	GCA_054383595.1|G0000404
split_0346	GCA_054384595.1|G0000407
split_0346	GCF_002153915.1|G0000424
split_0346	GOMC.bin.707|G0000456
split_0346	GOMC.bin.7887|G0000457
split_0347	GCA_001742785.1|G0000026
split_0347	GCA_001914405.1|G0000031
split_0347	GCA_001940665.2|G0000034
split_0347	GCA_002010045.1|G0000036
split_0347	GCA_002010195.1|G0000040
split_0347	GCA_002010215.1|G0000043
split_0347	GCA_002494725.1|G0000053
split_0347	GCA_003034855.1|G0000074
split_0347	GCA_013331375.1|G0000128
split_0347	GCA_016839265.1|G0000150
split_0347	GCA_019429385.1|G0000212
split_0347	GCA_021108405.1|G0000224
split_0347	GCA_023252215.1|G0000242
split_0347	GCA_024860865.1|G0000249
split_0347	GCA_030605385.1|G0000307
split_0347	GCA_036446635.1|G0000343
split_0347	GCA_037443105.1|G0000352
split_0347	GCA_048939465.1|G0000387
split_0347	GCF_002153915.1|G0000424
split_0347	GOMC.bin.707|G0000456
split_0348	GCA_001742785.1|G0000026
split_0348	GCA_001940665.2|G0000034
split_0348	GCA_016839265.1|G0000150
split_0348	GCA_024860865.1|G0000249
split_0348	GCA_037443105.1|G0000352
split_0348	GCA_048939465.1|G0000387
split_0349	GCA_001742785.1|G0000026
split_0349	GCA_024860865.1|G0000249
split_0349	GCA_048939465.1|G0000387
split_0350	GCA_001742785.1|G0000026
split_0350	GCA_048939465.1|G0000387
split_0351	GCA_001940665.2|G0000034
split_0351	GCA_016839265.1|G0000150
split_0351	GCA_037443105.1|G0000352
split_0352	GCA_001940665.2|G0000034
split_0352	GCA_016839265.1|G0000150
split_0353	GCA_001914405.1|G0000031
split_0353	GCA_002010045.1|G0000036
split_0353	GCA_002010195.1|G0000040
split_0353	GCA_002010215.1|G0000043
split_0353	GCA_002494725.1|G0000053
split_0353	GCA_003034855.1|G0000074
split_0353	GCA_013331375.1|G0000128
split_0353	GCA_019429385.1|G0000212
split_0353	GCA_021108405.1|G0000224
split_0353	GCA_023252215.1|G0000242
split_0353	GCA_030605385.1|G0000307
split_0353	GCA_036446635.1|G0000343
split_0353	GCF_002153915.1|G0000424
split_0353	GOMC.bin.707|G0000456
split_0354	GCA_001914405.1|G0000031
split_0354	GCA_002010045.1|G0000036
split_0354	GCA_002010195.1|G0000040
split_0354	GCA_002010215.1|G0000043
split_0354	GCA_002494725.1|G0000053
split_0354	GCA_003034855.1|G0000074
split_0354	GCA_023252215.1|G0000242
split_0354	GCA_030605385.1|G0000307
split_0354	GCF_002153915.1|G0000424
split_0355	GCA_001914405.1|G0000031
split_0355	GCA_002010045.1|G0000036
split_0355	GCA_002010195.1|G0000040
split_0355	GCA_002010215.1|G0000043
split_0355	GCA_002494725.1|G0000053
split_0355	GCA_003034855.1|G0000074
split_0355	GCA_023252215.1|G0000242
split_0355	GCF_002153915.1|G0000424
split_0356	GCA_001914405.1|G0000031
split_0356	GCA_003034855.1|G0000074
split_0356	GCA_023252215.1|G0000242
split_0356	GCF_002153915.1|G0000424
split_0357	GCA_001914405.1|G0000031
split_0357	GCA_003034855.1|G0000074
split_0357	GCF_002153915.1|G0000424
split_0358	GCA_003034855.1|G0000074
split_0358	GCF_002153915.1|G0000424
split_0359	GCA_002010045.1|G0000036
split_0359	GCA_002010195.1|G0000040
split_0359	GCA_002010215.1|G0000043
split_0359	GCA_002494725.1|G0000053
split_0360	GCA_002010045.1|G0000036
split_0360	GCA_002010195.1|G0000040
split_0360	GCA_002010215.1|G0000043
split_0361	GCA_002010195.1|G0000040
split_0361	GCA_002010215.1|G0000043
split_0362	GCA_013331375.1|G0000128
split_0362	GCA_019429385.1|G0000212
split_0362	GCA_021108405.1|G0000224
split_0362	GCA_036446635.1|G0000343
split_0362	GOMC.bin.707|G0000456
split_0363	GCA_013331375.1|G0000128
split_0363	GOMC.bin.707|G0000456
split_0364	GCA_019429385.1|G0000212
split_0364	GCA_021108405.1|G0000224
split_0364	GCA_036446635.1|G0000343
split_0365	GCA_019429385.1|G0000212
split_0365	GCA_021108405.1|G0000224
split_0366	GCA_001940655.1|G0000033
split_0366	GCA_004524365.1|G0000106
split_0366	GCA_004524535.1|G0000110
split_0366	GCA_005191415.1|G0000112
split_0366	GCA_005191425.1|G0000115
split_0366	GCA_005223125.1|G0000116
split_0366	GCA_011364925.1|G0000122
split_0366	GCA_014730165.1|G0000133
split_0366	GCA_016839425.1|G0000153
split_0366	GCA_016839585.1|G0000156
split_0366	GCA_016840695.1|G0000167
split_0366	GCA_016926735.1|G0000170
split_0366	GCA_019058315.1|G0000207
split_0366	GCA_019894715.1|G0000217
split_0366	GCA_027021185.1|G0000268
split_0366	GCA_027051165.1|G0000271
split_0366	GCA_027051265.1|G0000272
split_0366	GCA_029838175.1|G0000292
split_0366	GCA_030610785.1|G0000309
split_0366	GCA_035531115.1|G0000337
split_0366	GCA_048887225.1|G0000384
split_0366	GCA_052626505.1|G0000393
split_0366	GCA_054383535.1|G0000401
split_0366	GCA_054383535.1|G0000402
split_0366	GCA_054383595.1|G0000404
split_0366	GCA_054384595.1|G0000407
split_0366	GOMC.bin.7887|G0000457
split_0367	GCA_001940655.1|G0000033
split_0367	GCA_004524365.1|G0000106
split_0367	GCA_004524535.1|G0000110
split_0367	GCA_005191415.1|G0000112
split_0367	GCA_005191425.1|G0000115
split_0367	GCA_005223125.1|G0000116
split_0367	GCA_011364925.1|G0000122
split_0367	GCA_014730165.1|G0000133
split_0367	GCA_016839425.1|G0000153
split_0367	GCA_016839585.1|G0000156
split_0367	GCA_016840695.1|G0000167
split_0367	GCA_016926735.1|G0000170
split_0367	GCA_019058315.1|G0000207
split_0367	GCA_019894715.1|G0000217
split_0367	GCA_027021185.1|G0000268
split_0367	GCA_027051265.1|G0000272
split_0367	GCA_029838175.1|G0000292
split_0367	GCA_030610785.1|G0000309
split_0367	GCA_035531115.1|G0000337
split_0367	GCA_048887225.1|G0000384
split_0367	GCA_052626505.1|G0000393
split_0367	GCA_054383535.1|G0000401
split_0367	GCA_054383535.1|G0000402
split_0367	GCA_054383595.1|G0000404
split_0367	GCA_054384595.1|G0000407
split_0367	GOMC.bin.7887|G0000457
split_0368	GCA_001940655.1|G0000033
split_0368	GCA_004524365.1|G0000106
split_0368	GCA_004524535.1|G0000110
split_0368	GCA_005191415.1|G0000112
split_0368	GCA_005191425.1|G0000115
split_0368	GCA_005223125.1|G0000116
split_0368	GCA_011364925.1|G0000122
split_0368	GCA_014730165.1|G0000133
split_0368	GCA_016839425.1|G0000153
split_0368	GCA_016839585.1|G0000156
split_0368	GCA_016840695.1|G0000167
split_0368	GCA_016926735.1|G0000170
split_0368	GCA_019058315.1|G0000207
split_0368	GCA_019894715.1|G0000217
split_0368	GCA_029838175.1|G0000292
split_0368	GCA_030610785.1|G0000309
split_0368	GCA_035531115.1|G0000337
split_0368	GCA_048887225.1|G0000384
split_0368	GCA_052626505.1|G0000393
split_0368	GCA_054383535.1|G0000401
split_0368	GCA_054383535.1|G0000402
split_0368	GCA_054383595.1|G0000404
split_0368	GCA_054384595.1|G0000407
split_0369	GCA_001940655.1|G0000033
split_0369	GCA_004524365.1|G0000106
split_0369	GCA_004524535.1|G0000110
split_0369	GCA_005191415.1|G0000112
split_0369	GCA_005223125.1|G0000116
split_0369	GCA_011364925.1|G0000122
split_0369	GCA_014730165.1|G0000133
split_0369	GCA_016839425.1|G0000153
split_0369	GCA_016839585.1|G0000156
split_0369	GCA_016840695.1|G0000167
split_0369	GCA_016926735.1|G0000170
split_0369	GCA_019894715.1|G0000217
split_0369	GCA_029838175.1|G0000292
split_0369	GCA_030610785.1|G0000309
split_0369	GCA_035531115.1|G0000337
split_0369	GCA_048887225.1|G0000384
split_0369	GCA_052626505.1|G0000393
split_0369	GCA_054383535.1|G0000401
split_0369	GCA_054384595.1|G0000407
split_0370	GCA_001940655.1|G0000033
split_0370	GCA_004524365.1|G0000106
split_0370	GCA_004524535.1|G0000110
split_0370	GCA_005223125.1|G0000116
split_0370	GCA_011364925.1|G0000122
split_0370	GCA_014730165.1|G0000133
split_0370	GCA_016839425.1|G0000153
split_0370	GCA_016839585.1|G0000156
split_0370	GCA_016840695.1|G0000167
split_0370	GCA_016926735.1|G0000170
split_0370	GCA_019894715.1|G0000217
split_0370	GCA_029838175.1|G0000292
split_0370	GCA_030610785.1|G0000309
split_0370	GCA_048887225.1|G0000384
split_0370	GCA_052626505.1|G0000393
split_0370	GCA_054384595.1|G0000407
split_0371	GCA_004524365.1|G0000106
split_0371	GCA_004524535.1|G0000110
split_0371	GCA_005223125.1|G0000116
split_0371	GCA_011364925.1|G0000122
split_0371	GCA_014730165.1|G0000133
split_0371	GCA_016839425.1|G0000153
split_0371	GCA_016839585.1|G0000156
split_0371	GCA_016840695.1|G0000167
split_0371	GCA_016926735.1|G0000170
split_0371	GCA_019894715.1|G0000217
split_0371	GCA_029838175.1|G0000292
split_0371	GCA_030610785.1|G0000309
split_0371	GCA_048887225.1|G0000384
split_0371	GCA_052626505.1|G0000393
split_0371	GCA_054384595.1|G0000407
split_0372	GCA_004524365.1|G0000106
split_0372	GCA_004524535.1|G0000110
split_0372	GCA_005223125.1|G0000116
split_0372	GCA_011364925.1|G0000122
split_0372	GCA_016839425.1|G0000153
split_0372	GCA_016839585.1|G0000156
split_0372	GCA_016840695.1|G0000167
split_0372	GCA_029838175.1|G0000292
split_0372	GCA_030610785.1|G0000309
split_0372	GCA_048887225.1|G0000384
split_0372	GCA_052626505.1|G0000393
split_0372	GCA_054384595.1|G0000407
split_0373	GCA_004524365.1|G0000106
split_0373	GCA_016839425.1|G0000153
split_0373	GCA_052626505.1|G0000393
split_0374	GCA_004524365.1|G0000106
split_0374	GCA_016839425.1|G0000153
split_0375	GCA_004524535.1|G0000110
split_0375	GCA_005223125.1|G0000116
split_0375	GCA_011364925.1|G0000122
split_0375	GCA_016839585.1|G0000156
split_0375	GCA_016840695.1|G0000167
split_0375	GCA_029838175.1|G0000292
split_0375	GCA_030610785.1|G0000309
split_0375	GCA_048887225.1|G0000384
split_0375	GCA_054384595.1|G0000407
split_0376	GCA_004524535.1|G0000110
split_0376	GCA_005223125.1|G0000116
split_0376	GCA_016839585.1|G0000156
split_0376	GCA_016840695.1|G0000167
split_0376	GCA_030610785.1|G0000309
split_0376	GCA_048887225.1|G0000384
split_0376	GCA_054384595.1|G0000407
split_0377	GCA_004524535.1|G0000110
split_0377	GCA_016840695.1|G0000167
split_0378	GCA_005223125.1|G0000116
split_0378	GCA_016839585.1|G0000156
split_0378	GCA_030610785.1|G0000309
split_0378	GCA_048887225.1|G0000384
split_0378	GCA_054384595.1|G0000407
split_0379	GCA_005223125.1|G0000116
split_0379	GCA_016839585.1|G0000156
split_0379	GCA_048887225.1|G0000384
split_0380	GCA_005223125.1|G0000116
split_0380	GCA_016839585.1|G0000156
split_0381	GCA_030610785.1|G0000309
split_0381	GCA_054384595.1|G0000407
split_0382	GCA_011364925.1|G0000122
split_0382	GCA_029838175.1|G0000292
split_0383	GCA_014730165.1|G0000133
split_0383	GCA_016926735.1|G0000170
split_0383	GCA_019894715.1|G0000217
split_0384	GCA_016926735.1|G0000170
split_0384	GCA_019894715.1|G0000217
split_0385	GCA_005191415.1|G0000112
split_0385	GCA_035531115.1|G0000337
split_0385	GCA_054383535.1|G0000401
split_0386	GCA_005191415.1|G0000112
split_0386	GCA_054383535.1|G0000401
split_0387	GCA_005191425.1|G0000115
split_0387	GCA_019058315.1|G0000207
split_0387	GCA_054383535.1|G0000402
split_0387	GCA_054383595.1|G0000404
split_0388	GCA_005191425.1|G0000115
split_0388	GCA_054383595.1|G0000404
split_0389	GCA_019058315.1|G0000207
split_0389	GCA_054383535.1|G0000402
split_0390	GCA_027021185.1|G0000268
split_0390	GCA_027051265.1|G0000272
split_0390	GOMC.bin.7887|G0000457
split_0391	GCA_027021185.1|G0000268
split_0391	GOMC.bin.7887|G0000457
split_0392	GCA_001766815.1|G0000028
split_0392	GCA_002923215.1|G0000071
split_0392	GCA_003194425.1|G0000080
split_0392	GCA_003661125.1|G0000087
split_0392	GCA_003695745.1|G0000093
split_0392	GCA_016212785.1|G0000146
split_0392	GCA_016931955.1|G0000172
split_0392	GCA_017883965.1|G0000180
split_0392	GCA_029259545.1|G0000289
split_0392	GCA_030018435.1|G0000301
split_0392	GCA_030611045.1|G0000310
split_0392	GCA_030633595.1|G0000319
split_0392	GCA_030633635.1|G0000320
split_0392	GCA_034190145.1|G0000325
split_0392	GCA_034190245.1|G0000328
split_0392	GCA_036444275.1|G0000341
split_0392	GOMC.bin.11076|G0000429
split_0393	GCA_001766815.1|G0000028
split_0393	GCA_003194425.1|G0000080
split_0393	GCA_003661125.1|G0000087
split_0393	GCA_016212785.1|G0000146
split_0393	GCA_016931955.1|G0000172
split_0393	GCA_017883965.1|G0000180
split_0393	GCA_029259545.1|G0000289
split_0393	GCA_030018435.1|G0000301
split_0393	GCA_030611045.1|G0000310
split_0393	GCA_030633595.1|G0000319
split_0393	GCA_030633635.1|G0000320
split_0393	GCA_034190145.1|G0000325
split_0393	GCA_034190245.1|G0000328
split_0393	GCA_036444275.1|G0000341
split_0393	GOMC.bin.11076|G0000429
split_0394	GCA_001766815.1|G0000028
split_0394	GCA_016212785.1|G0000146
split_0394	GCA_016931955.1|G0000172
split_0394	GCA_030018435.1|G0000301
split_0394	GCA_030633595.1|G0000319
split_0394	GCA_030633635.1|G0000320
split_0394	GCA_034190145.1|G0000325
split_0394	GCA_034190245.1|G0000328
split_0394	GCA_036444275.1|G0000341
split_0394	GOMC.bin.11076|G0000429
split_0395	GCA_001766815.1|G0000028
split_0395	GCA_034190145.1|G0000325
split_0395	GCA_034190245.1|G0000328
split_0395	GOMC.bin.11076|G0000429
split_0396	GCA_034190145.1|G0000325
split_0396	GCA_034190245.1|G0000328
split_0396	GOMC.bin.11076|G0000429
split_0397	GCA_034190245.1|G0000328
split_0397	GOMC.bin.11076|G0000429
split_0398	GCA_016212785.1|G0000146
split_0398	GCA_016931955.1|G0000172
split_0398	GCA_030018435.1|G0000301
split_0398	GCA_030633595.1|G0000319
split_0398	GCA_030633635.1|G0000320
split_0398	GCA_036444275.1|G0000341
split_0399	GCA_016212785.1|G0000146
split_0399	GCA_030018435.1|G0000301
split_0399	GCA_030633635.1|G0000320
split_0399	GCA_036444275.1|G0000341
split_0400	GCA_016212785.1|G0000146
split_0400	GCA_030018435.1|G0000301
split_0400	GCA_036444275.1|G0000341
split_0401	GCA_030018435.1|G0000301
split_0401	GCA_036444275.1|G0000341
split_0402	GCA_016931955.1|G0000172
split_0402	GCA_030633595.1|G0000319
split_0403	GCA_003194425.1|G0000080
split_0403	GCA_003661125.1|G0000087
split_0403	GCA_017883965.1|G0000180
split_0403	GCA_029259545.1|G0000289
split_0403	GCA_030611045.1|G0000310
split_0404	GCA_003194425.1|G0000080
split_0404	GCA_029259545.1|G0000289
split_0405	GCA_003661125.1|G0000087
split_0405	GCA_017883965.1|G0000180
split_0405	GCA_030611045.1|G0000310
split_0406	GCA_003661125.1|G0000087
split_0406	GCA_017883965.1|G0000180
split_0407	GCA_002923215.1|G0000071
split_0407	GCA_003695745.1|G0000093
split_0408	GCA_029932835.1|G0000298
split_0408	GCA_038046745.1|G0000356
split_0409	GCA_002010065.2|G0000037
split_0409	GCA_002897955.1|G0000069
split_0409	GCA_015520145.1|G0000137
split_0409	GCA_018830205.1|G0000195
split_0409	GCA_026989875.1|G0000265
split_0409	GCA_026989875.1|G0000266
split_0409	GCA_041306005.1|G0000378
split_0409	GOMC.bin.874|G0000462
split_0410	GCA_002010065.2|G0000037
split_0410	GCA_002897955.1|G0000069
split_0410	GCA_015520145.1|G0000137
split_0410	GCA_018830205.1|G0000195
split_0410	GCA_026989875.1|G0000265
split_0410	GCA_026989875.1|G0000266
split_0410	GCA_041306005.1|G0000378
split_0411	GCA_002010065.2|G0000037
split_0411	GCA_002897955.1|G0000069
split_0411	GCA_018830205.1|G0000195
split_0411	GCA_026989875.1|G0000265
split_0411	GCA_026989875.1|G0000266
split_0411	GCA_041306005.1|G0000378
split_0412	GCA_002010065.2|G0000037
split_0412	GCA_002897955.1|G0000069
split_0412	GCA_026989875.1|G0000265
split_0412	GCA_026989875.1|G0000266
split_0412	GCA_041306005.1|G0000378
split_0413	GCA_002010065.2|G0000037
split_0413	GCA_002897955.1|G0000069
split_0413	GCA_026989875.1|G0000265
split_0413	GCA_026989875.1|G0000266
split_0414	GCA_002010065.2|G0000037
split_0414	GCA_026989875.1|G0000265
split_0414	GCA_026989875.1|G0000266
split_0415	GCA_026989875.1|G0000265
split_0415	GCA_026989875.1|G0000266
split_0416	GCA_004212075.1|G0000096
split_0416	GCA_004212085.1|G0000098
split_0416	GCA_018396415.1|G0000185
split_0416	GCA_019057385.1|G0000200
split_0416	GCA_019058165.1|G0000203
split_0416	GCA_019058495.1|G0000210
split_0416	GCA_021157845.1|G0000226
split_0416	GCA_021498085.1|G0000232
split_0416	GCA_026015185.1|G0000260
split_0416	GCA_026015225.1|G0000263
split_0416	GCA_027068725.1|G0000275
split_0416	GCA_027068725.1|G0000277
split_0416	GCA_030615265.1|G0000317
split_0416	GCA_034660795.1|G0000330
split_0416	GCA_037308085.1|G0000345
split_0416	GCA_037310415.1|G0000348
split_0416	GCA_038850485.1|G0000365
split_0416	GCA_054381475.1|G0000395
split_0417	GCA_004212075.1|G0000096
split_0417	GCA_004212085.1|G0000098
split_0417	GCA_018396415.1|G0000185
split_0417	GCA_019057385.1|G0000200
split_0417	GCA_019058495.1|G0000210
split_0417	GCA_026015185.1|G0000260
split_0417	GCA_026015225.1|G0000263
split_0417	GCA_027068725.1|G0000275
split_0417	GCA_027068725.1|G0000277
split_0417	GCA_030615265.1|G0000317
split_0417	GCA_037308085.1|G0000345
split_0417	GCA_037310415.1|G0000348
split_0417	GCA_038850485.1|G0000365
split_0418	GCA_004212075.1|G0000096
split_0418	GCA_004212085.1|G0000098
split_0418	GCA_018396415.1|G0000185
split_0418	GCA_019057385.1|G0000200
split_0418	GCA_019058495.1|G0000210
split_0418	GCA_026015185.1|G0000260
split_0418	GCA_026015225.1|G0000263
split_0418	GCA_027068725.1|G0000275
split_0418	GCA_027068725.1|G0000277
split_0418	GCA_037308085.1|G0000345
split_0418	GCA_037310415.1|G0000348
split_0418	GCA_038850485.1|G0000365
split_0419	GCA_004212075.1|G0000096
split_0419	GCA_004212085.1|G0000098
split_0419	GCA_018396415.1|G0000185
split_0419	GCA_019057385.1|G0000200
split_0419	GCA_019058495.1|G0000210
split_0419	GCA_026015185.1|G0000260
split_0419	GCA_026015225.1|G0000263
split_0419	GCA_027068725.1|G0000277
split_0419	GCA_037308085.1|G0000345
split_0419	GCA_037310415.1|G0000348
split_0419	GCA_038850485.1|G0000365
split_0420	GCA_004212075.1|G0000096
split_0420	GCA_004212085.1|G0000098
split_0420	GCA_019058495.1|G0000210
split_0420	GCA_027068725.1|G0000277
split_0420	GCA_037308085.1|G0000345
split_0420	GCA_037310415.1|G0000348
split_0421	GCA_004212075.1|G0000096
split_0421	GCA_004212085.1|G0000098
split_0421	GCA_027068725.1|G0000277
split_0422	GCA_004212075.1|G0000096
split_0422	GCA_004212085.1|G0000098
split_0423	GCA_019058495.1|G0000210
split_0423	GCA_037308085.1|G0000345
split_0423	GCA_037310415.1|G0000348
split_0424	GCA_037308085.1|G0000345
split_0424	GCA_037310415.1|G0000348
split_0425	GCA_018396415.1|G0000185
split_0425	GCA_019057385.1|G0000200
split_0425	GCA_026015185.1|G0000260
split_0425	GCA_026015225.1|G0000263
split_0425	GCA_038850485.1|G0000365
split_0426	GCA_018396415.1|G0000185
split_0426	GCA_019057385.1|G0000200
split_0427	GCA_026015185.1|G0000260
split_0427	GCA_026015225.1|G0000263
split_0427	GCA_038850485.1|G0000365
split_0428	GCA_026015185.1|G0000260
split_0428	GCA_026015225.1|G0000263
split_0429	GCA_019058165.1|G0000203
split_0429	GCA_021157845.1|G0000226
split_0429	GCA_021498085.1|G0000232
split_0429	GCA_034660795.1|G0000330
split_0429	GCA_054381475.1|G0000395
split_0430	GCA_019058165.1|G0000203
split_0430	GCA_021498085.1|G0000232
split_0430	GCA_034660795.1|G0000330
split_0431	GCA_019058165.1|G0000203
split_0431	GCA_021498085.1|G0000232
split_0432	GCA_021157845.1|G0000226
split_0432	GCA_054381475.1|G0000395
split_0433	GCA_020355125.1|G0000221
split_0433	GCA_026015035.1|G0000257
split_0433	GCA_030837285.1|G0000324
split_0433	GCA_038883335.1|G0000372
split_0433	GOMC.bin.1512|G0000431
split_0434	GCA_020355125.1|G0000221
split_0434	GCA_026015035.1|G0000257
split_0434	GCA_030837285.1|G0000324
split_0434	GOMC.bin.1512|G0000431
split_0435	GCA_020355125.1|G0000221
split_0435	GCA_030837285.1|G0000324
split_0435	GOMC.bin.1512|G0000431
split_0436	GCA_020355125.1|G0000221
split_0436	GCA_030837285.1|G0000324
split_0437	GCA_001593935.1|G0000022
split_0437	GCA_018396725.1|G0000188
split_0438	GCA_003662645.1|G0000092
split_0438	GCA_015520475.1|G0000138
split_0438	GCA_018396405.1|G0000183
split_0438	GOMC.bin.2843|G0000442
split_0438	GOMC.bin.5642|G0000453
split_0439	GCA_003662645.1|G0000092
split_0439	GCA_015520475.1|G0000138
split_0439	GCA_018396405.1|G0000183
split_0439	GOMC.bin.2843|G0000442
split_0440	GCA_015520475.1|G0000138
split_0440	GCA_018396405.1|G0000183
split_0440	GOMC.bin.2843|G0000442
split_0441	GCA_018396405.1|G0000183
split_0441	GOMC.bin.2843|G0000442
split_0442	GCA_002503135.1|G0000061
split_0442	GCA_002507245.1|G0000065
split_0442	GCA_018397035.1|G0000194
split_0442	GCA_038873015.1|G0000369
split_0443	GCA_002503135.1|G0000061
split_0443	GCA_002507245.1|G0000065
split_0444	GCA_018397035.1|G0000194
split_0444	GCA_038873015.1|G0000369
split_0445	GCA_001273385.1|G0000013
split_0445	GCA_001399795.1|G0000014
split_0445	GCA_002011155.2|G0000046
split_0445	GCA_003133625.1|G0000077
split_0445	GCA_004376295.1|G0000101
split_0445	GCA_004376645.1|G0000104
split_0445	GCA_009889585.1|G0000119
split_0445	GCA_015660915.1|G0000143
split_0445	GCA_019685575.1|G0000214
split_0445	GCA_020352645.1|G0000220
split_0445	GCA_023131225.1|G0000239
split_0445	GCA_026014495.1|G0000254
split_0445	GCA_034660895.1|G0000332
split_0445	GCA_035624185.1|G0000339
split_0445	GCA_038894255.1|G0000374
split_0446	GCA_001273385.1|G0000013
split_0446	GCA_003133625.1|G0000077
split_0446	GCA_015660915.1|G0000143
split_0446	GCA_019685575.1|G0000214
split_0446	GCA_026014495.1|G0000254
split_0446	GCA_034660895.1|G0000332
split_0446	GCA_035624185.1|G0000339
split_0446	GCA_038894255.1|G0000374
split_0447	GCA_001273385.1|G0000013
split_0447	GCA_003133625.1|G0000077
split_0447	GCA_015660915.1|G0000143
split_0447	GCA_035624185.1|G0000339
split_0447	GCA_038894255.1|G0000374
split_0448	GCA_001273385.1|G0000013
split_0448	GCA_003133625.1|G0000077
split_0448	GCA_015660915.1|G0000143
split_0448	GCA_035624185.1|G0000339
split_0449	GCA_003133625.1|G0000077
split_0449	GCA_015660915.1|G0000143
split_0449	GCA_035624185.1|G0000339
split_0450	GCA_015660915.1|G0000143
split_0450	GCA_035624185.1|G0000339
split_0451	GCA_019685575.1|G0000214
split_0451	GCA_026014495.1|G0000254
split_0451	GCA_034660895.1|G0000332
split_0452	GCA_019685575.1|G0000214
split_0452	GCA_026014495.1|G0000254
split_0453	GCA_001399795.1|G0000014
split_0453	GCA_002011155.2|G0000046
split_0453	GCA_004376295.1|G0000101
split_0453	GCA_004376645.1|G0000104
split_0453	GCA_009889585.1|G0000119
split_0453	GCA_020352645.1|G0000220
split_0453	GCA_023131225.1|G0000239
split_0454	GCA_001399795.1|G0000014
split_0454	GCA_002011155.2|G0000046
split_0454	GCA_004376295.1|G0000101
split_0454	GCA_004376645.1|G0000104
split_0454	GCA_020352645.1|G0000220
split_0454	GCA_023131225.1|G0000239
split_0455	GCA_001399795.1|G0000014
split_0455	GCA_004376295.1|G0000101
split_0456	GCA_002011155.2|G0000046
split_0456	GCA_004376645.1|G0000104
split_0456	GCA_020352645.1|G0000220
split_0456	GCA_023131225.1|G0000239
split_0457	GCA_002011155.2|G0000046
split_0457	GCA_004376645.1|G0000104
split_0458	GCA_020352645.1|G0000220
split_0458	GCA_023131225.1|G0000239
split_0459	GCA_021158125.1|G0000228
split_0459	GCA_029934005.1|G0000299
split_0460	ERR2027894_bin.22|G0000003
split_0460	ERR2027902_bin.36|G0000005
