split_id	gene_id
split_0001	CRR476095_bin.3|G0000001
split_0001	ERR2027902_bin.36|G0000003
split_0002	CRR476095_bin.3|G0000001
split_0002	ERR2027894_bin.22|G0000002
split_0002	ERR2027902_bin.36|G0000003
split_0003	CRR476095_bin.3|G0000001
split_0003	ERR2027894_bin.22|G0000002
split_0003	ERR2027902_bin.36|G0000003
split_0003	GCA_000309865.1|G0000013
split_0003	GCA_000309865.1|G0000014
split_0003	GCA_001507955.1|G0000017
split_0003	GCA_001507955.1|G0000018
split_0003	GCF_000008645.1|G0000200
split_0004	CRR476095_bin.3|G0000001
split_0004	ERR2027894_bin.22|G0000002
split_0004	ERR2027902_bin.36|G0000003
split_0004	GCA_000309865.1|G0000013
split_0004	GCA_000309865.1|G0000014
split_0004	GCA_001507955.1|G0000017
split_0004	GCA_001507955.1|G0000018
split_0004	GCF_000008645.1|G0000200
split_0004	GCF_000016125.1|G0000205
split_0005	CRR476095_bin.3|G0000001
split_0005	ERR2027894_bin.22|G0000002
split_0005	ERR2027902_bin.36|G0000003
split_0005	GCA_000309865.1|G0000013
split_0005	GCA_000309865.1|G0000014
split_0005	GCA_001507955.1|G0000017
split_0005	GCA_001507955.1|G0000018
split_0005	GCA_001509375.1|G0000020
split_0005	GCA_002067795.1|G0000043
split_0005	GCF_000008645.1|G0000200
split_0005	GCF_000016125.1|G0000205
split_0006	ERR2282092_bin.34|G0000004
split_0006	ERR4283445_bin.66|G0000005
split_0006	ERR4283445_bin.66|G0000006
split_0006	GCA_000306725.1|G0000009
split_0006	GCA_000306725.1|G0000010
split_0006	GCA_000306725.1|G0000011
split_0006	GCA_000306725.1|G0000012
split_0006	GCA_001412355.1|G0000016
split_0006	GCA_001587575.1|G0000024
split_0006	GCA_002010075.1|G0000031
split_0006	GCA_002010195.1|G0000034
split_0006	GCA_002010215.1|G0000037
split_0006	GCA_002067095.1|G0000040
split_0006	GCA_002067315.1|G0000041
split_0006	GCA_002067315.1|G0000042
split_0006	GCA_002067865.1|G0000045
split_0006	GCA_002067865.1|G0000046
split_0006	GCA_002496395.1|G0000049
split_0006	GCA_002497075.1|G0000051
split_0006	GCA_002497075.1|G0000052
split_0006	GCA_002499905.1|G0000055
split_0006	GCA_002503135.1|G0000058
split_0006	GCA_002508545.1|G0000063
split_0006	GCA_002508545.1|G0000064
split_0006	GCA_003135935.1|G0000066
split_0006	GCA_009780575.1|G0000081
split_0006	GCA_011048835.1|G0000083
split_0006	GCA_013415695.1|G0000087
split_0006	GCA_013415695.1|G0000088
split_0006	GCA_016841265.1|G0000098
split_0006	GCA_016841485.1|G0000099
split_0006	GCA_016841485.1|G0000100
split_0006	GCA_016841485.1|G0000102
split_0006	GCA_016937345.1|G0000106
split_0006	GCA_017395275.1|G0000107
split_0006	GCA_017395275.1|G0000109
split_0006	GCA_020854925.1|G0000112
split_0006	GCA_029907705.1|G0000146
split_0006	GCA_030019205.1|G0000147
split_0006	GCA_030603445.1|G0000153
split_0006	GCA_030604065.1|G0000155
split_0006	GCA_030604065.1|G0000156
split_0006	GCA_036733165.1|G0000167
split_0006	GCA_038825775.1|G0000170
split_0006	GCA_040776445.1|G0000179
split_0006	GCA_046539605.1|G0000183
split_0006	GCA_046539605.1|G0000184
split_0006	GCA_046546175.1|G0000185
split_0006	GCA_054798775.1|G0000190
split_0006	GCA_054798775.1|G0000191
split_0006	GCA_905202485.1|G0000193
split_0006	GCA_963677995.1|G0000195
split_0006	GCA_964297655.1|G0000198
split_0006	GCF_000011005.1|G0000201
split_0006	GCF_000011005.1|G0000202
split_0006	GCF_000275865.1|G0000210
split_0006	GCF_000308215.1|G0000211
split_0006	GCF_000308215.1|G0000212
split_0006	GCF_000327485.1|G0000214
split_0006	GCF_000711905.1|G0000215
split_0006	GCF_004102725.1|G0000216
split_0006	GCF_021023085.1|G0000220
split_0006	GCF_021023085.1|G0000221
split_0007	ERR2282092_bin.34|G0000004
split_0007	ERR4283445_bin.66|G0000005
split_0007	ERR4283445_bin.66|G0000006
split_0007	GCA_001412355.1|G0000016
split_0007	GCA_001587575.1|G0000024
split_0007	GCA_002067095.1|G0000040
split_0007	GCA_002067315.1|G0000041
split_0007	GCA_002067315.1|G0000042
split_0007	GCA_002067865.1|G0000045
split_0007	GCA_002067865.1|G0000046
split_0007	GCA_002496395.1|G0000049
split_0007	GCA_002497075.1|G0000051
split_0007	GCA_002497075.1|G0000052
split_0007	GCA_002499905.1|G0000055
split_0007	GCA_002503135.1|G0000058
split_0007	GCA_002508545.1|G0000063
split_0007	GCA_002508545.1|G0000064
split_0007	GCA_003135935.1|G0000066
split_0007	GCA_009780575.1|G0000081
split_0007	GCA_011048835.1|G0000083
split_0007	GCA_013415695.1|G0000087
split_0007	GCA_013415695.1|G0000088
split_0007	GCA_016841485.1|G0000099
split_0007	GCA_016841485.1|G0000100
split_0007	GCA_016841485.1|G0000102
split_0007	GCA_016937345.1|G0000106
split_0007	GCA_017395275.1|G0000107
split_0007	GCA_017395275.1|G0000109
split_0007	GCA_020854925.1|G0000112
split_0007	GCA_029907705.1|G0000146
split_0007	GCA_030019205.1|G0000147
split_0007	GCA_030603445.1|G0000153
split_0007	GCA_030604065.1|G0000155
split_0007	GCA_030604065.1|G0000156
split_0007	GCA_036733165.1|G0000167
split_0007	GCA_038825775.1|G0000170
split_0007	GCA_040776445.1|G0000179
split_0007	GCA_046539605.1|G0000183
split_0007	GCA_046539605.1|G0000184
split_0007	GCA_054798775.1|G0000190
split_0007	GCA_054798775.1|G0000191
split_0007	GCA_905202485.1|G0000193
split_0007	GCA_963677995.1|G0000195
split_0007	GCA_964297655.1|G0000198
split_0007	GCF_000011005.1|G0000201
split_0007	GCF_000011005.1|G0000202
split_0007	GCF_000275865.1|G0000210
split_0007	GCF_000308215.1|G0000211
split_0007	GCF_000308215.1|G0000212
split_0007	GCF_000327485.1|G0000214
split_0007	GCF_004102725.1|G0000216
split_0007	GCF_021023085.1|G0000220
split_0007	GCF_021023085.1|G0000221
split_0008	ERR2282092_bin.34|G0000004
split_0008	ERR4283445_bin.66|G0000005
split_0008	ERR4283445_bin.66|G0000006
split_0008	GCA_001412355.1|G0000016
split_0008	GCA_002067095.1|G0000040
split_0008	GCA_002067315.1|G0000041
split_0008	GCA_002067315.1|G0000042
split_0008	GCA_002067865.1|G0000045
split_0008	GCA_002067865.1|G0000046
split_0008	GCA_002496395.1|G0000049
split_0008	GCA_002497075.1|G0000051
split_0008	GCA_002497075.1|G0000052
split_0008	GCA_002499905.1|G0000055
split_0008	GCA_002503135.1|G0000058
split_0008	GCA_002508545.1|G0000063
split_0008	GCA_002508545.1|G0000064
split_0008	GCA_003135935.1|G0000066
split_0008	GCA_009780575.1|G0000081
split_0008	GCA_011048835.1|G0000083
split_0008	GCA_013415695.1|G0000087
split_0008	GCA_013415695.1|G0000088
split_0008	GCA_016841485.1|G0000099
split_0008	GCA_016841485.1|G0000100
split_0008	GCA_016841485.1|G0000102
split_0008	GCA_016937345.1|G0000106
split_0008	GCA_017395275.1|G0000107
split_0008	GCA_017395275.1|G0000109
split_0008	GCA_020854925.1|G0000112
split_0008	GCA_029907705.1|G0000146
split_0008	GCA_030019205.1|G0000147
split_0008	GCA_030603445.1|G0000153
split_0008	GCA_030604065.1|G0000155
split_0008	GCA_030604065.1|G0000156
split_0008	GCA_036733165.1|G0000167
split_0008	GCA_040776445.1|G0000179
split_0008	GCA_046539605.1|G0000183
split_0008	GCA_046539605.1|G0000184
split_0008	GCA_054798775.1|G0000190
split_0008	GCA_054798775.1|G0000191
split_0008	GCA_905202485.1|G0000193
split_0008	GCA_963677995.1|G0000195
split_0008	GCA_964297655.1|G0000198
split_0008	GCF_000011005.1|G0000201
split_0008	GCF_000011005.1|G0000202
split_0008	GCF_000275865.1|G0000210
split_0008	GCF_000308215.1|G0000211
split_0008	GCF_000308215.1|G0000212
split_0008	GCF_000327485.1|G0000214
split_0008	GCF_004102725.1|G0000216
split_0008	GCF_021023085.1|G0000220
split_0008	GCF_021023085.1|G0000221
split_0009	ERR2282092_bin.34|G0000004
split_0009	ERR4283445_bin.66|G0000005
split_0009	ERR4283445_bin.66|G0000006
split_0009	GCA_001412355.1|G0000016
split_0009	GCA_002067095.1|G0000040
split_0009	GCA_002067315.1|G0000041
split_0009	GCA_002067315.1|G0000042
split_0009	GCA_002067865.1|G0000046
split_0009	GCA_002496395.1|G0000049
split_0009	GCA_002497075.1|G0000051
split_0009	GCA_002497075.1|G0000052
split_0009	GCA_002499905.1|G0000055
split_0009	GCA_002503135.1|G0000058
split_0009	GCA_002508545.1|G0000063
split_0009	GCA_002508545.1|G0000064
split_0009	GCA_009780575.1|G0000081
split_0009	GCA_011048835.1|G0000083
split_0009	GCA_013415695.1|G0000087
split_0009	GCA_013415695.1|G0000088
split_0009	GCA_016841485.1|G0000099
split_0009	GCA_016841485.1|G0000100
split_0009	GCA_016841485.1|G0000102
split_0009	GCA_016937345.1|G0000106
split_0009	GCA_017395275.1|G0000107
split_0009	GCA_017395275.1|G0000109
split_0009	GCA_020854925.1|G0000112
split_0009	GCA_029907705.1|G0000146
split_0009	GCA_030019205.1|G0000147
split_0009	GCA_030603445.1|G0000153
split_0009	GCA_030604065.1|G0000155
split_0009	GCA_030604065.1|G0000156
split_0009	GCA_036733165.1|G0000167
split_0009	GCA_040776445.1|G0000179
split_0009	GCA_046539605.1|G0000183
split_0009	GCA_046539605.1|G0000184
split_0009	GCA_054798775.1|G0000190
split_0009	GCA_054798775.1|G0000191
split_0009	GCA_905202485.1|G0000193
split_0009	GCA_963677995.1|G0000195
split_0009	GCA_964297655.1|G0000198
split_0009	GCF_000011005.1|G0000201
split_0009	GCF_000011005.1|G0000202
split_0009	GCF_000275865.1|G0000210
split_0009	GCF_000308215.1|G0000211
split_0009	GCF_000308215.1|G0000212
split_0009	GCF_000327485.1|G0000214
split_0009	GCF_004102725.1|G0000216
split_0009	GCF_021023085.1|G0000220
split_0009	GCF_021023085.1|G0000221
split_0010	ERR2282092_bin.34|G0000004
split_0010	GCA_002497075.1|G0000052
split_0010	GCA_009780575.1|G0000081
split_0010	GCA_017395275.1|G0000107
split_0010	GCA_017395275.1|G0000109
split_0010	GCA_964297655.1|G0000198
split_0011	ERR2282092_bin.34|G0000004
split_0011	GCA_009780575.1|G0000081
split_0011	GCA_017395275.1|G0000107
split_0011	GCA_017395275.1|G0000109
split_0011	GCA_964297655.1|G0000198
split_0012	ERR2282092_bin.34|G0000004
split_0012	GCA_017395275.1|G0000107
split_0012	GCA_017395275.1|G0000109
split_0012	GCA_964297655.1|G0000198
split_0013	ERR2282092_bin.34|G0000004
split_0013	GCA_017395275.1|G0000107
split_0013	GCA_017395275.1|G0000109
split_0014	ERR2282092_bin.34|G0000004
split_0014	GCA_017395275.1|G0000109
split_0015	ERR4283445_bin.66|G0000005
split_0015	ERR4283445_bin.66|G0000006
split_0015	GCA_001412355.1|G0000016
split_0015	GCA_002067095.1|G0000040
split_0015	GCA_002067315.1|G0000041
split_0015	GCA_002067315.1|G0000042
split_0015	GCA_002067865.1|G0000046
split_0015	GCA_002496395.1|G0000049
split_0015	GCA_002497075.1|G0000051
split_0015	GCA_002499905.1|G0000055
split_0015	GCA_002503135.1|G0000058
split_0015	GCA_002508545.1|G0000063
split_0015	GCA_002508545.1|G0000064
split_0015	GCA_011048835.1|G0000083
split_0015	GCA_013415695.1|G0000087
split_0015	GCA_013415695.1|G0000088
split_0015	GCA_016841485.1|G0000099
split_0015	GCA_016841485.1|G0000100
split_0015	GCA_016841485.1|G0000102
split_0015	GCA_016937345.1|G0000106
split_0015	GCA_020854925.1|G0000112
split_0015	GCA_029907705.1|G0000146
split_0015	GCA_030019205.1|G0000147
split_0015	GCA_030603445.1|G0000153
split_0015	GCA_030604065.1|G0000155
split_0015	GCA_030604065.1|G0000156
split_0015	GCA_036733165.1|G0000167
split_0015	GCA_040776445.1|G0000179
split_0015	GCA_046539605.1|G0000183
split_0015	GCA_046539605.1|G0000184
split_0015	GCA_054798775.1|G0000190
split_0015	GCA_054798775.1|G0000191
split_0015	GCA_905202485.1|G0000193
split_0015	GCA_963677995.1|G0000195
split_0015	GCF_000011005.1|G0000201
split_0015	GCF_000011005.1|G0000202
split_0015	GCF_000275865.1|G0000210
split_0015	GCF_000308215.1|G0000211
split_0015	GCF_000308215.1|G0000212
split_0015	GCF_000327485.1|G0000214
split_0015	GCF_004102725.1|G0000216
split_0015	GCF_021023085.1|G0000220
split_0015	GCF_021023085.1|G0000221
split_0016	ERR4283445_bin.66|G0000005
split_0016	ERR4283445_bin.66|G0000006
split_0016	GCA_002067865.1|G0000046
split_0016	GCA_002497075.1|G0000051
split_0016	GCA_002508545.1|G0000063
split_0016	GCA_002508545.1|G0000064
split_0016	GCA_905202485.1|G0000193
split_0016	GCF_000308215.1|G0000211
split_0016	GCF_000308215.1|G0000212
split_0017	ERR4283445_bin.66|G0000005
split_0017	ERR4283445_bin.66|G0000006
split_0017	GCA_002508545.1|G0000063
split_0017	GCA_002508545.1|G0000064
split_0017	GCA_905202485.1|G0000193
split_0017	GCF_000308215.1|G0000211
split_0017	GCF_000308215.1|G0000212
split_0018	ERR4283445_bin.66|G0000006
split_0018	GCA_002508545.1|G0000063
split_0018	GCF_000308215.1|G0000211
split_0019	ERR4283445_bin.66|G0000006
split_0019	GCA_002508545.1|G0000063
split_0020	ERR4283445_bin.66|G0000005
split_0020	GCA_002508545.1|G0000064
split_0020	GCA_905202485.1|G0000193
split_0020	GCF_000308215.1|G0000212
split_0021	ERR4283445_bin.66|G0000005
split_0021	GCA_002508545.1|G0000064
split_0022	GCA_905202485.1|G0000193
split_0022	GCF_000308215.1|G0000212
split_0023	GCA_002067865.1|G0000046
split_0023	GCA_002497075.1|G0000051
split_0024	GCA_001412355.1|G0000016
split_0024	GCA_002067095.1|G0000040
split_0024	GCA_002067315.1|G0000041
split_0024	GCA_002067315.1|G0000042
split_0024	GCA_002496395.1|G0000049
split_0024	GCA_002499905.1|G0000055
split_0024	GCA_002503135.1|G0000058
split_0024	GCA_011048835.1|G0000083
split_0024	GCA_013415695.1|G0000087
split_0024	GCA_013415695.1|G0000088
split_0024	GCA_016841485.1|G0000099
split_0024	GCA_016841485.1|G0000100
split_0024	GCA_016841485.1|G0000102
split_0024	GCA_016937345.1|G0000106
split_0024	GCA_020854925.1|G0000112
split_0024	GCA_029907705.1|G0000146
split_0024	GCA_030019205.1|G0000147
split_0024	GCA_030603445.1|G0000153
split_0024	GCA_030604065.1|G0000155
split_0024	GCA_030604065.1|G0000156
split_0024	GCA_036733165.1|G0000167
split_0024	GCA_040776445.1|G0000179
split_0024	GCA_046539605.1|G0000183
split_0024	GCA_046539605.1|G0000184
split_0024	GCA_054798775.1|G0000190
split_0024	GCA_054798775.1|G0000191
split_0024	GCA_963677995.1|G0000195
split_0024	GCF_000011005.1|G0000201
split_0024	GCF_000011005.1|G0000202
split_0024	GCF_000275865.1|G0000210
split_0024	GCF_000327485.1|G0000214
split_0024	GCF_004102725.1|G0000216
split_0024	GCF_021023085.1|G0000220
split_0024	GCF_021023085.1|G0000221
split_0025	GCA_001412355.1|G0000016
split_0025	GCA_002067095.1|G0000040
split_0025	GCA_002496395.1|G0000049
split_0025	GCA_002499905.1|G0000055
split_0025	GCA_002503135.1|G0000058
split_0025	GCA_011048835.1|G0000083
split_0025	GCA_013415695.1|G0000087
split_0025	GCA_013415695.1|G0000088
split_0025	GCA_016841485.1|G0000099
split_0025	GCA_016841485.1|G0000100
split_0025	GCA_016841485.1|G0000102
split_0025	GCA_016937345.1|G0000106
split_0025	GCA_020854925.1|G0000112
split_0025	GCA_029907705.1|G0000146
split_0025	GCA_030019205.1|G0000147
split_0025	GCA_030603445.1|G0000153
split_0025	GCA_030604065.1|G0000155
split_0025	GCA_030604065.1|G0000156
split_0025	GCA_036733165.1|G0000167
split_0025	GCA_040776445.1|G0000179
split_0025	GCA_046539605.1|G0000183
split_0025	GCA_046539605.1|G0000184
split_0025	GCA_054798775.1|G0000190
split_0025	GCA_054798775.1|G0000191
split_0025	GCA_963677995.1|G0000195
split_0025	GCF_000275865.1|G0000210
split_0025	GCF_000327485.1|G0000214
split_0025	GCF_004102725.1|G0000216
split_0026	GCA_001412355.1|G0000016
split_0026	GCA_002503135.1|G0000058
split_0026	GCA_011048835.1|G0000083
split_0026	GCA_013415695.1|G0000087
split_0026	GCA_013415695.1|G0000088
split_0026	GCA_016841485.1|G0000099
split_0026	GCA_016841485.1|G0000100
split_0026	GCA_016841485.1|G0000102
split_0026	GCA_016937345.1|G0000106
split_0026	GCA_020854925.1|G0000112
split_0026	GCA_029907705.1|G0000146
split_0026	GCA_030019205.1|G0000147
split_0026	GCA_030603445.1|G0000153
split_0026	GCA_030604065.1|G0000155
split_0026	GCA_030604065.1|G0000156
split_0026	GCA_036733165.1|G0000167
split_0026	GCA_046539605.1|G0000183
split_0026	GCA_046539605.1|G0000184
split_0026	GCA_054798775.1|G0000190
split_0026	GCA_054798775.1|G0000191
split_0026	GCF_000275865.1|G0000210
split_0026	GCF_004102725.1|G0000216
split_0027	GCA_001412355.1|G0000016
split_0027	GCA_002503135.1|G0000058
split_0027	GCA_011048835.1|G0000083
split_0027	GCA_013415695.1|G0000087
split_0027	GCA_013415695.1|G0000088
split_0027	GCA_016841485.1|G0000099
split_0027	GCA_016841485.1|G0000100
split_0027	GCA_016841485.1|G0000102
split_0027	GCA_016937345.1|G0000106
split_0027	GCA_020854925.1|G0000112
split_0027	GCA_029907705.1|G0000146
split_0027	GCA_030019205.1|G0000147
split_0027	GCA_030604065.1|G0000155
split_0027	GCA_030604065.1|G0000156
split_0027	GCA_046539605.1|G0000183
split_0027	GCA_046539605.1|G0000184
split_0027	GCF_000275865.1|G0000210
split_0027	GCF_004102725.1|G0000216
split_0028	GCA_001412355.1|G0000016
split_0028	GCA_002503135.1|G0000058
split_0028	GCA_013415695.1|G0000087
split_0028	GCA_013415695.1|G0000088
split_0028	GCA_030604065.1|G0000155
split_0028	GCA_030604065.1|G0000156
split_0028	GCA_046539605.1|G0000183
split_0028	GCA_046539605.1|G0000184
split_0029	GCA_001412355.1|G0000016
split_0029	GCA_002503135.1|G0000058
split_0030	GCA_013415695.1|G0000087
split_0030	GCA_013415695.1|G0000088
split_0030	GCA_030604065.1|G0000155
split_0030	GCA_030604065.1|G0000156
split_0030	GCA_046539605.1|G0000183
split_0030	GCA_046539605.1|G0000184
split_0031	GCA_013415695.1|G0000087
split_0031	GCA_013415695.1|G0000088
split_0032	GCA_030604065.1|G0000155
split_0032	GCA_030604065.1|G0000156
split_0032	GCA_046539605.1|G0000183
split_0032	GCA_046539605.1|G0000184
split_0033	GCA_030604065.1|G0000155
split_0033	GCA_030604065.1|G0000156
split_0033	GCA_046539605.1|G0000184
split_0034	GCA_030604065.1|G0000155
split_0034	GCA_030604065.1|G0000156
split_0035	GCA_011048835.1|G0000083
split_0035	GCA_016841485.1|G0000099
split_0035	GCA_016841485.1|G0000100
split_0035	GCA_016841485.1|G0000102
split_0035	GCA_016937345.1|G0000106
split_0035	GCA_020854925.1|G0000112
split_0035	GCA_029907705.1|G0000146
split_0035	GCA_030019205.1|G0000147
split_0035	GCF_000275865.1|G0000210
split_0035	GCF_004102725.1|G0000216
split_0036	GCA_011048835.1|G0000083
split_0036	GCA_016841485.1|G0000102
split_0036	GCA_020854925.1|G0000112
split_0036	GCA_029907705.1|G0000146
split_0036	GCA_030019205.1|G0000147
split_0037	GCA_011048835.1|G0000083
split_0037	GCA_016841485.1|G0000102
split_0037	GCA_029907705.1|G0000146
split_0037	GCA_030019205.1|G0000147
split_0038	GCA_011048835.1|G0000083
split_0038	GCA_016841485.1|G0000102
split_0039	GCA_029907705.1|G0000146
split_0039	GCA_030019205.1|G0000147
split_0040	GCA_016841485.1|G0000099
split_0040	GCA_016841485.1|G0000100
split_0040	GCA_016937345.1|G0000106
split_0040	GCF_000275865.1|G0000210
split_0040	GCF_004102725.1|G0000216
split_0041	GCA_016841485.1|G0000099
split_0041	GCA_016937345.1|G0000106
split_0042	GCA_016841485.1|G0000100
split_0042	GCF_000275865.1|G0000210
split_0042	GCF_004102725.1|G0000216
split_0043	GCA_016841485.1|G0000100
split_0043	GCF_004102725.1|G0000216
split_0044	GCA_030603445.1|G0000153
split_0044	GCA_036733165.1|G0000167
split_0044	GCA_054798775.1|G0000190
split_0044	GCA_054798775.1|G0000191
split_0045	GCA_030603445.1|G0000153
split_0045	GCA_054798775.1|G0000190
split_0045	GCA_054798775.1|G0000191
split_0046	GCA_030603445.1|G0000153
split_0046	GCA_054798775.1|G0000190
split_0047	GCA_002067095.1|G0000040
split_0047	GCA_002496395.1|G0000049
split_0047	GCA_002499905.1|G0000055
split_0047	GCA_040776445.1|G0000179
split_0047	GCA_963677995.1|G0000195
split_0047	GCF_000327485.1|G0000214
split_0048	GCA_002067095.1|G0000040
split_0048	GCA_002499905.1|G0000055
split_0048	GCA_040776445.1|G0000179
split_0049	GCA_002067095.1|G0000040
split_0049	GCA_002499905.1|G0000055
split_0050	GCA_002496395.1|G0000049
split_0050	GCA_963677995.1|G0000195
split_0050	GCF_000327485.1|G0000214
split_0051	GCA_002496395.1|G0000049
split_0051	GCA_963677995.1|G0000195
split_0052	GCA_002067315.1|G0000041
split_0052	GCA_002067315.1|G0000042
split_0052	GCF_000011005.1|G0000201
split_0052	GCF_000011005.1|G0000202
split_0052	GCF_021023085.1|G0000220
split_0052	GCF_021023085.1|G0000221
split_0053	GCA_002067315.1|G0000041
split_0053	GCF_000011005.1|G0000201
split_0053	GCF_000011005.1|G0000202
split_0053	GCF_021023085.1|G0000220
split_0053	GCF_021023085.1|G0000221
split_0054	GCA_002067315.1|G0000041
split_0054	GCF_000011005.1|G0000201
split_0054	GCF_021023085.1|G0000221
split_0055	GCF_000011005.1|G0000201
split_0055	GCF_021023085.1|G0000221
split_0056	GCF_000011005.1|G0000202
split_0056	GCF_021023085.1|G0000220
split_0057	GCA_002067865.1|G0000045
split_0057	GCA_003135935.1|G0000066
split_0058	GCA_001587575.1|G0000024
split_0058	GCA_038825775.1|G0000170
split_0059	GCA_000306725.1|G0000009
split_0059	GCA_000306725.1|G0000010
split_0059	GCA_000306725.1|G0000011
split_0059	GCA_000306725.1|G0000012
split_0059	GCA_002010075.1|G0000031
split_0059	GCA_002010195.1|G0000034
split_0059	GCA_002010215.1|G0000037
split_0059	GCA_016841265.1|G0000098
split_0059	GCA_046546175.1|G0000185
split_0059	GCF_000711905.1|G0000215
split_0060	GCA_000306725.1|G0000009
split_0060	GCA_000306725.1|G0000010
split_0060	GCA_000306725.1|G0000011
split_0060	GCA_000306725.1|G0000012
split_0060	GCA_002010075.1|G0000031
split_0060	GCA_016841265.1|G0000098
split_0060	GCA_046546175.1|G0000185
split_0060	GCF_000711905.1|G0000215
split_0061	GCA_000306725.1|G0000009
split_0061	GCA_000306725.1|G0000010
split_0061	GCA_000306725.1|G0000011
split_0061	GCA_000306725.1|G0000012
split_0061	GCA_016841265.1|G0000098
split_0061	GCA_046546175.1|G0000185
split_0062	GCA_000306725.1|G0000009
split_0062	GCA_000306725.1|G0000010
split_0062	GCA_000306725.1|G0000011
split_0062	GCA_000306725.1|G0000012
split_0062	GCA_016841265.1|G0000098
split_0063	GCA_000306725.1|G0000009
split_0063	GCA_016841265.1|G0000098
split_0064	GCA_000306725.1|G0000010
split_0064	GCA_000306725.1|G0000011
split_0064	GCA_000306725.1|G0000012
split_0065	GCA_000306725.1|G0000010
split_0065	GCA_000306725.1|G0000011
split_0066	GCA_002010075.1|G0000031
split_0066	GCF_000711905.1|G0000215
split_0067	GCA_002010195.1|G0000034
split_0067	GCA_002010215.1|G0000037
split_0068	CRR476095_bin.3|G0000001
split_0068	ERR2027894_bin.22|G0000002
split_0068	ERR2027902_bin.36|G0000003
split_0068	ERR2282092_bin.34|G0000004
split_0068	ERR4283445_bin.66|G0000005
split_0068	ERR4283445_bin.66|G0000006
split_0068	GCA_000306725.1|G0000009
split_0068	GCA_000306725.1|G0000010
split_0068	GCA_000306725.1|G0000011
split_0068	GCA_000306725.1|G0000012
split_0068	GCA_000309865.1|G0000013
split_0068	GCA_000309865.1|G0000014
split_0068	GCA_001412355.1|G0000016
split_0068	GCA_001507955.1|G0000017
split_0068	GCA_001507955.1|G0000018
split_0068	GCA_001509375.1|G0000020
split_0068	GCA_001587575.1|G0000024
split_0068	GCA_002010075.1|G0000031
split_0068	GCA_002010195.1|G0000034
split_0068	GCA_002010215.1|G0000037
split_0068	GCA_002067095.1|G0000040
split_0068	GCA_002067315.1|G0000041
split_0068	GCA_002067315.1|G0000042
split_0068	GCA_002067795.1|G0000043
split_0068	GCA_002067865.1|G0000045
split_0068	GCA_002067865.1|G0000046
split_0068	GCA_002496395.1|G0000049
split_0068	GCA_002497075.1|G0000051
split_0068	GCA_002497075.1|G0000052
split_0068	GCA_002499905.1|G0000055
split_0068	GCA_002503135.1|G0000058
split_0068	GCA_002508545.1|G0000063
split_0068	GCA_002508545.1|G0000064
split_0068	GCA_003135935.1|G0000066
split_0068	GCA_009780575.1|G0000081
split_0068	GCA_011048835.1|G0000083
split_0068	GCA_013415695.1|G0000087
split_0068	GCA_013415695.1|G0000088
split_0068	GCA_016841265.1|G0000098
split_0068	GCA_016841485.1|G0000099
split_0068	GCA_016841485.1|G0000100
split_0068	GCA_016841485.1|G0000102
split_0068	GCA_016937345.1|G0000106
split_0068	GCA_017395275.1|G0000107
split_0068	GCA_017395275.1|G0000109
split_0068	GCA_020854925.1|G0000112
split_0068	GCA_029907705.1|G0000146
split_0068	GCA_030019205.1|G0000147
split_0068	GCA_030603445.1|G0000153
split_0068	GCA_030604065.1|G0000155
split_0068	GCA_030604065.1|G0000156
split_0068	GCA_036733165.1|G0000167
split_0068	GCA_038825775.1|G0000170
split_0068	GCA_040776445.1|G0000179
split_0068	GCA_046539605.1|G0000183
split_0068	GCA_046539605.1|G0000184
split_0068	GCA_046546175.1|G0000185
split_0068	GCA_054798775.1|G0000190
split_0068	GCA_054798775.1|G0000191
split_0068	GCA_905202485.1|G0000193
split_0068	GCA_963677995.1|G0000195
split_0068	GCA_964297655.1|G0000198
split_0068	GCF_000008645.1|G0000200
split_0068	GCF_000011005.1|G0000201
split_0068	GCF_000011005.1|G0000202
split_0068	GCF_000016125.1|G0000205
split_0068	GCF_000275865.1|G0000210
split_0068	GCF_000308215.1|G0000211
split_0068	GCF_000308215.1|G0000212
split_0068	GCF_000327485.1|G0000214
split_0068	GCF_000711905.1|G0000215
split_0068	GCF_004102725.1|G0000216
split_0068	GCF_021023085.1|G0000220
split_0068	GCF_021023085.1|G0000221
split_0069	CRR476095_bin.3|G0000001
split_0069	ERR2027894_bin.22|G0000002
split_0069	ERR2027902_bin.36|G0000003
split_0069	ERR2282092_bin.34|G0000004
split_0069	ERR4283445_bin.66|G0000005
split_0069	ERR4283445_bin.66|G0000006
split_0069	GCA_000306725.1|G0000009
split_0069	GCA_000306725.1|G0000010
split_0069	GCA_000306725.1|G0000011
split_0069	GCA_000306725.1|G0000012
split_0069	GCA_000309865.1|G0000013
split_0069	GCA_000309865.1|G0000014
split_0069	GCA_001412355.1|G0000016
split_0069	GCA_001507955.1|G0000017
split_0069	GCA_001507955.1|G0000018
split_0069	GCA_001509375.1|G0000020
split_0069	GCA_001587575.1|G0000024
split_0069	GCA_002010075.1|G0000031
split_0069	GCA_002010195.1|G0000034
split_0069	GCA_002010215.1|G0000037
split_0069	GCA_002067095.1|G0000040
split_0069	GCA_002067315.1|G0000041
split_0069	GCA_002067315.1|G0000042
split_0069	GCA_002067795.1|G0000043
split_0069	GCA_002067865.1|G0000045
split_0069	GCA_002067865.1|G0000046
split_0069	GCA_002496395.1|G0000049
split_0069	GCA_002497075.1|G0000051
split_0069	GCA_002497075.1|G0000052
split_0069	GCA_002499905.1|G0000055
split_0069	GCA_002503135.1|G0000058
split_0069	GCA_002508545.1|G0000063
split_0069	GCA_002508545.1|G0000064
split_0069	GCA_003135935.1|G0000066
split_0069	GCA_009780575.1|G0000081
split_0069	GCA_011048835.1|G0000083
split_0069	GCA_013415695.1|G0000087
split_0069	GCA_013415695.1|G0000088
split_0069	GCA_016841265.1|G0000098
split_0069	GCA_016841485.1|G0000099
split_0069	GCA_016841485.1|G0000100
split_0069	GCA_016841485.1|G0000102
split_0069	GCA_016937345.1|G0000106
split_0069	GCA_017395275.1|G0000107
split_0069	GCA_017395275.1|G0000109
split_0069	GCA_020854925.1|G0000112
split_0069	GCA_023229165.1|G0000120
split_0069	GCA_029907705.1|G0000146
split_0069	GCA_030019205.1|G0000147
split_0069	GCA_030603445.1|G0000153
split_0069	GCA_030604065.1|G0000155
split_0069	GCA_030604065.1|G0000156
split_0069	GCA_036733165.1|G0000167
split_0069	GCA_038825775.1|G0000170
split_0069	GCA_040776445.1|G0000179
split_0069	GCA_046539605.1|G0000183
split_0069	GCA_046539605.1|G0000184
split_0069	GCA_046546175.1|G0000185
split_0069	GCA_054798775.1|G0000190
split_0069	GCA_054798775.1|G0000191
split_0069	GCA_905202485.1|G0000193
split_0069	GCA_963677995.1|G0000195
split_0069	GCA_964297655.1|G0000198
split_0069	GCF_000008645.1|G0000200
split_0069	GCF_000011005.1|G0000201
split_0069	GCF_000011005.1|G0000202
split_0069	GCF_000016125.1|G0000205
split_0069	GCF_000275865.1|G0000210
split_0069	GCF_000308215.1|G0000211
split_0069	GCF_000308215.1|G0000212
split_0069	GCF_000327485.1|G0000214
split_0069	GCF_000711905.1|G0000215
split_0069	GCF_004102725.1|G0000216
split_0069	GCF_021023085.1|G0000220
split_0069	GCF_021023085.1|G0000221
split_0070	CRR476095_bin.3|G0000001
split_0070	ERR2027894_bin.22|G0000002
split_0070	ERR2027902_bin.36|G0000003
split_0070	ERR2282092_bin.34|G0000004
split_0070	ERR4283445_bin.66|G0000005
split_0070	ERR4283445_bin.66|G0000006
split_0070	GCA_000306725.1|G0000009
split_0070	GCA_000306725.1|G0000010
split_0070	GCA_000306725.1|G0000011
split_0070	GCA_000306725.1|G0000012
split_0070	GCA_000309865.1|G0000013
split_0070	GCA_000309865.1|G0000014
split_0070	GCA_001412355.1|G0000016
split_0070	GCA_001507955.1|G0000017
split_0070	GCA_001507955.1|G0000018
split_0070	GCA_001509375.1|G0000020
split_0070	GCA_001587575.1|G0000024
split_0070	GCA_002010075.1|G0000031
split_0070	GCA_002010195.1|G0000034
split_0070	GCA_002010215.1|G0000037
split_0070	GCA_002067095.1|G0000040
split_0070	GCA_002067315.1|G0000041
split_0070	GCA_002067315.1|G0000042
split_0070	GCA_002067795.1|G0000043
split_0070	GCA_002067865.1|G0000045
split_0070	GCA_002067865.1|G0000046
split_0070	GCA_002496395.1|G0000049
split_0070	GCA_002497075.1|G0000051
split_0070	GCA_002497075.1|G0000052
split_0070	GCA_002499905.1|G0000055
split_0070	GCA_002503135.1|G0000058
split_0070	GCA_002508545.1|G0000063
split_0070	GCA_002508545.1|G0000064
split_0070	GCA_003135935.1|G0000066
split_0070	GCA_009780575.1|G0000081
split_0070	GCA_011048835.1|G0000083
split_0070	GCA_013415695.1|G0000087
split_0070	GCA_013415695.1|G0000088
split_0070	GCA_016841265.1|G0000098
split_0070	GCA_016841485.1|G0000099
split_0070	GCA_016841485.1|G0000100
split_0070	GCA_016841485.1|G0000102
split_0070	GCA_016937345.1|G0000106
split_0070	GCA_017395275.1|G0000107
split_0070	GCA_017395275.1|G0000109
split_0070	GCA_020854925.1|G0000112
split_0070	GCA_023229165.1|G0000120
split_0070	GCA_027051165.1|G0000135
split_0070	GCA_029907705.1|G0000146
split_0070	GCA_030019205.1|G0000147
split_0070	GCA_030603445.1|G0000153
split_0070	GCA_030604065.1|G0000155
split_0070	GCA_030604065.1|G0000156
split_0070	GCA_036733165.1|G0000167
split_0070	GCA_038825775.1|G0000170
split_0070	GCA_040776445.1|G0000179
split_0070	GCA_046539605.1|G0000183
split_0070	GCA_046539605.1|G0000184
split_0070	GCA_046546175.1|G0000185
split_0070	GCA_054798775.1|G0000190
split_0070	GCA_054798775.1|G0000191
split_0070	GCA_905202485.1|G0000193
split_0070	GCA_963677995.1|G0000195
split_0070	GCA_964297655.1|G0000198
split_0070	GCF_000008645.1|G0000200
split_0070	GCF_000011005.1|G0000201
split_0070	GCF_000011005.1|G0000202
split_0070	GCF_000016125.1|G0000205
split_0070	GCF_000275865.1|G0000210
split_0070	GCF_000308215.1|G0000211
split_0070	GCF_000308215.1|G0000212
split_0070	GCF_000327485.1|G0000214
split_0070	GCF_000711905.1|G0000215
split_0070	GCF_004102725.1|G0000216
split_0070	GCF_021023085.1|G0000220
split_0070	GCF_021023085.1|G0000221
split_0071	CRR476095_bin.3|G0000001
split_0071	ERR2027894_bin.22|G0000002
split_0071	ERR2027902_bin.36|G0000003
split_0071	ERR2282092_bin.34|G0000004
split_0071	ERR4283445_bin.66|G0000005
split_0071	ERR4283445_bin.66|G0000006
split_0071	GCA_000306725.1|G0000009
split_0071	GCA_000306725.1|G0000010
split_0071	GCA_000306725.1|G0000011
split_0071	GCA_000306725.1|G0000012
split_0071	GCA_000309865.1|G0000013
split_0071	GCA_000309865.1|G0000014
split_0071	GCA_001412355.1|G0000016
split_0071	GCA_001507955.1|G0000017
split_0071	GCA_001507955.1|G0000018
split_0071	GCA_001509375.1|G0000020
split_0071	GCA_001587575.1|G0000024
split_0071	GCA_002010075.1|G0000031
split_0071	GCA_002010195.1|G0000034
split_0071	GCA_002010215.1|G0000037
split_0071	GCA_002067095.1|G0000040
split_0071	GCA_002067315.1|G0000041
split_0071	GCA_002067315.1|G0000042
split_0071	GCA_002067795.1|G0000043
split_0071	GCA_002067865.1|G0000045
split_0071	GCA_002067865.1|G0000046
split_0071	GCA_002496395.1|G0000049
split_0071	GCA_002497075.1|G0000051
split_0071	GCA_002497075.1|G0000052
split_0071	GCA_002499905.1|G0000055
split_0071	GCA_002503135.1|G0000058
split_0071	GCA_002508545.1|G0000063
split_0071	GCA_002508545.1|G0000064
split_0071	GCA_003135935.1|G0000066
split_0071	GCA_009780575.1|G0000081
split_0071	GCA_011048835.1|G0000083
split_0071	GCA_013415695.1|G0000087
split_0071	GCA_013415695.1|G0000088
split_0071	GCA_015660915.1|G0000095
split_0071	GCA_016841265.1|G0000098
split_0071	GCA_016841485.1|G0000099
split_0071	GCA_016841485.1|G0000100
split_0071	GCA_016841485.1|G0000102
split_0071	GCA_016937345.1|G0000106
split_0071	GCA_017395275.1|G0000107
split_0071	GCA_017395275.1|G0000109
split_0071	GCA_020854925.1|G0000112
split_0071	GCA_023229165.1|G0000120
split_0071	GCA_027051165.1|G0000135
split_0071	GCA_029907705.1|G0000146
split_0071	GCA_030019205.1|G0000147
split_0071	GCA_030019485.1|G0000149
split_0071	GCA_030603445.1|G0000153
split_0071	GCA_030604065.1|G0000155
split_0071	GCA_030604065.1|G0000156
split_0071	GCA_030605245.1|G0000157
split_0071	GCA_030606525.1|G0000158
split_0071	GCA_036733165.1|G0000167
split_0071	GCA_038825775.1|G0000170
split_0071	GCA_040776445.1|G0000179
split_0071	GCA_046539605.1|G0000183
split_0071	GCA_046539605.1|G0000184
split_0071	GCA_046546175.1|G0000185
split_0071	GCA_054798775.1|G0000190
split_0071	GCA_054798775.1|G0000191
split_0071	GCA_905202485.1|G0000193
split_0071	GCA_963677995.1|G0000195
split_0071	GCA_964297655.1|G0000198
split_0071	GCF_000008645.1|G0000200
split_0071	GCF_000011005.1|G0000201
split_0071	GCF_000011005.1|G0000202
split_0071	GCF_000016125.1|G0000205
split_0071	GCF_000275865.1|G0000210
split_0071	GCF_000308215.1|G0000211
split_0071	GCF_000308215.1|G0000212
split_0071	GCF_000327485.1|G0000214
split_0071	GCF_000711905.1|G0000215
split_0071	GCF_004102725.1|G0000216
split_0071	GCF_021023085.1|G0000220
split_0071	GCF_021023085.1|G0000221
split_0071	SRR22580806_bin.15|G0000254
split_0072	CRR476095_bin.3|G0000001
split_0072	ERR2027894_bin.22|G0000002
split_0072	ERR2027902_bin.36|G0000003
split_0072	ERR2282092_bin.34|G0000004
split_0072	ERR4283445_bin.66|G0000005
split_0072	ERR4283445_bin.66|G0000006
split_0072	GCA_000306725.1|G0000009
split_0072	GCA_000306725.1|G0000010
split_0072	GCA_000306725.1|G0000011
split_0072	GCA_000306725.1|G0000012
split_0072	GCA_000309865.1|G0000013
split_0072	GCA_000309865.1|G0000014
split_0072	GCA_001412355.1|G0000016
split_0072	GCA_001507955.1|G0000017
split_0072	GCA_001507955.1|G0000018
split_0072	GCA_001509375.1|G0000020
split_0072	GCA_001587575.1|G0000024
split_0072	GCA_002010075.1|G0000031
split_0072	GCA_002010195.1|G0000034
split_0072	GCA_002010215.1|G0000037
split_0072	GCA_002067095.1|G0000040
split_0072	GCA_002067315.1|G0000041
split_0072	GCA_002067315.1|G0000042
split_0072	GCA_002067795.1|G0000043
split_0072	GCA_002067865.1|G0000045
split_0072	GCA_002067865.1|G0000046
split_0072	GCA_002496395.1|G0000049
split_0072	GCA_002497075.1|G0000051
split_0072	GCA_002497075.1|G0000052
split_0072	GCA_002499905.1|G0000055
split_0072	GCA_002503135.1|G0000058
split_0072	GCA_002508545.1|G0000063
split_0072	GCA_002508545.1|G0000064
split_0072	GCA_003135935.1|G0000066
split_0072	GCA_009780575.1|G0000081
split_0072	GCA_011048835.1|G0000083
split_0072	GCA_013415695.1|G0000087
split_0072	GCA_013415695.1|G0000088
split_0072	GCA_015660915.1|G0000095
split_0072	GCA_016841265.1|G0000098
split_0072	GCA_016841485.1|G0000099
split_0072	GCA_016841485.1|G0000100
split_0072	GCA_016841485.1|G0000102
split_0072	GCA_016937345.1|G0000106
split_0072	GCA_017395275.1|G0000107
split_0072	GCA_017395275.1|G0000109
split_0072	GCA_020854925.1|G0000112
split_0072	GCA_023229165.1|G0000120
split_0072	GCA_027051165.1|G0000135
split_0072	GCA_029907705.1|G0000146
split_0072	GCA_030019205.1|G0000147
split_0072	GCA_030019485.1|G0000149
split_0072	GCA_030603445.1|G0000153
split_0072	GCA_030604065.1|G0000155
split_0072	GCA_030604065.1|G0000156
split_0072	GCA_030605245.1|G0000157
split_0072	GCA_030606525.1|G0000158
split_0072	GCA_036733165.1|G0000167
split_0072	GCA_038825775.1|G0000170
split_0072	GCA_040776445.1|G0000179
split_0072	GCA_046539605.1|G0000183
split_0072	GCA_046539605.1|G0000184
split_0072	GCA_046546175.1|G0000185
split_0072	GCA_054798775.1|G0000190
split_0072	GCA_054798775.1|G0000191
split_0072	GCA_905202485.1|G0000193
split_0072	GCA_963677995.1|G0000195
split_0072	GCA_964297655.1|G0000198
split_0072	GCF_000008645.1|G0000200
split_0072	GCF_000011005.1|G0000201
split_0072	GCF_000011005.1|G0000202
split_0072	GCF_000016125.1|G0000205
split_0072	GCF_000275865.1|G0000210
split_0072	GCF_000308215.1|G0000211
split_0072	GCF_000308215.1|G0000212
split_0072	GCF_000327485.1|G0000214
split_0072	GCF_000711905.1|G0000215
split_0072	GCF_004102725.1|G0000216
split_0072	GCF_021023085.1|G0000220
split_0072	GCF_021023085.1|G0000221
split_0072	GOMC.bin.16766|G0000234
split_0072	SRR22580806_bin.15|G0000254
split_0073	CRR476095_bin.3|G0000001
split_0073	ERR2027894_bin.22|G0000002
split_0073	ERR2027902_bin.36|G0000003
split_0073	ERR2282092_bin.34|G0000004
split_0073	ERR4283445_bin.66|G0000005
split_0073	ERR4283445_bin.66|G0000006
split_0073	GCA_000306725.1|G0000009
split_0073	GCA_000306725.1|G0000010
split_0073	GCA_000306725.1|G0000011
split_0073	GCA_000306725.1|G0000012
split_0073	GCA_000309865.1|G0000013
split_0073	GCA_000309865.1|G0000014
split_0073	GCA_001412355.1|G0000016
split_0073	GCA_001507955.1|G0000017
split_0073	GCA_001507955.1|G0000018
split_0073	GCA_001509375.1|G0000020
split_0073	GCA_001587575.1|G0000024
split_0073	GCA_001717025.1|G0000028
split_0073	GCA_002010075.1|G0000031
split_0073	GCA_002010195.1|G0000034
split_0073	GCA_002010215.1|G0000037
split_0073	GCA_002067095.1|G0000040
split_0073	GCA_002067315.1|G0000041
split_0073	GCA_002067315.1|G0000042
split_0073	GCA_002067795.1|G0000043
split_0073	GCA_002067865.1|G0000045
split_0073	GCA_002067865.1|G0000046
split_0073	GCA_002496395.1|G0000049
split_0073	GCA_002497075.1|G0000051
split_0073	GCA_002497075.1|G0000052
split_0073	GCA_002499905.1|G0000055
split_0073	GCA_002503135.1|G0000058
split_0073	GCA_002508545.1|G0000063
split_0073	GCA_002508545.1|G0000064
split_0073	GCA_003135935.1|G0000066
split_0073	GCA_004028775.1|G0000068
split_0073	GCA_009780575.1|G0000081
split_0073	GCA_011048835.1|G0000083
split_0073	GCA_013415695.1|G0000087
split_0073	GCA_013415695.1|G0000088
split_0073	GCA_015660915.1|G0000095
split_0073	GCA_016841265.1|G0000098
split_0073	GCA_016841485.1|G0000099
split_0073	GCA_016841485.1|G0000100
split_0073	GCA_016841485.1|G0000102
split_0073	GCA_016937345.1|G0000106
split_0073	GCA_017395275.1|G0000107
split_0073	GCA_017395275.1|G0000109
split_0073	GCA_020854925.1|G0000112
split_0073	GCA_023229165.1|G0000120
split_0073	GCA_027051165.1|G0000135
split_0073	GCA_029907705.1|G0000146
split_0073	GCA_030019205.1|G0000147
split_0073	GCA_030019485.1|G0000149
split_0073	GCA_030603445.1|G0000153
split_0073	GCA_030604065.1|G0000155
split_0073	GCA_030604065.1|G0000156
split_0073	GCA_030605245.1|G0000157
split_0073	GCA_030606525.1|G0000158
split_0073	GCA_036733165.1|G0000167
split_0073	GCA_038825775.1|G0000170
split_0073	GCA_040776445.1|G0000179
split_0073	GCA_046539605.1|G0000183
split_0073	GCA_046539605.1|G0000184
split_0073	GCA_046546175.1|G0000185
split_0073	GCA_054798775.1|G0000190
split_0073	GCA_054798775.1|G0000191
split_0073	GCA_905202485.1|G0000193
split_0073	GCA_963677995.1|G0000195
split_0073	GCA_964297655.1|G0000198
split_0073	GCF_000008645.1|G0000200
split_0073	GCF_000011005.1|G0000201
split_0073	GCF_000011005.1|G0000202
split_0073	GCF_000016125.1|G0000205
split_0073	GCF_000275865.1|G0000210
split_0073	GCF_000308215.1|G0000211
split_0073	GCF_000308215.1|G0000212
split_0073	GCF_000327485.1|G0000214
split_0073	GCF_000711905.1|G0000215
split_0073	GCF_004102725.1|G0000216
split_0073	GCF_021023085.1|G0000220
split_0073	GCF_021023085.1|G0000221
split_0073	GOMC.bin.16766|G0000234
split_0073	SRR22580806_bin.15|G0000254
split_0074	CRR476095_bin.3|G0000001
split_0074	ERR2027894_bin.22|G0000002
split_0074	ERR2027902_bin.36|G0000003
split_0074	ERR2282092_bin.34|G0000004
split_0074	ERR4283445_bin.66|G0000005
split_0074	ERR4283445_bin.66|G0000006
split_0074	GCA_000306725.1|G0000009
split_0074	GCA_000306725.1|G0000010
split_0074	GCA_000306725.1|G0000011
split_0074	GCA_000306725.1|G0000012
split_0074	GCA_000309865.1|G0000013
split_0074	GCA_000309865.1|G0000014
split_0074	GCA_001412355.1|G0000016
split_0074	GCA_001507955.1|G0000017
split_0074	GCA_001507955.1|G0000018
split_0074	GCA_001509375.1|G0000020
split_0074	GCA_001587575.1|G0000024
split_0074	GCA_001717025.1|G0000028
split_0074	GCA_002010075.1|G0000031
split_0074	GCA_002010195.1|G0000034
split_0074	GCA_002010215.1|G0000037
split_0074	GCA_002067095.1|G0000040
split_0074	GCA_002067315.1|G0000041
split_0074	GCA_002067315.1|G0000042
split_0074	GCA_002067795.1|G0000043
split_0074	GCA_002067865.1|G0000045
split_0074	GCA_002067865.1|G0000046
split_0074	GCA_002496395.1|G0000049
split_0074	GCA_002497075.1|G0000051
split_0074	GCA_002497075.1|G0000052
split_0074	GCA_002499905.1|G0000055
split_0074	GCA_002503135.1|G0000058
split_0074	GCA_002508545.1|G0000063
split_0074	GCA_002508545.1|G0000064
split_0074	GCA_003135935.1|G0000066
split_0074	GCA_003660605.1|G0000067
split_0074	GCA_004028775.1|G0000068
split_0074	GCA_009780575.1|G0000081
split_0074	GCA_011048835.1|G0000083
split_0074	GCA_013415695.1|G0000087
split_0074	GCA_013415695.1|G0000088
split_0074	GCA_014729935.1|G0000089
split_0074	GCA_015660915.1|G0000095
split_0074	GCA_016840695.1|G0000096
split_0074	GCA_016841265.1|G0000098
split_0074	GCA_016841485.1|G0000099
split_0074	GCA_016841485.1|G0000100
split_0074	GCA_016841485.1|G0000102
split_0074	GCA_016932935.1|G0000103
split_0074	GCA_016937345.1|G0000106
split_0074	GCA_017395275.1|G0000107
split_0074	GCA_017395275.1|G0000109
split_0074	GCA_018992685.1|G0000110
split_0074	GCA_020854925.1|G0000112
split_0074	GCA_023229165.1|G0000120
split_0074	GCA_025340205.1|G0000128
split_0074	GCA_025839675.1|G0000129
split_0074	GCA_027036135.1|G0000133
split_0074	GCA_027036135.1|G0000134
split_0074	GCA_027051165.1|G0000135
split_0074	GCA_029838175.1|G0000145
split_0074	GCA_029907705.1|G0000146
split_0074	GCA_030019205.1|G0000147
split_0074	GCA_030019485.1|G0000149
split_0074	GCA_030587475.2|G0000150
split_0074	GCA_030587475.2|G0000151
split_0074	GCA_030587475.2|G0000152
split_0074	GCA_030603445.1|G0000153
split_0074	GCA_030604065.1|G0000155
split_0074	GCA_030604065.1|G0000156
split_0074	GCA_030605245.1|G0000157
split_0074	GCA_030606525.1|G0000158
split_0074	GCA_030610785.1|G0000159
split_0074	GCA_036733165.1|G0000167
split_0074	GCA_038825775.1|G0000170
split_0074	GCA_040776445.1|G0000179
split_0074	GCA_041305945.1|G0000180
split_0074	GCA_041305945.1|G0000181
split_0074	GCA_041599855.1|G0000182
split_0074	GCA_046539605.1|G0000183
split_0074	GCA_046539605.1|G0000184
split_0074	GCA_046546175.1|G0000185
split_0074	GCA_052626505.1|G0000186
split_0074	GCA_054383595.1|G0000187
split_0074	GCA_054384275.1|G0000188
split_0074	GCA_054384595.1|G0000189
split_0074	GCA_054798775.1|G0000190
split_0074	GCA_054798775.1|G0000191
split_0074	GCA_905202485.1|G0000193
split_0074	GCA_963677995.1|G0000195
split_0074	GCA_964297655.1|G0000198
split_0074	GCF_000008645.1|G0000200
split_0074	GCF_000011005.1|G0000201
split_0074	GCF_000011005.1|G0000202
split_0074	GCF_000016125.1|G0000203
split_0074	GCF_000016125.1|G0000205
split_0074	GCF_000275865.1|G0000210
split_0074	GCF_000308215.1|G0000211
split_0074	GCF_000308215.1|G0000212
split_0074	GCF_000327485.1|G0000214
split_0074	GCF_000711905.1|G0000215
split_0074	GCF_004102725.1|G0000216
split_0074	GCF_021023085.1|G0000220
split_0074	GCF_021023085.1|G0000221
split_0074	GOMC.bin.16766|G0000234
split_0074	GOMC.bin.4375|G0000249
split_0074	SRR22580806_bin.15|G0000254
split_0075	CRR476095_bin.3|G0000001
split_0075	ERR2027894_bin.22|G0000002
split_0075	ERR2027902_bin.36|G0000003
split_0075	ERR2282092_bin.34|G0000004
split_0075	ERR4283445_bin.66|G0000005
split_0075	ERR4283445_bin.66|G0000006
split_0075	GCA_000306725.1|G0000009
split_0075	GCA_000306725.1|G0000010
split_0075	GCA_000306725.1|G0000011
split_0075	GCA_000306725.1|G0000012
split_0075	GCA_000309865.1|G0000013
split_0075	GCA_000309865.1|G0000014
split_0075	GCA_001412355.1|G0000016
split_0075	GCA_001507955.1|G0000017
split_0075	GCA_001507955.1|G0000018
split_0075	GCA_001509375.1|G0000020
split_0075	GCA_001587575.1|G0000024
split_0075	GCA_001717025.1|G0000028
split_0075	GCA_002010075.1|G0000031
split_0075	GCA_002010195.1|G0000034
split_0075	GCA_002010215.1|G0000037
split_0075	GCA_002067095.1|G0000040
split_0075	GCA_002067315.1|G0000041
split_0075	GCA_002067315.1|G0000042
split_0075	GCA_002067795.1|G0000043
split_0075	GCA_002067865.1|G0000045
split_0075	GCA_002067865.1|G0000046
split_0075	GCA_002496395.1|G0000049
split_0075	GCA_002497075.1|G0000051
split_0075	GCA_002497075.1|G0000052
split_0075	GCA_002499905.1|G0000055
split_0075	GCA_002503135.1|G0000058
split_0075	GCA_002508545.1|G0000063
split_0075	GCA_002508545.1|G0000064
split_0075	GCA_003135935.1|G0000066
split_0075	GCA_003660605.1|G0000067
split_0075	GCA_004028775.1|G0000068
split_0075	GCA_009780575.1|G0000081
split_0075	GCA_009889585.1|G0000082
split_0075	GCA_011048835.1|G0000083
split_0075	GCA_013415695.1|G0000087
split_0075	GCA_013415695.1|G0000088
split_0075	GCA_014729935.1|G0000089
split_0075	GCA_015522695.1|G0000094
split_0075	GCA_015660915.1|G0000095
split_0075	GCA_016840695.1|G0000096
split_0075	GCA_016841265.1|G0000098
split_0075	GCA_016841485.1|G0000099
split_0075	GCA_016841485.1|G0000100
split_0075	GCA_016841485.1|G0000102
split_0075	GCA_016932935.1|G0000103
split_0075	GCA_016937345.1|G0000106
split_0075	GCA_017395275.1|G0000107
split_0075	GCA_017395275.1|G0000109
split_0075	GCA_018992685.1|G0000110
split_0075	GCA_020854925.1|G0000112
split_0075	GCA_022848835.1|G0000117
split_0075	GCA_023229165.1|G0000120
split_0075	GCA_025058425.1|G0000127
split_0075	GCA_025340205.1|G0000128
split_0075	GCA_025839675.1|G0000129
split_0075	GCA_027030065.1|G0000132
split_0075	GCA_027036135.1|G0000133
split_0075	GCA_027036135.1|G0000134
split_0075	GCA_027051165.1|G0000135
split_0075	GCA_029838175.1|G0000145
split_0075	GCA_029907705.1|G0000146
split_0075	GCA_030019205.1|G0000147
split_0075	GCA_030019485.1|G0000149
split_0075	GCA_030587475.2|G0000150
split_0075	GCA_030587475.2|G0000151
split_0075	GCA_030587475.2|G0000152
split_0075	GCA_030603445.1|G0000153
split_0075	GCA_030604065.1|G0000155
split_0075	GCA_030604065.1|G0000156
split_0075	GCA_030605245.1|G0000157
split_0075	GCA_030606525.1|G0000158
split_0075	GCA_030610785.1|G0000159
split_0075	GCA_036733165.1|G0000167
split_0075	GCA_038825775.1|G0000170
split_0075	GCA_038840055.1|G0000171
split_0075	GCA_040776445.1|G0000179
split_0075	GCA_041305945.1|G0000180
split_0075	GCA_041305945.1|G0000181
split_0075	GCA_041599855.1|G0000182
split_0075	GCA_046539605.1|G0000183
split_0075	GCA_046539605.1|G0000184
split_0075	GCA_046546175.1|G0000185
split_0075	GCA_052626505.1|G0000186
split_0075	GCA_054383595.1|G0000187
split_0075	GCA_054384275.1|G0000188
split_0075	GCA_054384595.1|G0000189
split_0075	GCA_054798775.1|G0000190
split_0075	GCA_054798775.1|G0000191
split_0075	GCA_905202485.1|G0000193
split_0075	GCA_963677995.1|G0000195
split_0075	GCA_964297655.1|G0000198
split_0075	GCF_000008645.1|G0000200
split_0075	GCF_000011005.1|G0000201
split_0075	GCF_000011005.1|G0000202
split_0075	GCF_000016125.1|G0000203
split_0075	GCF_000016125.1|G0000205
split_0075	GCF_000275865.1|G0000210
split_0075	GCF_000308215.1|G0000211
split_0075	GCF_000308215.1|G0000212
split_0075	GCF_000327485.1|G0000214
split_0075	GCF_000711905.1|G0000215
split_0075	GCF_004102725.1|G0000216
split_0075	GCF_021023085.1|G0000220
split_0075	GCF_021023085.1|G0000221
split_0075	GOMC.bin.16766|G0000234
split_0075	GOMC.bin.2890|G0000242
split_0075	GOMC.bin.4375|G0000249
split_0075	SRR22580806_bin.15|G0000254
split_0076	GCA_000246735.1|G0000007
split_0076	GCA_001412355.1|G0000015
split_0076	GCA_001509375.1|G0000021
split_0076	GCA_001564275.1|G0000022
split_0076	GCA_001587575.1|G0000023
split_0076	GCA_001717025.1|G0000025
split_0076	GCA_001717025.1|G0000026
split_0076	GCA_001717025.1|G0000027
split_0076	GCA_001914405.1|G0000029
split_0076	GCA_002009975.1|G0000030
split_0076	GCA_002010195.1|G0000033
split_0076	GCA_002010215.1|G0000036
split_0076	GCA_002010305.1|G0000038
split_0076	GCA_002067095.1|G0000039
split_0076	GCA_002067795.1|G0000044
split_0076	GCA_002494765.1|G0000047
split_0076	GCA_002494765.1|G0000048
split_0076	GCA_002496395.1|G0000050
split_0076	GCA_002499195.1|G0000053
split_0076	GCA_002499195.1|G0000054
split_0076	GCA_002499905.1|G0000056
split_0076	GCA_002502625.1|G0000057
split_0076	GCA_002503885.1|G0000059
split_0076	GCA_002505405.1|G0000060
split_0076	GCA_002505405.1|G0000061
split_0076	GCA_002507245.1|G0000062
split_0076	GCA_002718195.1|G0000065
split_0076	GCA_004028775.1|G0000069
split_0076	GCA_004028775.1|G0000071
split_0076	GCA_004347965.1|G0000072
split_0076	GCA_004348015.1|G0000075
split_0076	GCA_004348015.1|G0000076
split_0076	GCA_004348015.1|G0000077
split_0076	GCA_005954745.1|G0000079
split_0076	GCA_005954745.1|G0000080
split_0076	GCA_011048835.1|G0000084
split_0076	GCA_013329495.1|G0000085
split_0076	GCA_013329495.1|G0000086
split_0076	GCA_015520535.1|G0000090
split_0076	GCA_015520705.1|G0000091
split_0076	GCA_015520705.1|G0000092
split_0076	GCA_015521295.1|G0000093
split_0076	GCA_016841265.1|G0000097
split_0076	GCA_016841485.1|G0000101
split_0076	GCA_016937345.1|G0000104
split_0076	GCA_016937345.1|G0000105
split_0076	GCA_017395275.1|G0000108
split_0076	GCA_020350365.1|G0000111
split_0076	GCA_020854925.1|G0000113
split_0076	GCA_021160575.1|G0000114
split_0076	GCA_021160575.1|G0000115
split_0076	GCA_021161865.1|G0000116
split_0076	GCA_023008585.1|G0000118
split_0076	GCA_023131225.1|G0000119
split_0076	GCA_023229165.1|G0000122
split_0076	GCA_025041175.1|G0000123
split_0076	GCA_025041175.1|G0000124
split_0076	GCA_025041175.1|G0000125
split_0076	GCA_025041175.1|G0000126
split_0076	GCA_026413605.1|G0000131
split_0076	GCA_028275385.1|G0000137
split_0076	GCA_028678665.1|G0000138
split_0076	GCA_028678665.1|G0000139
split_0076	GCA_028821815.1|G0000140
split_0076	GCA_029259155.1|G0000141
split_0076	GCA_029259155.1|G0000142
split_0076	GCA_029259245.1|G0000144
split_0076	GCA_030019205.1|G0000148
split_0076	GCA_030603445.1|G0000154
split_0076	GCA_031852275.1|G0000160
split_0076	GCA_031852275.1|G0000161
split_0076	GCA_031852275.1|G0000162
split_0076	GCA_034190325.1|G0000163
split_0076	GCA_034660895.1|G0000164
split_0076	GCA_035269625.1|G0000165
split_0076	GCA_035269625.1|G0000166
split_0076	GCA_036733165.1|G0000168
split_0076	GCA_038818435.1|G0000169
split_0076	GCA_038861055.1|G0000173
split_0076	GCA_038861055.1|G0000174
split_0076	GCA_038894255.1|G0000176
split_0076	GCA_039000425.1|G0000177
split_0076	GCA_040776445.1|G0000178
split_0076	GCA_054798775.1|G0000192
split_0076	GCA_963677995.1|G0000194
split_0076	GCA_963677995.1|G0000196
split_0076	GCA_964297655.1|G0000197
split_0076	GCF_000007305.1|G0000199
split_0076	GCF_000016125.1|G0000204
split_0076	GCF_000025325.1|G0000206
split_0076	GCF_000025325.1|G0000207
split_0076	GCF_000025325.1|G0000208
split_0076	GCF_000275865.1|G0000209
split_0076	GCF_000327485.1|G0000213
split_0076	GCF_004102725.1|G0000217
split_0076	GCF_019693215.1|G0000218
split_0076	GCF_019693215.1|G0000219
split_0076	GCF_021083305.1|G0000222
split_0076	GCF_021083305.1|G0000223
split_0076	GCF_024227995.1|G0000224
split_0076	GCF_030287405.1|G0000225
split_0076	GCF_030287405.1|G0000226
split_0076	GCF_030287405.1|G0000227
split_0076	GCF_030287405.1|G0000228
split_0076	GCF_036429475.1|G0000229
split_0076	GOMC.bin.1197|G0000230
split_0076	GOMC.bin.14286|G0000231
split_0076	GOMC.bin.14286|G0000232
split_0076	GOMC.bin.16766|G0000233
split_0076	GOMC.bin.16766|G0000235
split_0076	GOMC.bin.2408|G0000237
split_0076	GOMC.bin.2493|G0000238
split_0076	GOMC.bin.2765|G0000241
split_0076	GOMC.bin.3028|G0000244
split_0076	GOMC.bin.3217|G0000246
split_0076	GOMC.bin.3628|G0000247
split_0076	GOMC.bin.4375|G0000248
split_0076	GOMC.bin.831|G0000250
split_0076	GOMC.bin.9202|G0000251
split_0076	GOMC.bin.9202|G0000252
split_0076	GOMC.bin.921|G0000253
split_0077	GCA_000246735.1|G0000007
split_0077	GCA_001412355.1|G0000015
split_0077	GCA_001509375.1|G0000021
split_0077	GCA_001564275.1|G0000022
split_0077	GCA_001587575.1|G0000023
split_0077	GCA_001717025.1|G0000025
split_0077	GCA_001717025.1|G0000026
split_0077	GCA_001717025.1|G0000027
split_0077	GCA_001914405.1|G0000029
split_0077	GCA_002009975.1|G0000030
split_0077	GCA_002010215.1|G0000036
split_0077	GCA_002010305.1|G0000038
split_0077	GCA_002067095.1|G0000039
split_0077	GCA_002067795.1|G0000044
split_0077	GCA_002494765.1|G0000047
split_0077	GCA_002494765.1|G0000048
split_0077	GCA_002496395.1|G0000050
split_0077	GCA_002499195.1|G0000053
split_0077	GCA_002499195.1|G0000054
split_0077	GCA_002499905.1|G0000056
split_0077	GCA_002502625.1|G0000057
split_0077	GCA_002503885.1|G0000059
split_0077	GCA_002505405.1|G0000060
split_0077	GCA_002505405.1|G0000061
split_0077	GCA_002507245.1|G0000062
split_0077	GCA_002718195.1|G0000065
split_0077	GCA_004028775.1|G0000069
split_0077	GCA_004028775.1|G0000071
split_0077	GCA_004347965.1|G0000072
split_0077	GCA_004348015.1|G0000075
split_0077	GCA_004348015.1|G0000076
split_0077	GCA_004348015.1|G0000077
split_0077	GCA_005954745.1|G0000079
split_0077	GCA_005954745.1|G0000080
split_0077	GCA_011048835.1|G0000084
split_0077	GCA_013329495.1|G0000085
split_0077	GCA_013329495.1|G0000086
split_0077	GCA_015520535.1|G0000090
split_0077	GCA_015520705.1|G0000091
split_0077	GCA_015520705.1|G0000092
split_0077	GCA_015521295.1|G0000093
split_0077	GCA_016841265.1|G0000097
split_0077	GCA_016841485.1|G0000101
split_0077	GCA_016937345.1|G0000104
split_0077	GCA_016937345.1|G0000105
split_0077	GCA_017395275.1|G0000108
split_0077	GCA_020350365.1|G0000111
split_0077	GCA_020854925.1|G0000113
split_0077	GCA_021160575.1|G0000114
split_0077	GCA_021160575.1|G0000115
split_0077	GCA_021161865.1|G0000116
split_0077	GCA_023131225.1|G0000119
split_0077	GCA_023229165.1|G0000122
split_0077	GCA_025041175.1|G0000123
split_0077	GCA_025041175.1|G0000124
split_0077	GCA_025041175.1|G0000125
split_0077	GCA_026413605.1|G0000131
split_0077	GCA_028275385.1|G0000137
split_0077	GCA_028678665.1|G0000138
split_0077	GCA_028678665.1|G0000139
split_0077	GCA_028821815.1|G0000140
split_0077	GCA_029259155.1|G0000141
split_0077	GCA_029259155.1|G0000142
split_0077	GCA_029259245.1|G0000144
split_0077	GCA_030019205.1|G0000148
split_0077	GCA_030603445.1|G0000154
split_0077	GCA_031852275.1|G0000160
split_0077	GCA_031852275.1|G0000161
split_0077	GCA_031852275.1|G0000162
split_0077	GCA_034190325.1|G0000163
split_0077	GCA_034660895.1|G0000164
split_0077	GCA_035269625.1|G0000165
split_0077	GCA_035269625.1|G0000166
split_0077	GCA_036733165.1|G0000168
split_0077	GCA_038818435.1|G0000169
split_0077	GCA_038861055.1|G0000173
split_0077	GCA_038861055.1|G0000174
split_0077	GCA_038894255.1|G0000176
split_0077	GCA_039000425.1|G0000177
split_0077	GCA_040776445.1|G0000178
split_0077	GCA_054798775.1|G0000192
split_0077	GCA_963677995.1|G0000194
split_0077	GCA_963677995.1|G0000196
split_0077	GCA_964297655.1|G0000197
split_0077	GCF_000007305.1|G0000199
split_0077	GCF_000016125.1|G0000204
split_0077	GCF_000025325.1|G0000206
split_0077	GCF_000025325.1|G0000207
split_0077	GCF_000025325.1|G0000208
split_0077	GCF_000275865.1|G0000209
split_0077	GCF_000327485.1|G0000213
split_0077	GCF_004102725.1|G0000217
split_0077	GCF_019693215.1|G0000218
split_0077	GCF_019693215.1|G0000219
split_0077	GCF_021083305.1|G0000222
split_0077	GCF_021083305.1|G0000223
split_0077	GCF_024227995.1|G0000224
split_0077	GCF_030287405.1|G0000225
split_0077	GCF_030287405.1|G0000226
split_0077	GOMC.bin.1197|G0000230
split_0077	GOMC.bin.14286|G0000231
split_0077	GOMC.bin.14286|G0000232
split_0077	GOMC.bin.16766|G0000233
split_0077	GOMC.bin.16766|G0000235
split_0077	GOMC.bin.2408|G0000237
split_0077	GOMC.bin.2493|G0000238
split_0077	GOMC.bin.2765|G0000241
split_0077	GOMC.bin.3028|G0000244
split_0077	GOMC.bin.3217|G0000246
split_0077	GOMC.bin.3628|G0000247
split_0077	GOMC.bin.4375|G0000248
split_0077	GOMC.bin.831|G0000250
split_0077	GOMC.bin.9202|G0000251
split_0077	GOMC.bin.9202|G0000252
split_0077	GOMC.bin.921|G0000253
split_0078	GCA_000246735.1|G0000007
split_0078	GCA_001564275.1|G0000022
split_0078	GCA_001717025.1|G0000025
split_0078	GCA_001717025.1|G0000026
split_0078	GCA_001914405.1|G0000029
split_0078	GCA_002009975.1|G0000030
split_0078	GCA_002010215.1|G0000036
split_0078	GCA_002010305.1|G0000038
split_0078	GCA_002494765.1|G0000047
split_0078	GCA_002494765.1|G0000048
split_0078	GCA_002499195.1|G0000053
split_0078	GCA_002499195.1|G0000054
split_0078	GCA_002502625.1|G0000057
split_0078	GCA_002505405.1|G0000060
split_0078	GCA_002505405.1|G0000061
split_0078	GCA_002718195.1|G0000065
split_0078	GCA_004028775.1|G0000069
split_0078	GCA_004348015.1|G0000075
split_0078	GCA_005954745.1|G0000079
split_0078	GCA_005954745.1|G0000080
split_0078	GCA_013329495.1|G0000085
split_0078	GCA_015520535.1|G0000090
split_0078	GCA_015520705.1|G0000091
split_0078	GCA_015520705.1|G0000092
split_0078	GCA_015521295.1|G0000093
split_0078	GCA_016841265.1|G0000097
split_0078	GCA_016937345.1|G0000105
split_0078	GCA_017395275.1|G0000108
split_0078	GCA_020350365.1|G0000111
split_0078	GCA_021161865.1|G0000116
split_0078	GCA_025041175.1|G0000123
split_0078	GCA_025041175.1|G0000124
split_0078	GCA_025041175.1|G0000125
split_0078	GCA_028275385.1|G0000137
split_0078	GCA_028678665.1|G0000138
split_0078	GCA_028821815.1|G0000140
split_0078	GCA_029259245.1|G0000144
split_0078	GCA_031852275.1|G0000160
split_0078	GCA_031852275.1|G0000161
split_0078	GCA_031852275.1|G0000162
split_0078	GCA_034190325.1|G0000163
split_0078	GCA_035269625.1|G0000165
split_0078	GCA_035269625.1|G0000166
split_0078	GCA_039000425.1|G0000177
split_0078	GCA_963677995.1|G0000194
split_0078	GCA_964297655.1|G0000197
split_0078	GCF_000007305.1|G0000199
split_0078	GCF_000016125.1|G0000204
split_0078	GCF_000025325.1|G0000206
split_0078	GCF_000025325.1|G0000207
split_0078	GCF_000025325.1|G0000208
split_0078	GCF_019693215.1|G0000218
split_0078	GCF_019693215.1|G0000219
split_0078	GCF_021083305.1|G0000222
split_0078	GCF_021083305.1|G0000223
split_0078	GCF_024227995.1|G0000224
split_0078	GCF_030287405.1|G0000225
split_0078	GCF_030287405.1|G0000226
split_0078	GOMC.bin.1197|G0000230
split_0078	GOMC.bin.14286|G0000231
split_0078	GOMC.bin.14286|G0000232
split_0078	GOMC.bin.2408|G0000237
split_0078	GOMC.bin.3628|G0000247
split_0078	GOMC.bin.921|G0000253
split_0079	GCA_000246735.1|G0000007
split_0079	GCA_001914405.1|G0000029
split_0079	GCA_002009975.1|G0000030
split_0079	GCA_002494765.1|G0000047
split_0079	GCA_002494765.1|G0000048
split_0079	GCA_002499195.1|G0000053
split_0079	GCA_002499195.1|G0000054
split_0079	GCA_002502625.1|G0000057
split_0079	GCA_002505405.1|G0000060
split_0079	GCA_002505405.1|G0000061
split_0079	GCA_002718195.1|G0000065
split_0079	GCA_005954745.1|G0000080
split_0079	GCA_013329495.1|G0000085
split_0079	GCA_015520535.1|G0000090
split_0079	GCA_015520705.1|G0000091
split_0079	GCA_015520705.1|G0000092
split_0079	GCA_015521295.1|G0000093
split_0079	GCA_016841265.1|G0000097
split_0079	GCA_016937345.1|G0000105
split_0079	GCA_017395275.1|G0000108
split_0079	GCA_020350365.1|G0000111
split_0079	GCA_021161865.1|G0000116
split_0079	GCA_025041175.1|G0000124
split_0079	GCA_025041175.1|G0000125
split_0079	GCA_028275385.1|G0000137
split_0079	GCA_028678665.1|G0000138
split_0079	GCA_028821815.1|G0000140
split_0079	GCA_029259245.1|G0000144
split_0079	GCA_031852275.1|G0000160
split_0079	GCA_031852275.1|G0000161
split_0079	GCA_034190325.1|G0000163
split_0079	GCA_035269625.1|G0000166
split_0079	GCA_963677995.1|G0000194
split_0079	GCA_964297655.1|G0000197
split_0079	GCF_000007305.1|G0000199
split_0079	GCF_000016125.1|G0000204
split_0079	GCF_000025325.1|G0000207
split_0079	GCF_000025325.1|G0000208
split_0079	GCF_019693215.1|G0000218
split_0079	GCF_021083305.1|G0000223
split_0079	GCF_024227995.1|G0000224
split_0079	GCF_030287405.1|G0000226
split_0079	GOMC.bin.14286|G0000231
split_0079	GOMC.bin.14286|G0000232
split_0079	GOMC.bin.2408|G0000237
split_0079	GOMC.bin.3628|G0000247
split_0079	GOMC.bin.921|G0000253
split_0080	GCA_000246735.1|G0000007
split_0080	GCA_001914405.1|G0000029
split_0080	GCA_002009975.1|G0000030
split_0080	GCA_002494765.1|G0000048
split_0080	GCA_002499195.1|G0000053
split_0080	GCA_002499195.1|G0000054
split_0080	GCA_002502625.1|G0000057
split_0080	GCA_002505405.1|G0000060
split_0080	GCA_002505405.1|G0000061
split_0080	GCA_002718195.1|G0000065
split_0080	GCA_005954745.1|G0000080
split_0080	GCA_013329495.1|G0000085
split_0080	GCA_015520535.1|G0000090
split_0080	GCA_015520705.1|G0000091
split_0080	GCA_015520705.1|G0000092
split_0080	GCA_015521295.1|G0000093
split_0080	GCA_016841265.1|G0000097
split_0080	GCA_016937345.1|G0000105
split_0080	GCA_017395275.1|G0000108
split_0080	GCA_020350365.1|G0000111
split_0080	GCA_021161865.1|G0000116
split_0080	GCA_025041175.1|G0000124
split_0080	GCA_025041175.1|G0000125
split_0080	GCA_028275385.1|G0000137
split_0080	GCA_028821815.1|G0000140
split_0080	GCA_031852275.1|G0000160
split_0080	GCA_031852275.1|G0000161
split_0080	GCA_034190325.1|G0000163
split_0080	GCA_035269625.1|G0000166
split_0080	GCA_963677995.1|G0000194
split_0080	GCA_964297655.1|G0000197
split_0080	GCF_000007305.1|G0000199
split_0080	GCF_000016125.1|G0000204
split_0080	GCF_000025325.1|G0000207
split_0080	GCF_000025325.1|G0000208
split_0080	GCF_019693215.1|G0000218
split_0080	GCF_021083305.1|G0000223
split_0080	GCF_024227995.1|G0000224
split_0080	GCF_030287405.1|G0000226
split_0080	GOMC.bin.14286|G0000231
split_0080	GOMC.bin.14286|G0000232
split_0080	GOMC.bin.2408|G0000237
split_0080	GOMC.bin.3628|G0000247
split_0080	GOMC.bin.921|G0000253
split_0081	GCA_000246735.1|G0000007
split_0081	GCA_001914405.1|G0000029
split_0081	GCA_002009975.1|G0000030
split_0081	GCA_002494765.1|G0000048
split_0081	GCA_002499195.1|G0000053
split_0081	GCA_002499195.1|G0000054
split_0081	GCA_002502625.1|G0000057
split_0081	GCA_002505405.1|G0000060
split_0081	GCA_002505405.1|G0000061
split_0081	GCA_002718195.1|G0000065
split_0081	GCA_005954745.1|G0000080
split_0081	GCA_013329495.1|G0000085
split_0081	GCA_015520535.1|G0000090
split_0081	GCA_015520705.1|G0000091
split_0081	GCA_015520705.1|G0000092
split_0081	GCA_015521295.1|G0000093
split_0081	GCA_016841265.1|G0000097
split_0081	GCA_016937345.1|G0000105
split_0081	GCA_017395275.1|G0000108
split_0081	GCA_020350365.1|G0000111
split_0081	GCA_021161865.1|G0000116
split_0081	GCA_025041175.1|G0000124
split_0081	GCA_028275385.1|G0000137
split_0081	GCA_028821815.1|G0000140
split_0081	GCA_031852275.1|G0000161
split_0081	GCA_034190325.1|G0000163
split_0081	GCA_035269625.1|G0000166
split_0081	GCA_963677995.1|G0000194
split_0081	GCA_964297655.1|G0000197
split_0081	GCF_000007305.1|G0000199
split_0081	GCF_000016125.1|G0000204
split_0081	GCF_000025325.1|G0000207
split_0081	GCF_000025325.1|G0000208
split_0081	GCF_019693215.1|G0000218
split_0081	GCF_021083305.1|G0000223
split_0081	GCF_024227995.1|G0000224
split_0081	GCF_030287405.1|G0000226
split_0081	GOMC.bin.14286|G0000231
split_0081	GOMC.bin.14286|G0000232
split_0081	GOMC.bin.2408|G0000237
split_0081	GOMC.bin.3628|G0000247
split_0081	GOMC.bin.921|G0000253
split_0082	GCA_000246735.1|G0000007
split_0082	GCA_001914405.1|G0000029
split_0082	GCA_002009975.1|G0000030
split_0082	GCA_002494765.1|G0000048
split_0082	GCA_002499195.1|G0000053
split_0082	GCA_002499195.1|G0000054
split_0082	GCA_002502625.1|G0000057
split_0082	GCA_002505405.1|G0000060
split_0082	GCA_002505405.1|G0000061
split_0082	GCA_002718195.1|G0000065
split_0082	GCA_005954745.1|G0000080
split_0082	GCA_013329495.1|G0000085
split_0082	GCA_015520535.1|G0000090
split_0082	GCA_015520705.1|G0000091
split_0082	GCA_015521295.1|G0000093
split_0082	GCA_016841265.1|G0000097
split_0082	GCA_016937345.1|G0000105
split_0082	GCA_017395275.1|G0000108
split_0082	GCA_020350365.1|G0000111
split_0082	GCA_021161865.1|G0000116
split_0082	GCA_025041175.1|G0000124
split_0082	GCA_028275385.1|G0000137
split_0082	GCA_028821815.1|G0000140
split_0082	GCA_031852275.1|G0000161
split_0082	GCA_034190325.1|G0000163
split_0082	GCA_035269625.1|G0000166
split_0082	GCA_963677995.1|G0000194
split_0082	GCA_964297655.1|G0000197
split_0082	GCF_000007305.1|G0000199
split_0082	GCF_000016125.1|G0000204
split_0082	GCF_000025325.1|G0000207
split_0082	GCF_000025325.1|G0000208
split_0082	GCF_019693215.1|G0000218
split_0082	GCF_021083305.1|G0000223
split_0082	GCF_024227995.1|G0000224
split_0082	GCF_030287405.1|G0000226
split_0082	GOMC.bin.14286|G0000231
split_0082	GOMC.bin.14286|G0000232
split_0082	GOMC.bin.2408|G0000237
split_0082	GOMC.bin.3628|G0000247
split_0082	GOMC.bin.921|G0000253
split_0083	GCA_000246735.1|G0000007
split_0083	GCA_001914405.1|G0000029
split_0083	GCA_002499195.1|G0000053
split_0083	GCA_002499195.1|G0000054
split_0083	GCA_002502625.1|G0000057
split_0083	GCA_002505405.1|G0000060
split_0083	GCA_002505405.1|G0000061
split_0083	GCA_002718195.1|G0000065
split_0083	GCA_028275385.1|G0000137
split_0083	GCA_028821815.1|G0000140
split_0083	GOMC.bin.14286|G0000231
split_0083	GOMC.bin.14286|G0000232
split_0084	GCA_000246735.1|G0000007
split_0084	GCA_002499195.1|G0000053
split_0084	GCA_002499195.1|G0000054
split_0084	GCA_002502625.1|G0000057
split_0084	GCA_002505405.1|G0000060
split_0084	GCA_002505405.1|G0000061
split_0084	GCA_002718195.1|G0000065
split_0084	GCA_028275385.1|G0000137
split_0084	GCA_028821815.1|G0000140
split_0084	GOMC.bin.14286|G0000231
split_0084	GOMC.bin.14286|G0000232
split_0085	GCA_000246735.1|G0000007
split_0085	GCA_002499195.1|G0000053
split_0085	GCA_002502625.1|G0000057
split_0085	GCA_002505405.1|G0000060
split_0085	GCA_002505405.1|G0000061
split_0085	GCA_002718195.1|G0000065
split_0085	GCA_028821815.1|G0000140
split_0085	GOMC.bin.14286|G0000231
split_0085	GOMC.bin.14286|G0000232
split_0086	GCA_000246735.1|G0000007
split_0086	GCA_002499195.1|G0000053
split_0086	GCA_002502625.1|G0000057
split_0086	GCA_002505405.1|G0000060
split_0086	GCA_002505405.1|G0000061
split_0086	GCA_002718195.1|G0000065
split_0086	GCA_028821815.1|G0000140
split_0086	GOMC.bin.14286|G0000231
split_0087	GCA_000246735.1|G0000007
split_0087	GCA_002502625.1|G0000057
split_0087	GCA_002505405.1|G0000060
split_0087	GCA_002505405.1|G0000061
split_0087	GCA_002718195.1|G0000065
split_0087	GCA_028821815.1|G0000140
split_0088	GCA_000246735.1|G0000007
split_0088	GCA_002505405.1|G0000060
split_0088	GCA_002505405.1|G0000061
split_0088	GCA_002718195.1|G0000065
split_0088	GCA_028821815.1|G0000140
split_0089	GCA_000246735.1|G0000007
split_0089	GCA_002505405.1|G0000060
split_0089	GCA_002505405.1|G0000061
split_0089	GCA_028821815.1|G0000140
split_0090	GCA_000246735.1|G0000007
split_0090	GCA_002505405.1|G0000061
split_0091	GCA_002505405.1|G0000060
split_0091	GCA_028821815.1|G0000140
split_0092	GCA_002499195.1|G0000053
split_0092	GOMC.bin.14286|G0000231
split_0093	GCA_002499195.1|G0000054
split_0093	GCA_028275385.1|G0000137
split_0094	GCA_002009975.1|G0000030
split_0094	GCA_002494765.1|G0000048
split_0094	GCA_005954745.1|G0000080
split_0094	GCA_013329495.1|G0000085
split_0094	GCA_015520535.1|G0000090
split_0094	GCA_015520705.1|G0000091
split_0094	GCA_015521295.1|G0000093
split_0094	GCA_016841265.1|G0000097
split_0094	GCA_016937345.1|G0000105
split_0094	GCA_017395275.1|G0000108
split_0094	GCA_020350365.1|G0000111
split_0094	GCA_021161865.1|G0000116
split_0094	GCA_025041175.1|G0000124
split_0094	GCA_031852275.1|G0000161
split_0094	GCA_034190325.1|G0000163
split_0094	GCA_035269625.1|G0000166
split_0094	GCA_963677995.1|G0000194
split_0094	GCA_964297655.1|G0000197
split_0094	GCF_000007305.1|G0000199
split_0094	GCF_000016125.1|G0000204
split_0094	GCF_000025325.1|G0000207
split_0094	GCF_000025325.1|G0000208
split_0094	GCF_019693215.1|G0000218
split_0094	GCF_021083305.1|G0000223
split_0094	GCF_024227995.1|G0000224
split_0094	GCF_030287405.1|G0000226
split_0094	GOMC.bin.2408|G0000237
split_0094	GOMC.bin.3628|G0000247
split_0094	GOMC.bin.921|G0000253
split_0095	GCA_002009975.1|G0000030
split_0095	GCA_002494765.1|G0000048
split_0095	GCA_005954745.1|G0000080
split_0095	GCA_013329495.1|G0000085
split_0095	GCA_015520535.1|G0000090
split_0095	GCA_015520705.1|G0000091
split_0095	GCA_015521295.1|G0000093
split_0095	GCA_020350365.1|G0000111
split_0095	GCA_021161865.1|G0000116
split_0095	GCA_025041175.1|G0000124
split_0095	GCA_031852275.1|G0000161
split_0095	GCA_034190325.1|G0000163
split_0095	GCA_035269625.1|G0000166
split_0095	GCF_000007305.1|G0000199
split_0095	GCF_000025325.1|G0000207
split_0095	GCF_000025325.1|G0000208
split_0095	GCF_019693215.1|G0000218
split_0095	GCF_021083305.1|G0000223
split_0095	GCF_024227995.1|G0000224
split_0095	GCF_030287405.1|G0000226
split_0095	GOMC.bin.2408|G0000237
split_0095	GOMC.bin.3628|G0000247
split_0095	GOMC.bin.921|G0000253
split_0096	GCA_002009975.1|G0000030
split_0096	GCF_000007305.1|G0000199
split_0097	GCA_002494765.1|G0000048
split_0097	GCA_005954745.1|G0000080
split_0097	GCA_013329495.1|G0000085
split_0097	GCA_015520535.1|G0000090
split_0097	GCA_015520705.1|G0000091
split_0097	GCA_015521295.1|G0000093
split_0097	GCA_020350365.1|G0000111
split_0097	GCA_021161865.1|G0000116
split_0097	GCA_025041175.1|G0000124
split_0097	GCA_031852275.1|G0000161
split_0097	GCA_034190325.1|G0000163
split_0097	GCA_035269625.1|G0000166
split_0097	GCF_000025325.1|G0000207
split_0097	GCF_000025325.1|G0000208
split_0097	GCF_019693215.1|G0000218
split_0097	GCF_021083305.1|G0000223
split_0097	GCF_024227995.1|G0000224
split_0097	GCF_030287405.1|G0000226
split_0097	GOMC.bin.2408|G0000237
split_0097	GOMC.bin.3628|G0000247
split_0097	GOMC.bin.921|G0000253
split_0098	GCA_002494765.1|G0000048
split_0098	GCA_005954745.1|G0000080
split_0098	GCA_013329495.1|G0000085
split_0098	GCA_015520535.1|G0000090
split_0098	GCA_015520705.1|G0000091
split_0098	GCA_015521295.1|G0000093
split_0098	GCA_025041175.1|G0000124
split_0098	GCA_031852275.1|G0000161
split_0098	GCA_034190325.1|G0000163
split_0098	GCA_035269625.1|G0000166
split_0098	GCF_000025325.1|G0000207
split_0098	GCF_000025325.1|G0000208
split_0098	GCF_019693215.1|G0000218
split_0098	GCF_021083305.1|G0000223
split_0098	GCF_024227995.1|G0000224
split_0098	GCF_030287405.1|G0000226
split_0098	GOMC.bin.3628|G0000247
split_0099	GCA_002494765.1|G0000048
split_0099	GCA_005954745.1|G0000080
split_0099	GCA_013329495.1|G0000085
split_0099	GCA_015520535.1|G0000090
split_0099	GCA_015520705.1|G0000091
split_0099	GCA_034190325.1|G0000163
split_0099	GCA_035269625.1|G0000166
split_0099	GCF_000025325.1|G0000208
split_0099	GCF_019693215.1|G0000218
split_0099	GCF_021083305.1|G0000223
split_0100	GCA_002494765.1|G0000048
split_0100	GCA_005954745.1|G0000080
split_0100	GCA_013329495.1|G0000085
split_0100	GCA_015520535.1|G0000090
split_0100	GCA_034190325.1|G0000163
split_0100	GCA_035269625.1|G0000166
split_0100	GCF_021083305.1|G0000223
split_0101	GCA_002494765.1|G0000048
split_0101	GCA_005954745.1|G0000080
split_0101	GCA_034190325.1|G0000163
split_0101	GCA_035269625.1|G0000166
split_0101	GCF_021083305.1|G0000223
split_0102	GCA_005954745.1|G0000080
split_0102	GCA_034190325.1|G0000163
split_0102	GCA_035269625.1|G0000166
split_0102	GCF_021083305.1|G0000223
split_0103	GCA_005954745.1|G0000080
split_0103	GCA_035269625.1|G0000166
split_0103	GCF_021083305.1|G0000223
split_0104	GCA_005954745.1|G0000080
split_0104	GCA_035269625.1|G0000166
split_0105	GCA_013329495.1|G0000085
split_0105	GCA_015520535.1|G0000090
split_0106	GCA_015520705.1|G0000091
split_0106	GCF_000025325.1|G0000208
split_0106	GCF_019693215.1|G0000218
split_0107	GCF_000025325.1|G0000208
split_0107	GCF_019693215.1|G0000218
split_0108	GCA_015521295.1|G0000093
split_0108	GCA_025041175.1|G0000124
split_0108	GCA_031852275.1|G0000161
split_0108	GCF_000025325.1|G0000207
split_0108	GCF_024227995.1|G0000224
split_0108	GCF_030287405.1|G0000226
split_0108	GOMC.bin.3628|G0000247
split_0109	GCA_015521295.1|G0000093
split_0109	GOMC.bin.3628|G0000247
split_0110	GCA_025041175.1|G0000124
split_0110	GCA_031852275.1|G0000161
split_0110	GCF_000025325.1|G0000207
split_0110	GCF_024227995.1|G0000224
split_0110	GCF_030287405.1|G0000226
split_0111	GCA_025041175.1|G0000124
split_0111	GCF_024227995.1|G0000224
split_0112	GCA_031852275.1|G0000161
split_0112	GCF_000025325.1|G0000207
split_0112	GCF_030287405.1|G0000226
split_0113	GCA_031852275.1|G0000161
split_0113	GCF_000025325.1|G0000207
split_0114	GCA_020350365.1|G0000111
split_0114	GCA_021161865.1|G0000116
split_0114	GOMC.bin.2408|G0000237
split_0114	GOMC.bin.921|G0000253
split_0115	GCA_020350365.1|G0000111
split_0115	GCA_021161865.1|G0000116
split_0115	GOMC.bin.921|G0000253
split_0116	GCA_021161865.1|G0000116
split_0116	GOMC.bin.921|G0000253
split_0117	GCA_016841265.1|G0000097
split_0117	GCA_016937345.1|G0000105
split_0117	GCA_017395275.1|G0000108
split_0117	GCA_963677995.1|G0000194
split_0117	GCA_964297655.1|G0000197
split_0117	GCF_000016125.1|G0000204
split_0118	GCA_016841265.1|G0000097
split_0118	GCA_017395275.1|G0000108
split_0118	GCA_964297655.1|G0000197
split_0118	GCF_000016125.1|G0000204
split_0119	GCA_016841265.1|G0000097
split_0119	GCA_964297655.1|G0000197
split_0119	GCF_000016125.1|G0000204
split_0120	GCA_016841265.1|G0000097
split_0120	GCF_000016125.1|G0000204
split_0121	GCA_016937345.1|G0000105
split_0121	GCA_963677995.1|G0000194
split_0122	GCA_025041175.1|G0000125
split_0122	GCA_031852275.1|G0000160
split_0123	GCA_002494765.1|G0000047
split_0123	GCA_028678665.1|G0000138
split_0123	GCA_029259245.1|G0000144
split_0124	GCA_002494765.1|G0000047
split_0124	GCA_029259245.1|G0000144
split_0125	GCA_001564275.1|G0000022
split_0125	GCA_001717025.1|G0000025
split_0125	GCA_001717025.1|G0000026
split_0125	GCA_002010215.1|G0000036
split_0125	GCA_002010305.1|G0000038
split_0125	GCA_004028775.1|G0000069
split_0125	GCA_004348015.1|G0000075
split_0125	GCA_005954745.1|G0000079
split_0125	GCA_025041175.1|G0000123
split_0125	GCA_031852275.1|G0000162
split_0125	GCA_035269625.1|G0000165
split_0125	GCA_039000425.1|G0000177
split_0125	GCF_000025325.1|G0000206
split_0125	GCF_019693215.1|G0000219
split_0125	GCF_021083305.1|G0000222
split_0125	GCF_030287405.1|G0000225
split_0125	GOMC.bin.1197|G0000230
split_0126	GCA_001564275.1|G0000022
split_0126	GCA_001717025.1|G0000025
split_0126	GCA_001717025.1|G0000026
split_0126	GCA_002010215.1|G0000036
split_0126	GCA_004028775.1|G0000069
split_0126	GCA_004348015.1|G0000075
split_0126	GCA_005954745.1|G0000079
split_0126	GCA_025041175.1|G0000123
split_0126	GCA_031852275.1|G0000162
split_0126	GCA_035269625.1|G0000165
split_0126	GCA_039000425.1|G0000177
split_0126	GCF_000025325.1|G0000206
split_0126	GCF_019693215.1|G0000219
split_0126	GCF_021083305.1|G0000222
split_0126	GCF_030287405.1|G0000225
split_0126	GOMC.bin.1197|G0000230
split_0127	GCA_001564275.1|G0000022
split_0127	GCA_002010215.1|G0000036
split_0127	GCA_005954745.1|G0000079
split_0127	GCA_025041175.1|G0000123
split_0127	GCA_031852275.1|G0000162
split_0127	GCA_035269625.1|G0000165
split_0127	GCA_039000425.1|G0000177
split_0127	GCF_000025325.1|G0000206
split_0127	GCF_019693215.1|G0000219
split_0127	GCF_021083305.1|G0000222
split_0127	GCF_030287405.1|G0000225
split_0128	GCA_001564275.1|G0000022
split_0128	GCA_002010215.1|G0000036
split_0128	GCA_025041175.1|G0000123
split_0128	GCA_031852275.1|G0000162
split_0128	GCA_035269625.1|G0000165
split_0128	GCA_039000425.1|G0000177
split_0128	GCF_000025325.1|G0000206
split_0128	GCF_019693215.1|G0000219
split_0128	GCF_021083305.1|G0000222
split_0128	GCF_030287405.1|G0000225
split_0129	GCA_001564275.1|G0000022
split_0129	GCA_002010215.1|G0000036
split_0129	GCA_035269625.1|G0000165
split_0129	GCA_039000425.1|G0000177
split_0130	GCA_001564275.1|G0000022
split_0130	GCA_035269625.1|G0000165
split_0131	GCA_002010215.1|G0000036
split_0131	GCA_039000425.1|G0000177
split_0132	GCA_025041175.1|G0000123
split_0132	GCA_031852275.1|G0000162
split_0132	GCF_000025325.1|G0000206
split_0132	GCF_019693215.1|G0000219
split_0132	GCF_021083305.1|G0000222
split_0132	GCF_030287405.1|G0000225
split_0133	GCA_025041175.1|G0000123
split_0133	GCF_000025325.1|G0000206
split_0133	GCF_019693215.1|G0000219
split_0133	GCF_021083305.1|G0000222
split_0133	GCF_030287405.1|G0000225
split_0134	GCA_025041175.1|G0000123
split_0134	GCF_000025325.1|G0000206
split_0134	GCF_021083305.1|G0000222
split_0134	GCF_030287405.1|G0000225
split_0135	GCA_025041175.1|G0000123
split_0135	GCF_000025325.1|G0000206
split_0135	GCF_021083305.1|G0000222
split_0136	GCA_025041175.1|G0000123
split_0136	GCF_021083305.1|G0000222
split_0137	GCA_001717025.1|G0000025
split_0137	GCA_001717025.1|G0000026
split_0137	GCA_004028775.1|G0000069
split_0137	GCA_004348015.1|G0000075
split_0137	GOMC.bin.1197|G0000230
split_0138	GCA_001717025.1|G0000025
split_0138	GCA_001717025.1|G0000026
split_0138	GCA_004028775.1|G0000069
split_0138	GCA_004348015.1|G0000075
split_0139	GCA_001717025.1|G0000025
split_0139	GCA_001717025.1|G0000026
split_0139	GCA_004028775.1|G0000069
split_0140	GCA_001717025.1|G0000025
split_0140	GCA_001717025.1|G0000026
split_0141	GCA_001412355.1|G0000015
split_0141	GCA_001509375.1|G0000021
split_0141	GCA_001587575.1|G0000023
split_0141	GCA_001717025.1|G0000027
split_0141	GCA_002067095.1|G0000039
split_0141	GCA_002067795.1|G0000044
split_0141	GCA_002496395.1|G0000050
split_0141	GCA_002499905.1|G0000056
split_0141	GCA_002503885.1|G0000059
split_0141	GCA_002507245.1|G0000062
split_0141	GCA_004028775.1|G0000071
split_0141	GCA_004347965.1|G0000072
split_0141	GCA_004348015.1|G0000076
split_0141	GCA_004348015.1|G0000077
split_0141	GCA_011048835.1|G0000084
split_0141	GCA_013329495.1|G0000086
split_0141	GCA_016841485.1|G0000101
split_0141	GCA_016937345.1|G0000104
split_0141	GCA_020854925.1|G0000113
split_0141	GCA_021160575.1|G0000114
split_0141	GCA_021160575.1|G0000115
split_0141	GCA_023131225.1|G0000119
split_0141	GCA_023229165.1|G0000122
split_0141	GCA_026413605.1|G0000131
split_0141	GCA_028678665.1|G0000139
split_0141	GCA_029259155.1|G0000141
split_0141	GCA_029259155.1|G0000142
split_0141	GCA_030019205.1|G0000148
split_0141	GCA_030603445.1|G0000154
split_0141	GCA_034660895.1|G0000164
split_0141	GCA_036733165.1|G0000168
split_0141	GCA_038818435.1|G0000169
split_0141	GCA_038861055.1|G0000173
split_0141	GCA_038861055.1|G0000174
split_0141	GCA_038894255.1|G0000176
split_0141	GCA_040776445.1|G0000178
split_0141	GCA_054798775.1|G0000192
split_0141	GCA_963677995.1|G0000196
split_0141	GCF_000275865.1|G0000209
split_0141	GCF_000327485.1|G0000213
split_0141	GCF_004102725.1|G0000217
split_0141	GOMC.bin.16766|G0000233
split_0141	GOMC.bin.16766|G0000235
split_0141	GOMC.bin.2493|G0000238
split_0141	GOMC.bin.2765|G0000241
split_0141	GOMC.bin.3028|G0000244
split_0141	GOMC.bin.3217|G0000246
split_0141	GOMC.bin.4375|G0000248
split_0141	GOMC.bin.831|G0000250
split_0141	GOMC.bin.9202|G0000251
split_0141	GOMC.bin.9202|G0000252
split_0142	GCA_001412355.1|G0000015
split_0142	GCA_001509375.1|G0000021
split_0142	GCA_001587575.1|G0000023
split_0142	GCA_002067095.1|G0000039
split_0142	GCA_002067795.1|G0000044
split_0142	GCA_002496395.1|G0000050
split_0142	GCA_002499905.1|G0000056
split_0142	GCA_002503885.1|G0000059
split_0142	GCA_004347965.1|G0000072
split_0142	GCA_004348015.1|G0000076
split_0142	GCA_011048835.1|G0000084
split_0142	GCA_013329495.1|G0000086
split_0142	GCA_016841485.1|G0000101
split_0142	GCA_016937345.1|G0000104
split_0142	GCA_020854925.1|G0000113
split_0142	GCA_021160575.1|G0000114
split_0142	GCA_023229165.1|G0000122
split_0142	GCA_028678665.1|G0000139
split_0142	GCA_029259155.1|G0000141
split_0142	GCA_030019205.1|G0000148
split_0142	GCA_030603445.1|G0000154
split_0142	GCA_036733165.1|G0000168
split_0142	GCA_038861055.1|G0000173
split_0142	GCA_040776445.1|G0000178
split_0142	GCA_054798775.1|G0000192
split_0142	GCA_963677995.1|G0000196
split_0142	GCF_000275865.1|G0000209
split_0142	GCF_000327485.1|G0000213
split_0142	GCF_004102725.1|G0000217
split_0142	GOMC.bin.16766|G0000235
split_0142	GOMC.bin.2765|G0000241
split_0142	GOMC.bin.3028|G0000244
split_0142	GOMC.bin.3217|G0000246
split_0142	GOMC.bin.831|G0000250
split_0142	GOMC.bin.9202|G0000251
split_0142	GOMC.bin.9202|G0000252
split_0143	GCA_001412355.1|G0000015
split_0143	GCA_001509375.1|G0000021
split_0143	GCA_001587575.1|G0000023
split_0143	GCA_002067095.1|G0000039
split_0143	GCA_002067795.1|G0000044
split_0143	GCA_002496395.1|G0000050
split_0143	GCA_002499905.1|G0000056
split_0143	GCA_002503885.1|G0000059
split_0143	GCA_004348015.1|G0000076
split_0143	GCA_011048835.1|G0000084
split_0143	GCA_013329495.1|G0000086
split_0143	GCA_016841485.1|G0000101
split_0143	GCA_016937345.1|G0000104
split_0143	GCA_020854925.1|G0000113
split_0143	GCA_021160575.1|G0000114
split_0143	GCA_023229165.1|G0000122
split_0143	GCA_028678665.1|G0000139
split_0143	GCA_029259155.1|G0000141
split_0143	GCA_030019205.1|G0000148
split_0143	GCA_030603445.1|G0000154
split_0143	GCA_036733165.1|G0000168
split_0143	GCA_038861055.1|G0000173
split_0143	GCA_040776445.1|G0000178
split_0143	GCA_054798775.1|G0000192
split_0143	GCA_963677995.1|G0000196
split_0143	GCF_000275865.1|G0000209
split_0143	GCF_000327485.1|G0000213
split_0143	GCF_004102725.1|G0000217
split_0143	GOMC.bin.2765|G0000241
split_0143	GOMC.bin.3028|G0000244
split_0143	GOMC.bin.3217|G0000246
split_0143	GOMC.bin.831|G0000250
split_0144	GCA_001412355.1|G0000015
split_0144	GCA_001509375.1|G0000021
split_0144	GCA_001587575.1|G0000023
split_0144	GCA_002067095.1|G0000039
split_0144	GCA_002067795.1|G0000044
split_0144	GCA_002496395.1|G0000050
split_0144	GCA_002499905.1|G0000056
split_0144	GCA_002503885.1|G0000059
split_0144	GCA_004348015.1|G0000076
split_0144	GCA_011048835.1|G0000084
split_0144	GCA_016841485.1|G0000101
split_0144	GCA_016937345.1|G0000104
split_0144	GCA_020854925.1|G0000113
split_0144	GCA_021160575.1|G0000114
split_0144	GCA_023229165.1|G0000122
split_0144	GCA_028678665.1|G0000139
split_0144	GCA_029259155.1|G0000141
split_0144	GCA_030019205.1|G0000148
split_0144	GCA_030603445.1|G0000154
split_0144	GCA_036733165.1|G0000168
split_0144	GCA_038861055.1|G0000173
split_0144	GCA_040776445.1|G0000178
split_0144	GCA_054798775.1|G0000192
split_0144	GCA_963677995.1|G0000196
split_0144	GCF_000275865.1|G0000209
split_0144	GCF_000327485.1|G0000213
split_0144	GCF_004102725.1|G0000217
split_0144	GOMC.bin.2765|G0000241
split_0144	GOMC.bin.3028|G0000244
split_0144	GOMC.bin.3217|G0000246
split_0144	GOMC.bin.831|G0000250
split_0145	GCA_001412355.1|G0000015
split_0145	GCA_001509375.1|G0000021
split_0145	GCA_001587575.1|G0000023
split_0145	GCA_002067095.1|G0000039
split_0145	GCA_002067795.1|G0000044
split_0145	GCA_002496395.1|G0000050
split_0145	GCA_002499905.1|G0000056
split_0145	GCA_002503885.1|G0000059
split_0145	GCA_011048835.1|G0000084
split_0145	GCA_016841485.1|G0000101
split_0145	GCA_016937345.1|G0000104
split_0145	GCA_020854925.1|G0000113
split_0145	GCA_023229165.1|G0000122
split_0145	GCA_028678665.1|G0000139
split_0145	GCA_030019205.1|G0000148
split_0145	GCA_030603445.1|G0000154
split_0145	GCA_036733165.1|G0000168
split_0145	GCA_040776445.1|G0000178
split_0145	GCA_054798775.1|G0000192
split_0145	GCA_963677995.1|G0000196
split_0145	GCF_000275865.1|G0000209
split_0145	GCF_000327485.1|G0000213
split_0145	GCF_004102725.1|G0000217
split_0145	GOMC.bin.2765|G0000241
split_0145	GOMC.bin.831|G0000250
split_0146	GCA_001412355.1|G0000015
split_0146	GCA_001509375.1|G0000021
split_0146	GCA_002067095.1|G0000039
split_0146	GCA_002067795.1|G0000044
split_0146	GCA_002496395.1|G0000050
split_0146	GCA_002499905.1|G0000056
split_0146	GCA_002503885.1|G0000059
split_0146	GCA_011048835.1|G0000084
split_0146	GCA_016841485.1|G0000101
split_0146	GCA_016937345.1|G0000104
split_0146	GCA_023229165.1|G0000122
split_0146	GCA_028678665.1|G0000139
split_0146	GCA_030019205.1|G0000148
split_0146	GCA_040776445.1|G0000178
split_0146	GCA_963677995.1|G0000196
split_0146	GCF_000275865.1|G0000209
split_0146	GCF_000327485.1|G0000213
split_0146	GCF_004102725.1|G0000217
split_0146	GOMC.bin.831|G0000250
split_0147	GCA_001412355.1|G0000015
split_0147	GCA_001509375.1|G0000021
split_0147	GCA_002067095.1|G0000039
split_0147	GCA_002496395.1|G0000050
split_0147	GCA_002499905.1|G0000056
split_0147	GCA_002503885.1|G0000059
split_0147	GCA_011048835.1|G0000084
split_0147	GCA_016841485.1|G0000101
split_0147	GCA_016937345.1|G0000104
split_0147	GCA_028678665.1|G0000139
split_0147	GCA_030019205.1|G0000148
split_0147	GCA_040776445.1|G0000178
split_0147	GCA_963677995.1|G0000196
split_0147	GCF_000275865.1|G0000209
split_0147	GCF_000327485.1|G0000213
split_0147	GCF_004102725.1|G0000217
split_0147	GOMC.bin.831|G0000250
split_0148	GCA_001412355.1|G0000015
split_0148	GCA_002067095.1|G0000039
split_0148	GCA_002496395.1|G0000050
split_0148	GCA_002499905.1|G0000056
split_0148	GCA_002503885.1|G0000059
split_0148	GCA_011048835.1|G0000084
split_0148	GCA_016841485.1|G0000101
split_0148	GCA_016937345.1|G0000104
split_0148	GCA_028678665.1|G0000139
split_0148	GCA_030019205.1|G0000148
split_0148	GCA_040776445.1|G0000178
split_0148	GCA_963677995.1|G0000196
split_0148	GCF_000275865.1|G0000209
split_0148	GCF_000327485.1|G0000213
split_0148	GCF_004102725.1|G0000217
split_0148	GOMC.bin.831|G0000250
split_0149	GCA_001412355.1|G0000015
split_0149	GCA_002496395.1|G0000050
split_0149	GCA_002503885.1|G0000059
split_0149	GCA_011048835.1|G0000084
split_0149	GCA_016841485.1|G0000101
split_0149	GCA_016937345.1|G0000104
split_0149	GCA_963677995.1|G0000196
split_0149	GCF_000275865.1|G0000209
split_0149	GCF_004102725.1|G0000217
split_0149	GOMC.bin.831|G0000250
split_0150	GCA_001412355.1|G0000015
split_0150	GCA_002503885.1|G0000059
split_0150	GCA_011048835.1|G0000084
split_0150	GCF_000275865.1|G0000209
split_0150	GCF_004102725.1|G0000217
split_0150	GOMC.bin.831|G0000250
split_0151	GCA_001412355.1|G0000015
split_0151	GCA_002503885.1|G0000059
split_0151	GCA_011048835.1|G0000084
split_0151	GCF_004102725.1|G0000217
split_0151	GOMC.bin.831|G0000250
split_0152	GCA_001412355.1|G0000015
split_0152	GCA_011048835.1|G0000084
split_0153	GCA_002503885.1|G0000059
split_0153	GCF_004102725.1|G0000217
split_0153	GOMC.bin.831|G0000250
split_0154	GCF_004102725.1|G0000217
split_0154	GOMC.bin.831|G0000250
split_0155	GCA_002496395.1|G0000050
split_0155	GCA_016841485.1|G0000101
split_0155	GCA_016937345.1|G0000104
split_0155	GCA_963677995.1|G0000196
split_0156	GCA_016841485.1|G0000101
split_0156	GCA_016937345.1|G0000104
split_0156	GCA_963677995.1|G0000196
split_0157	GCA_016937345.1|G0000104
split_0157	GCA_963677995.1|G0000196
split_0158	GCA_002067095.1|G0000039
split_0158	GCA_002499905.1|G0000056
split_0158	GCA_028678665.1|G0000139
split_0158	GCA_030019205.1|G0000148
split_0158	GCA_040776445.1|G0000178
split_0158	GCF_000327485.1|G0000213
split_0159	GCA_002067095.1|G0000039
split_0159	GCA_002499905.1|G0000056
split_0159	GCA_030019205.1|G0000148
split_0159	GCF_000327485.1|G0000213
split_0160	GCA_002067095.1|G0000039
split_0160	GCA_002499905.1|G0000056
split_0160	GCF_000327485.1|G0000213
split_0161	GCA_002499905.1|G0000056
split_0161	GCF_000327485.1|G0000213
split_0162	GCA_028678665.1|G0000139
split_0162	GCA_040776445.1|G0000178
split_0163	GCA_002067795.1|G0000044
split_0163	GCA_023229165.1|G0000122
split_0164	GCA_001587575.1|G0000023
split_0164	GCA_020854925.1|G0000113
split_0164	GCA_030603445.1|G0000154
split_0164	GCA_036733165.1|G0000168
split_0164	GCA_054798775.1|G0000192
split_0164	GOMC.bin.2765|G0000241
split_0165	GCA_001587575.1|G0000023
split_0165	GOMC.bin.2765|G0000241
split_0166	GCA_020854925.1|G0000113
split_0166	GCA_030603445.1|G0000154
split_0166	GCA_036733165.1|G0000168
split_0166	GCA_054798775.1|G0000192
split_0167	GCA_030603445.1|G0000154
split_0167	GCA_036733165.1|G0000168
split_0167	GCA_054798775.1|G0000192
split_0168	GCA_036733165.1|G0000168
split_0168	GCA_054798775.1|G0000192
split_0169	GCA_004348015.1|G0000076
split_0169	GCA_021160575.1|G0000114
split_0169	GCA_029259155.1|G0000141
split_0169	GCA_038861055.1|G0000173
split_0169	GOMC.bin.3028|G0000244
split_0169	GOMC.bin.3217|G0000246
split_0170	GCA_004348015.1|G0000076
split_0170	GCA_021160575.1|G0000114
split_0170	GCA_029259155.1|G0000141
split_0170	GCA_038861055.1|G0000173
split_0170	GOMC.bin.3028|G0000244
split_0171	GCA_004348015.1|G0000076
split_0171	GCA_029259155.1|G0000141
split_0171	GCA_038861055.1|G0000173
split_0171	GOMC.bin.3028|G0000244
split_0172	GCA_004348015.1|G0000076
split_0172	GCA_038861055.1|G0000173
split_0172	GOMC.bin.3028|G0000244
split_0173	GCA_004348015.1|G0000076
split_0173	GCA_038861055.1|G0000173
split_0174	GCA_004347965.1|G0000072
split_0174	GOMC.bin.16766|G0000235
split_0174	GOMC.bin.9202|G0000251
split_0174	GOMC.bin.9202|G0000252
split_0175	GCA_004347965.1|G0000072
split_0175	GOMC.bin.9202|G0000251
split_0175	GOMC.bin.9202|G0000252
split_0176	GOMC.bin.9202|G0000251
split_0176	GOMC.bin.9202|G0000252
split_0177	GCA_001717025.1|G0000027
split_0177	GCA_002507245.1|G0000062
split_0177	GCA_004028775.1|G0000071
split_0177	GCA_004348015.1|G0000077
split_0177	GCA_021160575.1|G0000115
split_0177	GCA_023131225.1|G0000119
split_0177	GCA_026413605.1|G0000131
split_0177	GCA_029259155.1|G0000142
split_0177	GCA_034660895.1|G0000164
split_0177	GCA_038818435.1|G0000169
split_0177	GCA_038861055.1|G0000174
split_0177	GCA_038894255.1|G0000176
split_0177	GOMC.bin.16766|G0000233
split_0177	GOMC.bin.2493|G0000238
split_0177	GOMC.bin.4375|G0000248
split_0178	GCA_001717025.1|G0000027
split_0178	GCA_002507245.1|G0000062
split_0178	GCA_004028775.1|G0000071
split_0178	GCA_004348015.1|G0000077
split_0178	GCA_021160575.1|G0000115
split_0178	GCA_023131225.1|G0000119
split_0178	GCA_026413605.1|G0000131
split_0178	GCA_029259155.1|G0000142
split_0178	GCA_034660895.1|G0000164
split_0178	GCA_038818435.1|G0000169
split_0178	GCA_038861055.1|G0000174
split_0178	GCA_038894255.1|G0000176
split_0178	GOMC.bin.16766|G0000233
split_0178	GOMC.bin.2493|G0000238
split_0179	GCA_001717025.1|G0000027
split_0179	GCA_002507245.1|G0000062
split_0179	GCA_004028775.1|G0000071
split_0179	GCA_004348015.1|G0000077
split_0179	GCA_023131225.1|G0000119
split_0179	GCA_026413605.1|G0000131
split_0179	GCA_029259155.1|G0000142
split_0179	GCA_034660895.1|G0000164
split_0179	GCA_038818435.1|G0000169
split_0179	GCA_038861055.1|G0000174
split_0179	GCA_038894255.1|G0000176
split_0179	GOMC.bin.2493|G0000238
split_0180	GCA_001717025.1|G0000027
split_0180	GCA_002507245.1|G0000062
split_0180	GCA_004028775.1|G0000071
split_0180	GCA_004348015.1|G0000077
split_0180	GCA_023131225.1|G0000119
split_0180	GCA_026413605.1|G0000131
split_0180	GCA_034660895.1|G0000164
split_0180	GCA_038818435.1|G0000169
split_0180	GCA_038861055.1|G0000174
split_0180	GCA_038894255.1|G0000176
split_0181	GCA_001717025.1|G0000027
split_0181	GCA_002507245.1|G0000062
split_0181	GCA_004028775.1|G0000071
split_0181	GCA_004348015.1|G0000077
split_0181	GCA_023131225.1|G0000119
split_0181	GCA_034660895.1|G0000164
split_0181	GCA_038818435.1|G0000169
split_0181	GCA_038861055.1|G0000174
split_0181	GCA_038894255.1|G0000176
split_0182	GCA_001717025.1|G0000027
split_0182	GCA_004028775.1|G0000071
split_0182	GCA_004348015.1|G0000077
split_0182	GCA_038818435.1|G0000169
split_0182	GCA_038861055.1|G0000174
split_0183	GCA_001717025.1|G0000027
split_0183	GCA_004028775.1|G0000071
split_0183	GCA_004348015.1|G0000077
split_0183	GCA_038861055.1|G0000174
split_0184	GCA_001717025.1|G0000027
split_0184	GCA_004028775.1|G0000071
split_0185	GCA_004348015.1|G0000077
split_0185	GCA_038861055.1|G0000174
split_0186	GCA_002507245.1|G0000062
split_0186	GCA_023131225.1|G0000119
split_0186	GCA_034660895.1|G0000164
split_0186	GCA_038894255.1|G0000176
split_0187	GCA_002507245.1|G0000062
split_0187	GCA_038894255.1|G0000176
split_0188	GCA_023131225.1|G0000119
split_0188	GCA_034660895.1|G0000164
split_0189	GCA_029259155.1|G0000142
split_0189	GOMC.bin.2493|G0000238
split_0190	GCA_021160575.1|G0000115
split_0190	GOMC.bin.16766|G0000233
split_0191	GCA_002010195.1|G0000033
split_0191	GCA_023008585.1|G0000118
split_0191	GCA_025041175.1|G0000126
split_0191	GCF_030287405.1|G0000227
split_0191	GCF_030287405.1|G0000228
split_0191	GCF_036429475.1|G0000229
split_0192	GCA_002010195.1|G0000033
split_0192	GCA_023008585.1|G0000118
split_0192	GCA_025041175.1|G0000126
split_0192	GCF_030287405.1|G0000227
split_0192	GCF_036429475.1|G0000229
split_0193	GCA_002010195.1|G0000033
split_0193	GCA_025041175.1|G0000126
split_0193	GCF_030287405.1|G0000227
split_0193	GCF_036429475.1|G0000229
split_0194	GCA_002010195.1|G0000033
split_0194	GCF_030287405.1|G0000227
split_0194	GCF_036429475.1|G0000229
split_0195	GCF_030287405.1|G0000227
split_0195	GCF_036429475.1|G0000229
split_0196	GCA_000306725.1|G0000008
split_0196	GCA_001509375.1|G0000019
split_0196	GCA_002010195.1|G0000032
split_0196	GCA_002010215.1|G0000035
split_0196	GCA_004028775.1|G0000070
split_0196	GCA_004347965.1|G0000073
split_0196	GCA_004348015.1|G0000074
split_0196	GCA_004348015.1|G0000078
split_0196	GCA_023229165.1|G0000121
split_0196	GCA_026413605.1|G0000130
split_0196	GCA_027051165.1|G0000136
split_0196	GCA_029259155.1|G0000143
split_0196	GCA_038861055.1|G0000172
split_0196	GCA_038861055.1|G0000175
split_0196	GOMC.bin.16766|G0000236
split_0196	GOMC.bin.2493|G0000239
split_0196	GOMC.bin.2493|G0000240
split_0196	GOMC.bin.3028|G0000243
split_0196	GOMC.bin.3028|G0000245
split_0197	GCA_000306725.1|G0000008
split_0197	GCA_001509375.1|G0000019
split_0197	GCA_023229165.1|G0000121
split_0198	GCA_000306725.1|G0000008
split_0198	GCA_001509375.1|G0000019
split_0199	GCA_002010195.1|G0000032
split_0199	GCA_002010215.1|G0000035
split_0199	GCA_004028775.1|G0000070
split_0199	GCA_004347965.1|G0000073
split_0199	GCA_004348015.1|G0000074
split_0199	GCA_004348015.1|G0000078
split_0199	GCA_026413605.1|G0000130
split_0199	GCA_027051165.1|G0000136
split_0199	GCA_029259155.1|G0000143
split_0199	GCA_038861055.1|G0000172
split_0199	GCA_038861055.1|G0000175
split_0199	GOMC.bin.16766|G0000236
split_0199	GOMC.bin.2493|G0000239
split_0199	GOMC.bin.2493|G0000240
split_0199	GOMC.bin.3028|G0000243
split_0199	GOMC.bin.3028|G0000245
split_0200	GCA_002010195.1|G0000032
split_0200	GCA_002010215.1|G0000035
split_0200	GCA_004028775.1|G0000070
split_0200	GCA_004348015.1|G0000074
split_0200	GCA_027051165.1|G0000136
split_0200	GCA_038861055.1|G0000175
split_0201	GCA_002010195.1|G0000032
split_0201	GCA_002010215.1|G0000035
split_0201	GCA_004028775.1|G0000070
split_0201	GCA_027051165.1|G0000136
split_0202	GCA_002010195.1|G0000032
split_0202	GCA_002010215.1|G0000035
split_0202	GCA_004028775.1|G0000070
split_0203	GCA_002010195.1|G0000032
split_0203	GCA_002010215.1|G0000035
split_0204	GCA_004348015.1|G0000074
split_0204	GCA_038861055.1|G0000175
split_0205	GCA_004347965.1|G0000073
split_0205	GCA_004348015.1|G0000078
split_0205	GCA_026413605.1|G0000130
split_0205	GCA_029259155.1|G0000143
split_0205	GCA_038861055.1|G0000172
split_0205	GOMC.bin.16766|G0000236
split_0205	GOMC.bin.2493|G0000239
split_0205	GOMC.bin.2493|G0000240
split_0205	GOMC.bin.3028|G0000243
split_0205	GOMC.bin.3028|G0000245
split_0206	GCA_004347965.1|G0000073
split_0206	GCA_004348015.1|G0000078
split_0206	GCA_026413605.1|G0000130
split_0206	GCA_029259155.1|G0000143
split_0206	GCA_038861055.1|G0000172
split_0206	GOMC.bin.2493|G0000239
split_0206	GOMC.bin.2493|G0000240
split_0206	GOMC.bin.3028|G0000243
split_0206	GOMC.bin.3028|G0000245
split_0207	GCA_004347965.1|G0000073
split_0207	GCA_004348015.1|G0000078
split_0207	GCA_029259155.1|G0000143
split_0207	GCA_038861055.1|G0000172
split_0207	GOMC.bin.2493|G0000239
split_0207	GOMC.bin.2493|G0000240
split_0207	GOMC.bin.3028|G0000243
split_0207	GOMC.bin.3028|G0000245
split_0208	GCA_004347965.1|G0000073
split_0208	GCA_004348015.1|G0000078
split_0208	GCA_038861055.1|G0000172
split_0208	GOMC.bin.3028|G0000243
split_0208	GOMC.bin.3028|G0000245
split_0209	GCA_004347965.1|G0000073
split_0209	GCA_004348015.1|G0000078
split_0209	GCA_038861055.1|G0000172
split_0210	GCA_004348015.1|G0000078
split_0210	GCA_038861055.1|G0000172
split_0211	GOMC.bin.3028|G0000243
split_0211	GOMC.bin.3028|G0000245
split_0212	GCA_029259155.1|G0000143
split_0212	GOMC.bin.2493|G0000239
split_0212	GOMC.bin.2493|G0000240
split_0213	GOMC.bin.2493|G0000239
split_0213	GOMC.bin.2493|G0000240
split_0214	GCA_009889585.1|G0000082
split_0214	GCA_015522695.1|G0000094
split_0214	GCA_022848835.1|G0000117
split_0214	GCA_025058425.1|G0000127
split_0214	GCA_027030065.1|G0000132
split_0214	GCA_038840055.1|G0000171
split_0214	GOMC.bin.2890|G0000242
split_0215	GCA_009889585.1|G0000082
split_0215	GCA_015522695.1|G0000094
split_0215	GCA_022848835.1|G0000117
split_0215	GCA_027030065.1|G0000132
split_0215	GOMC.bin.2890|G0000242
split_0216	GCA_009889585.1|G0000082
split_0216	GCA_022848835.1|G0000117
split_0216	GOMC.bin.2890|G0000242
split_0217	GCA_009889585.1|G0000082
split_0217	GOMC.bin.2890|G0000242
split_0218	GCA_015522695.1|G0000094
split_0218	GCA_027030065.1|G0000132
split_0219	GCA_025058425.1|G0000127
split_0219	GCA_038840055.1|G0000171
split_0220	GCA_003660605.1|G0000067
split_0220	GCA_014729935.1|G0000089
split_0220	GCA_016840695.1|G0000096
split_0220	GCA_016932935.1|G0000103
split_0220	GCA_018992685.1|G0000110
split_0220	GCA_025340205.1|G0000128
split_0220	GCA_025839675.1|G0000129
split_0220	GCA_027036135.1|G0000133
split_0220	GCA_027036135.1|G0000134
split_0220	GCA_029838175.1|G0000145
split_0220	GCA_030587475.2|G0000150
split_0220	GCA_030587475.2|G0000151
split_0220	GCA_030587475.2|G0000152
split_0220	GCA_030610785.1|G0000159
split_0220	GCA_041305945.1|G0000180
split_0220	GCA_041305945.1|G0000181
split_0220	GCA_041599855.1|G0000182
split_0220	GCA_052626505.1|G0000186
split_0220	GCA_054383595.1|G0000187
split_0220	GCA_054384275.1|G0000188
split_0220	GCA_054384595.1|G0000189
split_0220	GCF_000016125.1|G0000203
split_0220	GOMC.bin.4375|G0000249
split_0221	GCA_003660605.1|G0000067
split_0221	GCA_018992685.1|G0000110
split_0221	GCA_025340205.1|G0000128
split_0221	GCA_027036135.1|G0000133
split_0221	GCA_027036135.1|G0000134
split_0221	GCA_041599855.1|G0000182
split_0221	GOMC.bin.4375|G0000249
split_0222	GCA_003660605.1|G0000067
split_0222	GCA_018992685.1|G0000110
split_0222	GOMC.bin.4375|G0000249
split_0223	GCA_003660605.1|G0000067
split_0223	GCA_018992685.1|G0000110
split_0224	GCA_025340205.1|G0000128
split_0224	GCA_027036135.1|G0000133
split_0224	GCA_027036135.1|G0000134
split_0224	GCA_041599855.1|G0000182
split_0225	GCA_025340205.1|G0000128
split_0225	GCA_027036135.1|G0000133
split_0225	GCA_027036135.1|G0000134
split_0226	GCA_025340205.1|G0000128
split_0226	GCA_027036135.1|G0000133
split_0227	GCA_014729935.1|G0000089
split_0227	GCA_016840695.1|G0000096
split_0227	GCA_016932935.1|G0000103
split_0227	GCA_025839675.1|G0000129
split_0227	GCA_029838175.1|G0000145
split_0227	GCA_030587475.2|G0000150
split_0227	GCA_030587475.2|G0000151
split_0227	GCA_030587475.2|G0000152
split_0227	GCA_030610785.1|G0000159
split_0227	GCA_041305945.1|G0000180
split_0227	GCA_041305945.1|G0000181
split_0227	GCA_052626505.1|G0000186
split_0227	GCA_054383595.1|G0000187
split_0227	GCA_054384275.1|G0000188
split_0227	GCA_054384595.1|G0000189
split_0227	GCF_000016125.1|G0000203
split_0228	GCA_014729935.1|G0000089
split_0228	GCA_016840695.1|G0000096
split_0228	GCA_016932935.1|G0000103
split_0228	GCA_029838175.1|G0000145
split_0228	GCA_030587475.2|G0000150
split_0228	GCA_030587475.2|G0000151
split_0228	GCA_030587475.2|G0000152
split_0228	GCA_030610785.1|G0000159
split_0228	GCA_041305945.1|G0000180
split_0228	GCA_041305945.1|G0000181
split_0228	GCA_052626505.1|G0000186
split_0228	GCA_054383595.1|G0000187
split_0228	GCA_054384275.1|G0000188
split_0228	GCA_054384595.1|G0000189
split_0229	GCA_014729935.1|G0000089
split_0229	GCA_016840695.1|G0000096
split_0229	GCA_029838175.1|G0000145
split_0229	GCA_030587475.2|G0000152
split_0229	GCA_030610785.1|G0000159
split_0229	GCA_041305945.1|G0000181
split_0229	GCA_052626505.1|G0000186
split_0229	GCA_054384275.1|G0000188
split_0229	GCA_054384595.1|G0000189
split_0230	GCA_014729935.1|G0000089
split_0230	GCA_030587475.2|G0000152
split_0230	GCA_041305945.1|G0000181
split_0231	GCA_030587475.2|G0000152
split_0231	GCA_041305945.1|G0000181
split_0232	GCA_016840695.1|G0000096
split_0232	GCA_029838175.1|G0000145
split_0232	GCA_030610785.1|G0000159
split_0232	GCA_052626505.1|G0000186
split_0232	GCA_054384275.1|G0000188
split_0232	GCA_054384595.1|G0000189
split_0233	GCA_016840695.1|G0000096
split_0233	GCA_029838175.1|G0000145
split_0233	GCA_030610785.1|G0000159
split_0233	GCA_052626505.1|G0000186
split_0233	GCA_054384595.1|G0000189
split_0234	GCA_016840695.1|G0000096
split_0234	GCA_029838175.1|G0000145
split_0234	GCA_030610785.1|G0000159
split_0234	GCA_054384595.1|G0000189
split_0235	GCA_016840695.1|G0000096
split_0235	GCA_030610785.1|G0000159
split_0235	GCA_054384595.1|G0000189
split_0236	GCA_030610785.1|G0000159
split_0236	GCA_054384595.1|G0000189
split_0237	GCA_016932935.1|G0000103
split_0237	GCA_030587475.2|G0000150
split_0237	GCA_030587475.2|G0000151
split_0237	GCA_041305945.1|G0000180
split_0237	GCA_054383595.1|G0000187
split_0238	GCA_016932935.1|G0000103
split_0238	GCA_030587475.2|G0000150
split_0238	GCA_030587475.2|G0000151
split_0238	GCA_041305945.1|G0000180
split_0239	GCA_016932935.1|G0000103
split_0239	GCA_030587475.2|G0000150
split_0239	GCA_030587475.2|G0000151
split_0240	GCA_016932935.1|G0000103
split_0240	GCA_030587475.2|G0000150
split_0241	GCA_025839675.1|G0000129
split_0241	GCF_000016125.1|G0000203
split_0242	GCA_001717025.1|G0000028
split_0242	GCA_004028775.1|G0000068
split_0243	GCA_015660915.1|G0000095
split_0243	GCA_030019485.1|G0000149
split_0243	GCA_030605245.1|G0000157
split_0243	GCA_030606525.1|G0000158
split_0243	SRR22580806_bin.15|G0000254
split_0244	GCA_030019485.1|G0000149
split_0244	GCA_030605245.1|G0000157
split_0244	GCA_030606525.1|G0000158
split_0244	SRR22580806_bin.15|G0000254
split_0245	GCA_030019485.1|G0000149
split_0245	GCA_030605245.1|G0000157
split_0245	SRR22580806_bin.15|G0000254
split_0246	GCA_030019485.1|G0000149
split_0246	GCA_030605245.1|G0000157
split_0247	GCA_001509375.1|G0000020
split_0247	GCA_002067795.1|G0000043
split_0248	GCA_000309865.1|G0000013
split_0248	GCA_000309865.1|G0000014
split_0248	GCA_001507955.1|G0000017
split_0248	GCA_001507955.1|G0000018
split_0248	GCF_000008645.1|G0000200
split_0249	GCA_000309865.1|G0000013
split_0249	GCA_000309865.1|G0000014
split_0249	GCA_001507955.1|G0000017
split_0249	GCA_001507955.1|G0000018
split_0250	GCA_000309865.1|G0000013
split_0250	GCA_000309865.1|G0000014
split_0251	GCA_001507955.1|G0000017
split_0251	GCA_001507955.1|G0000018
