split_id	gene_id
split_0001	ERR4283445_bin.66|G0000001
split_0001	GCA_002067865.1|G0000022
split_0001	GCA_002497075.1|G0000026
split_0002	ERR4283445_bin.66|G0000001
split_0002	GCA_002067865.1|G0000022
split_0002	GCA_002497075.1|G0000026
split_0002	GCA_002508545.1|G0000027
split_0002	GCF_000308215.1|G0000245
split_0003	ERR4283445_bin.66|G0000001
split_0003	GCA_002067865.1|G0000022
split_0003	GCA_002497075.1|G0000026
split_0003	GCA_002508545.1|G0000027
split_0003	GCA_003135935.1|G0000041
split_0003	GCF_000308215.1|G0000245
split_0004	ERR4283445_bin.66|G0000001
split_0004	GCA_002067865.1|G0000022
split_0004	GCA_002497075.1|G0000026
split_0004	GCA_002508545.1|G0000027
split_0004	GCA_003135935.1|G0000041
split_0004	GCA_026394375.1|G0000159
split_0004	GCF_000308215.1|G0000245
split_0005	ERR4283445_bin.66|G0000001
split_0005	GCA_002067865.1|G0000022
split_0005	GCA_002497075.1|G0000026
split_0005	GCA_002508545.1|G0000027
split_0005	GCA_003135935.1|G0000041
split_0005	GCA_013415695.1|G0000076
split_0005	GCA_026394375.1|G0000159
split_0005	GCA_046539605.1|G0000218
split_0005	GCF_000308215.1|G0000245
split_0006	ERR4283445_bin.66|G0000001
split_0006	GCA_002067865.1|G0000022
split_0006	GCA_002497075.1|G0000026
split_0006	GCA_002508545.1|G0000027
split_0006	GCA_003135935.1|G0000041
split_0006	GCA_013415695.1|G0000076
split_0006	GCA_020725985.1|G0000116
split_0006	GCA_026394375.1|G0000159
split_0006	GCA_028679985.1|G0000169
split_0006	GCA_029907465.1|G0000179
split_0006	GCA_046539605.1|G0000218
split_0006	GCF_000308215.1|G0000245
split_0007	ERR4283445_bin.66|G0000001
split_0007	GCA_002067865.1|G0000022
split_0007	GCA_002497075.1|G0000026
split_0007	GCA_002508545.1|G0000027
split_0007	GCA_003135935.1|G0000041
split_0007	GCA_013415695.1|G0000076
split_0007	GCA_013791785.1|G0000077
split_0007	GCA_020696385.1|G0000114
split_0007	GCA_020725985.1|G0000116
split_0007	GCA_022615805.1|G0000132
split_0007	GCA_026394375.1|G0000159
split_0007	GCA_028279595.1|G0000168
split_0007	GCA_028679985.1|G0000169
split_0007	GCA_029907465.1|G0000179
split_0007	GCA_030594725.1|G0000181
split_0007	GCA_046539605.1|G0000218
split_0007	GCF_000308215.1|G0000245
split_0008	ERR4283445_bin.66|G0000001
split_0008	GCA_002067865.1|G0000022
split_0008	GCA_002497075.1|G0000026
split_0008	GCA_002508545.1|G0000027
split_0008	GCA_003135935.1|G0000041
split_0008	GCA_011046235.1|G0000064
split_0008	GCA_013415695.1|G0000076
split_0008	GCA_013791785.1|G0000077
split_0008	GCA_014859835.1|G0000081
split_0008	GCA_018814355.1|G0000105
split_0008	GCA_020696385.1|G0000114
split_0008	GCA_020725985.1|G0000116
split_0008	GCA_022615805.1|G0000132
split_0008	GCA_026394375.1|G0000159
split_0008	GCA_028279595.1|G0000168
split_0008	GCA_028679985.1|G0000169
split_0008	GCA_029858465.1|G0000178
split_0008	GCA_029907465.1|G0000179
split_0008	GCA_030594725.1|G0000181
split_0008	GCA_030740765.1|G0000195
split_0008	GCA_035529455.1|G0000204
split_0008	GCA_038852315.1|G0000213
split_0008	GCA_046539605.1|G0000218
split_0008	GCF_000308215.1|G0000245
split_0008	GOMC.bin.8344|G0000289
split_0009	ERR4283445_bin.66|G0000001
split_0009	GCA_002067865.1|G0000022
split_0009	GCA_002497075.1|G0000026
split_0009	GCA_002508545.1|G0000027
split_0009	GCA_003135935.1|G0000041
split_0009	GCA_011046235.1|G0000064
split_0009	GCA_013415695.1|G0000076
split_0009	GCA_013791785.1|G0000077
split_0009	GCA_014859835.1|G0000081
split_0009	GCA_018814355.1|G0000105
split_0009	GCA_020696385.1|G0000114
split_0009	GCA_020725985.1|G0000116
split_0009	GCA_022615805.1|G0000132
split_0009	GCA_024281315.1|G0000151
split_0009	GCA_026394375.1|G0000159
split_0009	GCA_028279595.1|G0000168
split_0009	GCA_028679985.1|G0000169
split_0009	GCA_029858465.1|G0000178
split_0009	GCA_029907465.1|G0000179
split_0009	GCA_030594725.1|G0000181
split_0009	GCA_030673205.1|G0000190
split_0009	GCA_030740765.1|G0000195
split_0009	GCA_035529455.1|G0000204
split_0009	GCA_038852315.1|G0000213
split_0009	GCA_046539605.1|G0000218
split_0009	GCA_974499105.1|G0000232
split_0009	GCF_000308215.1|G0000245
split_0009	GOMC.bin.8344|G0000289
split_0010	ERR4283445_bin.66|G0000001
split_0010	GCA_002067865.1|G0000022
split_0010	GCA_002497075.1|G0000026
split_0010	GCA_002508545.1|G0000027
split_0010	GCA_003135935.1|G0000041
split_0010	GCA_011046235.1|G0000064
split_0010	GCA_013415695.1|G0000076
split_0010	GCA_013791785.1|G0000077
split_0010	GCA_014859835.1|G0000081
split_0010	GCA_018814355.1|G0000105
split_0010	GCA_020696385.1|G0000114
split_0010	GCA_020725985.1|G0000116
split_0010	GCA_022615805.1|G0000132
split_0010	GCA_024281315.1|G0000151
split_0010	GCA_026394375.1|G0000159
split_0010	GCA_028279595.1|G0000168
split_0010	GCA_028679985.1|G0000169
split_0010	GCA_029858465.1|G0000178
split_0010	GCA_029907465.1|G0000179
split_0010	GCA_030019435.1|G0000180
split_0010	GCA_030594725.1|G0000181
split_0010	GCA_030673205.1|G0000190
split_0010	GCA_030740765.1|G0000195
split_0010	GCA_035529455.1|G0000204
split_0010	GCA_038852315.1|G0000213
split_0010	GCA_046539605.1|G0000218
split_0010	GCA_974499105.1|G0000232
split_0010	GCF_000308215.1|G0000245
split_0010	GOMC.bin.8344|G0000289
split_0011	ERR4283445_bin.66|G0000001
split_0011	GCA_002067865.1|G0000022
split_0011	GCA_002497075.1|G0000026
split_0011	GCA_002508545.1|G0000027
split_0011	GCA_003135935.1|G0000041
split_0011	GCA_003551675.1|G0000044
split_0011	GCA_003552585.1|G0000045
split_0011	GCA_003560595.1|G0000046
split_0011	GCA_007129655.1|G0000062
split_0011	GCA_011046235.1|G0000064
split_0011	GCA_013415695.1|G0000076
split_0011	GCA_013791785.1|G0000077
split_0011	GCA_014859835.1|G0000081
split_0011	GCA_018814355.1|G0000105
split_0011	GCA_020696385.1|G0000114
split_0011	GCA_020725985.1|G0000116
split_0011	GCA_022615805.1|G0000132
split_0011	GCA_024281315.1|G0000151
split_0011	GCA_026394375.1|G0000159
split_0011	GCA_028279585.1|G0000167
split_0011	GCA_028279595.1|G0000168
split_0011	GCA_028679985.1|G0000169
split_0011	GCA_029858465.1|G0000178
split_0011	GCA_029907465.1|G0000179
split_0011	GCA_030019435.1|G0000180
split_0011	GCA_030594725.1|G0000181
split_0011	GCA_030673205.1|G0000190
split_0011	GCA_030740765.1|G0000195
split_0011	GCA_035529455.1|G0000204
split_0011	GCA_038852315.1|G0000213
split_0011	GCA_046539605.1|G0000218
split_0011	GCA_974499105.1|G0000232
split_0011	GCF_000308215.1|G0000245
split_0011	GOMC.bin.8344|G0000289
split_0012	ERR4283445_bin.66|G0000001
split_0012	GCA_002067865.1|G0000022
split_0012	GCA_002497075.1|G0000026
split_0012	GCA_002508545.1|G0000027
split_0012	GCA_003135935.1|G0000041
split_0012	GCA_003551675.1|G0000044
split_0012	GCA_003552585.1|G0000045
split_0012	GCA_003560595.1|G0000046
split_0012	GCA_007129655.1|G0000062
split_0012	GCA_011046235.1|G0000064
split_0012	GCA_013329495.1|G0000074
split_0012	GCA_013415695.1|G0000076
split_0012	GCA_013791785.1|G0000077
split_0012	GCA_014859835.1|G0000081
split_0012	GCA_018814355.1|G0000105
split_0012	GCA_020696385.1|G0000114
split_0012	GCA_020725985.1|G0000116
split_0012	GCA_022615805.1|G0000132
split_0012	GCA_024281315.1|G0000151
split_0012	GCA_026394375.1|G0000159
split_0012	GCA_028279585.1|G0000167
split_0012	GCA_028279595.1|G0000168
split_0012	GCA_028679985.1|G0000169
split_0012	GCA_028716125.1|G0000170
split_0012	GCA_029858465.1|G0000178
split_0012	GCA_029907465.1|G0000179
split_0012	GCA_030019435.1|G0000180
split_0012	GCA_030594725.1|G0000181
split_0012	GCA_030673205.1|G0000190
split_0012	GCA_030740765.1|G0000195
split_0012	GCA_035529455.1|G0000204
split_0012	GCA_038852315.1|G0000213
split_0012	GCA_046539605.1|G0000218
split_0012	GCA_974499105.1|G0000232
split_0012	GCF_000308215.1|G0000245
split_0012	GOMC.bin.8344|G0000289
split_0013	ERR4283445_bin.66|G0000001
split_0013	GCA_002067865.1|G0000022
split_0013	GCA_002497075.1|G0000026
split_0013	GCA_002508545.1|G0000027
split_0013	GCA_003135935.1|G0000041
split_0013	GCA_003551675.1|G0000044
split_0013	GCA_003552585.1|G0000045
split_0013	GCA_003560595.1|G0000046
split_0013	GCA_003649745.1|G0000048
split_0013	GCA_007129655.1|G0000062
split_0013	GCA_011046235.1|G0000064
split_0013	GCA_013329495.1|G0000074
split_0013	GCA_013415695.1|G0000076
split_0013	GCA_013791785.1|G0000077
split_0013	GCA_014859835.1|G0000081
split_0013	GCA_018814355.1|G0000105
split_0013	GCA_020696385.1|G0000114
split_0013	GCA_020725985.1|G0000116
split_0013	GCA_022615805.1|G0000132
split_0013	GCA_024281315.1|G0000151
split_0013	GCA_026394375.1|G0000159
split_0013	GCA_028279585.1|G0000167
split_0013	GCA_028279595.1|G0000168
split_0013	GCA_028679985.1|G0000169
split_0013	GCA_028716125.1|G0000170
split_0013	GCA_029858465.1|G0000178
split_0013	GCA_029907465.1|G0000179
split_0013	GCA_030019435.1|G0000180
split_0013	GCA_030594725.1|G0000181
split_0013	GCA_030673205.1|G0000190
split_0013	GCA_030740765.1|G0000195
split_0013	GCA_035529455.1|G0000204
split_0013	GCA_038852315.1|G0000213
split_0013	GCA_046539605.1|G0000218
split_0013	GCA_974499105.1|G0000232
split_0013	GCF_000308215.1|G0000245
split_0013	GOMC.bin.8344|G0000289
split_0014	ERR4283445_bin.66|G0000001
split_0014	GCA_002067865.1|G0000022
split_0014	GCA_002497075.1|G0000026
split_0014	GCA_002508545.1|G0000027
split_0014	GCA_003135935.1|G0000041
split_0014	GCA_003551675.1|G0000044
split_0014	GCA_003552585.1|G0000045
split_0014	GCA_003560595.1|G0000046
split_0014	GCA_003649745.1|G0000048
split_0014	GCA_007129655.1|G0000062
split_0014	GCA_011046235.1|G0000064
split_0014	GCA_013329495.1|G0000074
split_0014	GCA_013415695.1|G0000076
split_0014	GCA_013791785.1|G0000077
split_0014	GCA_014859835.1|G0000081
split_0014	GCA_018814355.1|G0000105
split_0014	GCA_020696385.1|G0000114
split_0014	GCA_020725985.1|G0000116
split_0014	GCA_021161865.1|G0000120
split_0014	GCA_022615805.1|G0000132
split_0014	GCA_024281315.1|G0000151
split_0014	GCA_026394375.1|G0000159
split_0014	GCA_028279585.1|G0000167
split_0014	GCA_028279595.1|G0000168
split_0014	GCA_028679985.1|G0000169
split_0014	GCA_028716125.1|G0000170
split_0014	GCA_029762575.1|G0000175
split_0014	GCA_029858465.1|G0000178
split_0014	GCA_029907465.1|G0000179
split_0014	GCA_030019435.1|G0000180
split_0014	GCA_030594725.1|G0000181
split_0014	GCA_030612095.1|G0000187
split_0014	GCA_030673205.1|G0000190
split_0014	GCA_030740765.1|G0000195
split_0014	GCA_035529455.1|G0000204
split_0014	GCA_038852315.1|G0000213
split_0014	GCA_046539605.1|G0000218
split_0014	GCA_974499105.1|G0000232
split_0014	GCF_000308215.1|G0000245
split_0014	GOMC.bin.8344|G0000289
split_0014	GOMC.bin.921|G0000294
split_0015	ERR4283445_bin.66|G0000001
split_0015	GCA_002067865.1|G0000022
split_0015	GCA_002497075.1|G0000026
split_0015	GCA_002508545.1|G0000027
split_0015	GCA_003135935.1|G0000041
split_0015	GCA_003551675.1|G0000044
split_0015	GCA_003552585.1|G0000045
split_0015	GCA_003560595.1|G0000046
split_0015	GCA_003649745.1|G0000048
split_0015	GCA_007129655.1|G0000062
split_0015	GCA_011046235.1|G0000064
split_0015	GCA_011049295.1|G0000065
split_0015	GCA_013329495.1|G0000074
split_0015	GCA_013415695.1|G0000076
split_0015	GCA_013791785.1|G0000077
split_0015	GCA_014859835.1|G0000081
split_0015	GCA_018814355.1|G0000105
split_0015	GCA_020696385.1|G0000114
split_0015	GCA_020725985.1|G0000116
split_0015	GCA_021159125.1|G0000118
split_0015	GCA_021161865.1|G0000120
split_0015	GCA_022615805.1|G0000132
split_0015	GCA_024281315.1|G0000151
split_0015	GCA_026394375.1|G0000159
split_0015	GCA_028279585.1|G0000167
split_0015	GCA_028279595.1|G0000168
split_0015	GCA_028679985.1|G0000169
split_0015	GCA_028716125.1|G0000170
split_0015	GCA_029762575.1|G0000175
split_0015	GCA_029858465.1|G0000178
split_0015	GCA_029907465.1|G0000179
split_0015	GCA_030019435.1|G0000180
split_0015	GCA_030594725.1|G0000181
split_0015	GCA_030612095.1|G0000187
split_0015	GCA_030673205.1|G0000190
split_0015	GCA_030740765.1|G0000195
split_0015	GCA_034660695.1|G0000201
split_0015	GCA_035529455.1|G0000204
split_0015	GCA_038852315.1|G0000213
split_0015	GCA_046539605.1|G0000218
split_0015	GCA_974499105.1|G0000232
split_0015	GCF_000308215.1|G0000245
split_0015	GOMC.bin.8344|G0000289
split_0015	GOMC.bin.921|G0000294
split_0016	GCA_000306725.1|G0000002
split_0016	GCA_001564275.1|G0000007
split_0016	GCA_002010195.1|G0000015
split_0016	GCA_002010215.1|G0000016
split_0016	GCA_002010305.1|G0000019
split_0016	GCA_002011155.2|G0000021
split_0016	GCA_002254385.1|G0000023
split_0016	GCA_002494725.1|G0000025
split_0016	GCA_002839545.1|G0000028
split_0016	GCA_002844335.1|G0000031
split_0016	GCA_003104905.1|G0000040
split_0016	GCA_005954745.1|G0000054
split_0016	GCA_005954745.1|G0000055
split_0016	GCA_007118075.1|G0000056
split_0016	GCA_007118975.1|G0000057
split_0016	GCA_007118975.1|G0000058
split_0016	GCA_007118975.1|G0000059
split_0016	GCA_007122875.1|G0000061
split_0016	GCA_014859725.1|G0000080
split_0016	GCA_015523685.1|G0000084
split_0016	GCA_016841265.1|G0000095
split_0016	GCA_018263395.1|G0000101
split_0016	GCA_019429385.1|G0000111
split_0016	GCA_020696345.1|G0000113
split_0016	GCA_023008585.1|G0000139
split_0016	GCA_023008585.1|G0000141
split_0016	GCA_023145185.1|G0000142
split_0016	GCA_025041175.1|G0000154
split_0016	GCA_025517465.1|G0000156
split_0016	GCA_025517465.1|G0000157
split_0016	GCA_028751075.1|G0000171
split_0016	GCA_029762535.1|G0000174
split_0016	GCA_030594725.1|G0000182
split_0016	GCA_030595765.1|G0000183
split_0016	GCA_030604065.1|G0000184
split_0016	GCA_030611265.1|G0000185
split_0016	GCA_030627385.1|G0000188
split_0016	GCA_030734185.1|G0000191
split_0016	GCA_030734185.1|G0000193
split_0016	GCA_030734185.1|G0000194
split_0016	GCA_031852275.1|G0000196
split_0016	GCA_034190545.1|G0000198
split_0016	GCA_034521615.1|G0000199
split_0016	GCA_035269625.1|G0000203
split_0016	GCA_036626315.1|G0000207
split_0016	GCA_036626315.1|G0000208
split_0016	GCA_037443105.1|G0000210
split_0016	GCA_041599855.1|G0000217
split_0016	GCA_046543335.1|G0000219
split_0016	GCA_046546175.1|G0000220
split_0016	GCA_974486395.1|G0000231
split_0016	GCF_000025325.1|G0000237
split_0016	GCF_000025325.1|G0000238
split_0016	GCF_000237865.1|G0000242
split_0016	GCF_000306765.2|G0000243
split_0016	GCF_000334895.1|G0000246
split_0016	GCF_000403645.1|G0000249
split_0016	GCF_000711905.1|G0000250
split_0016	GCF_001485535.1|G0000251
split_0016	GCF_001485535.1|G0000252
split_0016	GCF_003369835.1|G0000253
split_0016	GCF_014647115.1|G0000255
split_0016	GCF_014647115.1|G0000256
split_0016	GCF_014647475.1|G0000257
split_0016	GCF_017094485.1|G0000258
split_0016	GCF_019693215.1|G0000260
split_0016	GCF_019693215.1|G0000261
split_0016	GCF_021083305.1|G0000262
split_0016	GCF_021083305.1|G0000263
split_0016	GCF_024227995.1|G0000267
split_0016	GCF_026242195.1|G0000268
split_0016	GCF_029338295.1|G0000270
split_0016	GCF_029338295.1|G0000271
split_0016	GCF_030287405.1|G0000272
split_0016	GCF_036429475.1|G0000274
split_0016	GOMC.bin.11431|G0000278
split_0016	GOMC.bin.12128|G0000279
split_0016	GOMC.bin.12128|G0000280
split_0016	GOMC.bin.12150|G0000282
split_0016	GOMC.bin.14106|G0000283
split_0016	GOMC.bin.9202|G0000292
split_0017	GCA_000306725.1|G0000002
split_0017	GCA_001564275.1|G0000007
split_0017	GCA_002010195.1|G0000015
split_0017	GCA_002010215.1|G0000016
split_0017	GCA_002010305.1|G0000019
split_0017	GCA_002011155.2|G0000021
split_0017	GCA_002254385.1|G0000023
split_0017	GCA_002494725.1|G0000025
split_0017	GCA_002839545.1|G0000028
split_0017	GCA_002844335.1|G0000031
split_0017	GCA_003104905.1|G0000040
split_0017	GCA_005954745.1|G0000054
split_0017	GCA_005954745.1|G0000055
split_0017	GCA_007118075.1|G0000056
split_0017	GCA_007118975.1|G0000057
split_0017	GCA_007118975.1|G0000058
split_0017	GCA_007118975.1|G0000059
split_0017	GCA_007122875.1|G0000061
split_0017	GCA_014859725.1|G0000080
split_0017	GCA_015523685.1|G0000084
split_0017	GCA_016841265.1|G0000095
split_0017	GCA_018263395.1|G0000101
split_0017	GCA_019429385.1|G0000111
split_0017	GCA_020696345.1|G0000113
split_0017	GCA_023008585.1|G0000139
split_0017	GCA_023008585.1|G0000141
split_0017	GCA_023145185.1|G0000142
split_0017	GCA_025041175.1|G0000154
split_0017	GCA_025517465.1|G0000156
split_0017	GCA_025517465.1|G0000157
split_0017	GCA_028751075.1|G0000171
split_0017	GCA_029762535.1|G0000174
split_0017	GCA_030594725.1|G0000182
split_0017	GCA_030595765.1|G0000183
split_0017	GCA_030604065.1|G0000184
split_0017	GCA_030611265.1|G0000185
split_0017	GCA_030627385.1|G0000188
split_0017	GCA_030734185.1|G0000191
split_0017	GCA_030734185.1|G0000193
split_0017	GCA_030734185.1|G0000194
split_0017	GCA_031852275.1|G0000196
split_0017	GCA_034190545.1|G0000198
split_0017	GCA_034521615.1|G0000199
split_0017	GCA_035269625.1|G0000203
split_0017	GCA_036626315.1|G0000207
split_0017	GCA_036626315.1|G0000208
split_0017	GCA_037443105.1|G0000210
split_0017	GCA_046543335.1|G0000219
split_0017	GCA_046546175.1|G0000220
split_0017	GCA_974486395.1|G0000231
split_0017	GCF_000025325.1|G0000237
split_0017	GCF_000025325.1|G0000238
split_0017	GCF_000237865.1|G0000242
split_0017	GCF_000306765.2|G0000243
split_0017	GCF_000334895.1|G0000246
split_0017	GCF_000403645.1|G0000249
split_0017	GCF_000711905.1|G0000250
split_0017	GCF_001485535.1|G0000251
split_0017	GCF_001485535.1|G0000252
split_0017	GCF_003369835.1|G0000253
split_0017	GCF_014647115.1|G0000255
split_0017	GCF_014647115.1|G0000256
split_0017	GCF_014647475.1|G0000257
split_0017	GCF_017094485.1|G0000258
split_0017	GCF_019693215.1|G0000260
split_0017	GCF_019693215.1|G0000261
split_0017	GCF_021083305.1|G0000262
split_0017	GCF_021083305.1|G0000263
split_0017	GCF_024227995.1|G0000267
split_0017	GCF_026242195.1|G0000268
split_0017	GCF_029338295.1|G0000270
split_0017	GCF_029338295.1|G0000271
split_0017	GCF_030287405.1|G0000272
split_0017	GCF_036429475.1|G0000274
split_0017	GOMC.bin.11431|G0000278
split_0017	GOMC.bin.12128|G0000279
split_0017	GOMC.bin.12128|G0000280
split_0017	GOMC.bin.12150|G0000282
split_0017	GOMC.bin.14106|G0000283
split_0017	GOMC.bin.9202|G0000292
split_0018	GCA_000306725.1|G0000002
split_0018	GCA_001564275.1|G0000007
split_0018	GCA_002011155.2|G0000021
split_0018	GCA_002254385.1|G0000023
split_0018	GCA_002839545.1|G0000028
split_0018	GCA_002844335.1|G0000031
split_0018	GCA_003104905.1|G0000040
split_0018	GCA_005954745.1|G0000054
split_0018	GCA_005954745.1|G0000055
split_0018	GCA_007118075.1|G0000056
split_0018	GCA_007118975.1|G0000057
split_0018	GCA_007118975.1|G0000058
split_0018	GCA_007118975.1|G0000059
split_0018	GCA_007122875.1|G0000061
split_0018	GCA_014859725.1|G0000080
split_0018	GCA_016841265.1|G0000095
split_0018	GCA_018263395.1|G0000101
split_0018	GCA_019429385.1|G0000111
split_0018	GCA_020696345.1|G0000113
split_0018	GCA_023008585.1|G0000139
split_0018	GCA_023008585.1|G0000141
split_0018	GCA_023145185.1|G0000142
split_0018	GCA_025041175.1|G0000154
split_0018	GCA_025517465.1|G0000156
split_0018	GCA_025517465.1|G0000157
split_0018	GCA_028751075.1|G0000171
split_0018	GCA_029762535.1|G0000174
split_0018	GCA_030594725.1|G0000182
split_0018	GCA_030595765.1|G0000183
split_0018	GCA_030611265.1|G0000185
split_0018	GCA_030627385.1|G0000188
split_0018	GCA_030734185.1|G0000191
split_0018	GCA_030734185.1|G0000193
split_0018	GCA_030734185.1|G0000194
split_0018	GCA_031852275.1|G0000196
split_0018	GCA_034190545.1|G0000198
split_0018	GCA_034521615.1|G0000199
split_0018	GCA_035269625.1|G0000203
split_0018	GCA_036626315.1|G0000207
split_0018	GCA_036626315.1|G0000208
split_0018	GCA_037443105.1|G0000210
split_0018	GCA_046543335.1|G0000219
split_0018	GCA_046546175.1|G0000220
split_0018	GCA_974486395.1|G0000231
split_0018	GCF_000025325.1|G0000237
split_0018	GCF_000025325.1|G0000238
split_0018	GCF_000237865.1|G0000242
split_0018	GCF_000306765.2|G0000243
split_0018	GCF_000334895.1|G0000246
split_0018	GCF_000403645.1|G0000249
split_0018	GCF_000711905.1|G0000250
split_0018	GCF_001485535.1|G0000251
split_0018	GCF_001485535.1|G0000252
split_0018	GCF_003369835.1|G0000253
split_0018	GCF_014647115.1|G0000255
split_0018	GCF_014647115.1|G0000256
split_0018	GCF_014647475.1|G0000257
split_0018	GCF_017094485.1|G0000258
split_0018	GCF_019693215.1|G0000260
split_0018	GCF_019693215.1|G0000261
split_0018	GCF_021083305.1|G0000262
split_0018	GCF_021083305.1|G0000263
split_0018	GCF_024227995.1|G0000267
split_0018	GCF_026242195.1|G0000268
split_0018	GCF_029338295.1|G0000270
split_0018	GCF_029338295.1|G0000271
split_0018	GCF_030287405.1|G0000272
split_0018	GCF_036429475.1|G0000274
split_0018	GOMC.bin.11431|G0000278
split_0018	GOMC.bin.12128|G0000279
split_0018	GOMC.bin.12128|G0000280
split_0018	GOMC.bin.12150|G0000282
split_0018	GOMC.bin.14106|G0000283
split_0018	GOMC.bin.9202|G0000292
split_0019	GCA_000306725.1|G0000002
split_0019	GCA_002011155.2|G0000021
split_0019	GCA_002839545.1|G0000028
split_0019	GCA_003104905.1|G0000040
split_0019	GCA_014859725.1|G0000080
split_0019	GCA_016841265.1|G0000095
split_0019	GCA_019429385.1|G0000111
split_0019	GCA_030611265.1|G0000185
split_0019	GCA_030627385.1|G0000188
split_0019	GCA_037443105.1|G0000210
split_0019	GCA_046546175.1|G0000220
split_0019	GCA_974486395.1|G0000231
split_0019	GCF_000711905.1|G0000250
split_0019	GOMC.bin.14106|G0000283
split_0020	GCA_000306725.1|G0000002
split_0020	GCA_002011155.2|G0000021
split_0020	GCA_002839545.1|G0000028
split_0020	GCA_003104905.1|G0000040
split_0020	GCA_014859725.1|G0000080
split_0020	GCA_016841265.1|G0000095
split_0020	GCA_019429385.1|G0000111
split_0020	GCA_030611265.1|G0000185
split_0020	GCA_030627385.1|G0000188
split_0020	GCA_037443105.1|G0000210
split_0020	GCA_046546175.1|G0000220
split_0020	GCA_974486395.1|G0000231
split_0020	GCF_000711905.1|G0000250
split_0021	GCA_000306725.1|G0000002
split_0021	GCA_002011155.2|G0000021
split_0021	GCA_002839545.1|G0000028
split_0021	GCA_003104905.1|G0000040
split_0021	GCA_014859725.1|G0000080
split_0021	GCA_016841265.1|G0000095
split_0021	GCA_019429385.1|G0000111
split_0021	GCA_030611265.1|G0000185
split_0021	GCA_030627385.1|G0000188
split_0021	GCA_046546175.1|G0000220
split_0021	GCA_974486395.1|G0000231
split_0021	GCF_000711905.1|G0000250
split_0022	GCA_000306725.1|G0000002
split_0022	GCA_002839545.1|G0000028
split_0022	GCA_003104905.1|G0000040
split_0022	GCA_014859725.1|G0000080
split_0022	GCA_016841265.1|G0000095
split_0022	GCA_019429385.1|G0000111
split_0022	GCA_030611265.1|G0000185
split_0022	GCA_030627385.1|G0000188
split_0022	GCA_046546175.1|G0000220
split_0022	GCA_974486395.1|G0000231
split_0022	GCF_000711905.1|G0000250
split_0023	GCA_000306725.1|G0000002
split_0023	GCA_002839545.1|G0000028
split_0023	GCA_003104905.1|G0000040
split_0023	GCA_014859725.1|G0000080
split_0023	GCA_016841265.1|G0000095
split_0023	GCA_019429385.1|G0000111
split_0023	GCA_030611265.1|G0000185
split_0023	GCA_030627385.1|G0000188
split_0023	GCA_046546175.1|G0000220
split_0023	GCA_974486395.1|G0000231
split_0024	GCA_000306725.1|G0000002
split_0024	GCA_002839545.1|G0000028
split_0024	GCA_003104905.1|G0000040
split_0024	GCA_014859725.1|G0000080
split_0024	GCA_016841265.1|G0000095
split_0024	GCA_030611265.1|G0000185
split_0024	GCA_030627385.1|G0000188
split_0024	GCA_046546175.1|G0000220
split_0024	GCA_974486395.1|G0000231
split_0025	GCA_000306725.1|G0000002
split_0025	GCA_002839545.1|G0000028
split_0025	GCA_003104905.1|G0000040
split_0025	GCA_016841265.1|G0000095
split_0025	GCA_030611265.1|G0000185
split_0025	GCA_030627385.1|G0000188
split_0025	GCA_046546175.1|G0000220
split_0025	GCA_974486395.1|G0000231
split_0026	GCA_000306725.1|G0000002
split_0026	GCA_002839545.1|G0000028
split_0026	GCA_003104905.1|G0000040
split_0026	GCA_016841265.1|G0000095
split_0026	GCA_030611265.1|G0000185
split_0026	GCA_046546175.1|G0000220
split_0026	GCA_974486395.1|G0000231
split_0027	GCA_000306725.1|G0000002
split_0027	GCA_016841265.1|G0000095
split_0027	GCA_030611265.1|G0000185
split_0027	GCA_046546175.1|G0000220
split_0028	GCA_000306725.1|G0000002
split_0028	GCA_030611265.1|G0000185
split_0028	GCA_046546175.1|G0000220
split_0029	GCA_000306725.1|G0000002
split_0029	GCA_046546175.1|G0000220
split_0030	GCA_002839545.1|G0000028
split_0030	GCA_003104905.1|G0000040
split_0030	GCA_974486395.1|G0000231
split_0031	GCA_003104905.1|G0000040
split_0031	GCA_974486395.1|G0000231
split_0032	GCA_001564275.1|G0000007
split_0032	GCA_002254385.1|G0000023
split_0032	GCA_002844335.1|G0000031
split_0032	GCA_005954745.1|G0000054
split_0032	GCA_005954745.1|G0000055
split_0032	GCA_007118075.1|G0000056
split_0032	GCA_007118975.1|G0000057
split_0032	GCA_007118975.1|G0000058
split_0032	GCA_007118975.1|G0000059
split_0032	GCA_007122875.1|G0000061
split_0032	GCA_018263395.1|G0000101
split_0032	GCA_020696345.1|G0000113
split_0032	GCA_023008585.1|G0000139
split_0032	GCA_023008585.1|G0000141
split_0032	GCA_023145185.1|G0000142
split_0032	GCA_025041175.1|G0000154
split_0032	GCA_025517465.1|G0000156
split_0032	GCA_025517465.1|G0000157
split_0032	GCA_028751075.1|G0000171
split_0032	GCA_029762535.1|G0000174
split_0032	GCA_030594725.1|G0000182
split_0032	GCA_030595765.1|G0000183
split_0032	GCA_030734185.1|G0000191
split_0032	GCA_030734185.1|G0000193
split_0032	GCA_030734185.1|G0000194
split_0032	GCA_031852275.1|G0000196
split_0032	GCA_034190545.1|G0000198
split_0032	GCA_034521615.1|G0000199
split_0032	GCA_035269625.1|G0000203
split_0032	GCA_036626315.1|G0000207
split_0032	GCA_036626315.1|G0000208
split_0032	GCA_046543335.1|G0000219
split_0032	GCF_000025325.1|G0000237
split_0032	GCF_000025325.1|G0000238
split_0032	GCF_000237865.1|G0000242
split_0032	GCF_000306765.2|G0000243
split_0032	GCF_000334895.1|G0000246
split_0032	GCF_000403645.1|G0000249
split_0032	GCF_001485535.1|G0000251
split_0032	GCF_001485535.1|G0000252
split_0032	GCF_003369835.1|G0000253
split_0032	GCF_014647115.1|G0000255
split_0032	GCF_014647115.1|G0000256
split_0032	GCF_014647475.1|G0000257
split_0032	GCF_017094485.1|G0000258
split_0032	GCF_019693215.1|G0000260
split_0032	GCF_019693215.1|G0000261
split_0032	GCF_021083305.1|G0000262
split_0032	GCF_021083305.1|G0000263
split_0032	GCF_024227995.1|G0000267
split_0032	GCF_026242195.1|G0000268
split_0032	GCF_029338295.1|G0000270
split_0032	GCF_029338295.1|G0000271
split_0032	GCF_030287405.1|G0000272
split_0032	GCF_036429475.1|G0000274
split_0032	GOMC.bin.11431|G0000278
split_0032	GOMC.bin.12128|G0000279
split_0032	GOMC.bin.12128|G0000280
split_0032	GOMC.bin.12150|G0000282
split_0032	GOMC.bin.9202|G0000292
split_0033	GCA_001564275.1|G0000007
split_0033	GCA_002254385.1|G0000023
split_0033	GCA_002844335.1|G0000031
split_0033	GCA_005954745.1|G0000054
split_0033	GCA_005954745.1|G0000055
split_0033	GCA_007118075.1|G0000056
split_0033	GCA_007118975.1|G0000057
split_0033	GCA_007118975.1|G0000058
split_0033	GCA_007118975.1|G0000059
split_0033	GCA_007122875.1|G0000061
split_0033	GCA_018263395.1|G0000101
split_0033	GCA_023008585.1|G0000139
split_0033	GCA_023008585.1|G0000141
split_0033	GCA_023145185.1|G0000142
split_0033	GCA_025041175.1|G0000154
split_0033	GCA_025517465.1|G0000156
split_0033	GCA_025517465.1|G0000157
split_0033	GCA_028751075.1|G0000171
split_0033	GCA_029762535.1|G0000174
split_0033	GCA_030734185.1|G0000191
split_0033	GCA_030734185.1|G0000193
split_0033	GCA_030734185.1|G0000194
split_0033	GCA_031852275.1|G0000196
split_0033	GCA_034190545.1|G0000198
split_0033	GCA_034521615.1|G0000199
split_0033	GCA_035269625.1|G0000203
split_0033	GCA_036626315.1|G0000207
split_0033	GCA_036626315.1|G0000208
split_0033	GCA_046543335.1|G0000219
split_0033	GCF_000025325.1|G0000237
split_0033	GCF_000025325.1|G0000238
split_0033	GCF_000237865.1|G0000242
split_0033	GCF_000306765.2|G0000243
split_0033	GCF_000334895.1|G0000246
split_0033	GCF_000403645.1|G0000249
split_0033	GCF_001485535.1|G0000251
split_0033	GCF_001485535.1|G0000252
split_0033	GCF_003369835.1|G0000253
split_0033	GCF_014647115.1|G0000255
split_0033	GCF_014647115.1|G0000256
split_0033	GCF_014647475.1|G0000257
split_0033	GCF_017094485.1|G0000258
split_0033	GCF_019693215.1|G0000260
split_0033	GCF_019693215.1|G0000261
split_0033	GCF_021083305.1|G0000262
split_0033	GCF_021083305.1|G0000263
split_0033	GCF_024227995.1|G0000267
split_0033	GCF_026242195.1|G0000268
split_0033	GCF_029338295.1|G0000270
split_0033	GCF_029338295.1|G0000271
split_0033	GCF_030287405.1|G0000272
split_0033	GCF_036429475.1|G0000274
split_0033	GOMC.bin.11431|G0000278
split_0033	GOMC.bin.12128|G0000279
split_0033	GOMC.bin.12128|G0000280
split_0033	GOMC.bin.12150|G0000282
split_0033	GOMC.bin.9202|G0000292
split_0034	GCA_001564275.1|G0000007
split_0034	GCA_002254385.1|G0000023
split_0034	GCA_002844335.1|G0000031
split_0034	GCA_005954745.1|G0000054
split_0034	GCA_005954745.1|G0000055
split_0034	GCA_007118075.1|G0000056
split_0034	GCA_007118975.1|G0000057
split_0034	GCA_007118975.1|G0000058
split_0034	GCA_007118975.1|G0000059
split_0034	GCA_007122875.1|G0000061
split_0034	GCA_023008585.1|G0000139
split_0034	GCA_023008585.1|G0000141
split_0034	GCA_023145185.1|G0000142
split_0034	GCA_025041175.1|G0000154
split_0034	GCA_025517465.1|G0000156
split_0034	GCA_025517465.1|G0000157
split_0034	GCA_028751075.1|G0000171
split_0034	GCA_029762535.1|G0000174
split_0034	GCA_030734185.1|G0000191
split_0034	GCA_030734185.1|G0000193
split_0034	GCA_030734185.1|G0000194
split_0034	GCA_031852275.1|G0000196
split_0034	GCA_034190545.1|G0000198
split_0034	GCA_034521615.1|G0000199
split_0034	GCA_035269625.1|G0000203
split_0034	GCA_036626315.1|G0000207
split_0034	GCA_036626315.1|G0000208
split_0034	GCA_046543335.1|G0000219
split_0034	GCF_000025325.1|G0000237
split_0034	GCF_000025325.1|G0000238
split_0034	GCF_000237865.1|G0000242
split_0034	GCF_000306765.2|G0000243
split_0034	GCF_000334895.1|G0000246
split_0034	GCF_000403645.1|G0000249
split_0034	GCF_001485535.1|G0000251
split_0034	GCF_001485535.1|G0000252
split_0034	GCF_003369835.1|G0000253
split_0034	GCF_014647115.1|G0000255
split_0034	GCF_014647115.1|G0000256
split_0034	GCF_014647475.1|G0000257
split_0034	GCF_017094485.1|G0000258
split_0034	GCF_019693215.1|G0000260
split_0034	GCF_019693215.1|G0000261
split_0034	GCF_021083305.1|G0000262
split_0034	GCF_021083305.1|G0000263
split_0034	GCF_024227995.1|G0000267
split_0034	GCF_026242195.1|G0000268
split_0034	GCF_029338295.1|G0000270
split_0034	GCF_029338295.1|G0000271
split_0034	GCF_030287405.1|G0000272
split_0034	GCF_036429475.1|G0000274
split_0034	GOMC.bin.11431|G0000278
split_0034	GOMC.bin.12128|G0000279
split_0034	GOMC.bin.12128|G0000280
split_0034	GOMC.bin.12150|G0000282
split_0034	GOMC.bin.9202|G0000292
split_0035	GCA_001564275.1|G0000007
split_0035	GCA_002844335.1|G0000031
split_0035	GCA_005954745.1|G0000054
split_0035	GCA_005954745.1|G0000055
split_0035	GCA_007118075.1|G0000056
split_0035	GCA_007118975.1|G0000057
split_0035	GCA_007118975.1|G0000058
split_0035	GCA_007118975.1|G0000059
split_0035	GCA_007122875.1|G0000061
split_0035	GCA_023008585.1|G0000139
split_0035	GCA_023008585.1|G0000141
split_0035	GCA_025041175.1|G0000154
split_0035	GCA_025517465.1|G0000156
split_0035	GCA_025517465.1|G0000157
split_0035	GCA_028751075.1|G0000171
split_0035	GCA_030734185.1|G0000191
split_0035	GCA_030734185.1|G0000193
split_0035	GCA_030734185.1|G0000194
split_0035	GCA_031852275.1|G0000196
split_0035	GCA_034190545.1|G0000198
split_0035	GCA_034521615.1|G0000199
split_0035	GCA_035269625.1|G0000203
split_0035	GCA_036626315.1|G0000207
split_0035	GCA_036626315.1|G0000208
split_0035	GCA_046543335.1|G0000219
split_0035	GCF_000025325.1|G0000237
split_0035	GCF_000025325.1|G0000238
split_0035	GCF_000237865.1|G0000242
split_0035	GCF_000306765.2|G0000243
split_0035	GCF_000334895.1|G0000246
split_0035	GCF_000403645.1|G0000249
split_0035	GCF_001485535.1|G0000251
split_0035	GCF_001485535.1|G0000252
split_0035	GCF_003369835.1|G0000253
split_0035	GCF_014647115.1|G0000255
split_0035	GCF_014647115.1|G0000256
split_0035	GCF_014647475.1|G0000257
split_0035	GCF_017094485.1|G0000258
split_0035	GCF_019693215.1|G0000260
split_0035	GCF_019693215.1|G0000261
split_0035	GCF_021083305.1|G0000262
split_0035	GCF_021083305.1|G0000263
split_0035	GCF_024227995.1|G0000267
split_0035	GCF_026242195.1|G0000268
split_0035	GCF_029338295.1|G0000270
split_0035	GCF_029338295.1|G0000271
split_0035	GCF_030287405.1|G0000272
split_0035	GCF_036429475.1|G0000274
split_0035	GOMC.bin.11431|G0000278
split_0035	GOMC.bin.12128|G0000279
split_0035	GOMC.bin.12128|G0000280
split_0035	GOMC.bin.12150|G0000282
split_0035	GOMC.bin.9202|G0000292
split_0036	GCA_001564275.1|G0000007
split_0036	GCA_002844335.1|G0000031
split_0036	GCA_005954745.1|G0000054
split_0036	GCA_005954745.1|G0000055
split_0036	GCA_007118075.1|G0000056
split_0036	GCA_007118975.1|G0000057
split_0036	GCA_007118975.1|G0000058
split_0036	GCA_007118975.1|G0000059
split_0036	GCA_007122875.1|G0000061
split_0036	GCA_023008585.1|G0000139
split_0036	GCA_023008585.1|G0000141
split_0036	GCA_025041175.1|G0000154
split_0036	GCA_025517465.1|G0000156
split_0036	GCA_025517465.1|G0000157
split_0036	GCA_028751075.1|G0000171
split_0036	GCA_030734185.1|G0000191
split_0036	GCA_030734185.1|G0000193
split_0036	GCA_030734185.1|G0000194
split_0036	GCA_031852275.1|G0000196
split_0036	GCA_034190545.1|G0000198
split_0036	GCA_034521615.1|G0000199
split_0036	GCA_035269625.1|G0000203
split_0036	GCA_036626315.1|G0000207
split_0036	GCA_036626315.1|G0000208
split_0036	GCA_046543335.1|G0000219
split_0036	GCF_000025325.1|G0000237
split_0036	GCF_000025325.1|G0000238
split_0036	GCF_000237865.1|G0000242
split_0036	GCF_000306765.2|G0000243
split_0036	GCF_000334895.1|G0000246
split_0036	GCF_000403645.1|G0000249
split_0036	GCF_001485535.1|G0000251
split_0036	GCF_001485535.1|G0000252
split_0036	GCF_003369835.1|G0000253
split_0036	GCF_014647115.1|G0000255
split_0036	GCF_014647115.1|G0000256
split_0036	GCF_014647475.1|G0000257
split_0036	GCF_017094485.1|G0000258
split_0036	GCF_019693215.1|G0000260
split_0036	GCF_021083305.1|G0000262
split_0036	GCF_021083305.1|G0000263
split_0036	GCF_024227995.1|G0000267
split_0036	GCF_026242195.1|G0000268
split_0036	GCF_029338295.1|G0000270
split_0036	GCF_029338295.1|G0000271
split_0036	GCF_030287405.1|G0000272
split_0036	GCF_036429475.1|G0000274
split_0036	GOMC.bin.11431|G0000278
split_0036	GOMC.bin.12128|G0000279
split_0036	GOMC.bin.12128|G0000280
split_0036	GOMC.bin.12150|G0000282
split_0036	GOMC.bin.9202|G0000292
split_0037	GCA_001564275.1|G0000007
split_0037	GCA_002844335.1|G0000031
split_0037	GCA_005954745.1|G0000054
split_0037	GCA_005954745.1|G0000055
split_0037	GCA_007118975.1|G0000057
split_0037	GCA_007118975.1|G0000058
split_0037	GCA_007118975.1|G0000059
split_0037	GCA_007122875.1|G0000061
split_0037	GCA_023008585.1|G0000139
split_0037	GCA_023008585.1|G0000141
split_0037	GCA_025041175.1|G0000154
split_0037	GCA_025517465.1|G0000156
split_0037	GCA_025517465.1|G0000157
split_0037	GCA_028751075.1|G0000171
split_0037	GCA_030734185.1|G0000191
split_0037	GCA_030734185.1|G0000193
split_0037	GCA_030734185.1|G0000194
split_0037	GCA_031852275.1|G0000196
split_0037	GCA_034190545.1|G0000198
split_0037	GCA_034521615.1|G0000199
split_0037	GCA_035269625.1|G0000203
split_0037	GCA_036626315.1|G0000207
split_0037	GCA_036626315.1|G0000208
split_0037	GCA_046543335.1|G0000219
split_0037	GCF_000025325.1|G0000237
split_0037	GCF_000025325.1|G0000238
split_0037	GCF_000237865.1|G0000242
split_0037	GCF_000306765.2|G0000243
split_0037	GCF_000334895.1|G0000246
split_0037	GCF_000403645.1|G0000249
split_0037	GCF_001485535.1|G0000251
split_0037	GCF_001485535.1|G0000252
split_0037	GCF_003369835.1|G0000253
split_0037	GCF_014647115.1|G0000255
split_0037	GCF_014647115.1|G0000256
split_0037	GCF_014647475.1|G0000257
split_0037	GCF_017094485.1|G0000258
split_0037	GCF_019693215.1|G0000260
split_0037	GCF_021083305.1|G0000262
split_0037	GCF_021083305.1|G0000263
split_0037	GCF_024227995.1|G0000267
split_0037	GCF_026242195.1|G0000268
split_0037	GCF_029338295.1|G0000270
split_0037	GCF_029338295.1|G0000271
split_0037	GCF_030287405.1|G0000272
split_0037	GCF_036429475.1|G0000274
split_0037	GOMC.bin.11431|G0000278
split_0037	GOMC.bin.12128|G0000279
split_0037	GOMC.bin.12128|G0000280
split_0037	GOMC.bin.12150|G0000282
split_0037	GOMC.bin.9202|G0000292
split_0038	GCA_001564275.1|G0000007
split_0038	GCA_002844335.1|G0000031
split_0038	GCA_005954745.1|G0000054
split_0038	GCA_005954745.1|G0000055
split_0038	GCA_007118975.1|G0000058
split_0038	GCA_007118975.1|G0000059
split_0038	GCA_007122875.1|G0000061
split_0038	GCA_023008585.1|G0000139
split_0038	GCA_023008585.1|G0000141
split_0038	GCA_025041175.1|G0000154
split_0038	GCA_025517465.1|G0000156
split_0038	GCA_025517465.1|G0000157
split_0038	GCA_028751075.1|G0000171
split_0038	GCA_030734185.1|G0000191
split_0038	GCA_030734185.1|G0000193
split_0038	GCA_030734185.1|G0000194
split_0038	GCA_031852275.1|G0000196
split_0038	GCA_034190545.1|G0000198
split_0038	GCA_035269625.1|G0000203
split_0038	GCA_036626315.1|G0000207
split_0038	GCA_036626315.1|G0000208
split_0038	GCA_046543335.1|G0000219
split_0038	GCF_000025325.1|G0000237
split_0038	GCF_000025325.1|G0000238
split_0038	GCF_000237865.1|G0000242
split_0038	GCF_000306765.2|G0000243
split_0038	GCF_000334895.1|G0000246
split_0038	GCF_000403645.1|G0000249
split_0038	GCF_001485535.1|G0000251
split_0038	GCF_001485535.1|G0000252
split_0038	GCF_003369835.1|G0000253
split_0038	GCF_014647115.1|G0000255
split_0038	GCF_014647115.1|G0000256
split_0038	GCF_014647475.1|G0000257
split_0038	GCF_017094485.1|G0000258
split_0038	GCF_019693215.1|G0000260
split_0038	GCF_021083305.1|G0000262
split_0038	GCF_021083305.1|G0000263
split_0038	GCF_024227995.1|G0000267
split_0038	GCF_026242195.1|G0000268
split_0038	GCF_029338295.1|G0000270
split_0038	GCF_029338295.1|G0000271
split_0038	GCF_030287405.1|G0000272
split_0038	GCF_036429475.1|G0000274
split_0038	GOMC.bin.12128|G0000279
split_0038	GOMC.bin.12128|G0000280
split_0038	GOMC.bin.12150|G0000282
split_0038	GOMC.bin.9202|G0000292
split_0039	GCA_001564275.1|G0000007
split_0039	GCA_002844335.1|G0000031
split_0039	GCA_005954745.1|G0000054
split_0039	GCA_005954745.1|G0000055
split_0039	GCA_007118975.1|G0000058
split_0039	GCA_007118975.1|G0000059
split_0039	GCA_007122875.1|G0000061
split_0039	GCA_023008585.1|G0000139
split_0039	GCA_023008585.1|G0000141
split_0039	GCA_025041175.1|G0000154
split_0039	GCA_025517465.1|G0000156
split_0039	GCA_025517465.1|G0000157
split_0039	GCA_028751075.1|G0000171
split_0039	GCA_030734185.1|G0000191
split_0039	GCA_030734185.1|G0000193
split_0039	GCA_030734185.1|G0000194
split_0039	GCA_031852275.1|G0000196
split_0039	GCA_035269625.1|G0000203
split_0039	GCA_036626315.1|G0000207
split_0039	GCA_036626315.1|G0000208
split_0039	GCA_046543335.1|G0000219
split_0039	GCF_000025325.1|G0000237
split_0039	GCF_000025325.1|G0000238
split_0039	GCF_000237865.1|G0000242
split_0039	GCF_000306765.2|G0000243
split_0039	GCF_000334895.1|G0000246
split_0039	GCF_000403645.1|G0000249
split_0039	GCF_001485535.1|G0000251
split_0039	GCF_001485535.1|G0000252
split_0039	GCF_003369835.1|G0000253
split_0039	GCF_014647115.1|G0000255
split_0039	GCF_014647115.1|G0000256
split_0039	GCF_014647475.1|G0000257
split_0039	GCF_017094485.1|G0000258
split_0039	GCF_019693215.1|G0000260
split_0039	GCF_021083305.1|G0000262
split_0039	GCF_021083305.1|G0000263
split_0039	GCF_024227995.1|G0000267
split_0039	GCF_026242195.1|G0000268
split_0039	GCF_029338295.1|G0000270
split_0039	GCF_029338295.1|G0000271
split_0039	GCF_030287405.1|G0000272
split_0039	GCF_036429475.1|G0000274
split_0039	GOMC.bin.12128|G0000279
split_0039	GOMC.bin.12128|G0000280
split_0039	GOMC.bin.12150|G0000282
split_0039	GOMC.bin.9202|G0000292
split_0040	GCA_001564275.1|G0000007
split_0040	GCA_002844335.1|G0000031
split_0040	GCA_005954745.1|G0000054
split_0040	GCA_005954745.1|G0000055
split_0040	GCA_007118975.1|G0000058
split_0040	GCA_007118975.1|G0000059
split_0040	GCA_007122875.1|G0000061
split_0040	GCA_023008585.1|G0000139
split_0040	GCA_023008585.1|G0000141
split_0040	GCA_025041175.1|G0000154
split_0040	GCA_025517465.1|G0000156
split_0040	GCA_025517465.1|G0000157
split_0040	GCA_028751075.1|G0000171
split_0040	GCA_030734185.1|G0000191
split_0040	GCA_030734185.1|G0000193
split_0040	GCA_030734185.1|G0000194
split_0040	GCA_031852275.1|G0000196
split_0040	GCA_035269625.1|G0000203
split_0040	GCA_036626315.1|G0000207
split_0040	GCA_036626315.1|G0000208
split_0040	GCA_046543335.1|G0000219
split_0040	GCF_000025325.1|G0000237
split_0040	GCF_000025325.1|G0000238
split_0040	GCF_000237865.1|G0000242
split_0040	GCF_000306765.2|G0000243
split_0040	GCF_000334895.1|G0000246
split_0040	GCF_000403645.1|G0000249
split_0040	GCF_001485535.1|G0000251
split_0040	GCF_001485535.1|G0000252
split_0040	GCF_003369835.1|G0000253
split_0040	GCF_014647115.1|G0000255
split_0040	GCF_014647115.1|G0000256
split_0040	GCF_014647475.1|G0000257
split_0040	GCF_017094485.1|G0000258
split_0040	GCF_019693215.1|G0000260
split_0040	GCF_021083305.1|G0000262
split_0040	GCF_021083305.1|G0000263
split_0040	GCF_024227995.1|G0000267
split_0040	GCF_026242195.1|G0000268
split_0040	GCF_029338295.1|G0000270
split_0040	GCF_029338295.1|G0000271
split_0040	GCF_030287405.1|G0000272
split_0040	GCF_036429475.1|G0000274
split_0040	GOMC.bin.12128|G0000280
split_0040	GOMC.bin.12150|G0000282
split_0040	GOMC.bin.9202|G0000292
split_0041	GCA_001564275.1|G0000007
split_0041	GCA_002844335.1|G0000031
split_0041	GCA_005954745.1|G0000054
split_0041	GCA_005954745.1|G0000055
split_0041	GCA_007118975.1|G0000058
split_0041	GCA_007122875.1|G0000061
split_0041	GCA_023008585.1|G0000139
split_0041	GCA_023008585.1|G0000141
split_0041	GCA_025041175.1|G0000154
split_0041	GCA_025517465.1|G0000156
split_0041	GCA_025517465.1|G0000157
split_0041	GCA_028751075.1|G0000171
split_0041	GCA_030734185.1|G0000191
split_0041	GCA_030734185.1|G0000193
split_0041	GCA_030734185.1|G0000194
split_0041	GCA_031852275.1|G0000196
split_0041	GCA_035269625.1|G0000203
split_0041	GCA_036626315.1|G0000207
split_0041	GCA_036626315.1|G0000208
split_0041	GCA_046543335.1|G0000219
split_0041	GCF_000025325.1|G0000237
split_0041	GCF_000025325.1|G0000238
split_0041	GCF_000237865.1|G0000242
split_0041	GCF_000306765.2|G0000243
split_0041	GCF_000403645.1|G0000249
split_0041	GCF_001485535.1|G0000251
split_0041	GCF_001485535.1|G0000252
split_0041	GCF_003369835.1|G0000253
split_0041	GCF_014647115.1|G0000255
split_0041	GCF_014647115.1|G0000256
split_0041	GCF_014647475.1|G0000257
split_0041	GCF_017094485.1|G0000258
split_0041	GCF_019693215.1|G0000260
split_0041	GCF_021083305.1|G0000262
split_0041	GCF_021083305.1|G0000263
split_0041	GCF_024227995.1|G0000267
split_0041	GCF_026242195.1|G0000268
split_0041	GCF_029338295.1|G0000270
split_0041	GCF_029338295.1|G0000271
split_0041	GCF_030287405.1|G0000272
split_0041	GCF_036429475.1|G0000274
split_0041	GOMC.bin.12128|G0000280
split_0041	GOMC.bin.12150|G0000282
split_0041	GOMC.bin.9202|G0000292
split_0042	GCA_001564275.1|G0000007
split_0042	GCA_002844335.1|G0000031
split_0042	GCA_005954745.1|G0000054
split_0042	GCA_005954745.1|G0000055
split_0042	GCA_007118975.1|G0000058
split_0042	GCA_007122875.1|G0000061
split_0042	GCA_023008585.1|G0000139
split_0042	GCA_023008585.1|G0000141
split_0042	GCA_025041175.1|G0000154
split_0042	GCA_025517465.1|G0000156
split_0042	GCA_025517465.1|G0000157
split_0042	GCA_028751075.1|G0000171
split_0042	GCA_030734185.1|G0000191
split_0042	GCA_030734185.1|G0000193
split_0042	GCA_030734185.1|G0000194
split_0042	GCA_031852275.1|G0000196
split_0042	GCA_035269625.1|G0000203
split_0042	GCA_036626315.1|G0000207
split_0042	GCA_036626315.1|G0000208
split_0042	GCA_046543335.1|G0000219
split_0042	GCF_000025325.1|G0000237
split_0042	GCF_000025325.1|G0000238
split_0042	GCF_000237865.1|G0000242
split_0042	GCF_000306765.2|G0000243
split_0042	GCF_000403645.1|G0000249
split_0042	GCF_001485535.1|G0000251
split_0042	GCF_001485535.1|G0000252
split_0042	GCF_003369835.1|G0000253
split_0042	GCF_014647115.1|G0000255
split_0042	GCF_014647115.1|G0000256
split_0042	GCF_014647475.1|G0000257
split_0042	GCF_017094485.1|G0000258
split_0042	GCF_021083305.1|G0000262
split_0042	GCF_021083305.1|G0000263
split_0042	GCF_024227995.1|G0000267
split_0042	GCF_026242195.1|G0000268
split_0042	GCF_029338295.1|G0000271
split_0042	GCF_030287405.1|G0000272
split_0042	GCF_036429475.1|G0000274
split_0042	GOMC.bin.12128|G0000280
split_0042	GOMC.bin.12150|G0000282
split_0042	GOMC.bin.9202|G0000292
split_0043	GCA_001564275.1|G0000007
split_0043	GCA_002844335.1|G0000031
split_0043	GCA_005954745.1|G0000054
split_0043	GCA_005954745.1|G0000055
split_0043	GCA_025041175.1|G0000154
split_0043	GCA_025517465.1|G0000156
split_0043	GCA_025517465.1|G0000157
split_0043	GCA_030734185.1|G0000193
split_0043	GCA_030734185.1|G0000194
split_0043	GCA_035269625.1|G0000203
split_0043	GCA_036626315.1|G0000207
split_0043	GCA_036626315.1|G0000208
split_0043	GCF_000237865.1|G0000242
split_0043	GCF_000403645.1|G0000249
split_0043	GCF_001485535.1|G0000251
split_0043	GCF_001485535.1|G0000252
split_0043	GCF_014647115.1|G0000255
split_0043	GCF_014647115.1|G0000256
split_0043	GCF_014647475.1|G0000257
split_0043	GCF_021083305.1|G0000263
split_0043	GCF_029338295.1|G0000271
split_0043	GCF_030287405.1|G0000272
split_0043	GOMC.bin.12128|G0000280
split_0043	GOMC.bin.12150|G0000282
split_0044	GCA_001564275.1|G0000007
split_0044	GCA_002844335.1|G0000031
split_0044	GCA_005954745.1|G0000054
split_0044	GCA_005954745.1|G0000055
split_0044	GCA_025041175.1|G0000154
split_0044	GCA_025517465.1|G0000156
split_0044	GCA_025517465.1|G0000157
split_0044	GCA_030734185.1|G0000193
split_0044	GCA_030734185.1|G0000194
split_0044	GCA_036626315.1|G0000207
split_0044	GCF_000237865.1|G0000242
split_0044	GCF_000403645.1|G0000249
split_0044	GCF_001485535.1|G0000251
split_0044	GCF_001485535.1|G0000252
split_0044	GCF_014647115.1|G0000255
split_0044	GCF_014647115.1|G0000256
split_0044	GCF_014647475.1|G0000257
split_0044	GCF_021083305.1|G0000263
split_0044	GCF_029338295.1|G0000271
split_0044	GCF_030287405.1|G0000272
split_0044	GOMC.bin.12128|G0000280
split_0044	GOMC.bin.12150|G0000282
split_0045	GCA_001564275.1|G0000007
split_0045	GCA_002844335.1|G0000031
split_0045	GCA_005954745.1|G0000054
split_0045	GCA_005954745.1|G0000055
split_0045	GCA_025517465.1|G0000157
split_0045	GCA_036626315.1|G0000207
split_0045	GCF_000237865.1|G0000242
split_0045	GCF_000403645.1|G0000249
split_0045	GCF_001485535.1|G0000251
split_0045	GOMC.bin.12150|G0000282
split_0046	GCA_001564275.1|G0000007
split_0046	GCA_002844335.1|G0000031
split_0046	GCA_005954745.1|G0000055
split_0046	GCA_036626315.1|G0000207
split_0046	GCF_000237865.1|G0000242
split_0046	GCF_001485535.1|G0000251
split_0047	GCA_001564275.1|G0000007
split_0047	GCA_002844335.1|G0000031
split_0047	GCA_005954745.1|G0000055
split_0047	GCA_036626315.1|G0000207
split_0047	GCF_000237865.1|G0000242
split_0048	GCA_001564275.1|G0000007
split_0048	GCA_036626315.1|G0000207
split_0048	GCF_000237865.1|G0000242
split_0049	GCA_001564275.1|G0000007
split_0049	GCA_036626315.1|G0000207
split_0050	GCA_002844335.1|G0000031
split_0050	GCA_005954745.1|G0000055
split_0051	GCA_005954745.1|G0000054
split_0051	GCA_025517465.1|G0000157
split_0051	GCF_000403645.1|G0000249
split_0051	GOMC.bin.12150|G0000282
split_0052	GCA_005954745.1|G0000054
split_0052	GCF_000403645.1|G0000249
split_0053	GCA_025517465.1|G0000157
split_0053	GOMC.bin.12150|G0000282
split_0054	GCA_025041175.1|G0000154
split_0054	GCA_025517465.1|G0000156
split_0054	GCA_030734185.1|G0000193
split_0054	GCA_030734185.1|G0000194
split_0054	GCF_001485535.1|G0000252
split_0054	GCF_014647115.1|G0000255
split_0054	GCF_014647115.1|G0000256
split_0054	GCF_014647475.1|G0000257
split_0054	GCF_021083305.1|G0000263
split_0054	GCF_029338295.1|G0000271
split_0054	GCF_030287405.1|G0000272
split_0054	GOMC.bin.12128|G0000280
split_0055	GCA_025041175.1|G0000154
split_0055	GCA_025517465.1|G0000156
split_0055	GCA_030734185.1|G0000193
split_0055	GCA_030734185.1|G0000194
split_0055	GCF_001485535.1|G0000252
split_0055	GCF_014647115.1|G0000255
split_0055	GCF_014647115.1|G0000256
split_0055	GCF_014647475.1|G0000257
split_0055	GCF_021083305.1|G0000263
split_0055	GCF_029338295.1|G0000271
split_0055	GCF_030287405.1|G0000272
split_0056	GCA_025041175.1|G0000154
split_0056	GCA_025517465.1|G0000156
split_0056	GCA_030734185.1|G0000194
split_0056	GCF_014647475.1|G0000257
split_0056	GCF_021083305.1|G0000263
split_0057	GCA_025041175.1|G0000154
split_0057	GCA_025517465.1|G0000156
split_0057	GCA_030734185.1|G0000194
split_0057	GCF_021083305.1|G0000263
split_0058	GCA_025041175.1|G0000154
split_0058	GCF_021083305.1|G0000263
split_0059	GCA_025517465.1|G0000156
split_0059	GCA_030734185.1|G0000194
split_0060	GCA_030734185.1|G0000193
split_0060	GCF_001485535.1|G0000252
split_0060	GCF_014647115.1|G0000255
split_0060	GCF_014647115.1|G0000256
split_0060	GCF_029338295.1|G0000271
split_0060	GCF_030287405.1|G0000272
split_0061	GCA_030734185.1|G0000193
split_0061	GCF_001485535.1|G0000252
split_0061	GCF_014647115.1|G0000255
split_0061	GCF_014647115.1|G0000256
split_0062	GCA_030734185.1|G0000193
split_0062	GCF_001485535.1|G0000252
split_0062	GCF_014647115.1|G0000255
split_0063	GCA_030734185.1|G0000193
split_0063	GCF_001485535.1|G0000252
split_0064	GCF_029338295.1|G0000271
split_0064	GCF_030287405.1|G0000272
split_0065	GCA_035269625.1|G0000203
split_0065	GCA_036626315.1|G0000208
split_0066	GCA_007118975.1|G0000058
split_0066	GCA_007122875.1|G0000061
split_0066	GCA_023008585.1|G0000139
split_0066	GCA_023008585.1|G0000141
split_0066	GCA_028751075.1|G0000171
split_0066	GCA_030734185.1|G0000191
split_0066	GCA_031852275.1|G0000196
split_0066	GCA_046543335.1|G0000219
split_0066	GCF_000025325.1|G0000237
split_0066	GCF_000025325.1|G0000238
split_0066	GCF_000306765.2|G0000243
split_0066	GCF_003369835.1|G0000253
split_0066	GCF_017094485.1|G0000258
split_0066	GCF_021083305.1|G0000262
split_0066	GCF_024227995.1|G0000267
split_0066	GCF_026242195.1|G0000268
split_0066	GCF_036429475.1|G0000274
split_0066	GOMC.bin.9202|G0000292
split_0067	GCA_007118975.1|G0000058
split_0067	GCA_007122875.1|G0000061
split_0067	GCA_023008585.1|G0000139
split_0067	GCA_023008585.1|G0000141
split_0067	GCA_028751075.1|G0000171
split_0067	GCA_030734185.1|G0000191
split_0067	GCA_031852275.1|G0000196
split_0067	GCA_046543335.1|G0000219
split_0067	GCF_000025325.1|G0000237
split_0067	GCF_000025325.1|G0000238
split_0067	GCF_000306765.2|G0000243
split_0067	GCF_003369835.1|G0000253
split_0067	GCF_017094485.1|G0000258
split_0067	GCF_021083305.1|G0000262
split_0067	GCF_024227995.1|G0000267
split_0067	GCF_026242195.1|G0000268
split_0067	GOMC.bin.9202|G0000292
split_0068	GCA_007118975.1|G0000058
split_0068	GCA_007122875.1|G0000061
split_0068	GCA_023008585.1|G0000139
split_0068	GCA_023008585.1|G0000141
split_0068	GCA_028751075.1|G0000171
split_0068	GCA_031852275.1|G0000196
split_0068	GCF_000025325.1|G0000237
split_0068	GCF_000025325.1|G0000238
split_0068	GCF_000306765.2|G0000243
split_0068	GCF_003369835.1|G0000253
split_0068	GCF_017094485.1|G0000258
split_0068	GCF_026242195.1|G0000268
split_0068	GOMC.bin.9202|G0000292
split_0069	GCA_007118975.1|G0000058
split_0069	GCA_007122875.1|G0000061
split_0069	GCA_023008585.1|G0000139
split_0069	GCA_023008585.1|G0000141
split_0069	GCA_031852275.1|G0000196
split_0069	GCF_000025325.1|G0000237
split_0069	GCF_000025325.1|G0000238
split_0069	GCF_000306765.2|G0000243
split_0069	GCF_017094485.1|G0000258
split_0069	GOMC.bin.9202|G0000292
split_0070	GCA_007118975.1|G0000058
split_0070	GCA_007122875.1|G0000061
split_0070	GCA_023008585.1|G0000139
split_0070	GCA_023008585.1|G0000141
split_0070	GCA_031852275.1|G0000196
split_0070	GCF_000025325.1|G0000237
split_0070	GCF_000306765.2|G0000243
split_0070	GCF_017094485.1|G0000258
split_0070	GOMC.bin.9202|G0000292
split_0071	GCA_007118975.1|G0000058
split_0071	GCA_007122875.1|G0000061
split_0071	GCA_031852275.1|G0000196
split_0071	GCF_000025325.1|G0000237
split_0071	GCF_017094485.1|G0000258
split_0072	GCA_007118975.1|G0000058
split_0072	GCA_007122875.1|G0000061
split_0072	GCA_031852275.1|G0000196
split_0073	GCA_007122875.1|G0000061
split_0073	GCA_031852275.1|G0000196
split_0074	GCF_000025325.1|G0000237
split_0074	GCF_017094485.1|G0000258
split_0075	GCA_023008585.1|G0000139
split_0075	GCA_023008585.1|G0000141
split_0075	GCF_000306765.2|G0000243
split_0075	GOMC.bin.9202|G0000292
split_0076	GCA_023008585.1|G0000139
split_0076	GCA_023008585.1|G0000141
split_0077	GCF_000306765.2|G0000243
split_0077	GOMC.bin.9202|G0000292
split_0078	GCA_028751075.1|G0000171
split_0078	GCF_003369835.1|G0000253
split_0078	GCF_026242195.1|G0000268
split_0079	GCA_028751075.1|G0000171
split_0079	GCF_026242195.1|G0000268
split_0080	GCA_030734185.1|G0000191
split_0080	GCA_046543335.1|G0000219
split_0080	GCF_021083305.1|G0000262
split_0080	GCF_024227995.1|G0000267
split_0081	GCA_030734185.1|G0000191
split_0081	GCF_021083305.1|G0000262
split_0081	GCF_024227995.1|G0000267
split_0082	GCF_021083305.1|G0000262
split_0082	GCF_024227995.1|G0000267
split_0083	GCF_019693215.1|G0000260
split_0083	GCF_029338295.1|G0000270
split_0084	GCA_007118975.1|G0000059
split_0084	GCF_000334895.1|G0000246
split_0085	GCA_007118975.1|G0000057
split_0085	GCA_034521615.1|G0000199
split_0085	GOMC.bin.11431|G0000278
split_0086	GCA_007118975.1|G0000057
split_0086	GCA_034521615.1|G0000199
split_0087	GCA_002254385.1|G0000023
split_0087	GCA_023145185.1|G0000142
split_0087	GCA_029762535.1|G0000174
split_0088	GCA_023145185.1|G0000142
split_0088	GCA_029762535.1|G0000174
split_0089	GCA_020696345.1|G0000113
split_0089	GCA_030594725.1|G0000182
split_0089	GCA_030595765.1|G0000183
split_0090	GCA_020696345.1|G0000113
split_0090	GCA_030594725.1|G0000182
split_0091	GCA_002010195.1|G0000015
split_0091	GCA_002010215.1|G0000016
split_0091	GCA_002010305.1|G0000019
split_0091	GCA_002494725.1|G0000025
split_0091	GCA_015523685.1|G0000084
split_0091	GCA_030604065.1|G0000184
split_0092	GCA_002010195.1|G0000015
split_0092	GCA_030604065.1|G0000184
split_0093	GCA_002010215.1|G0000016
split_0093	GCA_002010305.1|G0000019
split_0093	GCA_002494725.1|G0000025
split_0093	GCA_015523685.1|G0000084
split_0094	GCA_002010305.1|G0000019
split_0094	GCA_002494725.1|G0000025
split_0094	GCA_015523685.1|G0000084
split_0095	GCA_002010305.1|G0000019
split_0095	GCA_015523685.1|G0000084
split_0096	ERR4283445_bin.66|G0000001
split_0096	GCA_000306725.1|G0000002
split_0096	GCA_001564275.1|G0000007
split_0096	GCA_002010195.1|G0000015
split_0096	GCA_002010215.1|G0000016
split_0096	GCA_002010305.1|G0000019
split_0096	GCA_002011155.2|G0000021
split_0096	GCA_002067865.1|G0000022
split_0096	GCA_002254385.1|G0000023
split_0096	GCA_002494725.1|G0000025
split_0096	GCA_002497075.1|G0000026
split_0096	GCA_002508545.1|G0000027
split_0096	GCA_002839545.1|G0000028
split_0096	GCA_002844335.1|G0000031
split_0096	GCA_003104905.1|G0000040
split_0096	GCA_003135935.1|G0000041
split_0096	GCA_003551675.1|G0000044
split_0096	GCA_003552585.1|G0000045
split_0096	GCA_003560595.1|G0000046
split_0096	GCA_003649745.1|G0000048
split_0096	GCA_005954745.1|G0000054
split_0096	GCA_005954745.1|G0000055
split_0096	GCA_007118075.1|G0000056
split_0096	GCA_007118975.1|G0000057
split_0096	GCA_007118975.1|G0000058
split_0096	GCA_007118975.1|G0000059
split_0096	GCA_007122875.1|G0000061
split_0096	GCA_007129655.1|G0000062
split_0096	GCA_011046235.1|G0000064
split_0096	GCA_011049295.1|G0000065
split_0096	GCA_013329495.1|G0000074
split_0096	GCA_013415695.1|G0000076
split_0096	GCA_013791785.1|G0000077
split_0096	GCA_014859725.1|G0000080
split_0096	GCA_014859835.1|G0000081
split_0096	GCA_015523685.1|G0000084
split_0096	GCA_016841265.1|G0000095
split_0096	GCA_018263395.1|G0000101
split_0096	GCA_018814355.1|G0000105
split_0096	GCA_019429385.1|G0000111
split_0096	GCA_020696345.1|G0000113
split_0096	GCA_020696385.1|G0000114
split_0096	GCA_020725985.1|G0000116
split_0096	GCA_021159125.1|G0000118
split_0096	GCA_021161865.1|G0000120
split_0096	GCA_022615805.1|G0000132
split_0096	GCA_023008585.1|G0000139
split_0096	GCA_023008585.1|G0000141
split_0096	GCA_023145185.1|G0000142
split_0096	GCA_024281315.1|G0000151
split_0096	GCA_025041175.1|G0000154
split_0096	GCA_025517465.1|G0000156
split_0096	GCA_025517465.1|G0000157
split_0096	GCA_026394375.1|G0000159
split_0096	GCA_028279585.1|G0000167
split_0096	GCA_028279595.1|G0000168
split_0096	GCA_028679985.1|G0000169
split_0096	GCA_028716125.1|G0000170
split_0096	GCA_028751075.1|G0000171
split_0096	GCA_029762535.1|G0000174
split_0096	GCA_029762575.1|G0000175
split_0096	GCA_029858465.1|G0000178
split_0096	GCA_029907465.1|G0000179
split_0096	GCA_030019435.1|G0000180
split_0096	GCA_030594725.1|G0000181
split_0096	GCA_030594725.1|G0000182
split_0096	GCA_030595765.1|G0000183
split_0096	GCA_030604065.1|G0000184
split_0096	GCA_030611265.1|G0000185
split_0096	GCA_030612095.1|G0000187
split_0096	GCA_030627385.1|G0000188
split_0096	GCA_030673205.1|G0000190
split_0096	GCA_030734185.1|G0000191
split_0096	GCA_030734185.1|G0000193
split_0096	GCA_030734185.1|G0000194
split_0096	GCA_030740765.1|G0000195
split_0096	GCA_031852275.1|G0000196
split_0096	GCA_034190545.1|G0000198
split_0096	GCA_034521615.1|G0000199
split_0096	GCA_034660695.1|G0000201
split_0096	GCA_035269625.1|G0000203
split_0096	GCA_035529455.1|G0000204
split_0096	GCA_036626315.1|G0000207
split_0096	GCA_036626315.1|G0000208
split_0096	GCA_037443105.1|G0000210
split_0096	GCA_038852315.1|G0000213
split_0096	GCA_041599855.1|G0000217
split_0096	GCA_046539605.1|G0000218
split_0096	GCA_046543335.1|G0000219
split_0096	GCA_046546175.1|G0000220
split_0096	GCA_974486395.1|G0000231
split_0096	GCA_974499105.1|G0000232
split_0096	GCF_000025325.1|G0000237
split_0096	GCF_000025325.1|G0000238
split_0096	GCF_000237865.1|G0000242
split_0096	GCF_000306765.2|G0000243
split_0096	GCF_000308215.1|G0000245
split_0096	GCF_000334895.1|G0000246
split_0096	GCF_000403645.1|G0000249
split_0096	GCF_000711905.1|G0000250
split_0096	GCF_001485535.1|G0000251
split_0096	GCF_001485535.1|G0000252
split_0096	GCF_003369835.1|G0000253
split_0096	GCF_014647115.1|G0000255
split_0096	GCF_014647115.1|G0000256
split_0096	GCF_014647475.1|G0000257
split_0096	GCF_017094485.1|G0000258
split_0096	GCF_019693215.1|G0000260
split_0096	GCF_019693215.1|G0000261
split_0096	GCF_021083305.1|G0000262
split_0096	GCF_021083305.1|G0000263
split_0096	GCF_024227995.1|G0000267
split_0096	GCF_026242195.1|G0000268
split_0096	GCF_029338295.1|G0000270
split_0096	GCF_029338295.1|G0000271
split_0096	GCF_030287405.1|G0000272
split_0096	GCF_036429475.1|G0000274
split_0096	GOMC.bin.11431|G0000278
split_0096	GOMC.bin.12128|G0000279
split_0096	GOMC.bin.12128|G0000280
split_0096	GOMC.bin.12150|G0000282
split_0096	GOMC.bin.14106|G0000283
split_0096	GOMC.bin.8344|G0000289
split_0096	GOMC.bin.9202|G0000292
split_0096	GOMC.bin.921|G0000294
split_0097	ERR4283445_bin.66|G0000001
split_0097	GCA_000306725.1|G0000002
split_0097	GCA_001564275.1|G0000007
split_0097	GCA_002010195.1|G0000015
split_0097	GCA_002010215.1|G0000016
split_0097	GCA_002010305.1|G0000019
split_0097	GCA_002011155.2|G0000021
split_0097	GCA_002067865.1|G0000022
split_0097	GCA_002254385.1|G0000023
split_0097	GCA_002494725.1|G0000025
split_0097	GCA_002497075.1|G0000026
split_0097	GCA_002508545.1|G0000027
split_0097	GCA_002839545.1|G0000028
split_0097	GCA_002844335.1|G0000031
split_0097	GCA_003104905.1|G0000040
split_0097	GCA_003135935.1|G0000041
split_0097	GCA_003551675.1|G0000044
split_0097	GCA_003552585.1|G0000045
split_0097	GCA_003560595.1|G0000046
split_0097	GCA_003649745.1|G0000048
split_0097	GCA_005954745.1|G0000054
split_0097	GCA_005954745.1|G0000055
split_0097	GCA_007118075.1|G0000056
split_0097	GCA_007118975.1|G0000057
split_0097	GCA_007118975.1|G0000058
split_0097	GCA_007118975.1|G0000059
split_0097	GCA_007122875.1|G0000061
split_0097	GCA_007129655.1|G0000062
split_0097	GCA_011046235.1|G0000064
split_0097	GCA_011049295.1|G0000065
split_0097	GCA_011052825.1|G0000066
split_0097	GCA_013329495.1|G0000074
split_0097	GCA_013415695.1|G0000076
split_0097	GCA_013791785.1|G0000077
split_0097	GCA_014859725.1|G0000080
split_0097	GCA_014859835.1|G0000081
split_0097	GCA_015523685.1|G0000084
split_0097	GCA_016841265.1|G0000095
split_0097	GCA_018263395.1|G0000101
split_0097	GCA_018814355.1|G0000105
split_0097	GCA_019429385.1|G0000111
split_0097	GCA_020696345.1|G0000113
split_0097	GCA_020696385.1|G0000114
split_0097	GCA_020725985.1|G0000116
split_0097	GCA_021158865.1|G0000117
split_0097	GCA_021159125.1|G0000118
split_0097	GCA_021161865.1|G0000120
split_0097	GCA_021162065.1|G0000121
split_0097	GCA_022615805.1|G0000132
split_0097	GCA_022848865.1|G0000135
split_0097	GCA_023008585.1|G0000139
split_0097	GCA_023008585.1|G0000141
split_0097	GCA_023145185.1|G0000142
split_0097	GCA_024281315.1|G0000151
split_0097	GCA_025041175.1|G0000154
split_0097	GCA_025517465.1|G0000156
split_0097	GCA_025517465.1|G0000157
split_0097	GCA_026394375.1|G0000159
split_0097	GCA_028279585.1|G0000167
split_0097	GCA_028279595.1|G0000168
split_0097	GCA_028679985.1|G0000169
split_0097	GCA_028716125.1|G0000170
split_0097	GCA_028751075.1|G0000171
split_0097	GCA_029762535.1|G0000174
split_0097	GCA_029762575.1|G0000175
split_0097	GCA_029858465.1|G0000178
split_0097	GCA_029907465.1|G0000179
split_0097	GCA_030019435.1|G0000180
split_0097	GCA_030594725.1|G0000181
split_0097	GCA_030594725.1|G0000182
split_0097	GCA_030595765.1|G0000183
split_0097	GCA_030604065.1|G0000184
split_0097	GCA_030611265.1|G0000185
split_0097	GCA_030612095.1|G0000187
split_0097	GCA_030627385.1|G0000188
split_0097	GCA_030673205.1|G0000190
split_0097	GCA_030734185.1|G0000191
split_0097	GCA_030734185.1|G0000193
split_0097	GCA_030734185.1|G0000194
split_0097	GCA_030740765.1|G0000195
split_0097	GCA_031852275.1|G0000196
split_0097	GCA_034190545.1|G0000198
split_0097	GCA_034521615.1|G0000199
split_0097	GCA_034660695.1|G0000201
split_0097	GCA_035269625.1|G0000203
split_0097	GCA_035529455.1|G0000204
split_0097	GCA_036626315.1|G0000207
split_0097	GCA_036626315.1|G0000208
split_0097	GCA_037443105.1|G0000210
split_0097	GCA_038852315.1|G0000213
split_0097	GCA_041599855.1|G0000217
split_0097	GCA_046539605.1|G0000218
split_0097	GCA_046543335.1|G0000219
split_0097	GCA_046546175.1|G0000220
split_0097	GCA_974486395.1|G0000231
split_0097	GCA_974499105.1|G0000232
split_0097	GCF_000025325.1|G0000237
split_0097	GCF_000025325.1|G0000238
split_0097	GCF_000237865.1|G0000242
split_0097	GCF_000306765.2|G0000243
split_0097	GCF_000308215.1|G0000245
split_0097	GCF_000334895.1|G0000246
split_0097	GCF_000403645.1|G0000249
split_0097	GCF_000711905.1|G0000250
split_0097	GCF_001485535.1|G0000251
split_0097	GCF_001485535.1|G0000252
split_0097	GCF_003369835.1|G0000253
split_0097	GCF_014647115.1|G0000255
split_0097	GCF_014647115.1|G0000256
split_0097	GCF_014647475.1|G0000257
split_0097	GCF_017094485.1|G0000258
split_0097	GCF_019693215.1|G0000260
split_0097	GCF_019693215.1|G0000261
split_0097	GCF_021083305.1|G0000262
split_0097	GCF_021083305.1|G0000263
split_0097	GCF_024227995.1|G0000267
split_0097	GCF_026242195.1|G0000268
split_0097	GCF_029338295.1|G0000270
split_0097	GCF_029338295.1|G0000271
split_0097	GCF_030287405.1|G0000272
split_0097	GCF_036429475.1|G0000274
split_0097	GOMC.bin.11431|G0000278
split_0097	GOMC.bin.12128|G0000279
split_0097	GOMC.bin.12128|G0000280
split_0097	GOMC.bin.12150|G0000282
split_0097	GOMC.bin.14106|G0000283
split_0097	GOMC.bin.8344|G0000289
split_0097	GOMC.bin.9202|G0000292
split_0097	GOMC.bin.921|G0000294
split_0098	ERR4283445_bin.66|G0000001
split_0098	GCA_000306725.1|G0000002
split_0098	GCA_001564275.1|G0000007
split_0098	GCA_002010195.1|G0000015
split_0098	GCA_002010215.1|G0000016
split_0098	GCA_002010305.1|G0000019
split_0098	GCA_002011155.2|G0000021
split_0098	GCA_002067865.1|G0000022
split_0098	GCA_002254385.1|G0000023
split_0098	GCA_002494725.1|G0000025
split_0098	GCA_002497075.1|G0000026
split_0098	GCA_002508545.1|G0000027
split_0098	GCA_002839545.1|G0000028
split_0098	GCA_002844335.1|G0000031
split_0098	GCA_003104905.1|G0000040
split_0098	GCA_003135935.1|G0000041
split_0098	GCA_003551675.1|G0000044
split_0098	GCA_003552585.1|G0000045
split_0098	GCA_003560595.1|G0000046
split_0098	GCA_003649745.1|G0000048
split_0098	GCA_005954745.1|G0000054
split_0098	GCA_005954745.1|G0000055
split_0098	GCA_007118075.1|G0000056
split_0098	GCA_007118975.1|G0000057
split_0098	GCA_007118975.1|G0000058
split_0098	GCA_007118975.1|G0000059
split_0098	GCA_007122875.1|G0000061
split_0098	GCA_007129655.1|G0000062
split_0098	GCA_011046235.1|G0000064
split_0098	GCA_011049295.1|G0000065
split_0098	GCA_011052825.1|G0000066
split_0098	GCA_013166775.1|G0000071
split_0098	GCA_013329495.1|G0000074
split_0098	GCA_013415695.1|G0000076
split_0098	GCA_013791785.1|G0000077
split_0098	GCA_014859725.1|G0000080
split_0098	GCA_014859835.1|G0000081
split_0098	GCA_015523685.1|G0000084
split_0098	GCA_016841265.1|G0000095
split_0098	GCA_018238545.1|G0000099
split_0098	GCA_018263395.1|G0000101
split_0098	GCA_018814355.1|G0000105
split_0098	GCA_019057815.1|G0000110
split_0098	GCA_019429385.1|G0000111
split_0098	GCA_020696345.1|G0000113
split_0098	GCA_020696385.1|G0000114
split_0098	GCA_020725985.1|G0000116
split_0098	GCA_021158865.1|G0000117
split_0098	GCA_021159125.1|G0000118
split_0098	GCA_021161865.1|G0000120
split_0098	GCA_021162065.1|G0000121
split_0098	GCA_021162685.1|G0000122
split_0098	GCA_021513695.1|G0000126
split_0098	GCA_021513715.1|G0000128
split_0098	GCA_022615805.1|G0000132
split_0098	GCA_022848865.1|G0000135
split_0098	GCA_023008585.1|G0000139
split_0098	GCA_023008585.1|G0000141
split_0098	GCA_023145185.1|G0000142
split_0098	GCA_023705985.1|G0000144
split_0098	GCA_024281315.1|G0000151
split_0098	GCA_025041175.1|G0000154
split_0098	GCA_025517465.1|G0000156
split_0098	GCA_025517465.1|G0000157
split_0098	GCA_026394375.1|G0000159
split_0098	GCA_028279585.1|G0000167
split_0098	GCA_028279595.1|G0000168
split_0098	GCA_028679985.1|G0000169
split_0098	GCA_028716125.1|G0000170
split_0098	GCA_028751075.1|G0000171
split_0098	GCA_029762535.1|G0000174
split_0098	GCA_029762575.1|G0000175
split_0098	GCA_029858465.1|G0000178
split_0098	GCA_029907465.1|G0000179
split_0098	GCA_030019435.1|G0000180
split_0098	GCA_030594725.1|G0000181
split_0098	GCA_030594725.1|G0000182
split_0098	GCA_030595765.1|G0000183
split_0098	GCA_030604065.1|G0000184
split_0098	GCA_030611265.1|G0000185
split_0098	GCA_030612095.1|G0000187
split_0098	GCA_030627385.1|G0000188
split_0098	GCA_030673205.1|G0000190
split_0098	GCA_030734185.1|G0000191
split_0098	GCA_030734185.1|G0000193
split_0098	GCA_030734185.1|G0000194
split_0098	GCA_030740765.1|G0000195
split_0098	GCA_031852275.1|G0000196
split_0098	GCA_034190545.1|G0000198
split_0098	GCA_034521615.1|G0000199
split_0098	GCA_034660695.1|G0000201
split_0098	GCA_035269625.1|G0000203
split_0098	GCA_035529455.1|G0000204
split_0098	GCA_036626315.1|G0000207
split_0098	GCA_036626315.1|G0000208
split_0098	GCA_037443105.1|G0000210
split_0098	GCA_038852315.1|G0000213
split_0098	GCA_041599855.1|G0000217
split_0098	GCA_046539605.1|G0000218
split_0098	GCA_046543335.1|G0000219
split_0098	GCA_046546175.1|G0000220
split_0098	GCA_974486395.1|G0000231
split_0098	GCA_974499105.1|G0000232
split_0098	GCF_000025325.1|G0000237
split_0098	GCF_000025325.1|G0000238
split_0098	GCF_000237865.1|G0000242
split_0098	GCF_000306765.2|G0000243
split_0098	GCF_000308215.1|G0000245
split_0098	GCF_000334895.1|G0000246
split_0098	GCF_000403645.1|G0000249
split_0098	GCF_000711905.1|G0000250
split_0098	GCF_001485535.1|G0000251
split_0098	GCF_001485535.1|G0000252
split_0098	GCF_003369835.1|G0000253
split_0098	GCF_014647115.1|G0000255
split_0098	GCF_014647115.1|G0000256
split_0098	GCF_014647475.1|G0000257
split_0098	GCF_017094485.1|G0000258
split_0098	GCF_019693215.1|G0000260
split_0098	GCF_019693215.1|G0000261
split_0098	GCF_021083305.1|G0000262
split_0098	GCF_021083305.1|G0000263
split_0098	GCF_024227995.1|G0000267
split_0098	GCF_026242195.1|G0000268
split_0098	GCF_029338295.1|G0000270
split_0098	GCF_029338295.1|G0000271
split_0098	GCF_030287405.1|G0000272
split_0098	GCF_036429475.1|G0000274
split_0098	GOMC.bin.11431|G0000278
split_0098	GOMC.bin.12128|G0000279
split_0098	GOMC.bin.12128|G0000280
split_0098	GOMC.bin.12150|G0000282
split_0098	GOMC.bin.14106|G0000283
split_0098	GOMC.bin.8344|G0000289
split_0098	GOMC.bin.9202|G0000292
split_0098	GOMC.bin.921|G0000294
split_0099	GCA_000965745.1|G0000003
split_0099	GCA_001563335.1|G0000004
split_0099	GCA_001563915.1|G0000005
split_0099	GCA_001564275.1|G0000006
split_0099	GCA_001723845.1|G0000008
split_0099	GCA_001761425.1|G0000009
split_0099	GCA_001873845.1|G0000010
split_0099	GCA_001940665.2|G0000011
split_0099	GCA_002010065.2|G0000012
split_0099	GCA_002010065.2|G0000013
split_0099	GCA_002839545.1|G0000029
split_0099	GCA_002844335.1|G0000030
split_0099	GCA_002897955.1|G0000032
split_0099	GCA_002897955.1|G0000033
split_0099	GCA_003009795.1|G0000034
split_0099	GCA_003019595.1|G0000035
split_0099	GCA_003019595.1|G0000036
split_0099	GCA_003021085.1|G0000037
split_0099	GCA_003021175.1|G0000038
split_0099	GCA_003022865.1|G0000039
split_0099	GCA_003345555.1|G0000042
split_0099	GCA_003345595.1|G0000043
split_0099	GCA_003561665.1|G0000047
split_0099	GCA_004347965.1|G0000049
split_0099	GCA_004524435.1|G0000050
split_0099	GCA_004524445.1|G0000051
split_0099	GCA_005888735.1|G0000052
split_0099	GCA_005954745.1|G0000053
split_0099	GCA_007122875.1|G0000060
split_0099	GCA_008080745.1|G0000063
split_0099	GCA_011364985.1|G0000067
split_0099	GCA_013152845.1|G0000068
split_0099	GCA_013154335.1|G0000069
split_0099	GCA_013388835.1|G0000075
split_0099	GCA_014728035.1|G0000078
split_0099	GCA_014730275.1|G0000079
split_0099	GCA_015520145.1|G0000082
split_0099	GCA_015661555.1|G0000085
split_0099	GCA_016212785.1|G0000086
split_0099	GCA_016550395.1|G0000087
split_0099	GCA_016806715.1|G0000088
split_0099	GCA_016839265.1|G0000089
split_0099	GCA_016839445.1|G0000090
split_0099	GCA_016840065.1|G0000091
split_0099	GCA_016840135.1|G0000092
split_0099	GCA_016840425.1|G0000093
split_0099	GCA_016840485.1|G0000094
split_0099	GCA_016930055.1|G0000096
split_0099	GCA_017609995.1|G0000097
split_0099	GCA_017610165.1|G0000098
split_0099	GCA_018335335.1|G0000102
split_0099	GCA_018396415.1|G0000103
split_0099	GCA_018609855.1|G0000104
split_0099	GCA_018830205.1|G0000106
split_0099	GCA_019056805.1|G0000107
split_0099	GCA_019057475.1|G0000108
split_0099	GCA_019721035.1|G0000112
split_0099	GCA_020723935.1|G0000115
split_0099	GCA_021160575.1|G0000119
split_0099	GCA_021498125.1|G0000124
split_0099	GCA_021797355.1|G0000129
split_0099	GCA_021800035.1|G0000130
split_0099	GCA_021806165.1|G0000131
split_0099	GCA_022729255.1|G0000133
split_0099	GCA_022729315.1|G0000134
split_0099	GCA_022865215.1|G0000136
split_0099	GCA_022865265.1|G0000137
split_0099	GCA_022865275.1|G0000138
split_0099	GCA_023008585.1|G0000140
split_0099	GCA_023487445.1|G0000143
split_0099	GCA_024274695.1|G0000146
split_0099	GCA_024274695.1|G0000147
split_0099	GCA_024275415.1|G0000148
split_0099	GCA_024275655.1|G0000149
split_0099	GCA_024276825.1|G0000150
split_0099	GCA_024860865.1|G0000152
split_0099	GCA_025041175.1|G0000153
split_0099	GCA_025517465.1|G0000155
split_0099	GCA_026014815.1|G0000158
split_0099	GCA_026989875.1|G0000160
split_0099	GCA_027031765.1|G0000161
split_0099	GCA_027051165.1|G0000162
split_0099	GCA_027051165.1|G0000163
split_0099	GCA_027077895.1|G0000164
split_0099	GCA_028275105.1|G0000165
split_0099	GCA_028275385.1|G0000166
split_0099	GCA_029210805.1|G0000172
split_0099	GCA_029259155.1|G0000173
split_0099	GCA_029855935.1|G0000176
split_0099	GCA_029856435.1|G0000177
split_0099	GCA_030612005.1|G0000186
split_0099	GCA_030669205.1|G0000189
split_0099	GCA_030734185.1|G0000192
split_0099	GCA_034190395.1|G0000197
split_0099	GCA_034521615.1|G0000200
split_0099	GCA_035269625.1|G0000202
split_0099	GCA_036446635.1|G0000205
split_0099	GCA_036626315.1|G0000206
split_0099	GCA_037442745.1|G0000209
split_0099	GCA_038736665.1|G0000211
split_0099	GCA_038825615.1|G0000212
split_0099	GCA_038852745.1|G0000214
split_0099	GCA_038881895.1|G0000215
split_0099	GCA_041306075.1|G0000216
split_0099	GCA_048882045.1|G0000221
split_0099	GCA_048886645.1|G0000222
split_0099	GCA_048938295.1|G0000223
split_0099	GCA_048939465.1|G0000224
split_0099	GCA_052584815.1|G0000225
split_0099	GCA_054381495.1|G0000226
split_0099	GCA_054390655.1|G0000228
split_0099	GCA_902384455.1|G0000229
split_0099	GCA_974486395.1|G0000230
split_0099	GCF_000016125.1|G0000233
split_0099	GCF_000023985.1|G0000235
split_0099	GCF_000025325.1|G0000236
split_0099	GCF_000214415.1|G0000240
split_0099	GCF_000237865.1|G0000241
split_0099	GCF_000306765.2|G0000244
split_0099	GCF_000334895.1|G0000247
split_0099	GCF_000403645.1|G0000248
split_0099	GCF_003369835.1|G0000254
split_0099	GCF_017094485.1|G0000259
split_0099	GCF_021083305.1|G0000264
split_0099	GCF_021083305.1|G0000265
split_0099	GCF_021083305.1|G0000266
split_0099	GCF_029338295.1|G0000269
split_0099	GCF_030287405.1|G0000273
split_0099	GCF_036429475.1|G0000275
split_0099	GCF_946463545.1|G0000276
split_0099	GOMC.bin.12150|G0000281
split_0099	GOMC.bin.1438|G0000284
split_0099	GOMC.bin.16766|G0000285
split_0099	GOMC.bin.874|G0000290
split_0099	GOMC.bin.874|G0000291
split_0099	GOMC.bin.9202|G0000293
split_0100	GCA_000965745.1|G0000003
split_0100	GCA_001563335.1|G0000004
split_0100	GCA_001563915.1|G0000005
split_0100	GCA_001761425.1|G0000009
split_0100	GCA_003009795.1|G0000034
split_0100	GCA_003019595.1|G0000036
split_0100	GCA_003345555.1|G0000042
split_0100	GCA_003345595.1|G0000043
split_0100	GCA_003561665.1|G0000047
split_0100	GCA_004524435.1|G0000050
split_0100	GCA_004524445.1|G0000051
split_0100	GCA_005888735.1|G0000052
split_0100	GCA_008080745.1|G0000063
split_0100	GCA_011364985.1|G0000067
split_0100	GCA_013388835.1|G0000075
split_0100	GCA_014728035.1|G0000078
split_0100	GCA_014730275.1|G0000079
split_0100	GCA_016806715.1|G0000088
split_0100	GCA_016839445.1|G0000090
split_0100	GCA_017610165.1|G0000098
split_0100	GCA_018335335.1|G0000102
split_0100	GCA_018609855.1|G0000104
split_0100	GCA_019057475.1|G0000108
split_0100	GCA_019721035.1|G0000112
split_0100	GCA_021498125.1|G0000124
split_0100	GCA_021797355.1|G0000129
split_0100	GCA_021800035.1|G0000130
split_0100	GCA_021806165.1|G0000131
split_0100	GCA_022729255.1|G0000133
split_0100	GCA_022729315.1|G0000134
split_0100	GCA_022865215.1|G0000136
split_0100	GCA_022865265.1|G0000137
split_0100	GCA_022865275.1|G0000138
split_0100	GCA_023487445.1|G0000143
split_0100	GCA_024274695.1|G0000146
split_0100	GCA_024275415.1|G0000148
split_0100	GCA_024276825.1|G0000150
split_0100	GCA_027031765.1|G0000161
split_0100	GCA_029210805.1|G0000172
split_0100	GCA_029855935.1|G0000176
split_0100	GCA_030612005.1|G0000186
split_0100	GCA_038736665.1|G0000211
split_0100	GCA_048882045.1|G0000221
split_0100	GCA_052584815.1|G0000225
split_0100	GCA_054381495.1|G0000226
split_0100	GCA_054390655.1|G0000228
split_0100	GOMC.bin.1438|G0000284
split_0101	GCA_000965745.1|G0000003
split_0101	GCA_003019595.1|G0000036
split_0101	GCA_003561665.1|G0000047
split_0101	GCA_005888735.1|G0000052
split_0101	GCA_016806715.1|G0000088
split_0101	GCA_019721035.1|G0000112
split_0101	GCA_021797355.1|G0000129
split_0101	GCA_021800035.1|G0000130
split_0101	GCA_021806165.1|G0000131
split_0101	GCA_023487445.1|G0000143
split_0102	GCA_000965745.1|G0000003
split_0102	GCA_003019595.1|G0000036
split_0102	GCA_005888735.1|G0000052
split_0102	GCA_016806715.1|G0000088
split_0102	GCA_019721035.1|G0000112
split_0102	GCA_021797355.1|G0000129
split_0102	GCA_021800035.1|G0000130
split_0102	GCA_021806165.1|G0000131
split_0102	GCA_023487445.1|G0000143
split_0103	GCA_000965745.1|G0000003
split_0103	GCA_003019595.1|G0000036
split_0103	GCA_005888735.1|G0000052
split_0103	GCA_016806715.1|G0000088
split_0103	GCA_019721035.1|G0000112
split_0103	GCA_021800035.1|G0000130
split_0103	GCA_021806165.1|G0000131
split_0103	GCA_023487445.1|G0000143
split_0104	GCA_000965745.1|G0000003
split_0104	GCA_016806715.1|G0000088
split_0105	GCA_003019595.1|G0000036
split_0105	GCA_005888735.1|G0000052
split_0105	GCA_019721035.1|G0000112
split_0105	GCA_021800035.1|G0000130
split_0105	GCA_021806165.1|G0000131
split_0105	GCA_023487445.1|G0000143
split_0106	GCA_003019595.1|G0000036
split_0106	GCA_005888735.1|G0000052
split_0106	GCA_019721035.1|G0000112
split_0106	GCA_021800035.1|G0000130
split_0106	GCA_023487445.1|G0000143
split_0107	GCA_003019595.1|G0000036
split_0107	GCA_019721035.1|G0000112
split_0107	GCA_021800035.1|G0000130
split_0107	GCA_023487445.1|G0000143
split_0108	GCA_003019595.1|G0000036
split_0108	GCA_021800035.1|G0000130
split_0109	GCA_019721035.1|G0000112
split_0109	GCA_023487445.1|G0000143
split_0110	GCA_001563335.1|G0000004
split_0110	GCA_001563915.1|G0000005
split_0110	GCA_001761425.1|G0000009
split_0110	GCA_003009795.1|G0000034
split_0110	GCA_003345555.1|G0000042
split_0110	GCA_003345595.1|G0000043
split_0110	GCA_004524435.1|G0000050
split_0110	GCA_004524445.1|G0000051
split_0110	GCA_008080745.1|G0000063
split_0110	GCA_011364985.1|G0000067
split_0110	GCA_013388835.1|G0000075
split_0110	GCA_014728035.1|G0000078
split_0110	GCA_014730275.1|G0000079
split_0110	GCA_016839445.1|G0000090
split_0110	GCA_017610165.1|G0000098
split_0110	GCA_018335335.1|G0000102
split_0110	GCA_018609855.1|G0000104
split_0110	GCA_019057475.1|G0000108
split_0110	GCA_021498125.1|G0000124
split_0110	GCA_022729255.1|G0000133
split_0110	GCA_022729315.1|G0000134
split_0110	GCA_022865215.1|G0000136
split_0110	GCA_022865265.1|G0000137
split_0110	GCA_022865275.1|G0000138
split_0110	GCA_024274695.1|G0000146
split_0110	GCA_024275415.1|G0000148
split_0110	GCA_024276825.1|G0000150
split_0110	GCA_027031765.1|G0000161
split_0110	GCA_029210805.1|G0000172
split_0110	GCA_029855935.1|G0000176
split_0110	GCA_030612005.1|G0000186
split_0110	GCA_038736665.1|G0000211
split_0110	GCA_048882045.1|G0000221
split_0110	GCA_052584815.1|G0000225
split_0110	GCA_054381495.1|G0000226
split_0110	GCA_054390655.1|G0000228
split_0110	GOMC.bin.1438|G0000284
split_0111	GCA_001563335.1|G0000004
split_0111	GCA_003345555.1|G0000042
split_0111	GCA_003345595.1|G0000043
split_0111	GCA_004524435.1|G0000050
split_0111	GCA_004524445.1|G0000051
split_0111	GCA_008080745.1|G0000063
split_0111	GCA_011364985.1|G0000067
split_0111	GCA_013388835.1|G0000075
split_0111	GCA_014728035.1|G0000078
split_0111	GCA_014730275.1|G0000079
split_0111	GCA_016839445.1|G0000090
split_0111	GCA_018335335.1|G0000102
split_0111	GCA_019057475.1|G0000108
split_0111	GCA_021498125.1|G0000124
split_0111	GCA_024274695.1|G0000146
split_0111	GCA_024275415.1|G0000148
split_0111	GCA_024276825.1|G0000150
split_0111	GCA_027031765.1|G0000161
split_0111	GCA_029210805.1|G0000172
split_0111	GCA_029855935.1|G0000176
split_0111	GCA_030612005.1|G0000186
split_0111	GCA_038736665.1|G0000211
split_0111	GCA_048882045.1|G0000221
split_0111	GCA_052584815.1|G0000225
split_0111	GCA_054381495.1|G0000226
split_0111	GCA_054390655.1|G0000228
split_0111	GOMC.bin.1438|G0000284
split_0112	GCA_001563335.1|G0000004
split_0112	GCA_003345555.1|G0000042
split_0112	GCA_003345595.1|G0000043
split_0112	GCA_004524435.1|G0000050
split_0112	GCA_004524445.1|G0000051
split_0112	GCA_008080745.1|G0000063
split_0112	GCA_011364985.1|G0000067
split_0112	GCA_013388835.1|G0000075
split_0112	GCA_014728035.1|G0000078
split_0112	GCA_014730275.1|G0000079
split_0112	GCA_016839445.1|G0000090
split_0112	GCA_018335335.1|G0000102
split_0112	GCA_019057475.1|G0000108
split_0112	GCA_021498125.1|G0000124
split_0112	GCA_024275415.1|G0000148
split_0112	GCA_024276825.1|G0000150
split_0112	GCA_027031765.1|G0000161
split_0112	GCA_029210805.1|G0000172
split_0112	GCA_029855935.1|G0000176
split_0112	GCA_030612005.1|G0000186
split_0112	GCA_048882045.1|G0000221
split_0112	GCA_052584815.1|G0000225
split_0112	GCA_054381495.1|G0000226
split_0112	GCA_054390655.1|G0000228
split_0112	GOMC.bin.1438|G0000284
split_0113	GCA_001563335.1|G0000004
split_0113	GCA_003345555.1|G0000042
split_0113	GCA_003345595.1|G0000043
split_0113	GCA_004524435.1|G0000050
split_0113	GCA_004524445.1|G0000051
split_0113	GCA_008080745.1|G0000063
split_0113	GCA_011364985.1|G0000067
split_0113	GCA_013388835.1|G0000075
split_0113	GCA_014728035.1|G0000078
split_0113	GCA_016839445.1|G0000090
split_0113	GCA_019057475.1|G0000108
split_0113	GCA_021498125.1|G0000124
split_0113	GCA_024275415.1|G0000148
split_0113	GCA_024276825.1|G0000150
split_0113	GCA_029210805.1|G0000172
split_0113	GCA_029855935.1|G0000176
split_0113	GCA_030612005.1|G0000186
split_0113	GCA_048882045.1|G0000221
split_0113	GCA_052584815.1|G0000225
split_0113	GCA_054381495.1|G0000226
split_0113	GCA_054390655.1|G0000228
split_0113	GOMC.bin.1438|G0000284
split_0114	GCA_001563335.1|G0000004
split_0114	GCA_016839445.1|G0000090
split_0114	GCA_024275415.1|G0000148
split_0114	GCA_029210805.1|G0000172
split_0114	GCA_030612005.1|G0000186
split_0114	GCA_048882045.1|G0000221
split_0114	GCA_052584815.1|G0000225
split_0114	GCA_054381495.1|G0000226
split_0115	GCA_001563335.1|G0000004
split_0115	GCA_030612005.1|G0000186
split_0115	GCA_048882045.1|G0000221
split_0115	GCA_054381495.1|G0000226
split_0116	GCA_001563335.1|G0000004
split_0116	GCA_030612005.1|G0000186
split_0116	GCA_054381495.1|G0000226
split_0117	GCA_030612005.1|G0000186
split_0117	GCA_054381495.1|G0000226
split_0118	GCA_016839445.1|G0000090
split_0118	GCA_024275415.1|G0000148
split_0118	GCA_029210805.1|G0000172
split_0118	GCA_052584815.1|G0000225
split_0119	GCA_024275415.1|G0000148
split_0119	GCA_029210805.1|G0000172
split_0119	GCA_052584815.1|G0000225
split_0120	GCA_024275415.1|G0000148
split_0120	GCA_029210805.1|G0000172
split_0121	GCA_003345555.1|G0000042
split_0121	GCA_003345595.1|G0000043
split_0121	GCA_004524435.1|G0000050
split_0121	GCA_004524445.1|G0000051
split_0121	GCA_008080745.1|G0000063
split_0121	GCA_011364985.1|G0000067
split_0121	GCA_013388835.1|G0000075
split_0121	GCA_014728035.1|G0000078
split_0121	GCA_019057475.1|G0000108
split_0121	GCA_021498125.1|G0000124
split_0121	GCA_024276825.1|G0000150
split_0121	GCA_029855935.1|G0000176
split_0121	GCA_054390655.1|G0000228
split_0121	GOMC.bin.1438|G0000284
split_0122	GCA_003345555.1|G0000042
split_0122	GCA_003345595.1|G0000043
split_0122	GCA_004524435.1|G0000050
split_0122	GCA_004524445.1|G0000051
split_0122	GCA_008080745.1|G0000063
split_0122	GCA_011364985.1|G0000067
split_0122	GCA_013388835.1|G0000075
split_0122	GCA_014728035.1|G0000078
split_0122	GCA_019057475.1|G0000108
split_0122	GCA_021498125.1|G0000124
split_0122	GCA_024276825.1|G0000150
split_0122	GCA_029855935.1|G0000176
split_0122	GOMC.bin.1438|G0000284
split_0123	GCA_003345555.1|G0000042
split_0123	GCA_003345595.1|G0000043
split_0123	GCA_004524435.1|G0000050
split_0123	GCA_013388835.1|G0000075
split_0123	GCA_019057475.1|G0000108
split_0123	GCA_021498125.1|G0000124
split_0123	GCA_024276825.1|G0000150
split_0123	GCA_029855935.1|G0000176
split_0123	GOMC.bin.1438|G0000284
split_0124	GCA_003345555.1|G0000042
split_0124	GCA_003345595.1|G0000043
split_0124	GCA_004524435.1|G0000050
split_0124	GCA_019057475.1|G0000108
split_0124	GCA_021498125.1|G0000124
split_0124	GCA_024276825.1|G0000150
split_0124	GCA_029855935.1|G0000176
split_0124	GOMC.bin.1438|G0000284
split_0125	GCA_003345555.1|G0000042
split_0125	GCA_003345595.1|G0000043
split_0125	GCA_019057475.1|G0000108
split_0125	GCA_024276825.1|G0000150
split_0125	GOMC.bin.1438|G0000284
split_0126	GCA_003345555.1|G0000042
split_0126	GCA_003345595.1|G0000043
split_0126	GCA_024276825.1|G0000150
split_0127	GCA_003345555.1|G0000042
split_0127	GCA_003345595.1|G0000043
split_0128	GCA_019057475.1|G0000108
split_0128	GOMC.bin.1438|G0000284
split_0129	GCA_004524435.1|G0000050
split_0129	GCA_021498125.1|G0000124
split_0129	GCA_029855935.1|G0000176
split_0130	GCA_021498125.1|G0000124
split_0130	GCA_029855935.1|G0000176
split_0131	GCA_004524445.1|G0000051
split_0131	GCA_008080745.1|G0000063
split_0131	GCA_011364985.1|G0000067
split_0131	GCA_014728035.1|G0000078
split_0132	GCA_008080745.1|G0000063
split_0132	GCA_011364985.1|G0000067
split_0132	GCA_014728035.1|G0000078
split_0133	GCA_008080745.1|G0000063
split_0133	GCA_014728035.1|G0000078
split_0134	GCA_014730275.1|G0000079
split_0134	GCA_018335335.1|G0000102
split_0134	GCA_027031765.1|G0000161
split_0135	GCA_014730275.1|G0000079
split_0135	GCA_018335335.1|G0000102
split_0136	GCA_024274695.1|G0000146
split_0136	GCA_038736665.1|G0000211
split_0137	GCA_001563915.1|G0000005
split_0137	GCA_001761425.1|G0000009
split_0137	GCA_003009795.1|G0000034
split_0137	GCA_017610165.1|G0000098
split_0137	GCA_018609855.1|G0000104
split_0137	GCA_022729255.1|G0000133
split_0137	GCA_022729315.1|G0000134
split_0137	GCA_022865215.1|G0000136
split_0137	GCA_022865265.1|G0000137
split_0137	GCA_022865275.1|G0000138
split_0138	GCA_001563915.1|G0000005
split_0138	GCA_001761425.1|G0000009
split_0138	GCA_003009795.1|G0000034
split_0139	GCA_001761425.1|G0000009
split_0139	GCA_003009795.1|G0000034
split_0140	GCA_017610165.1|G0000098
split_0140	GCA_018609855.1|G0000104
split_0140	GCA_022729255.1|G0000133
split_0140	GCA_022729315.1|G0000134
split_0140	GCA_022865215.1|G0000136
split_0140	GCA_022865265.1|G0000137
split_0140	GCA_022865275.1|G0000138
split_0141	GCA_017610165.1|G0000098
split_0141	GCA_018609855.1|G0000104
split_0141	GCA_022729255.1|G0000133
split_0141	GCA_022729315.1|G0000134
split_0141	GCA_022865215.1|G0000136
split_0141	GCA_022865275.1|G0000138
split_0142	GCA_017610165.1|G0000098
split_0142	GCA_018609855.1|G0000104
split_0142	GCA_022865275.1|G0000138
split_0143	GCA_017610165.1|G0000098
split_0143	GCA_018609855.1|G0000104
split_0144	GCA_022729255.1|G0000133
split_0144	GCA_022729315.1|G0000134
split_0144	GCA_022865215.1|G0000136
split_0145	GCA_022729315.1|G0000134
split_0145	GCA_022865215.1|G0000136
split_0146	GCA_001564275.1|G0000006
split_0146	GCA_001723845.1|G0000008
split_0146	GCA_001873845.1|G0000010
split_0146	GCA_001940665.2|G0000011
split_0146	GCA_002010065.2|G0000012
split_0146	GCA_002010065.2|G0000013
split_0146	GCA_002839545.1|G0000029
split_0146	GCA_002844335.1|G0000030
split_0146	GCA_002897955.1|G0000032
split_0146	GCA_002897955.1|G0000033
split_0146	GCA_003019595.1|G0000035
split_0146	GCA_003021085.1|G0000037
split_0146	GCA_003021175.1|G0000038
split_0146	GCA_003022865.1|G0000039
split_0146	GCA_004347965.1|G0000049
split_0146	GCA_005954745.1|G0000053
split_0146	GCA_007122875.1|G0000060
split_0146	GCA_013152845.1|G0000068
split_0146	GCA_013154335.1|G0000069
split_0146	GCA_015520145.1|G0000082
split_0146	GCA_015661555.1|G0000085
split_0146	GCA_016212785.1|G0000086
split_0146	GCA_016550395.1|G0000087
split_0146	GCA_016839265.1|G0000089
split_0146	GCA_016840065.1|G0000091
split_0146	GCA_016840135.1|G0000092
split_0146	GCA_016840425.1|G0000093
split_0146	GCA_016840485.1|G0000094
split_0146	GCA_016930055.1|G0000096
split_0146	GCA_017609995.1|G0000097
split_0146	GCA_018396415.1|G0000103
split_0146	GCA_018830205.1|G0000106
split_0146	GCA_019056805.1|G0000107
split_0146	GCA_020723935.1|G0000115
split_0146	GCA_021160575.1|G0000119
split_0146	GCA_023008585.1|G0000140
split_0146	GCA_024274695.1|G0000147
split_0146	GCA_024275655.1|G0000149
split_0146	GCA_024860865.1|G0000152
split_0146	GCA_025041175.1|G0000153
split_0146	GCA_025517465.1|G0000155
split_0146	GCA_026014815.1|G0000158
split_0146	GCA_026989875.1|G0000160
split_0146	GCA_027051165.1|G0000162
split_0146	GCA_027051165.1|G0000163
split_0146	GCA_027077895.1|G0000164
split_0146	GCA_028275105.1|G0000165
split_0146	GCA_028275385.1|G0000166
split_0146	GCA_029259155.1|G0000173
split_0146	GCA_029856435.1|G0000177
split_0146	GCA_030669205.1|G0000189
split_0146	GCA_030734185.1|G0000192
split_0146	GCA_034190395.1|G0000197
split_0146	GCA_034521615.1|G0000200
split_0146	GCA_035269625.1|G0000202
split_0146	GCA_036446635.1|G0000205
split_0146	GCA_036626315.1|G0000206
split_0146	GCA_037442745.1|G0000209
split_0146	GCA_038825615.1|G0000212
split_0146	GCA_038852745.1|G0000214
split_0146	GCA_038881895.1|G0000215
split_0146	GCA_041306075.1|G0000216
split_0146	GCA_048886645.1|G0000222
split_0146	GCA_048938295.1|G0000223
split_0146	GCA_048939465.1|G0000224
split_0146	GCA_902384455.1|G0000229
split_0146	GCA_974486395.1|G0000230
split_0146	GCF_000016125.1|G0000233
split_0146	GCF_000023985.1|G0000235
split_0146	GCF_000025325.1|G0000236
split_0146	GCF_000214415.1|G0000240
split_0146	GCF_000237865.1|G0000241
split_0146	GCF_000306765.2|G0000244
split_0146	GCF_000334895.1|G0000247
split_0146	GCF_000403645.1|G0000248
split_0146	GCF_003369835.1|G0000254
split_0146	GCF_017094485.1|G0000259
split_0146	GCF_021083305.1|G0000264
split_0146	GCF_021083305.1|G0000265
split_0146	GCF_021083305.1|G0000266
split_0146	GCF_029338295.1|G0000269
split_0146	GCF_030287405.1|G0000273
split_0146	GCF_036429475.1|G0000275
split_0146	GCF_946463545.1|G0000276
split_0146	GOMC.bin.12150|G0000281
split_0146	GOMC.bin.16766|G0000285
split_0146	GOMC.bin.874|G0000290
split_0146	GOMC.bin.874|G0000291
split_0146	GOMC.bin.9202|G0000293
split_0147	GCA_001564275.1|G0000006
split_0147	GCA_002839545.1|G0000029
split_0147	GCA_002844335.1|G0000030
split_0147	GCA_003021085.1|G0000037
split_0147	GCA_003021175.1|G0000038
split_0147	GCA_003022865.1|G0000039
split_0147	GCA_005954745.1|G0000053
split_0147	GCA_007122875.1|G0000060
split_0147	GCA_023008585.1|G0000140
split_0147	GCA_025041175.1|G0000153
split_0147	GCA_025517465.1|G0000155
split_0147	GCA_028275105.1|G0000165
split_0147	GCA_030734185.1|G0000192
split_0147	GCA_034190395.1|G0000197
split_0147	GCA_034521615.1|G0000200
split_0147	GCA_035269625.1|G0000202
split_0147	GCA_036626315.1|G0000206
split_0147	GCA_974486395.1|G0000230
split_0147	GCF_000025325.1|G0000236
split_0147	GCF_000237865.1|G0000241
split_0147	GCF_000306765.2|G0000244
split_0147	GCF_000334895.1|G0000247
split_0147	GCF_000403645.1|G0000248
split_0147	GCF_003369835.1|G0000254
split_0147	GCF_017094485.1|G0000259
split_0147	GCF_021083305.1|G0000264
split_0147	GCF_021083305.1|G0000265
split_0147	GCF_021083305.1|G0000266
split_0147	GCF_029338295.1|G0000269
split_0147	GCF_030287405.1|G0000273
split_0147	GCF_036429475.1|G0000275
split_0147	GOMC.bin.12150|G0000281
split_0147	GOMC.bin.9202|G0000293
split_0148	GCA_001564275.1|G0000006
split_0148	GCA_002844335.1|G0000030
split_0148	GCA_003021085.1|G0000037
split_0148	GCA_003021175.1|G0000038
split_0148	GCA_003022865.1|G0000039
split_0148	GCA_005954745.1|G0000053
split_0148	GCA_007122875.1|G0000060
split_0148	GCA_023008585.1|G0000140
split_0148	GCA_025041175.1|G0000153
split_0148	GCA_025517465.1|G0000155
split_0148	GCA_028275105.1|G0000165
split_0148	GCA_030734185.1|G0000192
split_0148	GCA_034190395.1|G0000197
split_0148	GCA_034521615.1|G0000200
split_0148	GCA_035269625.1|G0000202
split_0148	GCA_036626315.1|G0000206
split_0148	GCF_000025325.1|G0000236
split_0148	GCF_000237865.1|G0000241
split_0148	GCF_000306765.2|G0000244
split_0148	GCF_000334895.1|G0000247
split_0148	GCF_000403645.1|G0000248
split_0148	GCF_003369835.1|G0000254
split_0148	GCF_017094485.1|G0000259
split_0148	GCF_021083305.1|G0000264
split_0148	GCF_021083305.1|G0000265
split_0148	GCF_021083305.1|G0000266
split_0148	GCF_029338295.1|G0000269
split_0148	GCF_030287405.1|G0000273
split_0148	GCF_036429475.1|G0000275
split_0148	GOMC.bin.12150|G0000281
split_0148	GOMC.bin.9202|G0000293
split_0149	GCA_001564275.1|G0000006
split_0149	GCA_002844335.1|G0000030
split_0149	GCA_003021085.1|G0000037
split_0149	GCA_003021175.1|G0000038
split_0149	GCA_003022865.1|G0000039
split_0149	GCA_005954745.1|G0000053
split_0149	GCA_007122875.1|G0000060
split_0149	GCA_023008585.1|G0000140
split_0149	GCA_025041175.1|G0000153
split_0149	GCA_025517465.1|G0000155
split_0149	GCA_028275105.1|G0000165
split_0149	GCA_030734185.1|G0000192
split_0149	GCA_034190395.1|G0000197
split_0149	GCA_034521615.1|G0000200
split_0149	GCA_035269625.1|G0000202
split_0149	GCA_036626315.1|G0000206
split_0149	GCF_000025325.1|G0000236
split_0149	GCF_000237865.1|G0000241
split_0149	GCF_000306765.2|G0000244
split_0149	GCF_000334895.1|G0000247
split_0149	GCF_000403645.1|G0000248
split_0149	GCF_003369835.1|G0000254
split_0149	GCF_017094485.1|G0000259
split_0149	GCF_029338295.1|G0000269
split_0149	GCF_030287405.1|G0000273
split_0149	GCF_036429475.1|G0000275
split_0149	GOMC.bin.12150|G0000281
split_0149	GOMC.bin.9202|G0000293
split_0150	GCA_001564275.1|G0000006
split_0150	GCA_002844335.1|G0000030
split_0150	GCA_003021085.1|G0000037
split_0150	GCA_003021175.1|G0000038
split_0150	GCA_003022865.1|G0000039
split_0150	GCA_005954745.1|G0000053
split_0150	GCA_007122875.1|G0000060
split_0150	GCA_023008585.1|G0000140
split_0150	GCA_025517465.1|G0000155
split_0150	GCA_028275105.1|G0000165
split_0150	GCA_030734185.1|G0000192
split_0150	GCA_034190395.1|G0000197
split_0150	GCA_034521615.1|G0000200
split_0150	GCA_035269625.1|G0000202
split_0150	GCA_036626315.1|G0000206
split_0150	GCF_000025325.1|G0000236
split_0150	GCF_000237865.1|G0000241
split_0150	GCF_000306765.2|G0000244
split_0150	GCF_000334895.1|G0000247
split_0150	GCF_000403645.1|G0000248
split_0150	GCF_003369835.1|G0000254
split_0150	GCF_017094485.1|G0000259
split_0150	GCF_029338295.1|G0000269
split_0150	GCF_030287405.1|G0000273
split_0150	GCF_036429475.1|G0000275
split_0150	GOMC.bin.12150|G0000281
split_0150	GOMC.bin.9202|G0000293
split_0151	GCA_001564275.1|G0000006
split_0151	GCA_002844335.1|G0000030
split_0151	GCA_003021085.1|G0000037
split_0151	GCA_003021175.1|G0000038
split_0151	GCA_003022865.1|G0000039
split_0151	GCA_005954745.1|G0000053
split_0151	GCA_007122875.1|G0000060
split_0151	GCA_023008585.1|G0000140
split_0151	GCA_025517465.1|G0000155
split_0151	GCA_028275105.1|G0000165
split_0151	GCA_030734185.1|G0000192
split_0151	GCA_034190395.1|G0000197
split_0151	GCA_034521615.1|G0000200
split_0151	GCA_036626315.1|G0000206
split_0151	GCF_000025325.1|G0000236
split_0151	GCF_000237865.1|G0000241
split_0151	GCF_000306765.2|G0000244
split_0151	GCF_000334895.1|G0000247
split_0151	GCF_000403645.1|G0000248
split_0151	GCF_003369835.1|G0000254
split_0151	GCF_029338295.1|G0000269
split_0151	GCF_030287405.1|G0000273
split_0151	GCF_036429475.1|G0000275
split_0151	GOMC.bin.12150|G0000281
split_0152	GCA_001564275.1|G0000006
split_0152	GCA_002844335.1|G0000030
split_0152	GCA_003021085.1|G0000037
split_0152	GCA_003021175.1|G0000038
split_0152	GCA_003022865.1|G0000039
split_0152	GCA_005954745.1|G0000053
split_0152	GCA_007122875.1|G0000060
split_0152	GCA_023008585.1|G0000140
split_0152	GCA_025517465.1|G0000155
split_0152	GCA_028275105.1|G0000165
split_0152	GCA_030734185.1|G0000192
split_0152	GCA_034190395.1|G0000197
split_0152	GCA_034521615.1|G0000200
split_0152	GCA_036626315.1|G0000206
split_0152	GCF_000025325.1|G0000236
split_0152	GCF_000237865.1|G0000241
split_0152	GCF_000306765.2|G0000244
split_0152	GCF_000334895.1|G0000247
split_0152	GCF_003369835.1|G0000254
split_0152	GCF_029338295.1|G0000269
split_0152	GCF_030287405.1|G0000273
split_0152	GCF_036429475.1|G0000275
split_0152	GOMC.bin.12150|G0000281
split_0153	GCA_001564275.1|G0000006
split_0153	GCA_002844335.1|G0000030
split_0153	GCA_003021085.1|G0000037
split_0153	GCA_003021175.1|G0000038
split_0153	GCA_003022865.1|G0000039
split_0153	GCA_007122875.1|G0000060
split_0153	GCA_023008585.1|G0000140
split_0153	GCA_025517465.1|G0000155
split_0153	GCA_028275105.1|G0000165
split_0153	GCA_030734185.1|G0000192
split_0153	GCA_034190395.1|G0000197
split_0153	GCA_034521615.1|G0000200
split_0153	GCA_036626315.1|G0000206
split_0153	GCF_000025325.1|G0000236
split_0153	GCF_000237865.1|G0000241
split_0153	GCF_000306765.2|G0000244
split_0153	GCF_000334895.1|G0000247
split_0153	GCF_003369835.1|G0000254
split_0153	GCF_029338295.1|G0000269
split_0153	GCF_030287405.1|G0000273
split_0153	GCF_036429475.1|G0000275
split_0153	GOMC.bin.12150|G0000281
split_0154	GCA_001564275.1|G0000006
split_0154	GCA_002844335.1|G0000030
split_0154	GCA_003021085.1|G0000037
split_0154	GCA_003021175.1|G0000038
split_0154	GCA_003022865.1|G0000039
split_0154	GCA_007122875.1|G0000060
split_0154	GCA_023008585.1|G0000140
split_0154	GCA_025517465.1|G0000155
split_0154	GCA_028275105.1|G0000165
split_0154	GCA_030734185.1|G0000192
split_0154	GCA_034190395.1|G0000197
split_0154	GCA_034521615.1|G0000200
split_0154	GCF_000025325.1|G0000236
split_0154	GCF_000237865.1|G0000241
split_0154	GCF_000306765.2|G0000244
split_0154	GCF_000334895.1|G0000247
split_0154	GCF_003369835.1|G0000254
split_0154	GCF_029338295.1|G0000269
split_0154	GCF_030287405.1|G0000273
split_0154	GCF_036429475.1|G0000275
split_0155	GCA_001564275.1|G0000006
split_0155	GCA_007122875.1|G0000060
split_0155	GCA_023008585.1|G0000140
split_0155	GCF_000025325.1|G0000236
split_0155	GCF_030287405.1|G0000273
split_0155	GCF_036429475.1|G0000275
split_0156	GCA_001564275.1|G0000006
split_0156	GCA_007122875.1|G0000060
split_0156	GCA_023008585.1|G0000140
split_0156	GCF_000025325.1|G0000236
split_0157	GCA_001564275.1|G0000006
split_0157	GCA_023008585.1|G0000140
split_0157	GCF_000025325.1|G0000236
split_0158	GCA_001564275.1|G0000006
split_0158	GCA_023008585.1|G0000140
split_0159	GCF_030287405.1|G0000273
split_0159	GCF_036429475.1|G0000275
split_0160	GCA_002844335.1|G0000030
split_0160	GCA_003021085.1|G0000037
split_0160	GCA_003021175.1|G0000038
split_0160	GCA_003022865.1|G0000039
split_0160	GCA_025517465.1|G0000155
split_0160	GCA_028275105.1|G0000165
split_0160	GCA_030734185.1|G0000192
split_0160	GCA_034190395.1|G0000197
split_0160	GCA_034521615.1|G0000200
split_0160	GCF_000237865.1|G0000241
split_0160	GCF_000306765.2|G0000244
split_0160	GCF_000334895.1|G0000247
split_0160	GCF_003369835.1|G0000254
split_0160	GCF_029338295.1|G0000269
split_0161	GCA_002844335.1|G0000030
split_0161	GCA_003021085.1|G0000037
split_0161	GCA_003021175.1|G0000038
split_0161	GCA_025517465.1|G0000155
split_0161	GCA_028275105.1|G0000165
split_0161	GCA_030734185.1|G0000192
split_0161	GCA_034190395.1|G0000197
split_0161	GCA_034521615.1|G0000200
split_0161	GCF_000237865.1|G0000241
split_0161	GCF_000306765.2|G0000244
split_0161	GCF_000334895.1|G0000247
split_0161	GCF_003369835.1|G0000254
split_0161	GCF_029338295.1|G0000269
split_0162	GCA_002844335.1|G0000030
split_0162	GCA_003021085.1|G0000037
split_0162	GCA_003021175.1|G0000038
split_0162	GCA_025517465.1|G0000155
split_0162	GCA_028275105.1|G0000165
split_0162	GCA_030734185.1|G0000192
split_0162	GCF_000237865.1|G0000241
split_0162	GCF_000306765.2|G0000244
split_0162	GCF_000334895.1|G0000247
split_0162	GCF_003369835.1|G0000254
split_0162	GCF_029338295.1|G0000269
split_0163	GCA_002844335.1|G0000030
split_0163	GCA_003021175.1|G0000038
split_0163	GCA_025517465.1|G0000155
split_0163	GCF_000334895.1|G0000247
split_0163	GCF_003369835.1|G0000254
split_0163	GCF_029338295.1|G0000269
split_0164	GCA_002844335.1|G0000030
split_0164	GCA_003021175.1|G0000038
split_0164	GCA_025517465.1|G0000155
split_0164	GCF_000334895.1|G0000247
split_0164	GCF_029338295.1|G0000269
split_0165	GCA_002844335.1|G0000030
split_0165	GCA_003021175.1|G0000038
split_0165	GCA_025517465.1|G0000155
split_0166	GCA_003021175.1|G0000038
split_0166	GCA_025517465.1|G0000155
split_0167	GCF_000334895.1|G0000247
split_0167	GCF_029338295.1|G0000269
split_0168	GCA_003021085.1|G0000037
split_0168	GCA_028275105.1|G0000165
split_0168	GCA_030734185.1|G0000192
split_0168	GCF_000237865.1|G0000241
split_0168	GCF_000306765.2|G0000244
split_0169	GCA_028275105.1|G0000165
split_0169	GCA_030734185.1|G0000192
split_0169	GCF_000237865.1|G0000241
split_0169	GCF_000306765.2|G0000244
split_0170	GCA_028275105.1|G0000165
split_0170	GCF_000237865.1|G0000241
split_0170	GCF_000306765.2|G0000244
split_0171	GCA_028275105.1|G0000165
split_0171	GCF_000306765.2|G0000244
split_0172	GCA_034190395.1|G0000197
split_0172	GCA_034521615.1|G0000200
split_0173	GCA_036626315.1|G0000206
split_0173	GOMC.bin.12150|G0000281
split_0174	GCA_035269625.1|G0000202
split_0174	GCF_017094485.1|G0000259
split_0174	GOMC.bin.9202|G0000293
split_0175	GCA_035269625.1|G0000202
split_0175	GCF_017094485.1|G0000259
split_0176	GCF_021083305.1|G0000264
split_0176	GCF_021083305.1|G0000265
split_0176	GCF_021083305.1|G0000266
split_0177	GCF_021083305.1|G0000264
split_0177	GCF_021083305.1|G0000266
split_0178	GCA_002839545.1|G0000029
split_0178	GCA_974486395.1|G0000230
split_0179	GCA_001723845.1|G0000008
split_0179	GCA_001873845.1|G0000010
split_0179	GCA_001940665.2|G0000011
split_0179	GCA_002010065.2|G0000012
split_0179	GCA_002010065.2|G0000013
split_0179	GCA_002897955.1|G0000032
split_0179	GCA_002897955.1|G0000033
split_0179	GCA_003019595.1|G0000035
split_0179	GCA_004347965.1|G0000049
split_0179	GCA_013152845.1|G0000068
split_0179	GCA_013154335.1|G0000069
split_0179	GCA_015520145.1|G0000082
split_0179	GCA_015661555.1|G0000085
split_0179	GCA_016212785.1|G0000086
split_0179	GCA_016550395.1|G0000087
split_0179	GCA_016839265.1|G0000089
split_0179	GCA_016840065.1|G0000091
split_0179	GCA_016840135.1|G0000092
split_0179	GCA_016840425.1|G0000093
split_0179	GCA_016840485.1|G0000094
split_0179	GCA_016930055.1|G0000096
split_0179	GCA_017609995.1|G0000097
split_0179	GCA_018396415.1|G0000103
split_0179	GCA_018830205.1|G0000106
split_0179	GCA_019056805.1|G0000107
split_0179	GCA_020723935.1|G0000115
split_0179	GCA_021160575.1|G0000119
split_0179	GCA_024274695.1|G0000147
split_0179	GCA_024275655.1|G0000149
split_0179	GCA_024860865.1|G0000152
split_0179	GCA_026014815.1|G0000158
split_0179	GCA_026989875.1|G0000160
split_0179	GCA_027051165.1|G0000162
split_0179	GCA_027051165.1|G0000163
split_0179	GCA_027077895.1|G0000164
split_0179	GCA_028275385.1|G0000166
split_0179	GCA_029259155.1|G0000173
split_0179	GCA_029856435.1|G0000177
split_0179	GCA_030669205.1|G0000189
split_0179	GCA_036446635.1|G0000205
split_0179	GCA_037442745.1|G0000209
split_0179	GCA_038825615.1|G0000212
split_0179	GCA_038852745.1|G0000214
split_0179	GCA_038881895.1|G0000215
split_0179	GCA_041306075.1|G0000216
split_0179	GCA_048886645.1|G0000222
split_0179	GCA_048938295.1|G0000223
split_0179	GCA_048939465.1|G0000224
split_0179	GCA_902384455.1|G0000229
split_0179	GCF_000016125.1|G0000233
split_0179	GCF_000023985.1|G0000235
split_0179	GCF_000214415.1|G0000240
split_0179	GCF_946463545.1|G0000276
split_0179	GOMC.bin.16766|G0000285
split_0179	GOMC.bin.874|G0000290
split_0179	GOMC.bin.874|G0000291
split_0180	GCA_001723845.1|G0000008
split_0180	GCA_001873845.1|G0000010
split_0180	GCA_001940665.2|G0000011
split_0180	GCA_002010065.2|G0000013
split_0180	GCA_002897955.1|G0000032
split_0180	GCA_003019595.1|G0000035
split_0180	GCA_004347965.1|G0000049
split_0180	GCA_013154335.1|G0000069
split_0180	GCA_016550395.1|G0000087
split_0180	GCA_016839265.1|G0000089
split_0180	GCA_016840065.1|G0000091
split_0180	GCA_016840135.1|G0000092
split_0180	GCA_016840425.1|G0000093
split_0180	GCA_016840485.1|G0000094
split_0180	GCA_016930055.1|G0000096
split_0180	GCA_017609995.1|G0000097
split_0180	GCA_018396415.1|G0000103
split_0180	GCA_019056805.1|G0000107
split_0180	GCA_020723935.1|G0000115
split_0180	GCA_021160575.1|G0000119
split_0180	GCA_024274695.1|G0000147
split_0180	GCA_024275655.1|G0000149
split_0180	GCA_024860865.1|G0000152
split_0180	GCA_026014815.1|G0000158
split_0180	GCA_027051165.1|G0000163
split_0180	GCA_027077895.1|G0000164
split_0180	GCA_028275385.1|G0000166
split_0180	GCA_029259155.1|G0000173
split_0180	GCA_029856435.1|G0000177
split_0180	GCA_030669205.1|G0000189
split_0180	GCA_037442745.1|G0000209
split_0180	GCA_038825615.1|G0000212
split_0180	GCA_038852745.1|G0000214
split_0180	GCA_038881895.1|G0000215
split_0180	GCA_041306075.1|G0000216
split_0180	GCA_048886645.1|G0000222
split_0180	GCA_048938295.1|G0000223
split_0180	GCA_048939465.1|G0000224
split_0180	GCA_902384455.1|G0000229
split_0180	GOMC.bin.16766|G0000285
split_0180	GOMC.bin.874|G0000291
split_0181	GCA_001723845.1|G0000008
split_0181	GCA_001873845.1|G0000010
split_0181	GCA_002010065.2|G0000013
split_0181	GCA_002897955.1|G0000032
split_0181	GCA_013154335.1|G0000069
split_0181	GCA_020723935.1|G0000115
split_0181	GCA_024274695.1|G0000147
split_0181	GCA_024275655.1|G0000149
split_0181	GCA_024860865.1|G0000152
split_0181	GCA_027051165.1|G0000163
split_0181	GCA_027077895.1|G0000164
split_0181	GCA_030669205.1|G0000189
split_0181	GCA_037442745.1|G0000209
split_0181	GCA_041306075.1|G0000216
split_0181	GCA_902384455.1|G0000229
split_0181	GOMC.bin.874|G0000291
split_0182	GCA_001723845.1|G0000008
split_0182	GCA_001873845.1|G0000010
split_0182	GCA_002010065.2|G0000013
split_0182	GCA_002897955.1|G0000032
split_0182	GCA_020723935.1|G0000115
split_0182	GCA_024274695.1|G0000147
split_0182	GCA_024275655.1|G0000149
split_0182	GCA_024860865.1|G0000152
split_0182	GCA_027051165.1|G0000163
split_0182	GCA_027077895.1|G0000164
split_0182	GCA_030669205.1|G0000189
split_0182	GCA_037442745.1|G0000209
split_0182	GCA_041306075.1|G0000216
split_0182	GCA_902384455.1|G0000229
split_0182	GOMC.bin.874|G0000291
split_0183	GCA_001723845.1|G0000008
split_0183	GCA_001873845.1|G0000010
split_0183	GCA_002010065.2|G0000013
split_0183	GCA_002897955.1|G0000032
split_0183	GCA_024274695.1|G0000147
split_0183	GCA_024275655.1|G0000149
split_0183	GCA_024860865.1|G0000152
split_0183	GCA_027051165.1|G0000163
split_0183	GCA_027077895.1|G0000164
split_0183	GCA_030669205.1|G0000189
split_0183	GCA_041306075.1|G0000216
split_0183	GCA_902384455.1|G0000229
split_0183	GOMC.bin.874|G0000291
split_0184	GCA_001723845.1|G0000008
split_0184	GCA_001873845.1|G0000010
split_0184	GCA_002010065.2|G0000013
split_0184	GCA_002897955.1|G0000032
split_0184	GCA_024860865.1|G0000152
split_0184	GCA_027051165.1|G0000163
split_0184	GCA_030669205.1|G0000189
split_0184	GCA_041306075.1|G0000216
split_0184	GCA_902384455.1|G0000229
split_0184	GOMC.bin.874|G0000291
split_0185	GCA_001723845.1|G0000008
split_0185	GCA_001873845.1|G0000010
split_0185	GCA_024860865.1|G0000152
split_0185	GCA_030669205.1|G0000189
split_0185	GCA_041306075.1|G0000216
split_0185	GCA_902384455.1|G0000229
split_0186	GCA_001723845.1|G0000008
split_0186	GCA_001873845.1|G0000010
split_0186	GCA_030669205.1|G0000189
split_0186	GCA_041306075.1|G0000216
split_0186	GCA_902384455.1|G0000229
split_0187	GCA_001723845.1|G0000008
split_0187	GCA_001873845.1|G0000010
split_0187	GCA_030669205.1|G0000189
split_0188	GCA_001723845.1|G0000008
split_0188	GCA_001873845.1|G0000010
split_0189	GCA_041306075.1|G0000216
split_0189	GCA_902384455.1|G0000229
split_0190	GCA_002010065.2|G0000013
split_0190	GCA_002897955.1|G0000032
split_0190	GCA_027051165.1|G0000163
split_0190	GOMC.bin.874|G0000291
split_0191	GCA_002010065.2|G0000013
split_0191	GCA_002897955.1|G0000032
split_0191	GOMC.bin.874|G0000291
split_0192	GCA_002010065.2|G0000013
split_0192	GCA_002897955.1|G0000032
split_0193	GCA_024274695.1|G0000147
split_0193	GCA_024275655.1|G0000149
split_0193	GCA_027077895.1|G0000164
split_0194	GCA_024275655.1|G0000149
split_0194	GCA_027077895.1|G0000164
split_0195	GCA_020723935.1|G0000115
split_0195	GCA_037442745.1|G0000209
split_0196	GCA_001940665.2|G0000011
split_0196	GCA_003019595.1|G0000035
split_0196	GCA_004347965.1|G0000049
split_0196	GCA_016550395.1|G0000087
split_0196	GCA_016839265.1|G0000089
split_0196	GCA_016840065.1|G0000091
split_0196	GCA_016840135.1|G0000092
split_0196	GCA_016840425.1|G0000093
split_0196	GCA_016840485.1|G0000094
split_0196	GCA_016930055.1|G0000096
split_0196	GCA_017609995.1|G0000097
split_0196	GCA_018396415.1|G0000103
split_0196	GCA_019056805.1|G0000107
split_0196	GCA_021160575.1|G0000119
split_0196	GCA_026014815.1|G0000158
split_0196	GCA_028275385.1|G0000166
split_0196	GCA_029259155.1|G0000173
split_0196	GCA_029856435.1|G0000177
split_0196	GCA_038825615.1|G0000212
split_0196	GCA_038852745.1|G0000214
split_0196	GCA_038881895.1|G0000215
split_0196	GCA_048886645.1|G0000222
split_0196	GCA_048938295.1|G0000223
split_0196	GCA_048939465.1|G0000224
split_0196	GOMC.bin.16766|G0000285
split_0197	GCA_001940665.2|G0000011
split_0197	GCA_003019595.1|G0000035
split_0197	GCA_004347965.1|G0000049
split_0197	GCA_016839265.1|G0000089
split_0197	GCA_016840425.1|G0000093
split_0197	GCA_016840485.1|G0000094
split_0197	GCA_016930055.1|G0000096
split_0197	GCA_017609995.1|G0000097
split_0197	GCA_018396415.1|G0000103
split_0197	GCA_019056805.1|G0000107
split_0197	GCA_021160575.1|G0000119
split_0197	GCA_026014815.1|G0000158
split_0197	GCA_028275385.1|G0000166
split_0197	GCA_029259155.1|G0000173
split_0197	GCA_029856435.1|G0000177
split_0197	GCA_038825615.1|G0000212
split_0197	GCA_038852745.1|G0000214
split_0197	GCA_038881895.1|G0000215
split_0197	GCA_048886645.1|G0000222
split_0197	GCA_048939465.1|G0000224
split_0197	GOMC.bin.16766|G0000285
split_0198	GCA_001940665.2|G0000011
split_0198	GCA_003019595.1|G0000035
split_0198	GCA_004347965.1|G0000049
split_0198	GCA_016839265.1|G0000089
split_0198	GCA_016840425.1|G0000093
split_0198	GCA_016930055.1|G0000096
split_0198	GCA_017609995.1|G0000097
split_0198	GCA_018396415.1|G0000103
split_0198	GCA_021160575.1|G0000119
split_0198	GCA_026014815.1|G0000158
split_0198	GCA_028275385.1|G0000166
split_0198	GCA_029259155.1|G0000173
split_0198	GCA_038852745.1|G0000214
split_0198	GCA_038881895.1|G0000215
split_0198	GCA_048886645.1|G0000222
split_0198	GCA_048939465.1|G0000224
split_0198	GOMC.bin.16766|G0000285
split_0199	GCA_001940665.2|G0000011
split_0199	GCA_016839265.1|G0000089
split_0199	GCA_016840425.1|G0000093
split_0199	GCA_017609995.1|G0000097
split_0199	GCA_018396415.1|G0000103
split_0199	GCA_021160575.1|G0000119
split_0199	GCA_028275385.1|G0000166
split_0199	GCA_029259155.1|G0000173
split_0199	GCA_048886645.1|G0000222
split_0200	GCA_001940665.2|G0000011
split_0200	GCA_016839265.1|G0000089
split_0200	GCA_016840425.1|G0000093
split_0200	GCA_017609995.1|G0000097
split_0200	GCA_018396415.1|G0000103
split_0200	GCA_028275385.1|G0000166
split_0200	GCA_029259155.1|G0000173
split_0200	GCA_048886645.1|G0000222
split_0201	GCA_001940665.2|G0000011
split_0201	GCA_016839265.1|G0000089
split_0201	GCA_018396415.1|G0000103
split_0201	GCA_029259155.1|G0000173
split_0202	GCA_001940665.2|G0000011
split_0202	GCA_016839265.1|G0000089
split_0203	GCA_018396415.1|G0000103
split_0203	GCA_029259155.1|G0000173
split_0204	GCA_016840425.1|G0000093
split_0204	GCA_017609995.1|G0000097
split_0204	GCA_028275385.1|G0000166
split_0204	GCA_048886645.1|G0000222
split_0205	GCA_016840425.1|G0000093
split_0205	GCA_048886645.1|G0000222
split_0206	GCA_017609995.1|G0000097
split_0206	GCA_028275385.1|G0000166
split_0207	GCA_003019595.1|G0000035
split_0207	GCA_004347965.1|G0000049
split_0207	GCA_016930055.1|G0000096
split_0207	GCA_026014815.1|G0000158
split_0207	GCA_038852745.1|G0000214
split_0207	GCA_038881895.1|G0000215
split_0207	GCA_048939465.1|G0000224
split_0207	GOMC.bin.16766|G0000285
split_0208	GCA_003019595.1|G0000035
split_0208	GCA_016930055.1|G0000096
split_0208	GCA_026014815.1|G0000158
split_0208	GCA_038852745.1|G0000214
split_0208	GCA_038881895.1|G0000215
split_0208	GCA_048939465.1|G0000224
split_0209	GCA_003019595.1|G0000035
split_0209	GCA_016930055.1|G0000096
split_0209	GCA_026014815.1|G0000158
split_0209	GCA_038852745.1|G0000214
split_0209	GCA_038881895.1|G0000215
split_0210	GCA_003019595.1|G0000035
split_0210	GCA_016930055.1|G0000096
split_0210	GCA_026014815.1|G0000158
split_0210	GCA_038881895.1|G0000215
split_0211	GCA_003019595.1|G0000035
split_0211	GCA_038881895.1|G0000215
split_0212	GCA_016930055.1|G0000096
split_0212	GCA_026014815.1|G0000158
split_0213	GCA_004347965.1|G0000049
split_0213	GOMC.bin.16766|G0000285
split_0214	GCA_016840485.1|G0000094
split_0214	GCA_019056805.1|G0000107
split_0214	GCA_029856435.1|G0000177
split_0214	GCA_038825615.1|G0000212
split_0215	GCA_016840485.1|G0000094
split_0215	GCA_019056805.1|G0000107
split_0216	GCA_029856435.1|G0000177
split_0216	GCA_038825615.1|G0000212
split_0217	GCA_016550395.1|G0000087
split_0217	GCA_016840065.1|G0000091
split_0217	GCA_016840135.1|G0000092
split_0217	GCA_048938295.1|G0000223
split_0218	GCA_016550395.1|G0000087
split_0218	GCA_048938295.1|G0000223
split_0219	GCA_016840065.1|G0000091
split_0219	GCA_016840135.1|G0000092
split_0220	GCA_002010065.2|G0000012
split_0220	GCA_002897955.1|G0000033
split_0220	GCA_013152845.1|G0000068
split_0220	GCA_015520145.1|G0000082
split_0220	GCA_015661555.1|G0000085
split_0220	GCA_016212785.1|G0000086
split_0220	GCA_018830205.1|G0000106
split_0220	GCA_026989875.1|G0000160
split_0220	GCA_027051165.1|G0000162
split_0220	GCA_036446635.1|G0000205
split_0220	GCF_000016125.1|G0000233
split_0220	GCF_000023985.1|G0000235
split_0220	GCF_000214415.1|G0000240
split_0220	GCF_946463545.1|G0000276
split_0220	GOMC.bin.874|G0000290
split_0221	GCA_002010065.2|G0000012
split_0221	GCA_002897955.1|G0000033
split_0221	GCA_013152845.1|G0000068
split_0221	GCA_015520145.1|G0000082
split_0221	GCA_016212785.1|G0000086
split_0221	GCA_018830205.1|G0000106
split_0221	GCA_026989875.1|G0000160
split_0221	GCA_027051165.1|G0000162
split_0221	GCA_036446635.1|G0000205
split_0221	GOMC.bin.874|G0000290
split_0222	GCA_002010065.2|G0000012
split_0222	GCA_002897955.1|G0000033
split_0222	GCA_013152845.1|G0000068
split_0222	GCA_015520145.1|G0000082
split_0222	GCA_016212785.1|G0000086
split_0222	GCA_018830205.1|G0000106
split_0222	GCA_026989875.1|G0000160
split_0222	GCA_036446635.1|G0000205
split_0222	GOMC.bin.874|G0000290
split_0223	GCA_002010065.2|G0000012
split_0223	GCA_026989875.1|G0000160
split_0224	GCA_002897955.1|G0000033
split_0224	GCA_013152845.1|G0000068
split_0224	GCA_015520145.1|G0000082
split_0224	GCA_016212785.1|G0000086
split_0224	GCA_018830205.1|G0000106
split_0224	GCA_036446635.1|G0000205
split_0224	GOMC.bin.874|G0000290
split_0225	GCA_002897955.1|G0000033
split_0225	GCA_013152845.1|G0000068
split_0225	GCA_016212785.1|G0000086
split_0225	GCA_036446635.1|G0000205
split_0226	GCA_013152845.1|G0000068
split_0226	GCA_016212785.1|G0000086
split_0226	GCA_036446635.1|G0000205
split_0227	GCA_016212785.1|G0000086
split_0227	GCA_036446635.1|G0000205
split_0228	GCA_015520145.1|G0000082
split_0228	GCA_018830205.1|G0000106
split_0228	GOMC.bin.874|G0000290
split_0229	GCA_015520145.1|G0000082
split_0229	GOMC.bin.874|G0000290
split_0230	GCA_015661555.1|G0000085
split_0230	GCF_000016125.1|G0000233
split_0230	GCF_000023985.1|G0000235
split_0230	GCF_000214415.1|G0000240
split_0230	GCF_946463545.1|G0000276
split_0231	GCA_015661555.1|G0000085
split_0231	GCF_000016125.1|G0000233
split_0231	GCF_946463545.1|G0000276
split_0232	GCF_000016125.1|G0000233
split_0232	GCF_946463545.1|G0000276
split_0233	GCF_000023985.1|G0000235
split_0233	GCF_000214415.1|G0000240
split_0234	GCA_002010195.1|G0000014
split_0234	GCA_002010215.1|G0000017
split_0234	GCA_002010215.1|G0000018
split_0234	GCA_002010305.1|G0000020
split_0234	GCA_002494725.1|G0000024
split_0234	GCA_013154335.1|G0000070
split_0234	GCA_013166775.1|G0000072
split_0234	GCA_013166775.1|G0000073
split_0234	GCA_015523685.1|G0000083
split_0234	GCA_018238545.1|G0000100
split_0234	GCA_019057815.1|G0000109
split_0234	GCA_021162845.1|G0000123
split_0234	GCA_021513695.1|G0000125
split_0234	GCA_021513715.1|G0000127
split_0234	GCA_023705985.1|G0000145
split_0234	GCA_054388035.1|G0000227
split_0234	GCF_000023985.1|G0000234
split_0234	GCF_000214415.1|G0000239
split_0234	GCF_946463545.1|G0000277
split_0234	GOMC.bin.2847|G0000286
split_0234	GOMC.bin.2866|G0000287
split_0234	GOMC.bin.2875|G0000288
split_0235	GCA_002010195.1|G0000014
split_0235	GCA_002010215.1|G0000017
split_0235	GCA_002010215.1|G0000018
split_0235	GCA_002010305.1|G0000020
split_0235	GCA_002494725.1|G0000024
split_0235	GCA_015523685.1|G0000083
split_0235	GCF_000023985.1|G0000234
split_0235	GCF_000214415.1|G0000239
split_0235	GCF_946463545.1|G0000277
split_0236	GCA_002010195.1|G0000014
split_0236	GCA_002010215.1|G0000017
split_0236	GCA_002010215.1|G0000018
split_0236	GCA_002010305.1|G0000020
split_0236	GCA_002494725.1|G0000024
split_0236	GCA_015523685.1|G0000083
split_0237	GCA_002010195.1|G0000014
split_0237	GCA_002010215.1|G0000017
split_0237	GCA_002010215.1|G0000018
split_0237	GCA_002010305.1|G0000020
split_0237	GCA_015523685.1|G0000083
split_0238	GCA_002010195.1|G0000014
split_0238	GCA_002010215.1|G0000017
split_0238	GCA_002010215.1|G0000018
split_0239	GCA_002010195.1|G0000014
split_0239	GCA_002010215.1|G0000017
split_0240	GCA_002010305.1|G0000020
split_0240	GCA_015523685.1|G0000083
split_0241	GCF_000023985.1|G0000234
split_0241	GCF_000214415.1|G0000239
split_0241	GCF_946463545.1|G0000277
split_0242	GCF_000023985.1|G0000234
split_0242	GCF_000214415.1|G0000239
split_0243	GCA_013154335.1|G0000070
split_0243	GCA_013166775.1|G0000072
split_0243	GCA_013166775.1|G0000073
split_0243	GCA_018238545.1|G0000100
split_0243	GCA_019057815.1|G0000109
split_0243	GCA_021162845.1|G0000123
split_0243	GCA_021513695.1|G0000125
split_0243	GCA_021513715.1|G0000127
split_0243	GCA_023705985.1|G0000145
split_0243	GCA_054388035.1|G0000227
split_0243	GOMC.bin.2847|G0000286
split_0243	GOMC.bin.2866|G0000287
split_0243	GOMC.bin.2875|G0000288
split_0244	GCA_013154335.1|G0000070
split_0244	GCA_013166775.1|G0000072
split_0244	GCA_013166775.1|G0000073
split_0244	GCA_018238545.1|G0000100
split_0244	GCA_019057815.1|G0000109
split_0244	GCA_021162845.1|G0000123
split_0244	GCA_021513695.1|G0000125
split_0244	GCA_021513715.1|G0000127
split_0244	GCA_023705985.1|G0000145
split_0244	GOMC.bin.2847|G0000286
split_0244	GOMC.bin.2866|G0000287
split_0244	GOMC.bin.2875|G0000288
split_0245	GCA_013154335.1|G0000070
split_0245	GCA_013166775.1|G0000072
split_0245	GCA_013166775.1|G0000073
split_0245	GCA_018238545.1|G0000100
split_0245	GCA_019057815.1|G0000109
split_0245	GCA_021513695.1|G0000125
split_0245	GCA_021513715.1|G0000127
split_0245	GCA_023705985.1|G0000145
split_0246	GCA_013166775.1|G0000072
split_0246	GCA_013166775.1|G0000073
split_0246	GCA_018238545.1|G0000100
split_0246	GCA_019057815.1|G0000109
split_0246	GCA_021513695.1|G0000125
split_0246	GCA_021513715.1|G0000127
split_0246	GCA_023705985.1|G0000145
split_0247	GCA_013166775.1|G0000072
split_0247	GCA_013166775.1|G0000073
split_0247	GCA_018238545.1|G0000100
split_0247	GCA_021513695.1|G0000125
split_0247	GCA_021513715.1|G0000127
split_0248	GCA_013166775.1|G0000072
split_0248	GCA_013166775.1|G0000073
split_0248	GCA_018238545.1|G0000100
split_0249	GCA_013166775.1|G0000072
split_0249	GCA_018238545.1|G0000100
split_0250	GCA_021513695.1|G0000125
split_0250	GCA_021513715.1|G0000127
split_0251	GCA_019057815.1|G0000109
split_0251	GCA_023705985.1|G0000145
split_0252	GCA_021162845.1|G0000123
split_0252	GOMC.bin.2847|G0000286
split_0252	GOMC.bin.2866|G0000287
split_0252	GOMC.bin.2875|G0000288
split_0253	GCA_021162845.1|G0000123
split_0253	GOMC.bin.2866|G0000287
split_0253	GOMC.bin.2875|G0000288
split_0254	GCA_021162845.1|G0000123
split_0254	GOMC.bin.2875|G0000288
split_0255	GCA_013166775.1|G0000071
split_0255	GCA_018238545.1|G0000099
split_0255	GCA_019057815.1|G0000110
split_0255	GCA_021162685.1|G0000122
split_0255	GCA_021513695.1|G0000126
split_0255	GCA_021513715.1|G0000128
split_0255	GCA_023705985.1|G0000144
split_0256	GCA_013166775.1|G0000071
split_0256	GCA_018238545.1|G0000099
split_0256	GCA_019057815.1|G0000110
split_0256	GCA_021513695.1|G0000126
split_0256	GCA_021513715.1|G0000128
split_0256	GCA_023705985.1|G0000144
split_0257	GCA_018238545.1|G0000099
split_0257	GCA_019057815.1|G0000110
split_0257	GCA_021513695.1|G0000126
split_0257	GCA_021513715.1|G0000128
split_0257	GCA_023705985.1|G0000144
split_0258	GCA_019057815.1|G0000110
split_0258	GCA_021513695.1|G0000126
split_0258	GCA_021513715.1|G0000128
split_0258	GCA_023705985.1|G0000144
split_0259	GCA_019057815.1|G0000110
split_0259	GCA_023705985.1|G0000144
split_0260	GCA_021513695.1|G0000126
split_0260	GCA_021513715.1|G0000128
split_0261	GCA_011052825.1|G0000066
split_0261	GCA_021158865.1|G0000117
split_0261	GCA_021162065.1|G0000121
split_0261	GCA_022848865.1|G0000135
split_0262	GCA_011052825.1|G0000066
split_0262	GCA_021158865.1|G0000117
split_0262	GCA_021162065.1|G0000121
split_0263	GCA_011052825.1|G0000066
split_0263	GCA_021162065.1|G0000121
split_0264	GCA_011049295.1|G0000065
split_0264	GCA_021159125.1|G0000118
split_0264	GCA_034660695.1|G0000201
split_0265	GCA_021159125.1|G0000118
split_0265	GCA_034660695.1|G0000201
split_0266	GCA_021161865.1|G0000120
split_0266	GCA_029762575.1|G0000175
split_0266	GCA_030612095.1|G0000187
split_0266	GOMC.bin.921|G0000294
split_0267	GCA_021161865.1|G0000120
split_0267	GOMC.bin.921|G0000294
split_0268	GCA_029762575.1|G0000175
split_0268	GCA_030612095.1|G0000187
split_0269	GCA_013329495.1|G0000074
split_0269	GCA_028716125.1|G0000170
split_0270	GCA_003551675.1|G0000044
split_0270	GCA_003552585.1|G0000045
split_0270	GCA_003560595.1|G0000046
split_0270	GCA_007129655.1|G0000062
split_0270	GCA_028279585.1|G0000167
split_0271	GCA_003551675.1|G0000044
split_0271	GCA_003552585.1|G0000045
split_0271	GCA_003560595.1|G0000046
split_0271	GCA_007129655.1|G0000062
split_0272	GCA_003551675.1|G0000044
split_0272	GCA_003552585.1|G0000045
split_0272	GCA_007129655.1|G0000062
split_0273	GCA_003551675.1|G0000044
split_0273	GCA_003552585.1|G0000045
split_0274	GCA_024281315.1|G0000151
split_0274	GCA_030673205.1|G0000190
split_0274	GCA_974499105.1|G0000232
split_0275	GCA_030673205.1|G0000190
split_0275	GCA_974499105.1|G0000232
split_0276	GCA_011046235.1|G0000064
split_0276	GCA_014859835.1|G0000081
split_0276	GCA_018814355.1|G0000105
split_0276	GCA_029858465.1|G0000178
split_0276	GCA_030740765.1|G0000195
split_0276	GCA_035529455.1|G0000204
split_0276	GCA_038852315.1|G0000213
split_0276	GOMC.bin.8344|G0000289
split_0277	GCA_011046235.1|G0000064
split_0277	GCA_014859835.1|G0000081
split_0277	GCA_018814355.1|G0000105
split_0277	GCA_029858465.1|G0000178
split_0277	GCA_035529455.1|G0000204
split_0277	GCA_038852315.1|G0000213
split_0277	GOMC.bin.8344|G0000289
split_0278	GCA_011046235.1|G0000064
split_0278	GCA_029858465.1|G0000178
split_0278	GOMC.bin.8344|G0000289
split_0279	GCA_029858465.1|G0000178
split_0279	GOMC.bin.8344|G0000289
split_0280	GCA_014859835.1|G0000081
split_0280	GCA_018814355.1|G0000105
split_0280	GCA_035529455.1|G0000204
split_0280	GCA_038852315.1|G0000213
split_0281	GCA_014859835.1|G0000081
split_0281	GCA_018814355.1|G0000105
split_0281	GCA_038852315.1|G0000213
split_0282	GCA_014859835.1|G0000081
split_0282	GCA_018814355.1|G0000105
split_0283	GCA_013791785.1|G0000077
split_0283	GCA_020696385.1|G0000114
split_0283	GCA_022615805.1|G0000132
split_0283	GCA_028279595.1|G0000168
split_0283	GCA_030594725.1|G0000181
split_0284	GCA_013791785.1|G0000077
split_0284	GCA_020696385.1|G0000114
split_0284	GCA_022615805.1|G0000132
split_0284	GCA_028279595.1|G0000168
split_0285	GCA_013791785.1|G0000077
split_0285	GCA_020696385.1|G0000114
split_0285	GCA_028279595.1|G0000168
split_0286	GCA_013791785.1|G0000077
split_0286	GCA_020696385.1|G0000114
split_0287	GCA_020725985.1|G0000116
split_0287	GCA_028679985.1|G0000169
split_0287	GCA_029907465.1|G0000179
split_0288	GCA_020725985.1|G0000116
split_0288	GCA_029907465.1|G0000179
split_0289	GCA_013415695.1|G0000076
split_0289	GCA_046539605.1|G0000218
split_0290	GCA_002508545.1|G0000027
split_0290	GCF_000308215.1|G0000245
split_0291	GCA_002067865.1|G0000022
split_0291	GCA_002497075.1|G0000026
