split_id	gene_id
split_0001	CRR476095_bin.3|G0000001
split_0001	GCA_000309865.1|G0000011
split_0002	CRR476095_bin.3|G0000001
split_0002	GCA_000309865.1|G0000009
split_0002	GCA_000309865.1|G0000010
split_0002	GCA_000309865.1|G0000011
split_0002	GCA_001507955.1|G0000015
split_0002	GCF_000008645.1|G0000280
split_0003	ERR2027894_bin.22|G0000002
split_0003	ERR2027902_bin.36|G0000003
split_0004	CRR476095_bin.3|G0000001
split_0004	ERR2027894_bin.22|G0000002
split_0004	ERR2027902_bin.36|G0000003
split_0004	GCA_000309865.1|G0000009
split_0004	GCA_000309865.1|G0000010
split_0004	GCA_000309865.1|G0000011
split_0004	GCA_001507955.1|G0000015
split_0004	GCF_000008645.1|G0000280
split_0005	CRR476095_bin.3|G0000001
split_0005	ERR2027894_bin.22|G0000002
split_0005	ERR2027902_bin.36|G0000003
split_0005	GCA_000166095.1|G0000006
split_0005	GCA_000309865.1|G0000009
split_0005	GCA_000309865.1|G0000010
split_0005	GCA_000309865.1|G0000011
split_0005	GCA_001507955.1|G0000015
split_0005	GCF_000008645.1|G0000280
split_0006	CRR476095_bin.3|G0000001
split_0006	ERR2027894_bin.22|G0000002
split_0006	ERR2027902_bin.36|G0000003
split_0006	GCA_000166095.1|G0000006
split_0006	GCA_000309865.1|G0000009
split_0006	GCA_000309865.1|G0000010
split_0006	GCA_000309865.1|G0000011
split_0006	GCA_001507955.1|G0000015
split_0006	GCA_002923215.1|G0000057
split_0006	GCA_003695745.1|G0000081
split_0006	GCA_016212785.1|G0000119
split_0006	GCA_027021185.1|G0000178
split_0006	GCA_036444275.1|G0000250
split_0006	GCF_000008645.1|G0000280
split_0006	GOMC.bin.2765|G0000378
split_0006	GOMC.bin.7887|G0000381
split_0007	ERR2282092_bin.34|G0000004
split_0007	ERR4283445_bin.66|G0000005
split_0007	GCA_000246735.1|G0000007
split_0007	GCA_000306725.1|G0000008
split_0007	GCA_001509375.1|G0000016
split_0007	GCA_001564275.1|G0000017
split_0007	GCA_001587575.1|G0000020
split_0007	GCA_001595885.1|G0000022
split_0007	GCA_001766815.1|G0000024
split_0007	GCA_002009975.1|G0000025
split_0007	GCA_002010045.1|G0000026
split_0007	GCA_002010075.1|G0000027
split_0007	GCA_002010195.1|G0000028
split_0007	GCA_002010215.1|G0000029
split_0007	GCA_002010305.1|G0000030
split_0007	GCA_002011155.2|G0000032
split_0007	GCA_002067795.1|G0000033
split_0007	GCA_002067865.1|G0000034
split_0007	GCA_002254385.1|G0000035
split_0007	GCA_002494725.1|G0000036
split_0007	GCA_002497075.1|G0000037
split_0007	GCA_002499195.1|G0000038
split_0007	GCA_002501765.1|G0000040
split_0007	GCA_002502625.1|G0000041
split_0007	GCA_002503845.1|G0000043
split_0007	GCA_002505405.1|G0000044
split_0007	GCA_002506015.1|G0000045
split_0007	GCA_002508545.1|G0000046
split_0007	GCA_002839545.1|G0000050
split_0007	GCA_002844335.1|G0000051
split_0007	GCA_002844335.1|G0000052
split_0007	GCA_003021085.1|G0000061
split_0007	GCA_003021175.1|G0000064
split_0007	GCA_003022865.1|G0000067
split_0007	GCA_003194445.1|G0000072
split_0007	GCA_003551675.1|G0000073
split_0007	GCA_003560595.1|G0000076
split_0007	GCA_003561665.1|G0000077
split_0007	GCA_003649915.1|G0000078
split_0007	GCA_004028775.1|G0000082
split_0007	GCA_004193545.1|G0000083
split_0007	GCA_004212075.1|G0000084
split_0007	GCA_004347965.1|G0000085
split_0007	GCA_005954745.1|G0000091
split_0007	GCA_007122875.1|G0000096
split_0007	GCA_007129655.1|G0000098
split_0007	GCA_013331375.1|G0000102
split_0007	GCA_013791785.1|G0000103
split_0007	GCA_014859725.1|G0000105
split_0007	GCA_015520705.1|G0000108
split_0007	GCA_015521325.1|G0000112
split_0007	GCA_015523685.1|G0000115
split_0007	GCA_015661555.1|G0000116
split_0007	GCA_016180755.1|G0000117
split_0007	GCA_016841265.1|G0000123
split_0007	GCA_016874675.1|G0000126
split_0007	GCA_016928095.1|G0000128
split_0007	GCA_016932735.1|G0000130
split_0007	GCA_017395275.1|G0000133
split_0007	GCA_018650285.1|G0000139
split_0007	GCA_018894775.1|G0000140
split_0007	GCA_018897155.1|G0000141
split_0007	GCA_019429385.1|G0000144
split_0007	GCA_020696345.1|G0000145
split_0007	GCA_020696385.1|G0000146
split_0007	GCA_021108405.1|G0000148
split_0007	GCA_021160575.1|G0000150
split_0007	GCA_021161085.1|G0000151
split_0007	GCA_022615805.1|G0000155
split_0007	GCA_023008585.1|G0000156
split_0007	GCA_023008585.1|G0000159
split_0007	GCA_023128965.1|G0000160
split_0007	GCA_023136815.1|G0000161
split_0007	GCA_023145185.1|G0000162
split_0007	GCA_023229165.1|G0000163
split_0007	GCA_023269235.1|G0000164
split_0007	GCA_025041175.1|G0000171
split_0007	GCA_025041175.1|G0000172
split_0007	GCA_025517465.1|G0000173
split_0007	GCA_025517465.1|G0000176
split_0007	GCA_026413605.1|G0000177
split_0007	GCA_028275105.1|G0000180
split_0007	GCA_028275385.1|G0000181
split_0007	GCA_028279585.1|G0000182
split_0007	GCA_028279595.1|G0000183
split_0007	GCA_028279645.1|G0000184
split_0007	GCA_028279645.1|G0000185
split_0007	GCA_028716125.1|G0000189
split_0007	GCA_028821815.1|G0000190
split_0007	GCA_029259155.1|G0000196
split_0007	GCA_029259245.1|G0000197
split_0007	GCA_029762535.1|G0000198
split_0007	GCA_029932465.1|G0000199
split_0007	GCA_029936395.1|G0000201
split_0007	GCA_030018475.1|G0000202
split_0007	GCA_030019485.1|G0000203
split_0007	GCA_030594725.1|G0000204
split_0007	GCA_030595765.1|G0000205
split_0007	GCA_030595765.1|G0000206
split_0007	GCA_030605245.1|G0000208
split_0007	GCA_030611265.1|G0000209
split_0007	GCA_030611265.1|G0000210
split_0007	GCA_030627385.1|G0000211
split_0007	GCA_030630685.1|G0000212
split_0007	GCA_030631505.1|G0000213
split_0007	GCA_030672365.1|G0000215
split_0007	GCA_030673205.1|G0000216
split_0007	GCA_030734185.1|G0000220
split_0007	GCA_030740765.1|G0000221
split_0007	GCA_030743515.1|G0000222
split_0007	GCA_031852275.1|G0000224
split_0007	GCA_031852275.1|G0000225
split_0007	GCA_034190395.1|G0000229
split_0007	GCA_034190545.1|G0000233
split_0007	GCA_034659235.1|G0000239
split_0007	GCA_035269625.1|G0000245
split_0007	GCA_036626315.1|G0000253
split_0007	GCA_038818435.1|G0000257
split_0007	GCA_038851035.1|G0000258
split_0007	GCA_038861055.1|G0000259
split_0007	GCA_041599855.1|G0000261
split_0007	GCA_041601615.1|G0000262
split_0007	GCA_041636435.1|G0000263
split_0007	GCA_046539605.1|G0000264
split_0007	GCA_046543335.1|G0000265
split_0007	GCA_046543335.1|G0000266
split_0007	GCA_046546175.1|G0000269
split_0007	GCA_905171695.1|G0000272
split_0007	GCA_905202485.1|G0000273
split_0007	GCA_963582685.1|G0000274
split_0007	GCA_963996465.1|G0000275
split_0007	GCA_964297655.1|G0000276
split_0007	GCA_974499105.1|G0000278
split_0007	GCF_000007305.1|G0000279
split_0007	GCF_000016125.1|G0000281
split_0007	GCF_000023985.1|G0000282
split_0007	GCF_000025325.1|G0000283
split_0007	GCF_000025325.1|G0000284
split_0007	GCF_000214415.1|G0000287
split_0007	GCF_000237865.1|G0000297
split_0007	GCF_000306765.2|G0000298
split_0007	GCF_000308215.1|G0000301
split_0007	GCF_000334895.1|G0000302
split_0007	GCF_000334895.1|G0000305
split_0007	GCF_000403645.1|G0000308
split_0007	GCF_000711905.1|G0000310
split_0007	GCF_001485535.1|G0000311
split_0007	GCF_003369835.1|G0000315
split_0007	GCF_014647115.1|G0000317
split_0007	GCF_014647475.1|G0000319
split_0007	GCF_017094485.1|G0000321
split_0007	GCF_019693215.1|G0000325
split_0007	GCF_021083305.1|G0000326
split_0007	GCF_024227995.1|G0000329
split_0007	GCF_024227995.1|G0000334
split_0007	GCF_026242195.1|G0000336
split_0007	GCF_029338295.1|G0000340
split_0007	GCF_030287405.1|G0000343
split_0007	GCF_030287405.1|G0000344
split_0007	GCF_036429475.1|G0000346
split_0007	GCF_946463545.1|G0000348
split_0007	GOMC.bin.11431|G0000351
split_0007	GOMC.bin.12128|G0000357
split_0007	GOMC.bin.12150|G0000361
split_0007	GOMC.bin.12150|G0000362
split_0007	GOMC.bin.12150|G0000364
split_0007	GOMC.bin.14106|G0000365
split_0007	GOMC.bin.14286|G0000366
split_0007	GOMC.bin.16766|G0000368
split_0007	GOMC.bin.18996|G0000374
split_0007	GOMC.bin.2493|G0000377
split_0007	GOMC.bin.9202|G0000384
split_0007	GOMC.bin.9202|G0000385
split_0008	ERR2282092_bin.34|G0000004
split_0008	ERR4283445_bin.66|G0000005
split_0008	GCA_000246735.1|G0000007
split_0008	GCA_000306725.1|G0000008
split_0008	GCA_001509375.1|G0000016
split_0008	GCA_001564275.1|G0000017
split_0008	GCA_001587575.1|G0000020
split_0008	GCA_001595885.1|G0000022
split_0008	GCA_001766815.1|G0000024
split_0008	GCA_002010045.1|G0000026
split_0008	GCA_002010075.1|G0000027
split_0008	GCA_002010195.1|G0000028
split_0008	GCA_002010215.1|G0000029
split_0008	GCA_002010305.1|G0000030
split_0008	GCA_002011155.2|G0000032
split_0008	GCA_002067795.1|G0000033
split_0008	GCA_002067865.1|G0000034
split_0008	GCA_002254385.1|G0000035
split_0008	GCA_002494725.1|G0000036
split_0008	GCA_002497075.1|G0000037
split_0008	GCA_002499195.1|G0000038
split_0008	GCA_002501765.1|G0000040
split_0008	GCA_002502625.1|G0000041
split_0008	GCA_002503845.1|G0000043
split_0008	GCA_002505405.1|G0000044
split_0008	GCA_002506015.1|G0000045
split_0008	GCA_002508545.1|G0000046
split_0008	GCA_002839545.1|G0000050
split_0008	GCA_002844335.1|G0000051
split_0008	GCA_002844335.1|G0000052
split_0008	GCA_003021085.1|G0000061
split_0008	GCA_003021175.1|G0000064
split_0008	GCA_003022865.1|G0000067
split_0008	GCA_003194445.1|G0000072
split_0008	GCA_003551675.1|G0000073
split_0008	GCA_003560595.1|G0000076
split_0008	GCA_003561665.1|G0000077
split_0008	GCA_003649915.1|G0000078
split_0008	GCA_004028775.1|G0000082
split_0008	GCA_004193545.1|G0000083
split_0008	GCA_004212075.1|G0000084
split_0008	GCA_004347965.1|G0000085
split_0008	GCA_005954745.1|G0000091
split_0008	GCA_007122875.1|G0000096
split_0008	GCA_007129655.1|G0000098
split_0008	GCA_013331375.1|G0000102
split_0008	GCA_013791785.1|G0000103
split_0008	GCA_014859725.1|G0000105
split_0008	GCA_015521325.1|G0000112
split_0008	GCA_015523685.1|G0000115
split_0008	GCA_015661555.1|G0000116
split_0008	GCA_016180755.1|G0000117
split_0008	GCA_016841265.1|G0000123
split_0008	GCA_016874675.1|G0000126
split_0008	GCA_016928095.1|G0000128
split_0008	GCA_017395275.1|G0000133
split_0008	GCA_018650285.1|G0000139
split_0008	GCA_018894775.1|G0000140
split_0008	GCA_019429385.1|G0000144
split_0008	GCA_020696345.1|G0000145
split_0008	GCA_020696385.1|G0000146
split_0008	GCA_021108405.1|G0000148
split_0008	GCA_021160575.1|G0000150
split_0008	GCA_021161085.1|G0000151
split_0008	GCA_022615805.1|G0000155
split_0008	GCA_023008585.1|G0000156
split_0008	GCA_023008585.1|G0000159
split_0008	GCA_023136815.1|G0000161
split_0008	GCA_023145185.1|G0000162
split_0008	GCA_023229165.1|G0000163
split_0008	GCA_023269235.1|G0000164
split_0008	GCA_025041175.1|G0000171
split_0008	GCA_025041175.1|G0000172
split_0008	GCA_025517465.1|G0000173
split_0008	GCA_025517465.1|G0000176
split_0008	GCA_026413605.1|G0000177
split_0008	GCA_028275105.1|G0000180
split_0008	GCA_028275385.1|G0000181
split_0008	GCA_028279585.1|G0000182
split_0008	GCA_028279595.1|G0000183
split_0008	GCA_028279645.1|G0000184
split_0008	GCA_028279645.1|G0000185
split_0008	GCA_028716125.1|G0000189
split_0008	GCA_028821815.1|G0000190
split_0008	GCA_029259155.1|G0000196
split_0008	GCA_029762535.1|G0000198
split_0008	GCA_029932465.1|G0000199
split_0008	GCA_029936395.1|G0000201
split_0008	GCA_030018475.1|G0000202
split_0008	GCA_030019485.1|G0000203
split_0008	GCA_030594725.1|G0000204
split_0008	GCA_030595765.1|G0000205
split_0008	GCA_030595765.1|G0000206
split_0008	GCA_030605245.1|G0000208
split_0008	GCA_030611265.1|G0000209
split_0008	GCA_030611265.1|G0000210
split_0008	GCA_030627385.1|G0000211
split_0008	GCA_030630685.1|G0000212
split_0008	GCA_030672365.1|G0000215
split_0008	GCA_030673205.1|G0000216
split_0008	GCA_030734185.1|G0000220
split_0008	GCA_030740765.1|G0000221
split_0008	GCA_030743515.1|G0000222
split_0008	GCA_031852275.1|G0000224
split_0008	GCA_031852275.1|G0000225
split_0008	GCA_034190395.1|G0000229
split_0008	GCA_034190545.1|G0000233
split_0008	GCA_034659235.1|G0000239
split_0008	GCA_035269625.1|G0000245
split_0008	GCA_036626315.1|G0000253
split_0008	GCA_038818435.1|G0000257
split_0008	GCA_038851035.1|G0000258
split_0008	GCA_038861055.1|G0000259
split_0008	GCA_041599855.1|G0000261
split_0008	GCA_041601615.1|G0000262
split_0008	GCA_041636435.1|G0000263
split_0008	GCA_046539605.1|G0000264
split_0008	GCA_046543335.1|G0000265
split_0008	GCA_046543335.1|G0000266
split_0008	GCA_046546175.1|G0000269
split_0008	GCA_905171695.1|G0000272
split_0008	GCA_905202485.1|G0000273
split_0008	GCA_963582685.1|G0000274
split_0008	GCA_963996465.1|G0000275
split_0008	GCA_964297655.1|G0000276
split_0008	GCA_974499105.1|G0000278
split_0008	GCF_000016125.1|G0000281
split_0008	GCF_000023985.1|G0000282
split_0008	GCF_000025325.1|G0000283
split_0008	GCF_000025325.1|G0000284
split_0008	GCF_000214415.1|G0000287
split_0008	GCF_000237865.1|G0000297
split_0008	GCF_000306765.2|G0000298
split_0008	GCF_000308215.1|G0000301
split_0008	GCF_000334895.1|G0000302
split_0008	GCF_000334895.1|G0000305
split_0008	GCF_000403645.1|G0000308
split_0008	GCF_000711905.1|G0000310
split_0008	GCF_001485535.1|G0000311
split_0008	GCF_003369835.1|G0000315
split_0008	GCF_014647115.1|G0000317
split_0008	GCF_014647475.1|G0000319
split_0008	GCF_017094485.1|G0000321
split_0008	GCF_019693215.1|G0000325
split_0008	GCF_021083305.1|G0000326
split_0008	GCF_024227995.1|G0000329
split_0008	GCF_024227995.1|G0000334
split_0008	GCF_026242195.1|G0000336
split_0008	GCF_029338295.1|G0000340
split_0008	GCF_030287405.1|G0000343
split_0008	GCF_030287405.1|G0000344
split_0008	GCF_036429475.1|G0000346
split_0008	GCF_946463545.1|G0000348
split_0008	GOMC.bin.11431|G0000351
split_0008	GOMC.bin.12128|G0000357
split_0008	GOMC.bin.12150|G0000361
split_0008	GOMC.bin.12150|G0000362
split_0008	GOMC.bin.12150|G0000364
split_0008	GOMC.bin.14106|G0000365
split_0008	GOMC.bin.14286|G0000366
split_0008	GOMC.bin.16766|G0000368
split_0008	GOMC.bin.18996|G0000374
split_0008	GOMC.bin.2493|G0000377
split_0008	GOMC.bin.9202|G0000384
split_0008	GOMC.bin.9202|G0000385
split_0009	ERR2282092_bin.34|G0000004
split_0009	ERR4283445_bin.66|G0000005
split_0009	GCA_000246735.1|G0000007
split_0009	GCA_000306725.1|G0000008
split_0009	GCA_001509375.1|G0000016
split_0009	GCA_001564275.1|G0000017
split_0009	GCA_001587575.1|G0000020
split_0009	GCA_001595885.1|G0000022
split_0009	GCA_001766815.1|G0000024
split_0009	GCA_002010045.1|G0000026
split_0009	GCA_002010075.1|G0000027
split_0009	GCA_002010195.1|G0000028
split_0009	GCA_002010215.1|G0000029
split_0009	GCA_002010305.1|G0000030
split_0009	GCA_002011155.2|G0000032
split_0009	GCA_002067795.1|G0000033
split_0009	GCA_002067865.1|G0000034
split_0009	GCA_002254385.1|G0000035
split_0009	GCA_002494725.1|G0000036
split_0009	GCA_002497075.1|G0000037
split_0009	GCA_002499195.1|G0000038
split_0009	GCA_002501765.1|G0000040
split_0009	GCA_002502625.1|G0000041
split_0009	GCA_002503845.1|G0000043
split_0009	GCA_002505405.1|G0000044
split_0009	GCA_002506015.1|G0000045
split_0009	GCA_002508545.1|G0000046
split_0009	GCA_002839545.1|G0000050
split_0009	GCA_002844335.1|G0000051
split_0009	GCA_002844335.1|G0000052
split_0009	GCA_003021085.1|G0000061
split_0009	GCA_003021175.1|G0000064
split_0009	GCA_003022865.1|G0000067
split_0009	GCA_003194445.1|G0000072
split_0009	GCA_003551675.1|G0000073
split_0009	GCA_003560595.1|G0000076
split_0009	GCA_003561665.1|G0000077
split_0009	GCA_003649915.1|G0000078
split_0009	GCA_004028775.1|G0000082
split_0009	GCA_004193545.1|G0000083
split_0009	GCA_004212075.1|G0000084
split_0009	GCA_004347965.1|G0000085
split_0009	GCA_005954745.1|G0000091
split_0009	GCA_007122875.1|G0000096
split_0009	GCA_007129655.1|G0000098
split_0009	GCA_013331375.1|G0000102
split_0009	GCA_013791785.1|G0000103
split_0009	GCA_014859725.1|G0000105
split_0009	GCA_015521325.1|G0000112
split_0009	GCA_015523685.1|G0000115
split_0009	GCA_016180755.1|G0000117
split_0009	GCA_016841265.1|G0000123
split_0009	GCA_016874675.1|G0000126
split_0009	GCA_016928095.1|G0000128
split_0009	GCA_017395275.1|G0000133
split_0009	GCA_018650285.1|G0000139
split_0009	GCA_018894775.1|G0000140
split_0009	GCA_019429385.1|G0000144
split_0009	GCA_020696345.1|G0000145
split_0009	GCA_020696385.1|G0000146
split_0009	GCA_021108405.1|G0000148
split_0009	GCA_021160575.1|G0000150
split_0009	GCA_021161085.1|G0000151
split_0009	GCA_022615805.1|G0000155
split_0009	GCA_023008585.1|G0000156
split_0009	GCA_023008585.1|G0000159
split_0009	GCA_023136815.1|G0000161
split_0009	GCA_023145185.1|G0000162
split_0009	GCA_023229165.1|G0000163
split_0009	GCA_023269235.1|G0000164
split_0009	GCA_025041175.1|G0000171
split_0009	GCA_025041175.1|G0000172
split_0009	GCA_025517465.1|G0000173
split_0009	GCA_025517465.1|G0000176
split_0009	GCA_026413605.1|G0000177
split_0009	GCA_028275105.1|G0000180
split_0009	GCA_028275385.1|G0000181
split_0009	GCA_028279585.1|G0000182
split_0009	GCA_028279595.1|G0000183
split_0009	GCA_028279645.1|G0000184
split_0009	GCA_028279645.1|G0000185
split_0009	GCA_028716125.1|G0000189
split_0009	GCA_028821815.1|G0000190
split_0009	GCA_029259155.1|G0000196
split_0009	GCA_029762535.1|G0000198
split_0009	GCA_029932465.1|G0000199
split_0009	GCA_029936395.1|G0000201
split_0009	GCA_030018475.1|G0000202
split_0009	GCA_030019485.1|G0000203
split_0009	GCA_030594725.1|G0000204
split_0009	GCA_030595765.1|G0000205
split_0009	GCA_030595765.1|G0000206
split_0009	GCA_030605245.1|G0000208
split_0009	GCA_030611265.1|G0000209
split_0009	GCA_030611265.1|G0000210
split_0009	GCA_030627385.1|G0000211
split_0009	GCA_030630685.1|G0000212
split_0009	GCA_030672365.1|G0000215
split_0009	GCA_030673205.1|G0000216
split_0009	GCA_030734185.1|G0000220
split_0009	GCA_030740765.1|G0000221
split_0009	GCA_030743515.1|G0000222
split_0009	GCA_031852275.1|G0000224
split_0009	GCA_031852275.1|G0000225
split_0009	GCA_034190395.1|G0000229
split_0009	GCA_034190545.1|G0000233
split_0009	GCA_034659235.1|G0000239
split_0009	GCA_035269625.1|G0000245
split_0009	GCA_036626315.1|G0000253
split_0009	GCA_038818435.1|G0000257
split_0009	GCA_038851035.1|G0000258
split_0009	GCA_038861055.1|G0000259
split_0009	GCA_041599855.1|G0000261
split_0009	GCA_041601615.1|G0000262
split_0009	GCA_041636435.1|G0000263
split_0009	GCA_046539605.1|G0000264
split_0009	GCA_046543335.1|G0000265
split_0009	GCA_046543335.1|G0000266
split_0009	GCA_046546175.1|G0000269
split_0009	GCA_905171695.1|G0000272
split_0009	GCA_905202485.1|G0000273
split_0009	GCA_963582685.1|G0000274
split_0009	GCA_963996465.1|G0000275
split_0009	GCA_964297655.1|G0000276
split_0009	GCA_974499105.1|G0000278
split_0009	GCF_000025325.1|G0000283
split_0009	GCF_000025325.1|G0000284
split_0009	GCF_000237865.1|G0000297
split_0009	GCF_000306765.2|G0000298
split_0009	GCF_000308215.1|G0000301
split_0009	GCF_000334895.1|G0000302
split_0009	GCF_000334895.1|G0000305
split_0009	GCF_000403645.1|G0000308
split_0009	GCF_000711905.1|G0000310
split_0009	GCF_001485535.1|G0000311
split_0009	GCF_003369835.1|G0000315
split_0009	GCF_014647115.1|G0000317
split_0009	GCF_014647475.1|G0000319
split_0009	GCF_017094485.1|G0000321
split_0009	GCF_019693215.1|G0000325
split_0009	GCF_021083305.1|G0000326
split_0009	GCF_024227995.1|G0000329
split_0009	GCF_024227995.1|G0000334
split_0009	GCF_026242195.1|G0000336
split_0009	GCF_029338295.1|G0000340
split_0009	GCF_030287405.1|G0000343
split_0009	GCF_030287405.1|G0000344
split_0009	GCF_036429475.1|G0000346
split_0009	GOMC.bin.11431|G0000351
split_0009	GOMC.bin.12128|G0000357
split_0009	GOMC.bin.12150|G0000361
split_0009	GOMC.bin.12150|G0000362
split_0009	GOMC.bin.12150|G0000364
split_0009	GOMC.bin.14106|G0000365
split_0009	GOMC.bin.14286|G0000366
split_0009	GOMC.bin.16766|G0000368
split_0009	GOMC.bin.18996|G0000374
split_0009	GOMC.bin.2493|G0000377
split_0009	GOMC.bin.9202|G0000384
split_0009	GOMC.bin.9202|G0000385
split_0010	ERR2282092_bin.34|G0000004
split_0010	ERR4283445_bin.66|G0000005
split_0010	GCA_000246735.1|G0000007
split_0010	GCA_000306725.1|G0000008
split_0010	GCA_001509375.1|G0000016
split_0010	GCA_001564275.1|G0000017
split_0010	GCA_001587575.1|G0000020
split_0010	GCA_001595885.1|G0000022
split_0010	GCA_001766815.1|G0000024
split_0010	GCA_002010045.1|G0000026
split_0010	GCA_002010075.1|G0000027
split_0010	GCA_002010195.1|G0000028
split_0010	GCA_002010215.1|G0000029
split_0010	GCA_002010305.1|G0000030
split_0010	GCA_002011155.2|G0000032
split_0010	GCA_002067795.1|G0000033
split_0010	GCA_002067865.1|G0000034
split_0010	GCA_002254385.1|G0000035
split_0010	GCA_002494725.1|G0000036
split_0010	GCA_002497075.1|G0000037
split_0010	GCA_002499195.1|G0000038
split_0010	GCA_002501765.1|G0000040
split_0010	GCA_002502625.1|G0000041
split_0010	GCA_002503845.1|G0000043
split_0010	GCA_002505405.1|G0000044
split_0010	GCA_002506015.1|G0000045
split_0010	GCA_002508545.1|G0000046
split_0010	GCA_002839545.1|G0000050
split_0010	GCA_002844335.1|G0000051
split_0010	GCA_002844335.1|G0000052
split_0010	GCA_003021085.1|G0000061
split_0010	GCA_003021175.1|G0000064
split_0010	GCA_003022865.1|G0000067
split_0010	GCA_003194445.1|G0000072
split_0010	GCA_003551675.1|G0000073
split_0010	GCA_003560595.1|G0000076
split_0010	GCA_003561665.1|G0000077
split_0010	GCA_003649915.1|G0000078
split_0010	GCA_004193545.1|G0000083
split_0010	GCA_004212075.1|G0000084
split_0010	GCA_005954745.1|G0000091
split_0010	GCA_007122875.1|G0000096
split_0010	GCA_007129655.1|G0000098
split_0010	GCA_013331375.1|G0000102
split_0010	GCA_013791785.1|G0000103
split_0010	GCA_014859725.1|G0000105
split_0010	GCA_015521325.1|G0000112
split_0010	GCA_015523685.1|G0000115
split_0010	GCA_016180755.1|G0000117
split_0010	GCA_016841265.1|G0000123
split_0010	GCA_016874675.1|G0000126
split_0010	GCA_016928095.1|G0000128
split_0010	GCA_017395275.1|G0000133
split_0010	GCA_018650285.1|G0000139
split_0010	GCA_019429385.1|G0000144
split_0010	GCA_020696345.1|G0000145
split_0010	GCA_020696385.1|G0000146
split_0010	GCA_021108405.1|G0000148
split_0010	GCA_021161085.1|G0000151
split_0010	GCA_022615805.1|G0000155
split_0010	GCA_023008585.1|G0000156
split_0010	GCA_023008585.1|G0000159
split_0010	GCA_023136815.1|G0000161
split_0010	GCA_023145185.1|G0000162
split_0010	GCA_023229165.1|G0000163
split_0010	GCA_023269235.1|G0000164
split_0010	GCA_025041175.1|G0000171
split_0010	GCA_025041175.1|G0000172
split_0010	GCA_025517465.1|G0000173
split_0010	GCA_025517465.1|G0000176
split_0010	GCA_028275105.1|G0000180
split_0010	GCA_028279585.1|G0000182
split_0010	GCA_028279595.1|G0000183
split_0010	GCA_028279645.1|G0000184
split_0010	GCA_028279645.1|G0000185
split_0010	GCA_028716125.1|G0000189
split_0010	GCA_028821815.1|G0000190
split_0010	GCA_029762535.1|G0000198
split_0010	GCA_029932465.1|G0000199
split_0010	GCA_029936395.1|G0000201
split_0010	GCA_030018475.1|G0000202
split_0010	GCA_030019485.1|G0000203
split_0010	GCA_030594725.1|G0000204
split_0010	GCA_030595765.1|G0000205
split_0010	GCA_030595765.1|G0000206
split_0010	GCA_030605245.1|G0000208
split_0010	GCA_030611265.1|G0000209
split_0010	GCA_030611265.1|G0000210
split_0010	GCA_030627385.1|G0000211
split_0010	GCA_030630685.1|G0000212
split_0010	GCA_030672365.1|G0000215
split_0010	GCA_030673205.1|G0000216
split_0010	GCA_030734185.1|G0000220
split_0010	GCA_030740765.1|G0000221
split_0010	GCA_030743515.1|G0000222
split_0010	GCA_031852275.1|G0000224
split_0010	GCA_031852275.1|G0000225
split_0010	GCA_034190395.1|G0000229
split_0010	GCA_034190545.1|G0000233
split_0010	GCA_034659235.1|G0000239
split_0010	GCA_035269625.1|G0000245
split_0010	GCA_036626315.1|G0000253
split_0010	GCA_038851035.1|G0000258
split_0010	GCA_041599855.1|G0000261
split_0010	GCA_041601615.1|G0000262
split_0010	GCA_041636435.1|G0000263
split_0010	GCA_046539605.1|G0000264
split_0010	GCA_046543335.1|G0000265
split_0010	GCA_046543335.1|G0000266
split_0010	GCA_046546175.1|G0000269
split_0010	GCA_905171695.1|G0000272
split_0010	GCA_905202485.1|G0000273
split_0010	GCA_963582685.1|G0000274
split_0010	GCA_963996465.1|G0000275
split_0010	GCA_964297655.1|G0000276
split_0010	GCA_974499105.1|G0000278
split_0010	GCF_000025325.1|G0000283
split_0010	GCF_000025325.1|G0000284
split_0010	GCF_000237865.1|G0000297
split_0010	GCF_000306765.2|G0000298
split_0010	GCF_000308215.1|G0000301
split_0010	GCF_000334895.1|G0000302
split_0010	GCF_000334895.1|G0000305
split_0010	GCF_000403645.1|G0000308
split_0010	GCF_000711905.1|G0000310
split_0010	GCF_001485535.1|G0000311
split_0010	GCF_003369835.1|G0000315
split_0010	GCF_014647115.1|G0000317
split_0010	GCF_014647475.1|G0000319
split_0010	GCF_017094485.1|G0000321
split_0010	GCF_019693215.1|G0000325
split_0010	GCF_021083305.1|G0000326
split_0010	GCF_024227995.1|G0000329
split_0010	GCF_024227995.1|G0000334
split_0010	GCF_026242195.1|G0000336
split_0010	GCF_029338295.1|G0000340
split_0010	GCF_030287405.1|G0000343
split_0010	GCF_030287405.1|G0000344
split_0010	GCF_036429475.1|G0000346
split_0010	GOMC.bin.11431|G0000351
split_0010	GOMC.bin.12128|G0000357
split_0010	GOMC.bin.12150|G0000361
split_0010	GOMC.bin.12150|G0000362
split_0010	GOMC.bin.12150|G0000364
split_0010	GOMC.bin.14106|G0000365
split_0010	GOMC.bin.14286|G0000366
split_0010	GOMC.bin.18996|G0000374
split_0010	GOMC.bin.9202|G0000384
split_0010	GOMC.bin.9202|G0000385
split_0011	ERR2282092_bin.34|G0000004
split_0011	ERR4283445_bin.66|G0000005
split_0011	GCA_000246735.1|G0000007
split_0011	GCA_000306725.1|G0000008
split_0011	GCA_001509375.1|G0000016
split_0011	GCA_001564275.1|G0000017
split_0011	GCA_001587575.1|G0000020
split_0011	GCA_001595885.1|G0000022
split_0011	GCA_001766815.1|G0000024
split_0011	GCA_002010045.1|G0000026
split_0011	GCA_002010075.1|G0000027
split_0011	GCA_002010195.1|G0000028
split_0011	GCA_002010215.1|G0000029
split_0011	GCA_002010305.1|G0000030
split_0011	GCA_002067795.1|G0000033
split_0011	GCA_002067865.1|G0000034
split_0011	GCA_002254385.1|G0000035
split_0011	GCA_002494725.1|G0000036
split_0011	GCA_002497075.1|G0000037
split_0011	GCA_002499195.1|G0000038
split_0011	GCA_002501765.1|G0000040
split_0011	GCA_002502625.1|G0000041
split_0011	GCA_002503845.1|G0000043
split_0011	GCA_002505405.1|G0000044
split_0011	GCA_002506015.1|G0000045
split_0011	GCA_002508545.1|G0000046
split_0011	GCA_002839545.1|G0000050
split_0011	GCA_002844335.1|G0000051
split_0011	GCA_002844335.1|G0000052
split_0011	GCA_003021085.1|G0000061
split_0011	GCA_003021175.1|G0000064
split_0011	GCA_003022865.1|G0000067
split_0011	GCA_003194445.1|G0000072
split_0011	GCA_003551675.1|G0000073
split_0011	GCA_003560595.1|G0000076
split_0011	GCA_003561665.1|G0000077
split_0011	GCA_003649915.1|G0000078
split_0011	GCA_004193545.1|G0000083
split_0011	GCA_004212075.1|G0000084
split_0011	GCA_005954745.1|G0000091
split_0011	GCA_007122875.1|G0000096
split_0011	GCA_007129655.1|G0000098
split_0011	GCA_013331375.1|G0000102
split_0011	GCA_013791785.1|G0000103
split_0011	GCA_014859725.1|G0000105
split_0011	GCA_015521325.1|G0000112
split_0011	GCA_015523685.1|G0000115
split_0011	GCA_016180755.1|G0000117
split_0011	GCA_016841265.1|G0000123
split_0011	GCA_016874675.1|G0000126
split_0011	GCA_016928095.1|G0000128
split_0011	GCA_017395275.1|G0000133
split_0011	GCA_018650285.1|G0000139
split_0011	GCA_019429385.1|G0000144
split_0011	GCA_020696345.1|G0000145
split_0011	GCA_020696385.1|G0000146
split_0011	GCA_021108405.1|G0000148
split_0011	GCA_021161085.1|G0000151
split_0011	GCA_022615805.1|G0000155
split_0011	GCA_023008585.1|G0000156
split_0011	GCA_023008585.1|G0000159
split_0011	GCA_023136815.1|G0000161
split_0011	GCA_023145185.1|G0000162
split_0011	GCA_023229165.1|G0000163
split_0011	GCA_023269235.1|G0000164
split_0011	GCA_025041175.1|G0000171
split_0011	GCA_025041175.1|G0000172
split_0011	GCA_025517465.1|G0000173
split_0011	GCA_025517465.1|G0000176
split_0011	GCA_028275105.1|G0000180
split_0011	GCA_028279585.1|G0000182
split_0011	GCA_028279595.1|G0000183
split_0011	GCA_028279645.1|G0000184
split_0011	GCA_028279645.1|G0000185
split_0011	GCA_028716125.1|G0000189
split_0011	GCA_028821815.1|G0000190
split_0011	GCA_029762535.1|G0000198
split_0011	GCA_029932465.1|G0000199
split_0011	GCA_029936395.1|G0000201
split_0011	GCA_030018475.1|G0000202
split_0011	GCA_030019485.1|G0000203
split_0011	GCA_030594725.1|G0000204
split_0011	GCA_030595765.1|G0000205
split_0011	GCA_030595765.1|G0000206
split_0011	GCA_030605245.1|G0000208
split_0011	GCA_030611265.1|G0000209
split_0011	GCA_030611265.1|G0000210
split_0011	GCA_030627385.1|G0000211
split_0011	GCA_030630685.1|G0000212
split_0011	GCA_030672365.1|G0000215
split_0011	GCA_030673205.1|G0000216
split_0011	GCA_030734185.1|G0000220
split_0011	GCA_030740765.1|G0000221
split_0011	GCA_030743515.1|G0000222
split_0011	GCA_031852275.1|G0000224
split_0011	GCA_031852275.1|G0000225
split_0011	GCA_034190395.1|G0000229
split_0011	GCA_034190545.1|G0000233
split_0011	GCA_034659235.1|G0000239
split_0011	GCA_035269625.1|G0000245
split_0011	GCA_036626315.1|G0000253
split_0011	GCA_038851035.1|G0000258
split_0011	GCA_041599855.1|G0000261
split_0011	GCA_041601615.1|G0000262
split_0011	GCA_041636435.1|G0000263
split_0011	GCA_046539605.1|G0000264
split_0011	GCA_046543335.1|G0000265
split_0011	GCA_046543335.1|G0000266
split_0011	GCA_046546175.1|G0000269
split_0011	GCA_905171695.1|G0000272
split_0011	GCA_905202485.1|G0000273
split_0011	GCA_963582685.1|G0000274
split_0011	GCA_963996465.1|G0000275
split_0011	GCA_964297655.1|G0000276
split_0011	GCA_974499105.1|G0000278
split_0011	GCF_000025325.1|G0000283
split_0011	GCF_000025325.1|G0000284
split_0011	GCF_000237865.1|G0000297
split_0011	GCF_000306765.2|G0000298
split_0011	GCF_000308215.1|G0000301
split_0011	GCF_000334895.1|G0000302
split_0011	GCF_000334895.1|G0000305
split_0011	GCF_000403645.1|G0000308
split_0011	GCF_000711905.1|G0000310
split_0011	GCF_001485535.1|G0000311
split_0011	GCF_003369835.1|G0000315
split_0011	GCF_014647115.1|G0000317
split_0011	GCF_014647475.1|G0000319
split_0011	GCF_017094485.1|G0000321
split_0011	GCF_019693215.1|G0000325
split_0011	GCF_021083305.1|G0000326
split_0011	GCF_024227995.1|G0000329
split_0011	GCF_024227995.1|G0000334
split_0011	GCF_026242195.1|G0000336
split_0011	GCF_029338295.1|G0000340
split_0011	GCF_030287405.1|G0000343
split_0011	GCF_030287405.1|G0000344
split_0011	GCF_036429475.1|G0000346
split_0011	GOMC.bin.11431|G0000351
split_0011	GOMC.bin.12128|G0000357
split_0011	GOMC.bin.12150|G0000361
split_0011	GOMC.bin.12150|G0000362
split_0011	GOMC.bin.12150|G0000364
split_0011	GOMC.bin.14106|G0000365
split_0011	GOMC.bin.14286|G0000366
split_0011	GOMC.bin.18996|G0000374
split_0011	GOMC.bin.9202|G0000384
split_0011	GOMC.bin.9202|G0000385
split_0012	ERR2282092_bin.34|G0000004
split_0012	ERR4283445_bin.66|G0000005
split_0012	GCA_001564275.1|G0000017
split_0012	GCA_001587575.1|G0000020
split_0012	GCA_002010045.1|G0000026
split_0012	GCA_002010075.1|G0000027
split_0012	GCA_002010195.1|G0000028
split_0012	GCA_002010215.1|G0000029
split_0012	GCA_002010305.1|G0000030
split_0012	GCA_002067865.1|G0000034
split_0012	GCA_002494725.1|G0000036
split_0012	GCA_002497075.1|G0000037
split_0012	GCA_002503845.1|G0000043
split_0012	GCA_002508545.1|G0000046
split_0012	GCA_002844335.1|G0000051
split_0012	GCA_003021085.1|G0000061
split_0012	GCA_003021175.1|G0000064
split_0012	GCA_003022865.1|G0000067
split_0012	GCA_003561665.1|G0000077
split_0012	GCA_004212075.1|G0000084
split_0012	GCA_005954745.1|G0000091
split_0012	GCA_007122875.1|G0000096
split_0012	GCA_015521325.1|G0000112
split_0012	GCA_015523685.1|G0000115
split_0012	GCA_017395275.1|G0000133
split_0012	GCA_023008585.1|G0000156
split_0012	GCA_023008585.1|G0000159
split_0012	GCA_025041175.1|G0000171
split_0012	GCA_025041175.1|G0000172
split_0012	GCA_025517465.1|G0000173
split_0012	GCA_025517465.1|G0000176
split_0012	GCA_028275105.1|G0000180
split_0012	GCA_030734185.1|G0000220
split_0012	GCA_031852275.1|G0000224
split_0012	GCA_031852275.1|G0000225
split_0012	GCA_034190395.1|G0000229
split_0012	GCA_034190545.1|G0000233
split_0012	GCA_035269625.1|G0000245
split_0012	GCA_036626315.1|G0000253
split_0012	GCA_046539605.1|G0000264
split_0012	GCA_046543335.1|G0000265
split_0012	GCA_046543335.1|G0000266
split_0012	GCA_905202485.1|G0000273
split_0012	GCA_964297655.1|G0000276
split_0012	GCF_000025325.1|G0000283
split_0012	GCF_000025325.1|G0000284
split_0012	GCF_000237865.1|G0000297
split_0012	GCF_000306765.2|G0000298
split_0012	GCF_000308215.1|G0000301
split_0012	GCF_000334895.1|G0000302
split_0012	GCF_000334895.1|G0000305
split_0012	GCF_000403645.1|G0000308
split_0012	GCF_000711905.1|G0000310
split_0012	GCF_001485535.1|G0000311
split_0012	GCF_003369835.1|G0000315
split_0012	GCF_014647115.1|G0000317
split_0012	GCF_014647475.1|G0000319
split_0012	GCF_017094485.1|G0000321
split_0012	GCF_019693215.1|G0000325
split_0012	GCF_021083305.1|G0000326
split_0012	GCF_024227995.1|G0000329
split_0012	GCF_024227995.1|G0000334
split_0012	GCF_026242195.1|G0000336
split_0012	GCF_029338295.1|G0000340
split_0012	GCF_030287405.1|G0000343
split_0012	GCF_030287405.1|G0000344
split_0012	GCF_036429475.1|G0000346
split_0012	GOMC.bin.11431|G0000351
split_0012	GOMC.bin.12128|G0000357
split_0012	GOMC.bin.12150|G0000361
split_0012	GOMC.bin.12150|G0000362
split_0012	GOMC.bin.12150|G0000364
split_0012	GOMC.bin.9202|G0000384
split_0012	GOMC.bin.9202|G0000385
split_0013	ERR2282092_bin.34|G0000004
split_0013	ERR4283445_bin.66|G0000005
split_0013	GCA_001564275.1|G0000017
split_0013	GCA_001587575.1|G0000020
split_0013	GCA_002010075.1|G0000027
split_0013	GCA_002067865.1|G0000034
split_0013	GCA_002497075.1|G0000037
split_0013	GCA_002503845.1|G0000043
split_0013	GCA_002508545.1|G0000046
split_0013	GCA_002844335.1|G0000051
split_0013	GCA_003021085.1|G0000061
split_0013	GCA_003021175.1|G0000064
split_0013	GCA_003022865.1|G0000067
split_0013	GCA_003561665.1|G0000077
split_0013	GCA_004212075.1|G0000084
split_0013	GCA_005954745.1|G0000091
split_0013	GCA_007122875.1|G0000096
split_0013	GCA_015521325.1|G0000112
split_0013	GCA_017395275.1|G0000133
split_0013	GCA_023008585.1|G0000156
split_0013	GCA_023008585.1|G0000159
split_0013	GCA_025041175.1|G0000171
split_0013	GCA_025041175.1|G0000172
split_0013	GCA_025517465.1|G0000173
split_0013	GCA_025517465.1|G0000176
split_0013	GCA_028275105.1|G0000180
split_0013	GCA_030734185.1|G0000220
split_0013	GCA_031852275.1|G0000224
split_0013	GCA_031852275.1|G0000225
split_0013	GCA_034190395.1|G0000229
split_0013	GCA_034190545.1|G0000233
split_0013	GCA_035269625.1|G0000245
split_0013	GCA_036626315.1|G0000253
split_0013	GCA_046539605.1|G0000264
split_0013	GCA_046543335.1|G0000265
split_0013	GCA_046543335.1|G0000266
split_0013	GCA_905202485.1|G0000273
split_0013	GCA_964297655.1|G0000276
split_0013	GCF_000025325.1|G0000283
split_0013	GCF_000025325.1|G0000284
split_0013	GCF_000237865.1|G0000297
split_0013	GCF_000306765.2|G0000298
split_0013	GCF_000308215.1|G0000301
split_0013	GCF_000334895.1|G0000302
split_0013	GCF_000334895.1|G0000305
split_0013	GCF_000403645.1|G0000308
split_0013	GCF_000711905.1|G0000310
split_0013	GCF_001485535.1|G0000311
split_0013	GCF_003369835.1|G0000315
split_0013	GCF_014647115.1|G0000317
split_0013	GCF_014647475.1|G0000319
split_0013	GCF_017094485.1|G0000321
split_0013	GCF_019693215.1|G0000325
split_0013	GCF_021083305.1|G0000326
split_0013	GCF_024227995.1|G0000329
split_0013	GCF_024227995.1|G0000334
split_0013	GCF_026242195.1|G0000336
split_0013	GCF_029338295.1|G0000340
split_0013	GCF_030287405.1|G0000343
split_0013	GCF_030287405.1|G0000344
split_0013	GCF_036429475.1|G0000346
split_0013	GOMC.bin.11431|G0000351
split_0013	GOMC.bin.12128|G0000357
split_0013	GOMC.bin.12150|G0000361
split_0013	GOMC.bin.12150|G0000362
split_0013	GOMC.bin.12150|G0000364
split_0013	GOMC.bin.9202|G0000384
split_0013	GOMC.bin.9202|G0000385
split_0014	ERR2282092_bin.34|G0000004
split_0014	ERR4283445_bin.66|G0000005
split_0014	GCA_001587575.1|G0000020
split_0014	GCA_002010075.1|G0000027
split_0014	GCA_002067865.1|G0000034
split_0014	GCA_002497075.1|G0000037
split_0014	GCA_002508545.1|G0000046
split_0014	GCA_017395275.1|G0000133
split_0014	GCA_046539605.1|G0000264
split_0014	GCA_905202485.1|G0000273
split_0014	GCA_964297655.1|G0000276
split_0014	GCF_000308215.1|G0000301
split_0014	GCF_000711905.1|G0000310
split_0015	ERR2282092_bin.34|G0000004
split_0015	ERR4283445_bin.66|G0000005
split_0015	GCA_002067865.1|G0000034
split_0015	GCA_002497075.1|G0000037
split_0015	GCA_002508545.1|G0000046
split_0015	GCA_017395275.1|G0000133
split_0015	GCA_046539605.1|G0000264
split_0015	GCA_905202485.1|G0000273
split_0015	GCA_964297655.1|G0000276
split_0015	GCF_000308215.1|G0000301
split_0015	GCF_000711905.1|G0000310
split_0016	ERR2282092_bin.34|G0000004
split_0016	ERR4283445_bin.66|G0000005
split_0016	GCA_002067865.1|G0000034
split_0016	GCA_002497075.1|G0000037
split_0016	GCA_002508545.1|G0000046
split_0016	GCA_017395275.1|G0000133
split_0016	GCA_046539605.1|G0000264
split_0016	GCA_905202485.1|G0000273
split_0016	GCA_964297655.1|G0000276
split_0016	GCF_000308215.1|G0000301
split_0017	ERR2282092_bin.34|G0000004
split_0017	GCA_017395275.1|G0000133
split_0017	GCA_964297655.1|G0000276
split_0018	ERR2282092_bin.34|G0000004
split_0018	GCA_017395275.1|G0000133
split_0019	ERR4283445_bin.66|G0000005
split_0019	GCA_002067865.1|G0000034
split_0019	GCA_002497075.1|G0000037
split_0019	GCA_002508545.1|G0000046
split_0019	GCA_046539605.1|G0000264
split_0019	GCA_905202485.1|G0000273
split_0019	GCF_000308215.1|G0000301
split_0020	ERR4283445_bin.66|G0000005
split_0020	GCA_002067865.1|G0000034
split_0020	GCA_002497075.1|G0000037
split_0020	GCA_002508545.1|G0000046
split_0020	GCA_905202485.1|G0000273
split_0020	GCF_000308215.1|G0000301
split_0021	ERR4283445_bin.66|G0000005
split_0021	GCA_002067865.1|G0000034
split_0021	GCA_002508545.1|G0000046
split_0021	GCA_905202485.1|G0000273
split_0021	GCF_000308215.1|G0000301
split_0022	ERR4283445_bin.66|G0000005
split_0022	GCA_002067865.1|G0000034
split_0022	GCA_905202485.1|G0000273
split_0022	GCF_000308215.1|G0000301
split_0023	ERR4283445_bin.66|G0000005
split_0023	GCA_905202485.1|G0000273
split_0023	GCF_000308215.1|G0000301
split_0024	GCA_905202485.1|G0000273
split_0024	GCF_000308215.1|G0000301
split_0025	GCA_001587575.1|G0000020
split_0025	GCA_002010075.1|G0000027
split_0026	GCA_001564275.1|G0000017
split_0026	GCA_002503845.1|G0000043
split_0026	GCA_002844335.1|G0000051
split_0026	GCA_003021085.1|G0000061
split_0026	GCA_003021175.1|G0000064
split_0026	GCA_003022865.1|G0000067
split_0026	GCA_003561665.1|G0000077
split_0026	GCA_004212075.1|G0000084
split_0026	GCA_005954745.1|G0000091
split_0026	GCA_007122875.1|G0000096
split_0026	GCA_015521325.1|G0000112
split_0026	GCA_023008585.1|G0000156
split_0026	GCA_023008585.1|G0000159
split_0026	GCA_025041175.1|G0000171
split_0026	GCA_025041175.1|G0000172
split_0026	GCA_025517465.1|G0000173
split_0026	GCA_025517465.1|G0000176
split_0026	GCA_028275105.1|G0000180
split_0026	GCA_030734185.1|G0000220
split_0026	GCA_031852275.1|G0000224
split_0026	GCA_031852275.1|G0000225
split_0026	GCA_034190395.1|G0000229
split_0026	GCA_034190545.1|G0000233
split_0026	GCA_035269625.1|G0000245
split_0026	GCA_036626315.1|G0000253
split_0026	GCA_046543335.1|G0000265
split_0026	GCA_046543335.1|G0000266
split_0026	GCF_000025325.1|G0000283
split_0026	GCF_000025325.1|G0000284
split_0026	GCF_000237865.1|G0000297
split_0026	GCF_000306765.2|G0000298
split_0026	GCF_000334895.1|G0000302
split_0026	GCF_000334895.1|G0000305
split_0026	GCF_000403645.1|G0000308
split_0026	GCF_001485535.1|G0000311
split_0026	GCF_003369835.1|G0000315
split_0026	GCF_014647115.1|G0000317
split_0026	GCF_014647475.1|G0000319
split_0026	GCF_017094485.1|G0000321
split_0026	GCF_019693215.1|G0000325
split_0026	GCF_021083305.1|G0000326
split_0026	GCF_024227995.1|G0000329
split_0026	GCF_024227995.1|G0000334
split_0026	GCF_026242195.1|G0000336
split_0026	GCF_029338295.1|G0000340
split_0026	GCF_030287405.1|G0000343
split_0026	GCF_030287405.1|G0000344
split_0026	GCF_036429475.1|G0000346
split_0026	GOMC.bin.11431|G0000351
split_0026	GOMC.bin.12128|G0000357
split_0026	GOMC.bin.12150|G0000361
split_0026	GOMC.bin.12150|G0000362
split_0026	GOMC.bin.12150|G0000364
split_0026	GOMC.bin.9202|G0000384
split_0026	GOMC.bin.9202|G0000385
split_0027	GCA_001564275.1|G0000017
split_0027	GCA_002503845.1|G0000043
split_0027	GCA_002844335.1|G0000051
split_0027	GCA_003021085.1|G0000061
split_0027	GCA_003021175.1|G0000064
split_0027	GCA_003022865.1|G0000067
split_0027	GCA_003561665.1|G0000077
split_0027	GCA_005954745.1|G0000091
split_0027	GCA_007122875.1|G0000096
split_0027	GCA_015521325.1|G0000112
split_0027	GCA_023008585.1|G0000156
split_0027	GCA_023008585.1|G0000159
split_0027	GCA_025041175.1|G0000171
split_0027	GCA_025041175.1|G0000172
split_0027	GCA_025517465.1|G0000173
split_0027	GCA_025517465.1|G0000176
split_0027	GCA_028275105.1|G0000180
split_0027	GCA_030734185.1|G0000220
split_0027	GCA_031852275.1|G0000224
split_0027	GCA_031852275.1|G0000225
split_0027	GCA_034190395.1|G0000229
split_0027	GCA_034190545.1|G0000233
split_0027	GCA_035269625.1|G0000245
split_0027	GCA_036626315.1|G0000253
split_0027	GCA_046543335.1|G0000265
split_0027	GCA_046543335.1|G0000266
split_0027	GCF_000025325.1|G0000283
split_0027	GCF_000025325.1|G0000284
split_0027	GCF_000237865.1|G0000297
split_0027	GCF_000306765.2|G0000298
split_0027	GCF_000334895.1|G0000302
split_0027	GCF_000334895.1|G0000305
split_0027	GCF_000403645.1|G0000308
split_0027	GCF_001485535.1|G0000311
split_0027	GCF_003369835.1|G0000315
split_0027	GCF_014647115.1|G0000317
split_0027	GCF_014647475.1|G0000319
split_0027	GCF_017094485.1|G0000321
split_0027	GCF_019693215.1|G0000325
split_0027	GCF_021083305.1|G0000326
split_0027	GCF_024227995.1|G0000329
split_0027	GCF_024227995.1|G0000334
split_0027	GCF_026242195.1|G0000336
split_0027	GCF_029338295.1|G0000340
split_0027	GCF_030287405.1|G0000343
split_0027	GCF_030287405.1|G0000344
split_0027	GCF_036429475.1|G0000346
split_0027	GOMC.bin.11431|G0000351
split_0027	GOMC.bin.12128|G0000357
split_0027	GOMC.bin.12150|G0000361
split_0027	GOMC.bin.12150|G0000362
split_0027	GOMC.bin.12150|G0000364
split_0027	GOMC.bin.9202|G0000384
split_0027	GOMC.bin.9202|G0000385
split_0028	GCA_001564275.1|G0000017
split_0028	GCA_002503845.1|G0000043
split_0028	GCA_002844335.1|G0000051
split_0028	GCA_003021085.1|G0000061
split_0028	GCA_003021175.1|G0000064
split_0028	GCA_003022865.1|G0000067
split_0028	GCA_003561665.1|G0000077
split_0028	GCA_005954745.1|G0000091
split_0028	GCA_007122875.1|G0000096
split_0028	GCA_023008585.1|G0000156
split_0028	GCA_023008585.1|G0000159
split_0028	GCA_025041175.1|G0000171
split_0028	GCA_025041175.1|G0000172
split_0028	GCA_025517465.1|G0000173
split_0028	GCA_025517465.1|G0000176
split_0028	GCA_028275105.1|G0000180
split_0028	GCA_030734185.1|G0000220
split_0028	GCA_031852275.1|G0000224
split_0028	GCA_031852275.1|G0000225
split_0028	GCA_034190395.1|G0000229
split_0028	GCA_034190545.1|G0000233
split_0028	GCA_035269625.1|G0000245
split_0028	GCA_036626315.1|G0000253
split_0028	GCA_046543335.1|G0000265
split_0028	GCA_046543335.1|G0000266
split_0028	GCF_000025325.1|G0000283
split_0028	GCF_000025325.1|G0000284
split_0028	GCF_000237865.1|G0000297
split_0028	GCF_000306765.2|G0000298
split_0028	GCF_000334895.1|G0000302
split_0028	GCF_000334895.1|G0000305
split_0028	GCF_000403645.1|G0000308
split_0028	GCF_001485535.1|G0000311
split_0028	GCF_003369835.1|G0000315
split_0028	GCF_014647115.1|G0000317
split_0028	GCF_014647475.1|G0000319
split_0028	GCF_017094485.1|G0000321
split_0028	GCF_019693215.1|G0000325
split_0028	GCF_021083305.1|G0000326
split_0028	GCF_024227995.1|G0000329
split_0028	GCF_024227995.1|G0000334
split_0028	GCF_026242195.1|G0000336
split_0028	GCF_029338295.1|G0000340
split_0028	GCF_030287405.1|G0000343
split_0028	GCF_030287405.1|G0000344
split_0028	GCF_036429475.1|G0000346
split_0028	GOMC.bin.11431|G0000351
split_0028	GOMC.bin.12128|G0000357
split_0028	GOMC.bin.12150|G0000361
split_0028	GOMC.bin.12150|G0000362
split_0028	GOMC.bin.12150|G0000364
split_0028	GOMC.bin.9202|G0000384
split_0028	GOMC.bin.9202|G0000385
split_0029	GCA_001564275.1|G0000017
split_0029	GCA_002503845.1|G0000043
split_0029	GCA_002844335.1|G0000051
split_0029	GCA_003021085.1|G0000061
split_0029	GCA_003021175.1|G0000064
split_0029	GCA_003022865.1|G0000067
split_0029	GCA_003561665.1|G0000077
split_0029	GCA_005954745.1|G0000091
split_0029	GCA_007122875.1|G0000096
split_0029	GCA_023008585.1|G0000156
split_0029	GCA_023008585.1|G0000159
split_0029	GCA_025041175.1|G0000171
split_0029	GCA_025041175.1|G0000172
split_0029	GCA_025517465.1|G0000173
split_0029	GCA_025517465.1|G0000176
split_0029	GCA_028275105.1|G0000180
split_0029	GCA_030734185.1|G0000220
split_0029	GCA_031852275.1|G0000224
split_0029	GCA_031852275.1|G0000225
split_0029	GCA_034190395.1|G0000229
split_0029	GCA_034190545.1|G0000233
split_0029	GCA_035269625.1|G0000245
split_0029	GCA_036626315.1|G0000253
split_0029	GCA_046543335.1|G0000265
split_0029	GCA_046543335.1|G0000266
split_0029	GCF_000025325.1|G0000284
split_0029	GCF_000237865.1|G0000297
split_0029	GCF_000306765.2|G0000298
split_0029	GCF_000334895.1|G0000302
split_0029	GCF_000334895.1|G0000305
split_0029	GCF_000403645.1|G0000308
split_0029	GCF_001485535.1|G0000311
split_0029	GCF_003369835.1|G0000315
split_0029	GCF_014647115.1|G0000317
split_0029	GCF_014647475.1|G0000319
split_0029	GCF_017094485.1|G0000321
split_0029	GCF_019693215.1|G0000325
split_0029	GCF_021083305.1|G0000326
split_0029	GCF_024227995.1|G0000329
split_0029	GCF_024227995.1|G0000334
split_0029	GCF_026242195.1|G0000336
split_0029	GCF_029338295.1|G0000340
split_0029	GCF_030287405.1|G0000344
split_0029	GCF_036429475.1|G0000346
split_0029	GOMC.bin.11431|G0000351
split_0029	GOMC.bin.12128|G0000357
split_0029	GOMC.bin.12150|G0000361
split_0029	GOMC.bin.12150|G0000362
split_0029	GOMC.bin.9202|G0000384
split_0029	GOMC.bin.9202|G0000385
split_0030	GCA_001564275.1|G0000017
split_0030	GCA_002503845.1|G0000043
split_0030	GCA_002844335.1|G0000051
split_0030	GCA_003021085.1|G0000061
split_0030	GCA_003021175.1|G0000064
split_0030	GCA_003022865.1|G0000067
split_0030	GCA_003561665.1|G0000077
split_0030	GCA_005954745.1|G0000091
split_0030	GCA_007122875.1|G0000096
split_0030	GCA_023008585.1|G0000156
split_0030	GCA_023008585.1|G0000159
split_0030	GCA_025041175.1|G0000171
split_0030	GCA_025041175.1|G0000172
split_0030	GCA_025517465.1|G0000173
split_0030	GCA_025517465.1|G0000176
split_0030	GCA_028275105.1|G0000180
split_0030	GCA_030734185.1|G0000220
split_0030	GCA_031852275.1|G0000224
split_0030	GCA_031852275.1|G0000225
split_0030	GCA_034190395.1|G0000229
split_0030	GCA_034190545.1|G0000233
split_0030	GCA_035269625.1|G0000245
split_0030	GCA_036626315.1|G0000253
split_0030	GCA_046543335.1|G0000265
split_0030	GCA_046543335.1|G0000266
split_0030	GCF_000025325.1|G0000284
split_0030	GCF_000306765.2|G0000298
split_0030	GCF_000334895.1|G0000302
split_0030	GCF_000334895.1|G0000305
split_0030	GCF_000403645.1|G0000308
split_0030	GCF_001485535.1|G0000311
split_0030	GCF_003369835.1|G0000315
split_0030	GCF_014647115.1|G0000317
split_0030	GCF_014647475.1|G0000319
split_0030	GCF_017094485.1|G0000321
split_0030	GCF_019693215.1|G0000325
split_0030	GCF_021083305.1|G0000326
split_0030	GCF_024227995.1|G0000329
split_0030	GCF_024227995.1|G0000334
split_0030	GCF_026242195.1|G0000336
split_0030	GCF_029338295.1|G0000340
split_0030	GCF_030287405.1|G0000344
split_0030	GCF_036429475.1|G0000346
split_0030	GOMC.bin.11431|G0000351
split_0030	GOMC.bin.12128|G0000357
split_0030	GOMC.bin.12150|G0000361
split_0030	GOMC.bin.12150|G0000362
split_0030	GOMC.bin.9202|G0000384
split_0030	GOMC.bin.9202|G0000385
split_0031	GCA_001564275.1|G0000017
split_0031	GCA_002503845.1|G0000043
split_0031	GCA_002844335.1|G0000051
split_0031	GCA_003021085.1|G0000061
split_0031	GCA_003021175.1|G0000064
split_0031	GCA_003022865.1|G0000067
split_0031	GCA_003561665.1|G0000077
split_0031	GCA_005954745.1|G0000091
split_0031	GCA_007122875.1|G0000096
split_0031	GCA_023008585.1|G0000156
split_0031	GCA_023008585.1|G0000159
split_0031	GCA_025041175.1|G0000171
split_0031	GCA_025041175.1|G0000172
split_0031	GCA_025517465.1|G0000173
split_0031	GCA_025517465.1|G0000176
split_0031	GCA_028275105.1|G0000180
split_0031	GCA_031852275.1|G0000224
split_0031	GCA_031852275.1|G0000225
split_0031	GCA_034190395.1|G0000229
split_0031	GCA_034190545.1|G0000233
split_0031	GCA_035269625.1|G0000245
split_0031	GCA_036626315.1|G0000253
split_0031	GCA_046543335.1|G0000265
split_0031	GCA_046543335.1|G0000266
split_0031	GCF_000025325.1|G0000284
split_0031	GCF_000334895.1|G0000302
split_0031	GCF_000334895.1|G0000305
split_0031	GCF_000403645.1|G0000308
split_0031	GCF_001485535.1|G0000311
split_0031	GCF_003369835.1|G0000315
split_0031	GCF_014647115.1|G0000317
split_0031	GCF_014647475.1|G0000319
split_0031	GCF_017094485.1|G0000321
split_0031	GCF_019693215.1|G0000325
split_0031	GCF_021083305.1|G0000326
split_0031	GCF_024227995.1|G0000329
split_0031	GCF_024227995.1|G0000334
split_0031	GCF_026242195.1|G0000336
split_0031	GCF_029338295.1|G0000340
split_0031	GCF_030287405.1|G0000344
split_0031	GCF_036429475.1|G0000346
split_0031	GOMC.bin.11431|G0000351
split_0031	GOMC.bin.12128|G0000357
split_0031	GOMC.bin.12150|G0000361
split_0031	GOMC.bin.12150|G0000362
split_0031	GOMC.bin.9202|G0000384
split_0031	GOMC.bin.9202|G0000385
split_0032	GCA_001564275.1|G0000017
split_0032	GCA_002503845.1|G0000043
split_0032	GCA_002844335.1|G0000051
split_0032	GCA_003021085.1|G0000061
split_0032	GCA_003021175.1|G0000064
split_0032	GCA_003022865.1|G0000067
split_0032	GCA_003561665.1|G0000077
split_0032	GCA_005954745.1|G0000091
split_0032	GCA_007122875.1|G0000096
split_0032	GCA_023008585.1|G0000159
split_0032	GCA_025041175.1|G0000171
split_0032	GCA_025041175.1|G0000172
split_0032	GCA_025517465.1|G0000173
split_0032	GCA_025517465.1|G0000176
split_0032	GCA_028275105.1|G0000180
split_0032	GCA_031852275.1|G0000224
split_0032	GCA_031852275.1|G0000225
split_0032	GCA_034190395.1|G0000229
split_0032	GCA_034190545.1|G0000233
split_0032	GCA_035269625.1|G0000245
split_0032	GCA_036626315.1|G0000253
split_0032	GCA_046543335.1|G0000265
split_0032	GCA_046543335.1|G0000266
split_0032	GCF_000025325.1|G0000284
split_0032	GCF_000334895.1|G0000302
split_0032	GCF_000334895.1|G0000305
split_0032	GCF_000403645.1|G0000308
split_0032	GCF_001485535.1|G0000311
split_0032	GCF_003369835.1|G0000315
split_0032	GCF_014647115.1|G0000317
split_0032	GCF_014647475.1|G0000319
split_0032	GCF_017094485.1|G0000321
split_0032	GCF_019693215.1|G0000325
split_0032	GCF_021083305.1|G0000326
split_0032	GCF_024227995.1|G0000329
split_0032	GCF_024227995.1|G0000334
split_0032	GCF_026242195.1|G0000336
split_0032	GCF_029338295.1|G0000340
split_0032	GCF_030287405.1|G0000344
split_0032	GCF_036429475.1|G0000346
split_0032	GOMC.bin.11431|G0000351
split_0032	GOMC.bin.12128|G0000357
split_0032	GOMC.bin.12150|G0000361
split_0032	GOMC.bin.12150|G0000362
split_0032	GOMC.bin.9202|G0000384
split_0032	GOMC.bin.9202|G0000385
split_0033	GCA_001564275.1|G0000017
split_0033	GCA_002503845.1|G0000043
split_0033	GCA_002844335.1|G0000051
split_0033	GCA_003021085.1|G0000061
split_0033	GCA_003021175.1|G0000064
split_0033	GCA_003022865.1|G0000067
split_0033	GCA_003561665.1|G0000077
split_0033	GCA_005954745.1|G0000091
split_0033	GCA_007122875.1|G0000096
split_0033	GCA_023008585.1|G0000159
split_0033	GCA_025041175.1|G0000171
split_0033	GCA_025041175.1|G0000172
split_0033	GCA_025517465.1|G0000173
split_0033	GCA_028275105.1|G0000180
split_0033	GCA_031852275.1|G0000224
split_0033	GCA_031852275.1|G0000225
split_0033	GCA_034190395.1|G0000229
split_0033	GCA_034190545.1|G0000233
split_0033	GCA_035269625.1|G0000245
split_0033	GCA_036626315.1|G0000253
split_0033	GCA_046543335.1|G0000265
split_0033	GCA_046543335.1|G0000266
split_0033	GCF_000025325.1|G0000284
split_0033	GCF_000334895.1|G0000302
split_0033	GCF_000334895.1|G0000305
split_0033	GCF_000403645.1|G0000308
split_0033	GCF_001485535.1|G0000311
split_0033	GCF_003369835.1|G0000315
split_0033	GCF_014647115.1|G0000317
split_0033	GCF_014647475.1|G0000319
split_0033	GCF_017094485.1|G0000321
split_0033	GCF_019693215.1|G0000325
split_0033	GCF_021083305.1|G0000326
split_0033	GCF_024227995.1|G0000329
split_0033	GCF_024227995.1|G0000334
split_0033	GCF_026242195.1|G0000336
split_0033	GCF_029338295.1|G0000340
split_0033	GCF_030287405.1|G0000344
split_0033	GCF_036429475.1|G0000346
split_0033	GOMC.bin.11431|G0000351
split_0033	GOMC.bin.12128|G0000357
split_0033	GOMC.bin.12150|G0000361
split_0033	GOMC.bin.12150|G0000362
split_0033	GOMC.bin.9202|G0000384
split_0033	GOMC.bin.9202|G0000385
split_0034	GCA_001564275.1|G0000017
split_0034	GCA_002503845.1|G0000043
split_0034	GCA_002844335.1|G0000051
split_0034	GCA_003021085.1|G0000061
split_0034	GCA_003021175.1|G0000064
split_0034	GCA_003022865.1|G0000067
split_0034	GCA_003561665.1|G0000077
split_0034	GCA_005954745.1|G0000091
split_0034	GCA_007122875.1|G0000096
split_0034	GCA_023008585.1|G0000159
split_0034	GCA_025041175.1|G0000171
split_0034	GCA_025041175.1|G0000172
split_0034	GCA_025517465.1|G0000173
split_0034	GCA_028275105.1|G0000180
split_0034	GCA_031852275.1|G0000225
split_0034	GCA_034190545.1|G0000233
split_0034	GCA_035269625.1|G0000245
split_0034	GCA_036626315.1|G0000253
split_0034	GCA_046543335.1|G0000265
split_0034	GCA_046543335.1|G0000266
split_0034	GCF_000025325.1|G0000284
split_0034	GCF_000334895.1|G0000302
split_0034	GCF_000334895.1|G0000305
split_0034	GCF_000403645.1|G0000308
split_0034	GCF_001485535.1|G0000311
split_0034	GCF_003369835.1|G0000315
split_0034	GCF_014647115.1|G0000317
split_0034	GCF_014647475.1|G0000319
split_0034	GCF_017094485.1|G0000321
split_0034	GCF_019693215.1|G0000325
split_0034	GCF_021083305.1|G0000326
split_0034	GCF_024227995.1|G0000329
split_0034	GCF_024227995.1|G0000334
split_0034	GCF_029338295.1|G0000340
split_0034	GCF_030287405.1|G0000344
split_0034	GCF_036429475.1|G0000346
split_0034	GOMC.bin.11431|G0000351
split_0034	GOMC.bin.12128|G0000357
split_0034	GOMC.bin.12150|G0000361
split_0034	GOMC.bin.9202|G0000384
split_0034	GOMC.bin.9202|G0000385
split_0035	GCA_001564275.1|G0000017
split_0035	GCA_002503845.1|G0000043
split_0035	GCA_002844335.1|G0000051
split_0035	GCA_003021085.1|G0000061
split_0035	GCA_003021175.1|G0000064
split_0035	GCA_003022865.1|G0000067
split_0035	GCA_003561665.1|G0000077
split_0035	GCA_005954745.1|G0000091
split_0035	GCA_007122875.1|G0000096
split_0035	GCA_023008585.1|G0000159
split_0035	GCA_025041175.1|G0000171
split_0035	GCA_025041175.1|G0000172
split_0035	GCA_025517465.1|G0000173
split_0035	GCA_028275105.1|G0000180
split_0035	GCA_031852275.1|G0000225
split_0035	GCA_034190545.1|G0000233
split_0035	GCA_035269625.1|G0000245
split_0035	GCA_036626315.1|G0000253
split_0035	GCA_046543335.1|G0000265
split_0035	GCA_046543335.1|G0000266
split_0035	GCF_000025325.1|G0000284
split_0035	GCF_000334895.1|G0000302
split_0035	GCF_000334895.1|G0000305
split_0035	GCF_000403645.1|G0000308
split_0035	GCF_003369835.1|G0000315
split_0035	GCF_017094485.1|G0000321
split_0035	GCF_019693215.1|G0000325
split_0035	GCF_021083305.1|G0000326
split_0035	GCF_024227995.1|G0000329
split_0035	GCF_024227995.1|G0000334
split_0035	GCF_029338295.1|G0000340
split_0035	GCF_030287405.1|G0000344
split_0035	GCF_036429475.1|G0000346
split_0035	GOMC.bin.11431|G0000351
split_0035	GOMC.bin.12150|G0000361
split_0035	GOMC.bin.9202|G0000384
split_0035	GOMC.bin.9202|G0000385
split_0036	GCA_001564275.1|G0000017
split_0036	GCA_002503845.1|G0000043
split_0036	GCA_002844335.1|G0000051
split_0036	GCA_003021085.1|G0000061
split_0036	GCA_003021175.1|G0000064
split_0036	GCA_003022865.1|G0000067
split_0036	GCA_003561665.1|G0000077
split_0036	GCA_005954745.1|G0000091
split_0036	GCA_007122875.1|G0000096
split_0036	GCA_023008585.1|G0000159
split_0036	GCA_025041175.1|G0000171
split_0036	GCA_025041175.1|G0000172
split_0036	GCA_025517465.1|G0000173
split_0036	GCA_028275105.1|G0000180
split_0036	GCA_031852275.1|G0000225
split_0036	GCA_034190545.1|G0000233
split_0036	GCA_035269625.1|G0000245
split_0036	GCA_036626315.1|G0000253
split_0036	GCA_046543335.1|G0000265
split_0036	GCA_046543335.1|G0000266
split_0036	GCF_000025325.1|G0000284
split_0036	GCF_000334895.1|G0000302
split_0036	GCF_000334895.1|G0000305
split_0036	GCF_000403645.1|G0000308
split_0036	GCF_003369835.1|G0000315
split_0036	GCF_017094485.1|G0000321
split_0036	GCF_019693215.1|G0000325
split_0036	GCF_021083305.1|G0000326
split_0036	GCF_024227995.1|G0000334
split_0036	GCF_029338295.1|G0000340
split_0036	GCF_030287405.1|G0000344
split_0036	GCF_036429475.1|G0000346
split_0036	GOMC.bin.11431|G0000351
split_0036	GOMC.bin.12150|G0000361
split_0036	GOMC.bin.9202|G0000384
split_0036	GOMC.bin.9202|G0000385
split_0037	GCA_001564275.1|G0000017
split_0037	GCA_002503845.1|G0000043
split_0037	GCA_003021085.1|G0000061
split_0037	GCA_003561665.1|G0000077
split_0037	GCA_007122875.1|G0000096
split_0037	GCA_023008585.1|G0000159
split_0037	GCA_025041175.1|G0000172
split_0037	GCA_028275105.1|G0000180
split_0037	GCA_031852275.1|G0000225
split_0037	GCA_034190545.1|G0000233
split_0037	GCA_036626315.1|G0000253
split_0037	GCA_046543335.1|G0000265
split_0037	GCA_046543335.1|G0000266
split_0037	GCF_000025325.1|G0000284
split_0037	GCF_000403645.1|G0000308
split_0037	GCF_017094485.1|G0000321
split_0037	GCF_019693215.1|G0000325
split_0037	GCF_021083305.1|G0000326
split_0037	GCF_036429475.1|G0000346
split_0037	GOMC.bin.12150|G0000361
split_0037	GOMC.bin.9202|G0000384
split_0038	GCA_001564275.1|G0000017
split_0038	GCA_002503845.1|G0000043
split_0038	GCA_003021085.1|G0000061
split_0038	GCA_003561665.1|G0000077
split_0038	GCA_007122875.1|G0000096
split_0038	GCA_023008585.1|G0000159
split_0038	GCA_025041175.1|G0000172
split_0038	GCA_028275105.1|G0000180
split_0038	GCA_031852275.1|G0000225
split_0038	GCA_034190545.1|G0000233
split_0038	GCA_036626315.1|G0000253
split_0038	GCA_046543335.1|G0000265
split_0038	GCA_046543335.1|G0000266
split_0038	GCF_000025325.1|G0000284
split_0038	GCF_000403645.1|G0000308
split_0038	GCF_017094485.1|G0000321
split_0038	GCF_019693215.1|G0000325
split_0038	GCF_036429475.1|G0000346
split_0038	GOMC.bin.12150|G0000361
split_0038	GOMC.bin.9202|G0000384
split_0039	GCA_001564275.1|G0000017
split_0039	GCA_002503845.1|G0000043
split_0039	GCA_003021085.1|G0000061
split_0039	GCA_003561665.1|G0000077
split_0039	GCA_007122875.1|G0000096
split_0039	GCA_023008585.1|G0000159
split_0039	GCA_025041175.1|G0000172
split_0039	GCA_028275105.1|G0000180
split_0039	GCA_031852275.1|G0000225
split_0039	GCA_034190545.1|G0000233
split_0039	GCF_000025325.1|G0000284
split_0039	GCF_000403645.1|G0000308
split_0039	GCF_017094485.1|G0000321
split_0039	GCF_019693215.1|G0000325
split_0039	GCF_036429475.1|G0000346
split_0039	GOMC.bin.12150|G0000361
split_0039	GOMC.bin.9202|G0000384
split_0040	GCA_001564275.1|G0000017
split_0040	GCA_002503845.1|G0000043
split_0040	GCA_003021085.1|G0000061
split_0040	GCA_007122875.1|G0000096
split_0040	GCA_023008585.1|G0000159
split_0040	GCA_031852275.1|G0000225
split_0040	GCA_034190545.1|G0000233
split_0040	GCF_000025325.1|G0000284
split_0040	GCF_000403645.1|G0000308
split_0040	GCF_017094485.1|G0000321
split_0040	GCF_019693215.1|G0000325
split_0040	GCF_036429475.1|G0000346
split_0040	GOMC.bin.9202|G0000384
split_0041	GCA_001564275.1|G0000017
split_0041	GCA_003021085.1|G0000061
split_0041	GCA_007122875.1|G0000096
split_0041	GCA_023008585.1|G0000159
split_0041	GCA_031852275.1|G0000225
split_0041	GCA_034190545.1|G0000233
split_0041	GCF_000025325.1|G0000284
split_0041	GCF_000403645.1|G0000308
split_0041	GCF_017094485.1|G0000321
split_0041	GCF_019693215.1|G0000325
split_0041	GCF_036429475.1|G0000346
split_0041	GOMC.bin.9202|G0000384
split_0042	GCA_001564275.1|G0000017
split_0042	GCA_003021085.1|G0000061
split_0042	GCA_007122875.1|G0000096
split_0042	GCA_023008585.1|G0000159
split_0042	GCA_031852275.1|G0000225
split_0042	GCA_034190545.1|G0000233
split_0042	GCF_000025325.1|G0000284
split_0042	GCF_000403645.1|G0000308
split_0042	GCF_017094485.1|G0000321
split_0042	GOMC.bin.9202|G0000384
split_0043	GCA_001564275.1|G0000017
split_0043	GCA_003021085.1|G0000061
split_0043	GCA_023008585.1|G0000159
split_0043	GCA_031852275.1|G0000225
split_0043	GCA_034190545.1|G0000233
split_0043	GCF_000025325.1|G0000284
split_0043	GCF_000403645.1|G0000308
split_0043	GCF_017094485.1|G0000321
split_0043	GOMC.bin.9202|G0000384
split_0044	GCA_001564275.1|G0000017
split_0044	GCA_023008585.1|G0000159
split_0044	GCA_031852275.1|G0000225
split_0044	GCF_000025325.1|G0000284
split_0044	GOMC.bin.9202|G0000384
split_0045	GCA_001564275.1|G0000017
split_0045	GOMC.bin.9202|G0000384
split_0046	GCA_023008585.1|G0000159
split_0046	GCA_031852275.1|G0000225
split_0046	GCF_000025325.1|G0000284
split_0047	GCA_023008585.1|G0000159
split_0047	GCF_000025325.1|G0000284
split_0048	GCA_003021085.1|G0000061
split_0048	GCA_034190545.1|G0000233
split_0048	GCF_000403645.1|G0000308
split_0048	GCF_017094485.1|G0000321
split_0049	GCA_003021085.1|G0000061
split_0049	GCF_017094485.1|G0000321
split_0050	GCA_034190545.1|G0000233
split_0050	GCF_000403645.1|G0000308
split_0051	GCF_019693215.1|G0000325
split_0051	GCF_036429475.1|G0000346
split_0052	GCA_003561665.1|G0000077
split_0052	GCA_025041175.1|G0000172
split_0052	GCA_028275105.1|G0000180
split_0052	GOMC.bin.12150|G0000361
split_0053	GCA_003561665.1|G0000077
split_0053	GCA_028275105.1|G0000180
split_0053	GOMC.bin.12150|G0000361
split_0054	GCA_028275105.1|G0000180
split_0054	GOMC.bin.12150|G0000361
split_0055	GCA_036626315.1|G0000253
split_0055	GCA_046543335.1|G0000265
split_0055	GCA_046543335.1|G0000266
split_0056	GCA_046543335.1|G0000265
split_0056	GCA_046543335.1|G0000266
split_0057	GCA_002844335.1|G0000051
split_0057	GCA_003021175.1|G0000064
split_0057	GCA_003022865.1|G0000067
split_0057	GCA_005954745.1|G0000091
split_0057	GCA_025041175.1|G0000171
split_0057	GCA_025517465.1|G0000173
split_0057	GCA_035269625.1|G0000245
split_0057	GCF_000334895.1|G0000302
split_0057	GCF_000334895.1|G0000305
split_0057	GCF_003369835.1|G0000315
split_0057	GCF_024227995.1|G0000334
split_0057	GCF_029338295.1|G0000340
split_0057	GCF_030287405.1|G0000344
split_0057	GOMC.bin.11431|G0000351
split_0057	GOMC.bin.9202|G0000385
split_0058	GCA_002844335.1|G0000051
split_0058	GCF_029338295.1|G0000340
split_0058	GCF_030287405.1|G0000344
split_0058	GOMC.bin.9202|G0000385
split_0059	GCA_002844335.1|G0000051
split_0059	GCF_029338295.1|G0000340
split_0059	GOMC.bin.9202|G0000385
split_0060	GCA_002844335.1|G0000051
split_0060	GOMC.bin.9202|G0000385
split_0061	GCA_003021175.1|G0000064
split_0061	GCA_003022865.1|G0000067
split_0061	GCA_005954745.1|G0000091
split_0061	GCA_025041175.1|G0000171
split_0061	GCA_025517465.1|G0000173
split_0061	GCA_035269625.1|G0000245
split_0061	GCF_000334895.1|G0000302
split_0061	GCF_000334895.1|G0000305
split_0061	GCF_003369835.1|G0000315
split_0061	GCF_024227995.1|G0000334
split_0061	GOMC.bin.11431|G0000351
split_0062	GCA_003021175.1|G0000064
split_0062	GCA_003022865.1|G0000067
split_0062	GCA_005954745.1|G0000091
split_0062	GCA_025517465.1|G0000173
split_0062	GCA_035269625.1|G0000245
split_0062	GCF_003369835.1|G0000315
split_0062	GCF_024227995.1|G0000334
split_0062	GOMC.bin.11431|G0000351
split_0063	GCA_003021175.1|G0000064
split_0063	GCA_003022865.1|G0000067
split_0063	GCA_005954745.1|G0000091
split_0063	GCA_025517465.1|G0000173
split_0063	GCA_035269625.1|G0000245
split_0063	GCF_024227995.1|G0000334
split_0063	GOMC.bin.11431|G0000351
split_0064	GCA_003021175.1|G0000064
split_0064	GCA_003022865.1|G0000067
split_0064	GCA_005954745.1|G0000091
split_0064	GCA_025517465.1|G0000173
split_0064	GCA_035269625.1|G0000245
split_0064	GCF_024227995.1|G0000334
split_0065	GCA_003022865.1|G0000067
split_0065	GCA_005954745.1|G0000091
split_0065	GCA_025517465.1|G0000173
split_0065	GCA_035269625.1|G0000245
split_0065	GCF_024227995.1|G0000334
split_0066	GCA_003022865.1|G0000067
split_0066	GCA_005954745.1|G0000091
split_0066	GCA_025517465.1|G0000173
split_0066	GCA_035269625.1|G0000245
split_0067	GCA_005954745.1|G0000091
split_0067	GCA_025517465.1|G0000173
split_0067	GCA_035269625.1|G0000245
split_0068	GCA_005954745.1|G0000091
split_0068	GCA_035269625.1|G0000245
split_0069	GCA_025041175.1|G0000171
split_0069	GCF_000334895.1|G0000302
split_0069	GCF_000334895.1|G0000305
split_0070	GCF_000334895.1|G0000302
split_0070	GCF_000334895.1|G0000305
split_0071	GCF_001485535.1|G0000311
split_0071	GCF_014647115.1|G0000317
split_0071	GCF_014647475.1|G0000319
split_0071	GOMC.bin.12128|G0000357
split_0072	GCF_001485535.1|G0000311
split_0072	GOMC.bin.12128|G0000357
split_0073	GCF_014647115.1|G0000317
split_0073	GCF_014647475.1|G0000319
split_0074	GCA_031852275.1|G0000224
split_0074	GCA_034190395.1|G0000229
split_0074	GCF_026242195.1|G0000336
split_0074	GOMC.bin.12150|G0000362
split_0075	GCA_034190395.1|G0000229
split_0075	GCF_026242195.1|G0000336
split_0075	GOMC.bin.12150|G0000362
split_0076	GCA_034190395.1|G0000229
split_0076	GCF_026242195.1|G0000336
split_0077	GCA_030734185.1|G0000220
split_0077	GCF_000306765.2|G0000298
split_0078	GCF_000025325.1|G0000283
split_0078	GCF_030287405.1|G0000343
split_0078	GOMC.bin.12150|G0000364
split_0079	GCF_030287405.1|G0000343
split_0079	GOMC.bin.12150|G0000364
split_0080	GCA_002010045.1|G0000026
split_0080	GCA_002010195.1|G0000028
split_0080	GCA_002010215.1|G0000029
split_0080	GCA_002010305.1|G0000030
split_0080	GCA_002494725.1|G0000036
split_0080	GCA_015523685.1|G0000115
split_0081	GCA_002010045.1|G0000026
split_0081	GCA_002010195.1|G0000028
split_0081	GCA_002010215.1|G0000029
split_0081	GCA_002494725.1|G0000036
split_0082	GCA_002010045.1|G0000026
split_0082	GCA_002010195.1|G0000028
split_0082	GCA_002010215.1|G0000029
split_0083	GCA_002010045.1|G0000026
split_0083	GCA_002010195.1|G0000028
split_0084	GCA_002010305.1|G0000030
split_0084	GCA_015523685.1|G0000115
split_0085	GCA_000246735.1|G0000007
split_0085	GCA_000306725.1|G0000008
split_0085	GCA_001509375.1|G0000016
split_0085	GCA_001595885.1|G0000022
split_0085	GCA_001766815.1|G0000024
split_0085	GCA_002067795.1|G0000033
split_0085	GCA_002254385.1|G0000035
split_0085	GCA_002499195.1|G0000038
split_0085	GCA_002501765.1|G0000040
split_0085	GCA_002502625.1|G0000041
split_0085	GCA_002505405.1|G0000044
split_0085	GCA_002506015.1|G0000045
split_0085	GCA_002839545.1|G0000050
split_0085	GCA_002844335.1|G0000052
split_0085	GCA_003194445.1|G0000072
split_0085	GCA_003551675.1|G0000073
split_0085	GCA_003560595.1|G0000076
split_0085	GCA_003649915.1|G0000078
split_0085	GCA_004193545.1|G0000083
split_0085	GCA_007129655.1|G0000098
split_0085	GCA_013331375.1|G0000102
split_0085	GCA_013791785.1|G0000103
split_0085	GCA_014859725.1|G0000105
split_0085	GCA_016180755.1|G0000117
split_0085	GCA_016841265.1|G0000123
split_0085	GCA_016874675.1|G0000126
split_0085	GCA_016928095.1|G0000128
split_0085	GCA_018650285.1|G0000139
split_0085	GCA_019429385.1|G0000144
split_0085	GCA_020696345.1|G0000145
split_0085	GCA_020696385.1|G0000146
split_0085	GCA_021108405.1|G0000148
split_0085	GCA_021161085.1|G0000151
split_0085	GCA_022615805.1|G0000155
split_0085	GCA_023136815.1|G0000161
split_0085	GCA_023145185.1|G0000162
split_0085	GCA_023229165.1|G0000163
split_0085	GCA_023269235.1|G0000164
split_0085	GCA_028279585.1|G0000182
split_0085	GCA_028279595.1|G0000183
split_0085	GCA_028279645.1|G0000184
split_0085	GCA_028279645.1|G0000185
split_0085	GCA_028716125.1|G0000189
split_0085	GCA_028821815.1|G0000190
split_0085	GCA_029762535.1|G0000198
split_0085	GCA_029932465.1|G0000199
split_0085	GCA_029936395.1|G0000201
split_0085	GCA_030018475.1|G0000202
split_0085	GCA_030019485.1|G0000203
split_0085	GCA_030594725.1|G0000204
split_0085	GCA_030595765.1|G0000205
split_0085	GCA_030595765.1|G0000206
split_0085	GCA_030605245.1|G0000208
split_0085	GCA_030611265.1|G0000209
split_0085	GCA_030611265.1|G0000210
split_0085	GCA_030627385.1|G0000211
split_0085	GCA_030630685.1|G0000212
split_0085	GCA_030672365.1|G0000215
split_0085	GCA_030673205.1|G0000216
split_0085	GCA_030740765.1|G0000221
split_0085	GCA_030743515.1|G0000222
split_0085	GCA_034659235.1|G0000239
split_0085	GCA_038851035.1|G0000258
split_0085	GCA_041599855.1|G0000261
split_0085	GCA_041601615.1|G0000262
split_0085	GCA_041636435.1|G0000263
split_0085	GCA_046546175.1|G0000269
split_0085	GCA_905171695.1|G0000272
split_0085	GCA_963582685.1|G0000274
split_0085	GCA_963996465.1|G0000275
split_0085	GCA_974499105.1|G0000278
split_0085	GOMC.bin.14106|G0000365
split_0085	GOMC.bin.14286|G0000366
split_0085	GOMC.bin.18996|G0000374
split_0086	GCA_000246735.1|G0000007
split_0086	GCA_001595885.1|G0000022
split_0086	GCA_002254385.1|G0000035
split_0086	GCA_002499195.1|G0000038
split_0086	GCA_002502625.1|G0000041
split_0086	GCA_002505405.1|G0000044
split_0086	GCA_002844335.1|G0000052
split_0086	GCA_003551675.1|G0000073
split_0086	GCA_003560595.1|G0000076
split_0086	GCA_003649915.1|G0000078
split_0086	GCA_007129655.1|G0000098
split_0086	GCA_013791785.1|G0000103
split_0086	GCA_016180755.1|G0000117
split_0086	GCA_016874675.1|G0000126
split_0086	GCA_016928095.1|G0000128
split_0086	GCA_018650285.1|G0000139
split_0086	GCA_020696345.1|G0000145
split_0086	GCA_020696385.1|G0000146
split_0086	GCA_021161085.1|G0000151
split_0086	GCA_022615805.1|G0000155
split_0086	GCA_023136815.1|G0000161
split_0086	GCA_023145185.1|G0000162
split_0086	GCA_023269235.1|G0000164
split_0086	GCA_028279585.1|G0000182
split_0086	GCA_028279595.1|G0000183
split_0086	GCA_028279645.1|G0000184
split_0086	GCA_028279645.1|G0000185
split_0086	GCA_028716125.1|G0000189
split_0086	GCA_028821815.1|G0000190
split_0086	GCA_029762535.1|G0000198
split_0086	GCA_029932465.1|G0000199
split_0086	GCA_029936395.1|G0000201
split_0086	GCA_030018475.1|G0000202
split_0086	GCA_030019485.1|G0000203
split_0086	GCA_030594725.1|G0000204
split_0086	GCA_030595765.1|G0000205
split_0086	GCA_030595765.1|G0000206
split_0086	GCA_030605245.1|G0000208
split_0086	GCA_030630685.1|G0000212
split_0086	GCA_030672365.1|G0000215
split_0086	GCA_030673205.1|G0000216
split_0086	GCA_030740765.1|G0000221
split_0086	GCA_030743515.1|G0000222
split_0086	GCA_038851035.1|G0000258
split_0086	GCA_041599855.1|G0000261
split_0086	GCA_041601615.1|G0000262
split_0086	GCA_041636435.1|G0000263
split_0086	GCA_963582685.1|G0000274
split_0086	GCA_963996465.1|G0000275
split_0086	GCA_974499105.1|G0000278
split_0086	GOMC.bin.14106|G0000365
split_0086	GOMC.bin.14286|G0000366
split_0086	GOMC.bin.18996|G0000374
split_0087	GCA_000246735.1|G0000007
split_0087	GCA_001595885.1|G0000022
split_0087	GCA_002254385.1|G0000035
split_0087	GCA_002499195.1|G0000038
split_0087	GCA_002502625.1|G0000041
split_0087	GCA_002505405.1|G0000044
split_0087	GCA_002844335.1|G0000052
split_0087	GCA_003649915.1|G0000078
split_0087	GCA_013791785.1|G0000103
split_0087	GCA_016180755.1|G0000117
split_0087	GCA_016874675.1|G0000126
split_0087	GCA_016928095.1|G0000128
split_0087	GCA_018650285.1|G0000139
split_0087	GCA_020696345.1|G0000145
split_0087	GCA_020696385.1|G0000146
split_0087	GCA_021161085.1|G0000151
split_0087	GCA_022615805.1|G0000155
split_0087	GCA_023136815.1|G0000161
split_0087	GCA_023145185.1|G0000162
split_0087	GCA_023269235.1|G0000164
split_0087	GCA_028279585.1|G0000182
split_0087	GCA_028279595.1|G0000183
split_0087	GCA_028279645.1|G0000184
split_0087	GCA_028279645.1|G0000185
split_0087	GCA_028716125.1|G0000189
split_0087	GCA_028821815.1|G0000190
split_0087	GCA_029762535.1|G0000198
split_0087	GCA_029932465.1|G0000199
split_0087	GCA_029936395.1|G0000201
split_0087	GCA_030018475.1|G0000202
split_0087	GCA_030019485.1|G0000203
split_0087	GCA_030594725.1|G0000204
split_0087	GCA_030595765.1|G0000205
split_0087	GCA_030595765.1|G0000206
split_0087	GCA_030605245.1|G0000208
split_0087	GCA_030630685.1|G0000212
split_0087	GCA_030672365.1|G0000215
split_0087	GCA_030673205.1|G0000216
split_0087	GCA_030743515.1|G0000222
split_0087	GCA_038851035.1|G0000258
split_0087	GCA_041599855.1|G0000261
split_0087	GCA_041601615.1|G0000262
split_0087	GCA_041636435.1|G0000263
split_0087	GCA_963582685.1|G0000274
split_0087	GCA_963996465.1|G0000275
split_0087	GCA_974499105.1|G0000278
split_0087	GOMC.bin.14286|G0000366
split_0087	GOMC.bin.18996|G0000374
split_0088	GCA_000246735.1|G0000007
split_0088	GCA_002499195.1|G0000038
split_0088	GCA_002502625.1|G0000041
split_0088	GCA_002505405.1|G0000044
split_0088	GCA_002844335.1|G0000052
split_0088	GCA_018650285.1|G0000139
split_0088	GCA_022615805.1|G0000155
split_0088	GCA_023269235.1|G0000164
split_0088	GCA_028279595.1|G0000183
split_0088	GCA_028279645.1|G0000185
split_0088	GCA_028716125.1|G0000189
split_0088	GCA_028821815.1|G0000190
split_0088	GCA_030018475.1|G0000202
split_0088	GCA_030019485.1|G0000203
split_0088	GCA_030605245.1|G0000208
split_0088	GCA_041599855.1|G0000261
split_0088	GCA_041601615.1|G0000262
split_0088	GCA_041636435.1|G0000263
split_0088	GCA_963582685.1|G0000274
split_0088	GOMC.bin.14286|G0000366
split_0088	GOMC.bin.18996|G0000374
split_0089	GCA_000246735.1|G0000007
split_0089	GCA_002499195.1|G0000038
split_0089	GCA_002502625.1|G0000041
split_0089	GCA_002505405.1|G0000044
split_0089	GCA_002844335.1|G0000052
split_0089	GCA_018650285.1|G0000139
split_0089	GCA_022615805.1|G0000155
split_0089	GCA_023269235.1|G0000164
split_0089	GCA_028279595.1|G0000183
split_0089	GCA_028279645.1|G0000185
split_0089	GCA_028716125.1|G0000189
split_0089	GCA_028821815.1|G0000190
split_0089	GCA_041599855.1|G0000261
split_0089	GCA_041601615.1|G0000262
split_0089	GCA_041636435.1|G0000263
split_0089	GCA_963582685.1|G0000274
split_0089	GOMC.bin.14286|G0000366
split_0089	GOMC.bin.18996|G0000374
split_0090	GCA_000246735.1|G0000007
split_0090	GCA_002499195.1|G0000038
split_0090	GCA_002502625.1|G0000041
split_0090	GCA_002505405.1|G0000044
split_0090	GCA_002844335.1|G0000052
split_0090	GCA_018650285.1|G0000139
split_0090	GCA_022615805.1|G0000155
split_0090	GCA_028279595.1|G0000183
split_0090	GCA_028279645.1|G0000185
split_0090	GCA_028821815.1|G0000190
split_0090	GCA_963582685.1|G0000274
split_0090	GOMC.bin.14286|G0000366
split_0091	GCA_000246735.1|G0000007
split_0091	GCA_002499195.1|G0000038
split_0091	GCA_002502625.1|G0000041
split_0091	GCA_002505405.1|G0000044
split_0091	GCA_002844335.1|G0000052
split_0091	GCA_018650285.1|G0000139
split_0091	GCA_028821815.1|G0000190
split_0091	GCA_963582685.1|G0000274
split_0091	GOMC.bin.14286|G0000366
split_0092	GCA_000246735.1|G0000007
split_0092	GCA_002499195.1|G0000038
split_0092	GCA_002502625.1|G0000041
split_0092	GCA_002505405.1|G0000044
split_0092	GCA_002844335.1|G0000052
split_0092	GCA_018650285.1|G0000139
split_0092	GOMC.bin.14286|G0000366
split_0093	GCA_000246735.1|G0000007
split_0093	GCA_002499195.1|G0000038
split_0093	GCA_002502625.1|G0000041
split_0093	GCA_002505405.1|G0000044
split_0093	GOMC.bin.14286|G0000366
split_0094	GCA_000246735.1|G0000007
split_0094	GCA_002499195.1|G0000038
split_0094	GCA_002505405.1|G0000044
split_0095	GCA_000246735.1|G0000007
split_0095	GCA_002505405.1|G0000044
split_0096	GCA_002502625.1|G0000041
split_0096	GOMC.bin.14286|G0000366
split_0097	GCA_002844335.1|G0000052
split_0097	GCA_018650285.1|G0000139
split_0098	GCA_028821815.1|G0000190
split_0098	GCA_963582685.1|G0000274
split_0099	GCA_022615805.1|G0000155
split_0099	GCA_028279595.1|G0000183
split_0099	GCA_028279645.1|G0000185
split_0100	GCA_022615805.1|G0000155
split_0100	GCA_028279595.1|G0000183
split_0101	GCA_023269235.1|G0000164
split_0101	GCA_028716125.1|G0000189
split_0101	GCA_041599855.1|G0000261
split_0101	GCA_041601615.1|G0000262
split_0101	GCA_041636435.1|G0000263
split_0101	GOMC.bin.18996|G0000374
split_0102	GCA_023269235.1|G0000164
split_0102	GCA_041599855.1|G0000261
split_0102	GCA_041601615.1|G0000262
split_0102	GCA_041636435.1|G0000263
split_0102	GOMC.bin.18996|G0000374
split_0103	GCA_023269235.1|G0000164
split_0103	GCA_041601615.1|G0000262
split_0103	GCA_041636435.1|G0000263
split_0103	GOMC.bin.18996|G0000374
split_0104	GCA_023269235.1|G0000164
split_0104	GCA_041601615.1|G0000262
split_0104	GCA_041636435.1|G0000263
split_0105	GCA_023269235.1|G0000164
split_0105	GCA_041636435.1|G0000263
split_0106	GCA_030018475.1|G0000202
split_0106	GCA_030019485.1|G0000203
split_0106	GCA_030605245.1|G0000208
split_0107	GCA_030018475.1|G0000202
split_0107	GCA_030605245.1|G0000208
split_0108	GCA_001595885.1|G0000022
split_0108	GCA_002254385.1|G0000035
split_0108	GCA_003649915.1|G0000078
split_0108	GCA_013791785.1|G0000103
split_0108	GCA_016180755.1|G0000117
split_0108	GCA_016874675.1|G0000126
split_0108	GCA_016928095.1|G0000128
split_0108	GCA_020696345.1|G0000145
split_0108	GCA_020696385.1|G0000146
split_0108	GCA_021161085.1|G0000151
split_0108	GCA_023136815.1|G0000161
split_0108	GCA_023145185.1|G0000162
split_0108	GCA_028279585.1|G0000182
split_0108	GCA_028279645.1|G0000184
split_0108	GCA_029762535.1|G0000198
split_0108	GCA_029932465.1|G0000199
split_0108	GCA_029936395.1|G0000201
split_0108	GCA_030594725.1|G0000204
split_0108	GCA_030595765.1|G0000205
split_0108	GCA_030595765.1|G0000206
split_0108	GCA_030630685.1|G0000212
split_0108	GCA_030672365.1|G0000215
split_0108	GCA_030673205.1|G0000216
split_0108	GCA_030743515.1|G0000222
split_0108	GCA_038851035.1|G0000258
split_0108	GCA_963996465.1|G0000275
split_0108	GCA_974499105.1|G0000278
split_0109	GCA_001595885.1|G0000022
split_0109	GCA_002254385.1|G0000035
split_0109	GCA_013791785.1|G0000103
split_0109	GCA_016928095.1|G0000128
split_0109	GCA_020696345.1|G0000145
split_0109	GCA_020696385.1|G0000146
split_0109	GCA_023136815.1|G0000161
split_0109	GCA_023145185.1|G0000162
split_0109	GCA_028279585.1|G0000182
split_0109	GCA_029762535.1|G0000198
split_0109	GCA_029932465.1|G0000199
split_0109	GCA_030630685.1|G0000212
split_0109	GCA_030672365.1|G0000215
split_0109	GCA_974499105.1|G0000278
split_0110	GCA_001595885.1|G0000022
split_0110	GCA_013791785.1|G0000103
split_0110	GCA_020696385.1|G0000146
split_0110	GCA_023136815.1|G0000161
split_0110	GCA_030672365.1|G0000215
split_0111	GCA_001595885.1|G0000022
split_0111	GCA_013791785.1|G0000103
split_0111	GCA_023136815.1|G0000161
split_0112	GCA_013791785.1|G0000103
split_0112	GCA_023136815.1|G0000161
split_0113	GCA_020696385.1|G0000146
split_0113	GCA_030672365.1|G0000215
split_0114	GCA_002254385.1|G0000035
split_0114	GCA_016928095.1|G0000128
split_0114	GCA_020696345.1|G0000145
split_0114	GCA_023145185.1|G0000162
split_0114	GCA_028279585.1|G0000182
split_0114	GCA_029762535.1|G0000198
split_0114	GCA_029932465.1|G0000199
split_0114	GCA_030630685.1|G0000212
split_0114	GCA_974499105.1|G0000278
split_0115	GCA_002254385.1|G0000035
split_0115	GCA_016928095.1|G0000128
split_0115	GCA_023145185.1|G0000162
split_0115	GCA_028279585.1|G0000182
split_0115	GCA_029762535.1|G0000198
split_0115	GCA_029932465.1|G0000199
split_0115	GCA_030630685.1|G0000212
split_0115	GCA_974499105.1|G0000278
split_0116	GCA_002254385.1|G0000035
split_0116	GCA_016928095.1|G0000128
split_0116	GCA_023145185.1|G0000162
split_0116	GCA_029762535.1|G0000198
split_0116	GCA_029932465.1|G0000199
split_0116	GCA_030630685.1|G0000212
split_0116	GCA_974499105.1|G0000278
split_0117	GCA_002254385.1|G0000035
split_0117	GCA_016928095.1|G0000128
split_0117	GCA_023145185.1|G0000162
split_0117	GCA_029762535.1|G0000198
split_0117	GCA_029932465.1|G0000199
split_0118	GCA_002254385.1|G0000035
split_0118	GCA_016928095.1|G0000128
split_0118	GCA_023145185.1|G0000162
split_0118	GCA_029762535.1|G0000198
split_0119	GCA_002254385.1|G0000035
split_0119	GCA_016928095.1|G0000128
split_0119	GCA_023145185.1|G0000162
split_0120	GCA_002254385.1|G0000035
split_0120	GCA_023145185.1|G0000162
split_0121	GCA_030630685.1|G0000212
split_0121	GCA_974499105.1|G0000278
split_0122	GCA_003649915.1|G0000078
split_0122	GCA_016180755.1|G0000117
split_0122	GCA_016874675.1|G0000126
split_0122	GCA_021161085.1|G0000151
split_0122	GCA_028279645.1|G0000184
split_0122	GCA_029936395.1|G0000201
split_0122	GCA_030594725.1|G0000204
split_0122	GCA_030595765.1|G0000205
split_0122	GCA_030595765.1|G0000206
split_0122	GCA_030673205.1|G0000216
split_0122	GCA_030743515.1|G0000222
split_0122	GCA_038851035.1|G0000258
split_0122	GCA_963996465.1|G0000275
split_0123	GCA_003649915.1|G0000078
split_0123	GCA_016874675.1|G0000126
split_0123	GCA_021161085.1|G0000151
split_0123	GCA_028279645.1|G0000184
split_0123	GCA_029936395.1|G0000201
split_0123	GCA_030594725.1|G0000204
split_0123	GCA_030595765.1|G0000205
split_0123	GCA_030595765.1|G0000206
split_0123	GCA_030673205.1|G0000216
split_0123	GCA_030743515.1|G0000222
split_0123	GCA_038851035.1|G0000258
split_0123	GCA_963996465.1|G0000275
split_0124	GCA_003649915.1|G0000078
split_0124	GCA_016874675.1|G0000126
split_0124	GCA_021161085.1|G0000151
split_0124	GCA_030594725.1|G0000204
split_0124	GCA_030595765.1|G0000205
split_0124	GCA_030595765.1|G0000206
split_0124	GCA_030673205.1|G0000216
split_0124	GCA_038851035.1|G0000258
split_0125	GCA_003649915.1|G0000078
split_0125	GCA_021161085.1|G0000151
split_0125	GCA_030594725.1|G0000204
split_0125	GCA_030595765.1|G0000205
split_0125	GCA_030595765.1|G0000206
split_0125	GCA_030673205.1|G0000216
split_0126	GCA_003649915.1|G0000078
split_0126	GCA_021161085.1|G0000151
split_0126	GCA_030595765.1|G0000205
split_0126	GCA_030595765.1|G0000206
split_0126	GCA_030673205.1|G0000216
split_0127	GCA_021161085.1|G0000151
split_0127	GCA_030595765.1|G0000205
split_0127	GCA_030595765.1|G0000206
split_0127	GCA_030673205.1|G0000216
split_0128	GCA_021161085.1|G0000151
split_0128	GCA_030673205.1|G0000216
split_0129	GCA_030595765.1|G0000205
split_0129	GCA_030595765.1|G0000206
split_0130	GCA_016874675.1|G0000126
split_0130	GCA_038851035.1|G0000258
split_0131	GCA_028279645.1|G0000184
split_0131	GCA_029936395.1|G0000201
split_0131	GCA_030743515.1|G0000222
split_0131	GCA_963996465.1|G0000275
split_0132	GCA_029936395.1|G0000201
split_0132	GCA_030743515.1|G0000222
split_0132	GCA_963996465.1|G0000275
split_0133	GCA_029936395.1|G0000201
split_0133	GCA_030743515.1|G0000222
split_0134	GCA_003551675.1|G0000073
split_0134	GCA_003560595.1|G0000076
split_0134	GCA_007129655.1|G0000098
split_0134	GCA_030740765.1|G0000221
split_0134	GOMC.bin.14106|G0000365
split_0135	GCA_003551675.1|G0000073
split_0135	GCA_003560595.1|G0000076
split_0135	GCA_007129655.1|G0000098
split_0136	GCA_003551675.1|G0000073
split_0136	GCA_003560595.1|G0000076
split_0137	GCA_030740765.1|G0000221
split_0137	GOMC.bin.14106|G0000365
split_0138	GCA_000306725.1|G0000008
split_0138	GCA_001509375.1|G0000016
split_0138	GCA_001766815.1|G0000024
split_0138	GCA_002067795.1|G0000033
split_0138	GCA_002501765.1|G0000040
split_0138	GCA_002506015.1|G0000045
split_0138	GCA_002839545.1|G0000050
split_0138	GCA_003194445.1|G0000072
split_0138	GCA_004193545.1|G0000083
split_0138	GCA_013331375.1|G0000102
split_0138	GCA_014859725.1|G0000105
split_0138	GCA_016841265.1|G0000123
split_0138	GCA_019429385.1|G0000144
split_0138	GCA_021108405.1|G0000148
split_0138	GCA_023229165.1|G0000163
split_0138	GCA_030611265.1|G0000209
split_0138	GCA_030611265.1|G0000210
split_0138	GCA_030627385.1|G0000211
split_0138	GCA_034659235.1|G0000239
split_0138	GCA_046546175.1|G0000269
split_0138	GCA_905171695.1|G0000272
split_0139	GCA_000306725.1|G0000008
split_0139	GCA_001766815.1|G0000024
split_0139	GCA_002506015.1|G0000045
split_0139	GCA_002839545.1|G0000050
split_0139	GCA_003194445.1|G0000072
split_0139	GCA_004193545.1|G0000083
split_0139	GCA_013331375.1|G0000102
split_0139	GCA_014859725.1|G0000105
split_0139	GCA_016841265.1|G0000123
split_0139	GCA_019429385.1|G0000144
split_0139	GCA_021108405.1|G0000148
split_0139	GCA_030611265.1|G0000209
split_0139	GCA_030611265.1|G0000210
split_0139	GCA_030627385.1|G0000211
split_0139	GCA_034659235.1|G0000239
split_0139	GCA_046546175.1|G0000269
split_0139	GCA_905171695.1|G0000272
split_0140	GCA_000306725.1|G0000008
split_0140	GCA_001766815.1|G0000024
split_0140	GCA_002506015.1|G0000045
split_0140	GCA_002839545.1|G0000050
split_0140	GCA_003194445.1|G0000072
split_0140	GCA_004193545.1|G0000083
split_0140	GCA_013331375.1|G0000102
split_0140	GCA_016841265.1|G0000123
split_0140	GCA_030611265.1|G0000209
split_0140	GCA_030611265.1|G0000210
split_0140	GCA_034659235.1|G0000239
split_0140	GCA_046546175.1|G0000269
split_0140	GCA_905171695.1|G0000272
split_0141	GCA_000306725.1|G0000008
split_0141	GCA_001766815.1|G0000024
split_0141	GCA_002839545.1|G0000050
split_0141	GCA_004193545.1|G0000083
split_0141	GCA_013331375.1|G0000102
split_0141	GCA_016841265.1|G0000123
split_0141	GCA_030611265.1|G0000209
split_0141	GCA_030611265.1|G0000210
split_0141	GCA_046546175.1|G0000269
split_0141	GCA_905171695.1|G0000272
split_0142	GCA_000306725.1|G0000008
split_0142	GCA_016841265.1|G0000123
split_0142	GCA_030611265.1|G0000209
split_0142	GCA_030611265.1|G0000210
split_0142	GCA_046546175.1|G0000269
split_0143	GCA_000306725.1|G0000008
split_0143	GCA_016841265.1|G0000123
split_0143	GCA_030611265.1|G0000209
split_0143	GCA_030611265.1|G0000210
split_0144	GCA_000306725.1|G0000008
split_0144	GCA_030611265.1|G0000209
split_0144	GCA_030611265.1|G0000210
split_0145	GCA_030611265.1|G0000209
split_0145	GCA_030611265.1|G0000210
split_0146	GCA_001766815.1|G0000024
split_0146	GCA_002839545.1|G0000050
split_0146	GCA_004193545.1|G0000083
split_0146	GCA_013331375.1|G0000102
split_0146	GCA_905171695.1|G0000272
split_0147	GCA_001766815.1|G0000024
split_0147	GCA_002839545.1|G0000050
split_0147	GCA_004193545.1|G0000083
split_0147	GCA_905171695.1|G0000272
split_0148	GCA_001766815.1|G0000024
split_0148	GCA_004193545.1|G0000083
split_0148	GCA_905171695.1|G0000272
split_0149	GCA_001766815.1|G0000024
split_0149	GCA_905171695.1|G0000272
split_0150	GCA_002506015.1|G0000045
split_0150	GCA_003194445.1|G0000072
split_0150	GCA_034659235.1|G0000239
split_0151	GCA_003194445.1|G0000072
split_0151	GCA_034659235.1|G0000239
split_0152	GCA_014859725.1|G0000105
split_0152	GCA_019429385.1|G0000144
split_0152	GCA_021108405.1|G0000148
split_0152	GCA_030627385.1|G0000211
split_0153	GCA_019429385.1|G0000144
split_0153	GCA_021108405.1|G0000148
split_0153	GCA_030627385.1|G0000211
split_0154	GCA_019429385.1|G0000144
split_0154	GCA_030627385.1|G0000211
split_0155	GCA_001509375.1|G0000016
split_0155	GCA_002067795.1|G0000033
split_0155	GCA_002501765.1|G0000040
split_0155	GCA_023229165.1|G0000163
split_0156	GCA_002067795.1|G0000033
split_0156	GCA_002501765.1|G0000040
split_0156	GCA_023229165.1|G0000163
split_0157	GCA_002067795.1|G0000033
split_0157	GCA_023229165.1|G0000163
split_0158	GCA_004028775.1|G0000082
split_0158	GCA_004347965.1|G0000085
split_0158	GCA_018894775.1|G0000140
split_0158	GCA_021160575.1|G0000150
split_0158	GCA_026413605.1|G0000177
split_0158	GCA_028275385.1|G0000181
split_0158	GCA_029259155.1|G0000196
split_0158	GCA_038818435.1|G0000257
split_0158	GCA_038861055.1|G0000259
split_0158	GOMC.bin.16766|G0000368
split_0158	GOMC.bin.2493|G0000377
split_0159	GCA_004028775.1|G0000082
split_0159	GCA_018894775.1|G0000140
split_0159	GCA_038861055.1|G0000259
split_0160	GCA_004028775.1|G0000082
split_0160	GCA_038861055.1|G0000259
split_0161	GCA_004347965.1|G0000085
split_0161	GCA_021160575.1|G0000150
split_0161	GCA_026413605.1|G0000177
split_0161	GCA_028275385.1|G0000181
split_0161	GCA_029259155.1|G0000196
split_0161	GCA_038818435.1|G0000257
split_0161	GOMC.bin.16766|G0000368
split_0161	GOMC.bin.2493|G0000377
split_0162	GCA_004347965.1|G0000085
split_0162	GCA_021160575.1|G0000150
split_0162	GOMC.bin.16766|G0000368
split_0163	GCA_004347965.1|G0000085
split_0163	GOMC.bin.16766|G0000368
split_0164	GCA_026413605.1|G0000177
split_0164	GCA_028275385.1|G0000181
split_0164	GCA_029259155.1|G0000196
split_0164	GCA_038818435.1|G0000257
split_0164	GOMC.bin.2493|G0000377
split_0165	GCA_026413605.1|G0000177
split_0165	GCA_029259155.1|G0000196
split_0165	GCA_038818435.1|G0000257
split_0165	GOMC.bin.2493|G0000377
split_0166	GCA_026413605.1|G0000177
split_0166	GCA_029259155.1|G0000196
split_0166	GOMC.bin.2493|G0000377
split_0167	GCA_026413605.1|G0000177
split_0167	GCA_029259155.1|G0000196
split_0168	GCA_015661555.1|G0000116
split_0168	GCF_000016125.1|G0000281
split_0168	GCF_000023985.1|G0000282
split_0168	GCF_000214415.1|G0000287
split_0168	GCF_946463545.1|G0000348
split_0169	GCA_015661555.1|G0000116
split_0169	GCF_000016125.1|G0000281
split_0169	GCF_000214415.1|G0000287
split_0169	GCF_946463545.1|G0000348
split_0170	GCA_015661555.1|G0000116
split_0170	GCF_000016125.1|G0000281
split_0170	GCF_946463545.1|G0000348
split_0171	GCA_015661555.1|G0000116
split_0171	GCF_946463545.1|G0000348
split_0172	GCA_002009975.1|G0000025
split_0172	GCA_015520705.1|G0000108
split_0172	GCA_016932735.1|G0000130
split_0172	GCA_018897155.1|G0000141
split_0172	GCA_023128965.1|G0000160
split_0172	GCA_029259245.1|G0000197
split_0172	GCA_030631505.1|G0000213
split_0172	GCF_000007305.1|G0000279
split_0173	GCA_002009975.1|G0000025
split_0173	GCA_015520705.1|G0000108
split_0173	GCA_029259245.1|G0000197
split_0173	GCF_000007305.1|G0000279
split_0174	GCA_002009975.1|G0000025
split_0174	GCA_015520705.1|G0000108
split_0174	GCA_029259245.1|G0000197
split_0175	GCA_002009975.1|G0000025
split_0175	GCA_029259245.1|G0000197
split_0176	GCA_016932735.1|G0000130
split_0176	GCA_018897155.1|G0000141
split_0176	GCA_023128965.1|G0000160
split_0176	GCA_030631505.1|G0000213
split_0177	GCA_016932735.1|G0000130
split_0177	GCA_023128965.1|G0000160
split_0178	GCA_018897155.1|G0000141
split_0178	GCA_030631505.1|G0000213
split_0179	CRR476095_bin.3|G0000001
split_0179	ERR2027894_bin.22|G0000002
split_0179	ERR2027902_bin.36|G0000003
split_0179	ERR2282092_bin.34|G0000004
split_0179	ERR4283445_bin.66|G0000005
split_0179	GCA_000166095.1|G0000006
split_0179	GCA_000246735.1|G0000007
split_0179	GCA_000306725.1|G0000008
split_0179	GCA_000309865.1|G0000009
split_0179	GCA_000309865.1|G0000010
split_0179	GCA_000309865.1|G0000011
split_0179	GCA_001507955.1|G0000015
split_0179	GCA_001509375.1|G0000016
split_0179	GCA_001564275.1|G0000017
split_0179	GCA_001587575.1|G0000020
split_0179	GCA_001595885.1|G0000022
split_0179	GCA_001766815.1|G0000024
split_0179	GCA_002009975.1|G0000025
split_0179	GCA_002010045.1|G0000026
split_0179	GCA_002010075.1|G0000027
split_0179	GCA_002010195.1|G0000028
split_0179	GCA_002010215.1|G0000029
split_0179	GCA_002010305.1|G0000030
split_0179	GCA_002011155.2|G0000032
split_0179	GCA_002067795.1|G0000033
split_0179	GCA_002067865.1|G0000034
split_0179	GCA_002254385.1|G0000035
split_0179	GCA_002494725.1|G0000036
split_0179	GCA_002497075.1|G0000037
split_0179	GCA_002499195.1|G0000038
split_0179	GCA_002501765.1|G0000040
split_0179	GCA_002502625.1|G0000041
split_0179	GCA_002503845.1|G0000043
split_0179	GCA_002505405.1|G0000044
split_0179	GCA_002506015.1|G0000045
split_0179	GCA_002508545.1|G0000046
split_0179	GCA_002839545.1|G0000050
split_0179	GCA_002844335.1|G0000051
split_0179	GCA_002844335.1|G0000052
split_0179	GCA_002923215.1|G0000057
split_0179	GCA_003021085.1|G0000061
split_0179	GCA_003021175.1|G0000064
split_0179	GCA_003022865.1|G0000067
split_0179	GCA_003194445.1|G0000072
split_0179	GCA_003551675.1|G0000073
split_0179	GCA_003560595.1|G0000076
split_0179	GCA_003561665.1|G0000077
split_0179	GCA_003649915.1|G0000078
split_0179	GCA_003695745.1|G0000081
split_0179	GCA_004028775.1|G0000082
split_0179	GCA_004193545.1|G0000083
split_0179	GCA_004212075.1|G0000084
split_0179	GCA_004347965.1|G0000085
split_0179	GCA_005954745.1|G0000091
split_0179	GCA_007122875.1|G0000096
split_0179	GCA_007129655.1|G0000098
split_0179	GCA_013331375.1|G0000102
split_0179	GCA_013791785.1|G0000103
split_0179	GCA_014859725.1|G0000105
split_0179	GCA_015520705.1|G0000108
split_0179	GCA_015521325.1|G0000112
split_0179	GCA_015523685.1|G0000115
split_0179	GCA_015661555.1|G0000116
split_0179	GCA_016180755.1|G0000117
split_0179	GCA_016212785.1|G0000119
split_0179	GCA_016841265.1|G0000123
split_0179	GCA_016874675.1|G0000126
split_0179	GCA_016928095.1|G0000128
split_0179	GCA_016932735.1|G0000130
split_0179	GCA_017395275.1|G0000133
split_0179	GCA_018650285.1|G0000139
split_0179	GCA_018894775.1|G0000140
split_0179	GCA_018897155.1|G0000141
split_0179	GCA_019429385.1|G0000144
split_0179	GCA_020696345.1|G0000145
split_0179	GCA_020696385.1|G0000146
split_0179	GCA_021108405.1|G0000148
split_0179	GCA_021160575.1|G0000150
split_0179	GCA_021161085.1|G0000151
split_0179	GCA_022615805.1|G0000155
split_0179	GCA_023008585.1|G0000156
split_0179	GCA_023008585.1|G0000159
split_0179	GCA_023128965.1|G0000160
split_0179	GCA_023136815.1|G0000161
split_0179	GCA_023145185.1|G0000162
split_0179	GCA_023229165.1|G0000163
split_0179	GCA_023269235.1|G0000164
split_0179	GCA_025041175.1|G0000171
split_0179	GCA_025041175.1|G0000172
split_0179	GCA_025517465.1|G0000173
split_0179	GCA_025517465.1|G0000176
split_0179	GCA_026413605.1|G0000177
split_0179	GCA_027021185.1|G0000178
split_0179	GCA_028275105.1|G0000180
split_0179	GCA_028275385.1|G0000181
split_0179	GCA_028279585.1|G0000182
split_0179	GCA_028279595.1|G0000183
split_0179	GCA_028279645.1|G0000184
split_0179	GCA_028279645.1|G0000185
split_0179	GCA_028716125.1|G0000189
split_0179	GCA_028821815.1|G0000190
split_0179	GCA_029259155.1|G0000196
split_0179	GCA_029259245.1|G0000197
split_0179	GCA_029762535.1|G0000198
split_0179	GCA_029932465.1|G0000199
split_0179	GCA_029936395.1|G0000201
split_0179	GCA_030018475.1|G0000202
split_0179	GCA_030019485.1|G0000203
split_0179	GCA_030594725.1|G0000204
split_0179	GCA_030595765.1|G0000205
split_0179	GCA_030595765.1|G0000206
split_0179	GCA_030605245.1|G0000208
split_0179	GCA_030611265.1|G0000209
split_0179	GCA_030611265.1|G0000210
split_0179	GCA_030627385.1|G0000211
split_0179	GCA_030630685.1|G0000212
split_0179	GCA_030631505.1|G0000213
split_0179	GCA_030672365.1|G0000215
split_0179	GCA_030673205.1|G0000216
split_0179	GCA_030734185.1|G0000220
split_0179	GCA_030740765.1|G0000221
split_0179	GCA_030743515.1|G0000222
split_0179	GCA_031852275.1|G0000224
split_0179	GCA_031852275.1|G0000225
split_0179	GCA_034190395.1|G0000229
split_0179	GCA_034190545.1|G0000233
split_0179	GCA_034659235.1|G0000239
split_0179	GCA_035269625.1|G0000245
split_0179	GCA_036444275.1|G0000250
split_0179	GCA_036626315.1|G0000253
split_0179	GCA_038818435.1|G0000257
split_0179	GCA_038851035.1|G0000258
split_0179	GCA_038861055.1|G0000259
split_0179	GCA_041599855.1|G0000261
split_0179	GCA_041601615.1|G0000262
split_0179	GCA_041636435.1|G0000263
split_0179	GCA_046539605.1|G0000264
split_0179	GCA_046543335.1|G0000265
split_0179	GCA_046543335.1|G0000266
split_0179	GCA_046546175.1|G0000269
split_0179	GCA_905171695.1|G0000272
split_0179	GCA_905202485.1|G0000273
split_0179	GCA_963582685.1|G0000274
split_0179	GCA_963996465.1|G0000275
split_0179	GCA_964297655.1|G0000276
split_0179	GCA_974499105.1|G0000278
split_0179	GCF_000007305.1|G0000279
split_0179	GCF_000008645.1|G0000280
split_0179	GCF_000016125.1|G0000281
split_0179	GCF_000023985.1|G0000282
split_0179	GCF_000025325.1|G0000283
split_0179	GCF_000025325.1|G0000284
split_0179	GCF_000214415.1|G0000287
split_0179	GCF_000237865.1|G0000297
split_0179	GCF_000306765.2|G0000298
split_0179	GCF_000308215.1|G0000301
split_0179	GCF_000334895.1|G0000302
split_0179	GCF_000334895.1|G0000305
split_0179	GCF_000403645.1|G0000308
split_0179	GCF_000711905.1|G0000310
split_0179	GCF_001485535.1|G0000311
split_0179	GCF_003369835.1|G0000315
split_0179	GCF_014647115.1|G0000317
split_0179	GCF_014647475.1|G0000319
split_0179	GCF_017094485.1|G0000321
split_0179	GCF_019693215.1|G0000325
split_0179	GCF_021083305.1|G0000326
split_0179	GCF_024227995.1|G0000329
split_0179	GCF_024227995.1|G0000334
split_0179	GCF_026242195.1|G0000336
split_0179	GCF_029338295.1|G0000340
split_0179	GCF_030287405.1|G0000343
split_0179	GCF_030287405.1|G0000344
split_0179	GCF_036429475.1|G0000346
split_0179	GCF_946463545.1|G0000348
split_0179	GOMC.bin.11431|G0000351
split_0179	GOMC.bin.12128|G0000357
split_0179	GOMC.bin.12150|G0000361
split_0179	GOMC.bin.12150|G0000362
split_0179	GOMC.bin.12150|G0000364
split_0179	GOMC.bin.14106|G0000365
split_0179	GOMC.bin.14286|G0000366
split_0179	GOMC.bin.16766|G0000368
split_0179	GOMC.bin.18996|G0000374
split_0179	GOMC.bin.2493|G0000377
split_0179	GOMC.bin.2765|G0000378
split_0179	GOMC.bin.7887|G0000381
split_0179	GOMC.bin.9202|G0000384
split_0179	GOMC.bin.9202|G0000385
split_0180	CRR476095_bin.3|G0000001
split_0180	ERR2027894_bin.22|G0000002
split_0180	ERR2027902_bin.36|G0000003
split_0180	ERR2282092_bin.34|G0000004
split_0180	ERR4283445_bin.66|G0000005
split_0180	GCA_000166095.1|G0000006
split_0180	GCA_000246735.1|G0000007
split_0180	GCA_000306725.1|G0000008
split_0180	GCA_000309865.1|G0000009
split_0180	GCA_000309865.1|G0000010
split_0180	GCA_000309865.1|G0000011
split_0180	GCA_001507955.1|G0000015
split_0180	GCA_001509375.1|G0000016
split_0180	GCA_001564275.1|G0000017
split_0180	GCA_001587575.1|G0000020
split_0180	GCA_001595885.1|G0000022
split_0180	GCA_001766815.1|G0000024
split_0180	GCA_002009975.1|G0000025
split_0180	GCA_002010045.1|G0000026
split_0180	GCA_002010075.1|G0000027
split_0180	GCA_002010195.1|G0000028
split_0180	GCA_002010215.1|G0000029
split_0180	GCA_002010305.1|G0000030
split_0180	GCA_002011155.2|G0000032
split_0180	GCA_002067795.1|G0000033
split_0180	GCA_002067865.1|G0000034
split_0180	GCA_002254385.1|G0000035
split_0180	GCA_002494725.1|G0000036
split_0180	GCA_002497075.1|G0000037
split_0180	GCA_002499195.1|G0000038
split_0180	GCA_002501765.1|G0000040
split_0180	GCA_002502625.1|G0000041
split_0180	GCA_002503845.1|G0000043
split_0180	GCA_002505405.1|G0000044
split_0180	GCA_002506015.1|G0000045
split_0180	GCA_002508545.1|G0000046
split_0180	GCA_002839545.1|G0000050
split_0180	GCA_002844335.1|G0000051
split_0180	GCA_002844335.1|G0000052
split_0180	GCA_002923215.1|G0000057
split_0180	GCA_003021085.1|G0000061
split_0180	GCA_003021175.1|G0000064
split_0180	GCA_003022865.1|G0000067
split_0180	GCA_003194445.1|G0000072
split_0180	GCA_003551675.1|G0000073
split_0180	GCA_003560595.1|G0000076
split_0180	GCA_003561665.1|G0000077
split_0180	GCA_003649915.1|G0000078
split_0180	GCA_003660605.1|G0000079
split_0180	GCA_003695745.1|G0000081
split_0180	GCA_004028775.1|G0000082
split_0180	GCA_004193545.1|G0000083
split_0180	GCA_004212075.1|G0000084
split_0180	GCA_004347965.1|G0000085
split_0180	GCA_005954745.1|G0000091
split_0180	GCA_007122875.1|G0000096
split_0180	GCA_007129655.1|G0000098
split_0180	GCA_013154335.1|G0000101
split_0180	GCA_013331375.1|G0000102
split_0180	GCA_013791785.1|G0000103
split_0180	GCA_014859725.1|G0000105
split_0180	GCA_015520705.1|G0000108
split_0180	GCA_015521325.1|G0000112
split_0180	GCA_015523685.1|G0000115
split_0180	GCA_015661555.1|G0000116
split_0180	GCA_016180755.1|G0000117
split_0180	GCA_016212785.1|G0000119
split_0180	GCA_016841265.1|G0000123
split_0180	GCA_016874675.1|G0000126
split_0180	GCA_016928095.1|G0000128
split_0180	GCA_016932735.1|G0000130
split_0180	GCA_017395275.1|G0000133
split_0180	GCA_018650285.1|G0000139
split_0180	GCA_018894775.1|G0000140
split_0180	GCA_018897155.1|G0000141
split_0180	GCA_019429385.1|G0000144
split_0180	GCA_020696345.1|G0000145
split_0180	GCA_020696385.1|G0000146
split_0180	GCA_020854925.1|G0000147
split_0180	GCA_021108405.1|G0000148
split_0180	GCA_021160575.1|G0000150
split_0180	GCA_021161085.1|G0000151
split_0180	GCA_022615805.1|G0000155
split_0180	GCA_023008585.1|G0000156
split_0180	GCA_023008585.1|G0000159
split_0180	GCA_023128965.1|G0000160
split_0180	GCA_023136815.1|G0000161
split_0180	GCA_023145185.1|G0000162
split_0180	GCA_023229165.1|G0000163
split_0180	GCA_023269235.1|G0000164
split_0180	GCA_025041175.1|G0000171
split_0180	GCA_025041175.1|G0000172
split_0180	GCA_025517465.1|G0000173
split_0180	GCA_025517465.1|G0000176
split_0180	GCA_026413605.1|G0000177
split_0180	GCA_027021185.1|G0000178
split_0180	GCA_028275105.1|G0000180
split_0180	GCA_028275385.1|G0000181
split_0180	GCA_028279585.1|G0000182
split_0180	GCA_028279595.1|G0000183
split_0180	GCA_028279645.1|G0000184
split_0180	GCA_028279645.1|G0000185
split_0180	GCA_028716125.1|G0000189
split_0180	GCA_028821815.1|G0000190
split_0180	GCA_029259155.1|G0000196
split_0180	GCA_029259245.1|G0000197
split_0180	GCA_029762535.1|G0000198
split_0180	GCA_029932465.1|G0000199
split_0180	GCA_029936395.1|G0000201
split_0180	GCA_030018475.1|G0000202
split_0180	GCA_030019485.1|G0000203
split_0180	GCA_030594725.1|G0000204
split_0180	GCA_030595765.1|G0000205
split_0180	GCA_030595765.1|G0000206
split_0180	GCA_030603445.1|G0000207
split_0180	GCA_030605245.1|G0000208
split_0180	GCA_030611265.1|G0000209
split_0180	GCA_030611265.1|G0000210
split_0180	GCA_030627385.1|G0000211
split_0180	GCA_030630685.1|G0000212
split_0180	GCA_030631505.1|G0000213
split_0180	GCA_030672365.1|G0000215
split_0180	GCA_030673205.1|G0000216
split_0180	GCA_030734185.1|G0000220
split_0180	GCA_030740765.1|G0000221
split_0180	GCA_030743515.1|G0000222
split_0180	GCA_031852275.1|G0000224
split_0180	GCA_031852275.1|G0000225
split_0180	GCA_034190395.1|G0000229
split_0180	GCA_034190545.1|G0000233
split_0180	GCA_034659235.1|G0000239
split_0180	GCA_035269625.1|G0000245
split_0180	GCA_036444275.1|G0000250
split_0180	GCA_036626315.1|G0000253
split_0180	GCA_036733165.1|G0000255
split_0180	GCA_038818435.1|G0000257
split_0180	GCA_038851035.1|G0000258
split_0180	GCA_038861055.1|G0000259
split_0180	GCA_041599855.1|G0000261
split_0180	GCA_041601615.1|G0000262
split_0180	GCA_041636435.1|G0000263
split_0180	GCA_046539605.1|G0000264
split_0180	GCA_046543335.1|G0000265
split_0180	GCA_046543335.1|G0000266
split_0180	GCA_046546175.1|G0000269
split_0180	GCA_905171695.1|G0000272
split_0180	GCA_905202485.1|G0000273
split_0180	GCA_963582685.1|G0000274
split_0180	GCA_963996465.1|G0000275
split_0180	GCA_964297655.1|G0000276
split_0180	GCA_974499105.1|G0000278
split_0180	GCF_000007305.1|G0000279
split_0180	GCF_000008645.1|G0000280
split_0180	GCF_000016125.1|G0000281
split_0180	GCF_000023985.1|G0000282
split_0180	GCF_000025325.1|G0000283
split_0180	GCF_000025325.1|G0000284
split_0180	GCF_000214415.1|G0000287
split_0180	GCF_000237865.1|G0000297
split_0180	GCF_000306765.2|G0000298
split_0180	GCF_000308215.1|G0000301
split_0180	GCF_000334895.1|G0000302
split_0180	GCF_000334895.1|G0000305
split_0180	GCF_000403645.1|G0000308
split_0180	GCF_000711905.1|G0000310
split_0180	GCF_001485535.1|G0000311
split_0180	GCF_003369835.1|G0000315
split_0180	GCF_014647115.1|G0000317
split_0180	GCF_014647475.1|G0000319
split_0180	GCF_017094485.1|G0000321
split_0180	GCF_019693215.1|G0000325
split_0180	GCF_021083305.1|G0000326
split_0180	GCF_024227995.1|G0000329
split_0180	GCF_024227995.1|G0000334
split_0180	GCF_026242195.1|G0000336
split_0180	GCF_029338295.1|G0000340
split_0180	GCF_030287405.1|G0000343
split_0180	GCF_030287405.1|G0000344
split_0180	GCF_036429475.1|G0000346
split_0180	GCF_946463545.1|G0000348
split_0180	GOMC.bin.11431|G0000351
split_0180	GOMC.bin.12128|G0000357
split_0180	GOMC.bin.12150|G0000361
split_0180	GOMC.bin.12150|G0000362
split_0180	GOMC.bin.12150|G0000364
split_0180	GOMC.bin.14106|G0000365
split_0180	GOMC.bin.14286|G0000366
split_0180	GOMC.bin.16766|G0000368
split_0180	GOMC.bin.18996|G0000374
split_0180	GOMC.bin.2493|G0000377
split_0180	GOMC.bin.2765|G0000378
split_0180	GOMC.bin.7887|G0000381
split_0180	GOMC.bin.9202|G0000384
split_0180	GOMC.bin.9202|G0000385
split_0181	GCA_000402775.1|G0000012
split_0181	GCA_000830275.1|G0000013
split_0181	GCA_001412355.1|G0000014
split_0181	GCA_001564275.1|G0000018
split_0181	GCA_001564275.1|G0000019
split_0181	GCA_001593865.1|G0000021
split_0181	GCA_001723845.1|G0000023
split_0181	GCA_002011085.2|G0000031
split_0181	GCA_002499905.1|G0000039
split_0181	GCA_002503135.1|G0000042
split_0181	GCA_002688035.1|G0000047
split_0181	GCA_002762975.1|G0000048
split_0181	GCA_002779075.1|G0000049
split_0181	GCA_002844335.1|G0000053
split_0181	GCA_002844335.1|G0000054
split_0181	GCA_002844335.1|G0000055
split_0181	GCA_002844335.1|G0000056
split_0181	GCA_003021085.1|G0000058
split_0181	GCA_003021085.1|G0000059
split_0181	GCA_003021085.1|G0000060
split_0181	GCA_003021175.1|G0000062
split_0181	GCA_003021175.1|G0000063
split_0181	GCA_003021175.1|G0000065
split_0181	GCA_003022865.1|G0000066
split_0181	GCA_003022865.1|G0000068
split_0181	GCA_003022865.1|G0000069
split_0181	GCA_003022865.1|G0000070
split_0181	GCA_003022865.1|G0000071
split_0181	GCA_003553825.1|G0000074
split_0181	GCA_003559395.1|G0000075
split_0181	GCA_003660975.1|G0000080
split_0181	GCA_005191415.1|G0000086
split_0181	GCA_005191425.1|G0000087
split_0181	GCA_005954745.1|G0000088
split_0181	GCA_005954745.1|G0000089
split_0181	GCA_005954745.1|G0000090
split_0181	GCA_007118075.1|G0000092
split_0181	GCA_007118075.1|G0000093
split_0181	GCA_007118975.1|G0000094
split_0181	GCA_007118975.1|G0000095
split_0181	GCA_007122875.1|G0000097
split_0181	GCA_009392915.1|G0000099
split_0181	GCA_011048835.1|G0000100
split_0181	GCA_014729705.1|G0000104
split_0181	GCA_015520395.1|G0000106
split_0181	GCA_015520395.1|G0000107
split_0181	GCA_015520735.1|G0000109
split_0181	GCA_015521295.1|G0000110
split_0181	GCA_015521325.1|G0000111
split_0181	GCA_015522695.1|G0000113
split_0181	GCA_015523545.1|G0000114
split_0181	GCA_016186855.1|G0000118
split_0181	GCA_016294985.1|G0000120
split_0181	GCA_016294985.1|G0000121
split_0181	GCA_016840425.1|G0000122
split_0181	GCA_016841265.1|G0000124
split_0181	GCA_016841485.1|G0000125
split_0181	GCA_016926295.1|G0000127
split_0181	GCA_016931255.1|G0000129
split_0181	GCA_016937345.1|G0000131
split_0181	GCA_016939415.1|G0000132
split_0181	GCA_017608575.1|G0000134
split_0181	GCA_017609985.1|G0000135
split_0181	GCA_017610205.1|G0000136
split_0181	GCA_017610305.1|G0000137
split_0181	GCA_018304505.1|G0000138
split_0181	GCA_019057385.1|G0000142
split_0181	GCA_019057385.1|G0000143
split_0181	GCA_021160575.1|G0000149
split_0181	GCA_021161405.1|G0000152
split_0181	GCA_021162685.1|G0000153
split_0181	GCA_021163505.1|G0000154
split_0181	GCA_023008585.1|G0000157
split_0181	GCA_023008585.1|G0000158
split_0181	GCA_024274695.1|G0000165
split_0181	GCA_024275665.1|G0000166
split_0181	GCA_024653905.1|G0000167
split_0181	GCA_025041175.1|G0000168
split_0181	GCA_025041175.1|G0000169
split_0181	GCA_025041175.1|G0000170
split_0181	GCA_025517465.1|G0000174
split_0181	GCA_025517465.1|G0000175
split_0181	GCA_027077895.1|G0000179
split_0181	GCA_028279805.1|G0000186
split_0181	GCA_028691435.1|G0000187
split_0181	GCA_028693335.1|G0000188
split_0181	GCA_029258925.1|G0000191
split_0181	GCA_029259155.1|G0000192
split_0181	GCA_029259155.1|G0000193
split_0181	GCA_029259155.1|G0000194
split_0181	GCA_029259155.1|G0000195
split_0181	GCA_030633635.1|G0000214
split_0181	GCA_030734185.1|G0000217
split_0181	GCA_030734185.1|G0000218
split_0181	GCA_030734185.1|G0000219
split_0181	GCA_031852275.1|G0000223
split_0181	GCA_031852275.1|G0000226
split_0181	GCA_034190395.1|G0000227
split_0181	GCA_034190395.1|G0000228
split_0181	GCA_034190395.1|G0000230
split_0181	GCA_034190395.1|G0000231
split_0181	GCA_034190395.1|G0000232
split_0181	GCA_034190545.1|G0000234
split_0181	GCA_034521615.1|G0000235
split_0181	GCA_034521615.1|G0000236
split_0181	GCA_034521615.1|G0000237
split_0181	GCA_034521615.1|G0000238
split_0181	GCA_034659995.1|G0000240
split_0181	GCA_034659995.1|G0000241
split_0181	GCA_035269625.1|G0000242
split_0181	GCA_035269625.1|G0000243
split_0181	GCA_035269625.1|G0000244
split_0181	GCA_035269625.1|G0000246
split_0181	GCA_035288565.1|G0000247
split_0181	GCA_035291025.1|G0000248
split_0181	GCA_035531115.1|G0000249
split_0181	GCA_036626315.1|G0000251
split_0181	GCA_036626315.1|G0000252
split_0181	GCA_036626315.1|G0000254
split_0181	GCA_038740145.1|G0000256
split_0181	GCA_040776445.1|G0000260
split_0181	GCA_046543335.1|G0000267
split_0181	GCA_046543335.1|G0000268
split_0181	GCA_046546175.1|G0000270
split_0181	GCA_048886645.1|G0000271
split_0181	GCA_974426465.1|G0000277
split_0181	GCF_000025325.1|G0000285
split_0181	GCF_000025325.1|G0000286
split_0181	GCF_000237865.1|G0000288
split_0181	GCF_000237865.1|G0000289
split_0181	GCF_000237865.1|G0000290
split_0181	GCF_000237865.1|G0000291
split_0181	GCF_000237865.1|G0000292
split_0181	GCF_000237865.1|G0000293
split_0181	GCF_000237865.1|G0000294
split_0181	GCF_000237865.1|G0000295
split_0181	GCF_000237865.1|G0000296
split_0181	GCF_000306765.2|G0000299
split_0181	GCF_000306765.2|G0000300
split_0181	GCF_000334895.1|G0000303
split_0181	GCF_000334895.1|G0000304
split_0181	GCF_000403645.1|G0000306
split_0181	GCF_000403645.1|G0000307
split_0181	GCF_000403645.1|G0000309
split_0181	GCF_001485535.1|G0000312
split_0181	GCF_003369835.1|G0000313
split_0181	GCF_003369835.1|G0000314
split_0181	GCF_004102725.1|G0000316
split_0181	GCF_014647475.1|G0000318
split_0181	GCF_017094485.1|G0000320
split_0181	GCF_017094485.1|G0000322
split_0181	GCF_017094485.1|G0000323
split_0181	GCF_017094485.1|G0000324
split_0181	GCF_021083305.1|G0000327
split_0181	GCF_021083305.1|G0000328
split_0181	GCF_024227995.1|G0000330
split_0181	GCF_024227995.1|G0000331
split_0181	GCF_024227995.1|G0000332
split_0181	GCF_024227995.1|G0000333
split_0181	GCF_024227995.1|G0000335
split_0181	GCF_026242195.1|G0000337
split_0181	GCF_029338295.1|G0000338
split_0181	GCF_029338295.1|G0000339
split_0181	GCF_030287405.1|G0000341
split_0181	GCF_030287405.1|G0000342
split_0181	GCF_036429475.1|G0000345
split_0181	GCF_036429475.1|G0000347
split_0181	GOMC.bin.11431|G0000349
split_0181	GOMC.bin.11431|G0000350
split_0181	GOMC.bin.11431|G0000352
split_0181	GOMC.bin.11431|G0000353
split_0181	GOMC.bin.12128|G0000354
split_0181	GOMC.bin.12128|G0000355
split_0181	GOMC.bin.12128|G0000356
split_0181	GOMC.bin.12128|G0000358
split_0181	GOMC.bin.12128|G0000359
split_0181	GOMC.bin.12150|G0000360
split_0181	GOMC.bin.12150|G0000363
split_0181	GOMC.bin.16766|G0000369
split_0181	GOMC.bin.16989|G0000370
split_0181	GOMC.bin.17160|G0000371
split_0181	GOMC.bin.17224|G0000372
split_0181	GOMC.bin.18048|G0000373
split_0181	GOMC.bin.1949|G0000375
split_0181	GOMC.bin.2493|G0000376
split_0181	GOMC.bin.2847|G0000379
split_0181	GOMC.bin.3015|G0000380
split_0181	GOMC.bin.831|G0000382
split_0181	GOMC.bin.9202|G0000383
split_0181	GOMC.bin.9202|G0000386
split_0181	GOMC.bin.9202|G0000387
split_0181	GOMC.bin.9202|G0000388
split_0182	GCA_000402775.1|G0000012
split_0182	GCA_001412355.1|G0000014
split_0182	GCA_001564275.1|G0000018
split_0182	GCA_001564275.1|G0000019
split_0182	GCA_001593865.1|G0000021
split_0182	GCA_001723845.1|G0000023
split_0182	GCA_002011085.2|G0000031
split_0182	GCA_002499905.1|G0000039
split_0182	GCA_002503135.1|G0000042
split_0182	GCA_002844335.1|G0000053
split_0182	GCA_002844335.1|G0000054
split_0182	GCA_002844335.1|G0000055
split_0182	GCA_002844335.1|G0000056
split_0182	GCA_003021085.1|G0000058
split_0182	GCA_003021085.1|G0000059
split_0182	GCA_003021085.1|G0000060
split_0182	GCA_003021175.1|G0000062
split_0182	GCA_003021175.1|G0000063
split_0182	GCA_003021175.1|G0000065
split_0182	GCA_003022865.1|G0000066
split_0182	GCA_003022865.1|G0000068
split_0182	GCA_003022865.1|G0000069
split_0182	GCA_003022865.1|G0000070
split_0182	GCA_003022865.1|G0000071
split_0182	GCA_005191415.1|G0000086
split_0182	GCA_005191425.1|G0000087
split_0182	GCA_005954745.1|G0000088
split_0182	GCA_005954745.1|G0000089
split_0182	GCA_005954745.1|G0000090
split_0182	GCA_007118075.1|G0000092
split_0182	GCA_007118075.1|G0000093
split_0182	GCA_007118975.1|G0000094
split_0182	GCA_007118975.1|G0000095
split_0182	GCA_007122875.1|G0000097
split_0182	GCA_011048835.1|G0000100
split_0182	GCA_014729705.1|G0000104
split_0182	GCA_015520395.1|G0000106
split_0182	GCA_015520395.1|G0000107
split_0182	GCA_015520735.1|G0000109
split_0182	GCA_015521295.1|G0000110
split_0182	GCA_015521325.1|G0000111
split_0182	GCA_015522695.1|G0000113
split_0182	GCA_015523545.1|G0000114
split_0182	GCA_016294985.1|G0000120
split_0182	GCA_016294985.1|G0000121
split_0182	GCA_016840425.1|G0000122
split_0182	GCA_016841265.1|G0000124
split_0182	GCA_016841485.1|G0000125
split_0182	GCA_016931255.1|G0000129
split_0182	GCA_016937345.1|G0000131
split_0182	GCA_019057385.1|G0000142
split_0182	GCA_019057385.1|G0000143
split_0182	GCA_021160575.1|G0000149
split_0182	GCA_023008585.1|G0000157
split_0182	GCA_023008585.1|G0000158
split_0182	GCA_025041175.1|G0000168
split_0182	GCA_025041175.1|G0000169
split_0182	GCA_025041175.1|G0000170
split_0182	GCA_025517465.1|G0000174
split_0182	GCA_025517465.1|G0000175
split_0182	GCA_029258925.1|G0000191
split_0182	GCA_029259155.1|G0000192
split_0182	GCA_029259155.1|G0000193
split_0182	GCA_029259155.1|G0000194
split_0182	GCA_029259155.1|G0000195
split_0182	GCA_030633635.1|G0000214
split_0182	GCA_030734185.1|G0000217
split_0182	GCA_030734185.1|G0000218
split_0182	GCA_030734185.1|G0000219
split_0182	GCA_031852275.1|G0000223
split_0182	GCA_031852275.1|G0000226
split_0182	GCA_034190395.1|G0000227
split_0182	GCA_034190395.1|G0000228
split_0182	GCA_034190395.1|G0000230
split_0182	GCA_034190395.1|G0000231
split_0182	GCA_034190395.1|G0000232
split_0182	GCA_034190545.1|G0000234
split_0182	GCA_034521615.1|G0000235
split_0182	GCA_034521615.1|G0000236
split_0182	GCA_034521615.1|G0000237
split_0182	GCA_034521615.1|G0000238
split_0182	GCA_034659995.1|G0000240
split_0182	GCA_034659995.1|G0000241
split_0182	GCA_035269625.1|G0000242
split_0182	GCA_035269625.1|G0000243
split_0182	GCA_035269625.1|G0000244
split_0182	GCA_035269625.1|G0000246
split_0182	GCA_035531115.1|G0000249
split_0182	GCA_036626315.1|G0000251
split_0182	GCA_036626315.1|G0000252
split_0182	GCA_036626315.1|G0000254
split_0182	GCA_040776445.1|G0000260
split_0182	GCA_046543335.1|G0000267
split_0182	GCA_046543335.1|G0000268
split_0182	GCA_046546175.1|G0000270
split_0182	GCA_048886645.1|G0000271
split_0182	GCF_000025325.1|G0000285
split_0182	GCF_000025325.1|G0000286
split_0182	GCF_000237865.1|G0000288
split_0182	GCF_000237865.1|G0000289
split_0182	GCF_000237865.1|G0000290
split_0182	GCF_000237865.1|G0000291
split_0182	GCF_000237865.1|G0000292
split_0182	GCF_000237865.1|G0000293
split_0182	GCF_000237865.1|G0000294
split_0182	GCF_000237865.1|G0000295
split_0182	GCF_000237865.1|G0000296
split_0182	GCF_000306765.2|G0000299
split_0182	GCF_000306765.2|G0000300
split_0182	GCF_000334895.1|G0000303
split_0182	GCF_000334895.1|G0000304
split_0182	GCF_000403645.1|G0000306
split_0182	GCF_000403645.1|G0000307
split_0182	GCF_000403645.1|G0000309
split_0182	GCF_001485535.1|G0000312
split_0182	GCF_003369835.1|G0000313
split_0182	GCF_003369835.1|G0000314
split_0182	GCF_004102725.1|G0000316
split_0182	GCF_014647475.1|G0000318
split_0182	GCF_017094485.1|G0000320
split_0182	GCF_017094485.1|G0000322
split_0182	GCF_017094485.1|G0000323
split_0182	GCF_017094485.1|G0000324
split_0182	GCF_021083305.1|G0000327
split_0182	GCF_021083305.1|G0000328
split_0182	GCF_024227995.1|G0000330
split_0182	GCF_024227995.1|G0000331
split_0182	GCF_024227995.1|G0000332
split_0182	GCF_024227995.1|G0000333
split_0182	GCF_024227995.1|G0000335
split_0182	GCF_026242195.1|G0000337
split_0182	GCF_029338295.1|G0000338
split_0182	GCF_029338295.1|G0000339
split_0182	GCF_030287405.1|G0000341
split_0182	GCF_030287405.1|G0000342
split_0182	GCF_036429475.1|G0000345
split_0182	GCF_036429475.1|G0000347
split_0182	GOMC.bin.11431|G0000349
split_0182	GOMC.bin.11431|G0000350
split_0182	GOMC.bin.11431|G0000352
split_0182	GOMC.bin.11431|G0000353
split_0182	GOMC.bin.12128|G0000354
split_0182	GOMC.bin.12128|G0000355
split_0182	GOMC.bin.12128|G0000356
split_0182	GOMC.bin.12128|G0000358
split_0182	GOMC.bin.12128|G0000359
split_0182	GOMC.bin.12150|G0000360
split_0182	GOMC.bin.12150|G0000363
split_0182	GOMC.bin.16766|G0000369
split_0182	GOMC.bin.16989|G0000370
split_0182	GOMC.bin.18048|G0000373
split_0182	GOMC.bin.2493|G0000376
split_0182	GOMC.bin.2847|G0000379
split_0182	GOMC.bin.831|G0000382
split_0182	GOMC.bin.9202|G0000383
split_0182	GOMC.bin.9202|G0000386
split_0182	GOMC.bin.9202|G0000387
split_0182	GOMC.bin.9202|G0000388
split_0183	GCA_000402775.1|G0000012
split_0183	GCA_001412355.1|G0000014
split_0183	GCA_001593865.1|G0000021
split_0183	GCA_001723845.1|G0000023
split_0183	GCA_002011085.2|G0000031
split_0183	GCA_002499905.1|G0000039
split_0183	GCA_002503135.1|G0000042
split_0183	GCA_003021085.1|G0000060
split_0183	GCA_003022865.1|G0000069
split_0183	GCA_005191415.1|G0000086
split_0183	GCA_005191425.1|G0000087
split_0183	GCA_005954745.1|G0000090
split_0183	GCA_011048835.1|G0000100
split_0183	GCA_014729705.1|G0000104
split_0183	GCA_015520395.1|G0000106
split_0183	GCA_015520395.1|G0000107
split_0183	GCA_015520735.1|G0000109
split_0183	GCA_015521295.1|G0000110
split_0183	GCA_015521325.1|G0000111
split_0183	GCA_015522695.1|G0000113
split_0183	GCA_015523545.1|G0000114
split_0183	GCA_016294985.1|G0000120
split_0183	GCA_016294985.1|G0000121
split_0183	GCA_016840425.1|G0000122
split_0183	GCA_016841265.1|G0000124
split_0183	GCA_016841485.1|G0000125
split_0183	GCA_016937345.1|G0000131
split_0183	GCA_019057385.1|G0000142
split_0183	GCA_019057385.1|G0000143
split_0183	GCA_021160575.1|G0000149
split_0183	GCA_025041175.1|G0000170
split_0183	GCA_029258925.1|G0000191
split_0183	GCA_029259155.1|G0000192
split_0183	GCA_029259155.1|G0000193
split_0183	GCA_029259155.1|G0000194
split_0183	GCA_029259155.1|G0000195
split_0183	GCA_030633635.1|G0000214
split_0183	GCA_034659995.1|G0000240
split_0183	GCA_034659995.1|G0000241
split_0183	GCA_035531115.1|G0000249
split_0183	GCA_040776445.1|G0000260
split_0183	GCA_046546175.1|G0000270
split_0183	GCA_048886645.1|G0000271
split_0183	GCF_000237865.1|G0000290
split_0183	GCF_000237865.1|G0000293
split_0183	GCF_004102725.1|G0000316
split_0183	GCF_024227995.1|G0000331
split_0183	GCF_024227995.1|G0000332
split_0183	GCF_024227995.1|G0000335
split_0183	GOMC.bin.11431|G0000350
split_0183	GOMC.bin.12128|G0000354
split_0183	GOMC.bin.12128|G0000355
split_0183	GOMC.bin.16766|G0000369
split_0183	GOMC.bin.16989|G0000370
split_0183	GOMC.bin.18048|G0000373
split_0183	GOMC.bin.2493|G0000376
split_0183	GOMC.bin.2847|G0000379
split_0183	GOMC.bin.831|G0000382
split_0183	GOMC.bin.9202|G0000383
split_0184	GCA_000402775.1|G0000012
split_0184	GCA_001412355.1|G0000014
split_0184	GCA_001593865.1|G0000021
split_0184	GCA_001723845.1|G0000023
split_0184	GCA_002011085.2|G0000031
split_0184	GCA_002499905.1|G0000039
split_0184	GCA_002503135.1|G0000042
split_0184	GCA_005191415.1|G0000086
split_0184	GCA_005191425.1|G0000087
split_0184	GCA_011048835.1|G0000100
split_0184	GCA_014729705.1|G0000104
split_0184	GCA_015520395.1|G0000106
split_0184	GCA_015520395.1|G0000107
split_0184	GCA_015520735.1|G0000109
split_0184	GCA_015521295.1|G0000110
split_0184	GCA_015521325.1|G0000111
split_0184	GCA_015522695.1|G0000113
split_0184	GCA_015523545.1|G0000114
split_0184	GCA_016294985.1|G0000120
split_0184	GCA_016294985.1|G0000121
split_0184	GCA_016840425.1|G0000122
split_0184	GCA_016841265.1|G0000124
split_0184	GCA_016841485.1|G0000125
split_0184	GCA_016937345.1|G0000131
split_0184	GCA_019057385.1|G0000142
split_0184	GCA_019057385.1|G0000143
split_0184	GCA_021160575.1|G0000149
split_0184	GCA_029258925.1|G0000191
split_0184	GCA_029259155.1|G0000192
split_0184	GCA_029259155.1|G0000193
split_0184	GCA_029259155.1|G0000194
split_0184	GCA_029259155.1|G0000195
split_0184	GCA_030633635.1|G0000214
split_0184	GCA_034659995.1|G0000240
split_0184	GCA_034659995.1|G0000241
split_0184	GCA_035531115.1|G0000249
split_0184	GCA_040776445.1|G0000260
split_0184	GCA_046546175.1|G0000270
split_0184	GCA_048886645.1|G0000271
split_0184	GCF_000237865.1|G0000290
split_0184	GCF_004102725.1|G0000316
split_0184	GOMC.bin.16766|G0000369
split_0184	GOMC.bin.16989|G0000370
split_0184	GOMC.bin.18048|G0000373
split_0184	GOMC.bin.2493|G0000376
split_0184	GOMC.bin.2847|G0000379
split_0184	GOMC.bin.831|G0000382
split_0185	GCA_000402775.1|G0000012
split_0185	GCA_001412355.1|G0000014
split_0185	GCA_001723845.1|G0000023
split_0185	GCA_002499905.1|G0000039
split_0185	GCA_002503135.1|G0000042
split_0185	GCA_011048835.1|G0000100
split_0185	GCA_014729705.1|G0000104
split_0185	GCA_015520735.1|G0000109
split_0185	GCA_015521295.1|G0000110
split_0185	GCA_015521325.1|G0000111
split_0185	GCA_016841265.1|G0000124
split_0185	GCA_016841485.1|G0000125
split_0185	GCA_016937345.1|G0000131
split_0185	GCA_030633635.1|G0000214
split_0185	GCA_034659995.1|G0000240
split_0185	GCA_034659995.1|G0000241
split_0185	GCA_040776445.1|G0000260
split_0185	GCA_046546175.1|G0000270
split_0185	GCF_000237865.1|G0000290
split_0185	GCF_004102725.1|G0000316
split_0185	GOMC.bin.831|G0000382
split_0186	GCA_000402775.1|G0000012
split_0186	GCA_001723845.1|G0000023
split_0186	GCA_014729705.1|G0000104
split_0186	GCA_030633635.1|G0000214
split_0186	GCF_000237865.1|G0000290
split_0187	GCA_000402775.1|G0000012
split_0187	GCA_001723845.1|G0000023
split_0187	GCA_014729705.1|G0000104
split_0187	GCA_030633635.1|G0000214
split_0188	GCA_000402775.1|G0000012
split_0188	GCA_014729705.1|G0000104
split_0189	GCA_001723845.1|G0000023
split_0189	GCA_030633635.1|G0000214
split_0190	GCA_001412355.1|G0000014
split_0190	GCA_002499905.1|G0000039
split_0190	GCA_002503135.1|G0000042
split_0190	GCA_011048835.1|G0000100
split_0190	GCA_015520735.1|G0000109
split_0190	GCA_015521295.1|G0000110
split_0190	GCA_015521325.1|G0000111
split_0190	GCA_016841265.1|G0000124
split_0190	GCA_016841485.1|G0000125
split_0190	GCA_016937345.1|G0000131
split_0190	GCA_034659995.1|G0000240
split_0190	GCA_034659995.1|G0000241
split_0190	GCA_040776445.1|G0000260
split_0190	GCA_046546175.1|G0000270
split_0190	GCF_004102725.1|G0000316
split_0190	GOMC.bin.831|G0000382
split_0191	GCA_001412355.1|G0000014
split_0191	GCA_002499905.1|G0000039
split_0191	GCA_002503135.1|G0000042
split_0191	GCA_011048835.1|G0000100
split_0191	GCA_016841265.1|G0000124
split_0191	GCA_016841485.1|G0000125
split_0191	GCA_016937345.1|G0000131
split_0191	GCA_040776445.1|G0000260
split_0191	GCA_046546175.1|G0000270
split_0191	GCF_004102725.1|G0000316
split_0191	GOMC.bin.831|G0000382
split_0192	GCA_001412355.1|G0000014
split_0192	GCA_002499905.1|G0000039
split_0192	GCA_002503135.1|G0000042
split_0192	GCA_011048835.1|G0000100
split_0192	GCA_016841265.1|G0000124
split_0192	GCA_016841485.1|G0000125
split_0192	GCA_016937345.1|G0000131
split_0192	GCA_040776445.1|G0000260
split_0192	GCF_004102725.1|G0000316
split_0192	GOMC.bin.831|G0000382
split_0193	GCA_001412355.1|G0000014
split_0193	GCA_002499905.1|G0000039
split_0193	GCA_002503135.1|G0000042
split_0193	GCA_011048835.1|G0000100
split_0193	GCA_016841485.1|G0000125
split_0193	GCA_016937345.1|G0000131
split_0193	GCA_040776445.1|G0000260
split_0193	GCF_004102725.1|G0000316
split_0193	GOMC.bin.831|G0000382
split_0194	GCA_001412355.1|G0000014
split_0194	GCA_002499905.1|G0000039
split_0194	GCA_002503135.1|G0000042
split_0194	GCA_011048835.1|G0000100
split_0194	GCA_016841485.1|G0000125
split_0194	GCA_016937345.1|G0000131
split_0194	GCA_040776445.1|G0000260
split_0195	GCA_001412355.1|G0000014
split_0195	GCA_002499905.1|G0000039
split_0195	GCA_002503135.1|G0000042
split_0195	GCA_011048835.1|G0000100
split_0195	GCA_040776445.1|G0000260
split_0196	GCA_002499905.1|G0000039
split_0196	GCA_002503135.1|G0000042
split_0196	GCA_011048835.1|G0000100
split_0196	GCA_040776445.1|G0000260
split_0197	GCA_002499905.1|G0000039
split_0197	GCA_002503135.1|G0000042
split_0197	GCA_040776445.1|G0000260
split_0198	GCA_002499905.1|G0000039
split_0198	GCA_040776445.1|G0000260
split_0199	GCA_016841485.1|G0000125
split_0199	GCA_016937345.1|G0000131
split_0200	GCF_004102725.1|G0000316
split_0200	GOMC.bin.831|G0000382
split_0201	GCA_015520735.1|G0000109
split_0201	GCA_015521295.1|G0000110
split_0201	GCA_015521325.1|G0000111
split_0201	GCA_034659995.1|G0000240
split_0201	GCA_034659995.1|G0000241
split_0202	GCA_015521295.1|G0000110
split_0202	GCA_015521325.1|G0000111
split_0202	GCA_034659995.1|G0000240
split_0202	GCA_034659995.1|G0000241
split_0203	GCA_015521295.1|G0000110
split_0203	GCA_015521325.1|G0000111
split_0204	GCA_034659995.1|G0000240
split_0204	GCA_034659995.1|G0000241
split_0205	GCA_001593865.1|G0000021
split_0205	GCA_002011085.2|G0000031
split_0205	GCA_005191415.1|G0000086
split_0205	GCA_005191425.1|G0000087
split_0205	GCA_015520395.1|G0000106
split_0205	GCA_015520395.1|G0000107
split_0205	GCA_015522695.1|G0000113
split_0205	GCA_015523545.1|G0000114
split_0205	GCA_016294985.1|G0000120
split_0205	GCA_016294985.1|G0000121
split_0205	GCA_016840425.1|G0000122
split_0205	GCA_019057385.1|G0000142
split_0205	GCA_019057385.1|G0000143
split_0205	GCA_021160575.1|G0000149
split_0205	GCA_029258925.1|G0000191
split_0205	GCA_029259155.1|G0000192
split_0205	GCA_029259155.1|G0000193
split_0205	GCA_029259155.1|G0000194
split_0205	GCA_029259155.1|G0000195
split_0205	GCA_035531115.1|G0000249
split_0205	GCA_048886645.1|G0000271
split_0205	GOMC.bin.16766|G0000369
split_0205	GOMC.bin.16989|G0000370
split_0205	GOMC.bin.18048|G0000373
split_0205	GOMC.bin.2493|G0000376
split_0205	GOMC.bin.2847|G0000379
split_0206	GCA_001593865.1|G0000021
split_0206	GCA_002011085.2|G0000031
split_0206	GCA_015520395.1|G0000106
split_0206	GCA_015520395.1|G0000107
split_0206	GCA_015522695.1|G0000113
split_0206	GCA_015523545.1|G0000114
split_0206	GCA_021160575.1|G0000149
split_0206	GCA_029258925.1|G0000191
split_0206	GCA_029259155.1|G0000192
split_0206	GCA_029259155.1|G0000193
split_0206	GCA_029259155.1|G0000194
split_0206	GCA_029259155.1|G0000195
split_0206	GOMC.bin.16766|G0000369
split_0206	GOMC.bin.16989|G0000370
split_0206	GOMC.bin.18048|G0000373
split_0206	GOMC.bin.2493|G0000376
split_0206	GOMC.bin.2847|G0000379
split_0207	GCA_001593865.1|G0000021
split_0207	GCA_015520395.1|G0000106
split_0207	GCA_015520395.1|G0000107
split_0207	GCA_015522695.1|G0000113
split_0207	GCA_021160575.1|G0000149
split_0207	GCA_029258925.1|G0000191
split_0207	GCA_029259155.1|G0000192
split_0207	GCA_029259155.1|G0000193
split_0207	GCA_029259155.1|G0000194
split_0207	GCA_029259155.1|G0000195
split_0207	GOMC.bin.16766|G0000369
split_0207	GOMC.bin.16989|G0000370
split_0207	GOMC.bin.2493|G0000376
split_0207	GOMC.bin.2847|G0000379
split_0208	GCA_001593865.1|G0000021
split_0208	GCA_021160575.1|G0000149
split_0208	GCA_029259155.1|G0000192
split_0208	GCA_029259155.1|G0000193
split_0208	GCA_029259155.1|G0000194
split_0208	GOMC.bin.2493|G0000376
split_0208	GOMC.bin.2847|G0000379
split_0209	GCA_021160575.1|G0000149
split_0209	GCA_029259155.1|G0000192
split_0209	GCA_029259155.1|G0000193
split_0209	GCA_029259155.1|G0000194
split_0209	GOMC.bin.2493|G0000376
split_0209	GOMC.bin.2847|G0000379
split_0210	GCA_021160575.1|G0000149
split_0210	GCA_029259155.1|G0000192
split_0210	GCA_029259155.1|G0000193
split_0210	GOMC.bin.2493|G0000376
split_0210	GOMC.bin.2847|G0000379
split_0211	GCA_021160575.1|G0000149
split_0211	GCA_029259155.1|G0000192
split_0211	GCA_029259155.1|G0000193
split_0211	GOMC.bin.2493|G0000376
split_0212	GCA_029259155.1|G0000192
split_0212	GCA_029259155.1|G0000193
split_0212	GOMC.bin.2493|G0000376
split_0213	GCA_029259155.1|G0000192
split_0213	GOMC.bin.2493|G0000376
split_0214	GCA_015520395.1|G0000106
split_0214	GCA_015520395.1|G0000107
split_0214	GCA_015522695.1|G0000113
split_0214	GCA_029258925.1|G0000191
split_0214	GCA_029259155.1|G0000195
split_0214	GOMC.bin.16766|G0000369
split_0214	GOMC.bin.16989|G0000370
split_0215	GCA_015520395.1|G0000106
split_0215	GCA_015520395.1|G0000107
split_0215	GCA_015522695.1|G0000113
split_0215	GOMC.bin.16989|G0000370
split_0216	GCA_015520395.1|G0000106
split_0216	GCA_015520395.1|G0000107
split_0217	GCA_015522695.1|G0000113
split_0217	GOMC.bin.16989|G0000370
split_0218	GCA_029258925.1|G0000191
split_0218	GCA_029259155.1|G0000195
split_0218	GOMC.bin.16766|G0000369
split_0219	GCA_029259155.1|G0000195
split_0219	GOMC.bin.16766|G0000369
split_0220	GCA_002011085.2|G0000031
split_0220	GCA_015523545.1|G0000114
split_0220	GOMC.bin.18048|G0000373
split_0221	GCA_015523545.1|G0000114
split_0221	GOMC.bin.18048|G0000373
split_0222	GCA_005191415.1|G0000086
split_0222	GCA_005191425.1|G0000087
split_0222	GCA_016294985.1|G0000120
split_0222	GCA_016294985.1|G0000121
split_0222	GCA_016840425.1|G0000122
split_0222	GCA_019057385.1|G0000142
split_0222	GCA_019057385.1|G0000143
split_0222	GCA_035531115.1|G0000249
split_0222	GCA_048886645.1|G0000271
split_0223	GCA_005191415.1|G0000086
split_0223	GCA_005191425.1|G0000087
split_0223	GCA_016840425.1|G0000122
split_0223	GCA_035531115.1|G0000249
split_0223	GCA_048886645.1|G0000271
split_0224	GCA_005191415.1|G0000086
split_0224	GCA_005191425.1|G0000087
split_0224	GCA_035531115.1|G0000249
split_0225	GCA_005191415.1|G0000086
split_0225	GCA_005191425.1|G0000087
split_0226	GCA_016840425.1|G0000122
split_0226	GCA_048886645.1|G0000271
split_0227	GCA_016294985.1|G0000120
split_0227	GCA_016294985.1|G0000121
split_0227	GCA_019057385.1|G0000142
split_0227	GCA_019057385.1|G0000143
split_0228	GCA_016294985.1|G0000121
split_0228	GCA_019057385.1|G0000142
split_0228	GCA_019057385.1|G0000143
split_0229	GCA_016294985.1|G0000121
split_0229	GCA_019057385.1|G0000143
split_0230	GCA_003021085.1|G0000060
split_0230	GCA_003022865.1|G0000069
split_0230	GCA_005954745.1|G0000090
split_0230	GCA_025041175.1|G0000170
split_0230	GCF_000237865.1|G0000293
split_0230	GCF_024227995.1|G0000331
split_0230	GCF_024227995.1|G0000332
split_0230	GCF_024227995.1|G0000335
split_0230	GOMC.bin.11431|G0000350
split_0230	GOMC.bin.12128|G0000354
split_0230	GOMC.bin.12128|G0000355
split_0230	GOMC.bin.9202|G0000383
split_0231	GCA_003021085.1|G0000060
split_0231	GCA_003022865.1|G0000069
split_0231	GCA_005954745.1|G0000090
split_0231	GCA_025041175.1|G0000170
split_0231	GCF_000237865.1|G0000293
split_0231	GCF_024227995.1|G0000331
split_0231	GCF_024227995.1|G0000332
split_0231	GCF_024227995.1|G0000335
split_0231	GOMC.bin.11431|G0000350
split_0231	GOMC.bin.12128|G0000354
split_0231	GOMC.bin.9202|G0000383
split_0232	GCA_003021085.1|G0000060
split_0232	GCA_005954745.1|G0000090
split_0232	GCF_024227995.1|G0000332
split_0233	GCA_003021085.1|G0000060
split_0233	GCF_024227995.1|G0000332
split_0234	GCA_003022865.1|G0000069
split_0234	GCA_025041175.1|G0000170
split_0234	GCF_000237865.1|G0000293
split_0234	GCF_024227995.1|G0000331
split_0234	GCF_024227995.1|G0000335
split_0234	GOMC.bin.11431|G0000350
split_0234	GOMC.bin.12128|G0000354
split_0234	GOMC.bin.9202|G0000383
split_0235	GCA_025041175.1|G0000170
split_0235	GCF_000237865.1|G0000293
split_0235	GCF_024227995.1|G0000331
split_0235	GCF_024227995.1|G0000335
split_0235	GOMC.bin.11431|G0000350
split_0235	GOMC.bin.12128|G0000354
split_0235	GOMC.bin.9202|G0000383
split_0236	GCA_025041175.1|G0000170
split_0236	GCF_000237865.1|G0000293
split_0236	GCF_024227995.1|G0000335
split_0236	GOMC.bin.11431|G0000350
split_0236	GOMC.bin.12128|G0000354
split_0236	GOMC.bin.9202|G0000383
split_0237	GCA_025041175.1|G0000170
split_0237	GCF_024227995.1|G0000335
split_0237	GOMC.bin.12128|G0000354
split_0237	GOMC.bin.9202|G0000383
split_0238	GCA_025041175.1|G0000170
split_0238	GCF_024227995.1|G0000335
split_0238	GOMC.bin.9202|G0000383
split_0239	GCA_025041175.1|G0000170
split_0239	GOMC.bin.9202|G0000383
split_0240	GCF_000237865.1|G0000293
split_0240	GOMC.bin.11431|G0000350
split_0241	GCA_001564275.1|G0000018
split_0241	GCA_001564275.1|G0000019
split_0241	GCA_002844335.1|G0000053
split_0241	GCA_002844335.1|G0000054
split_0241	GCA_002844335.1|G0000055
split_0241	GCA_002844335.1|G0000056
split_0241	GCA_003021085.1|G0000058
split_0241	GCA_003021085.1|G0000059
split_0241	GCA_003021175.1|G0000062
split_0241	GCA_003021175.1|G0000063
split_0241	GCA_003021175.1|G0000065
split_0241	GCA_003022865.1|G0000066
split_0241	GCA_003022865.1|G0000068
split_0241	GCA_003022865.1|G0000070
split_0241	GCA_003022865.1|G0000071
split_0241	GCA_005954745.1|G0000088
split_0241	GCA_005954745.1|G0000089
split_0241	GCA_007118075.1|G0000092
split_0241	GCA_007118075.1|G0000093
split_0241	GCA_007118975.1|G0000094
split_0241	GCA_007118975.1|G0000095
split_0241	GCA_007122875.1|G0000097
split_0241	GCA_016931255.1|G0000129
split_0241	GCA_023008585.1|G0000157
split_0241	GCA_023008585.1|G0000158
split_0241	GCA_025041175.1|G0000168
split_0241	GCA_025041175.1|G0000169
split_0241	GCA_025517465.1|G0000174
split_0241	GCA_025517465.1|G0000175
split_0241	GCA_030734185.1|G0000217
split_0241	GCA_030734185.1|G0000218
split_0241	GCA_030734185.1|G0000219
split_0241	GCA_031852275.1|G0000223
split_0241	GCA_031852275.1|G0000226
split_0241	GCA_034190395.1|G0000227
split_0241	GCA_034190395.1|G0000228
split_0241	GCA_034190395.1|G0000230
split_0241	GCA_034190395.1|G0000231
split_0241	GCA_034190395.1|G0000232
split_0241	GCA_034190545.1|G0000234
split_0241	GCA_034521615.1|G0000235
split_0241	GCA_034521615.1|G0000236
split_0241	GCA_034521615.1|G0000237
split_0241	GCA_034521615.1|G0000238
split_0241	GCA_035269625.1|G0000242
split_0241	GCA_035269625.1|G0000243
split_0241	GCA_035269625.1|G0000244
split_0241	GCA_035269625.1|G0000246
split_0241	GCA_036626315.1|G0000251
split_0241	GCA_036626315.1|G0000252
split_0241	GCA_036626315.1|G0000254
split_0241	GCA_046543335.1|G0000267
split_0241	GCA_046543335.1|G0000268
split_0241	GCF_000025325.1|G0000285
split_0241	GCF_000025325.1|G0000286
split_0241	GCF_000237865.1|G0000288
split_0241	GCF_000237865.1|G0000289
split_0241	GCF_000237865.1|G0000291
split_0241	GCF_000237865.1|G0000292
split_0241	GCF_000237865.1|G0000294
split_0241	GCF_000237865.1|G0000295
split_0241	GCF_000237865.1|G0000296
split_0241	GCF_000306765.2|G0000299
split_0241	GCF_000306765.2|G0000300
split_0241	GCF_000334895.1|G0000303
split_0241	GCF_000334895.1|G0000304
split_0241	GCF_000403645.1|G0000306
split_0241	GCF_000403645.1|G0000307
split_0241	GCF_000403645.1|G0000309
split_0241	GCF_001485535.1|G0000312
split_0241	GCF_003369835.1|G0000313
split_0241	GCF_003369835.1|G0000314
split_0241	GCF_014647475.1|G0000318
split_0241	GCF_017094485.1|G0000320
split_0241	GCF_017094485.1|G0000322
split_0241	GCF_017094485.1|G0000323
split_0241	GCF_017094485.1|G0000324
split_0241	GCF_021083305.1|G0000327
split_0241	GCF_021083305.1|G0000328
split_0241	GCF_024227995.1|G0000330
split_0241	GCF_024227995.1|G0000333
split_0241	GCF_026242195.1|G0000337
split_0241	GCF_029338295.1|G0000338
split_0241	GCF_029338295.1|G0000339
split_0241	GCF_030287405.1|G0000341
split_0241	GCF_030287405.1|G0000342
split_0241	GCF_036429475.1|G0000345
split_0241	GCF_036429475.1|G0000347
split_0241	GOMC.bin.11431|G0000349
split_0241	GOMC.bin.11431|G0000352
split_0241	GOMC.bin.11431|G0000353
split_0241	GOMC.bin.12128|G0000356
split_0241	GOMC.bin.12128|G0000358
split_0241	GOMC.bin.12128|G0000359
split_0241	GOMC.bin.12150|G0000360
split_0241	GOMC.bin.12150|G0000363
split_0241	GOMC.bin.9202|G0000386
split_0241	GOMC.bin.9202|G0000387
split_0241	GOMC.bin.9202|G0000388
split_0242	GCA_001564275.1|G0000018
split_0242	GCA_001564275.1|G0000019
split_0242	GCA_002844335.1|G0000053
split_0242	GCA_002844335.1|G0000054
split_0242	GCA_002844335.1|G0000055
split_0242	GCA_002844335.1|G0000056
split_0242	GCA_003021085.1|G0000058
split_0242	GCA_003021085.1|G0000059
split_0242	GCA_003021175.1|G0000062
split_0242	GCA_003021175.1|G0000063
split_0242	GCA_003021175.1|G0000065
split_0242	GCA_003022865.1|G0000066
split_0242	GCA_003022865.1|G0000068
split_0242	GCA_003022865.1|G0000070
split_0242	GCA_003022865.1|G0000071
split_0242	GCA_005954745.1|G0000088
split_0242	GCA_005954745.1|G0000089
split_0242	GCA_007118075.1|G0000092
split_0242	GCA_007118075.1|G0000093
split_0242	GCA_007118975.1|G0000094
split_0242	GCA_007118975.1|G0000095
split_0242	GCA_007122875.1|G0000097
split_0242	GCA_023008585.1|G0000157
split_0242	GCA_023008585.1|G0000158
split_0242	GCA_025041175.1|G0000168
split_0242	GCA_025041175.1|G0000169
split_0242	GCA_025517465.1|G0000174
split_0242	GCA_025517465.1|G0000175
split_0242	GCA_030734185.1|G0000217
split_0242	GCA_030734185.1|G0000218
split_0242	GCA_030734185.1|G0000219
split_0242	GCA_031852275.1|G0000223
split_0242	GCA_031852275.1|G0000226
split_0242	GCA_034190395.1|G0000227
split_0242	GCA_034190395.1|G0000228
split_0242	GCA_034190395.1|G0000230
split_0242	GCA_034190395.1|G0000231
split_0242	GCA_034190395.1|G0000232
split_0242	GCA_034190545.1|G0000234
split_0242	GCA_034521615.1|G0000235
split_0242	GCA_034521615.1|G0000236
split_0242	GCA_034521615.1|G0000237
split_0242	GCA_034521615.1|G0000238
split_0242	GCA_035269625.1|G0000242
split_0242	GCA_035269625.1|G0000243
split_0242	GCA_035269625.1|G0000244
split_0242	GCA_035269625.1|G0000246
split_0242	GCA_036626315.1|G0000251
split_0242	GCA_036626315.1|G0000252
split_0242	GCA_036626315.1|G0000254
split_0242	GCA_046543335.1|G0000267
split_0242	GCA_046543335.1|G0000268
split_0242	GCF_000025325.1|G0000285
split_0242	GCF_000025325.1|G0000286
split_0242	GCF_000237865.1|G0000288
split_0242	GCF_000237865.1|G0000289
split_0242	GCF_000237865.1|G0000291
split_0242	GCF_000237865.1|G0000292
split_0242	GCF_000237865.1|G0000294
split_0242	GCF_000237865.1|G0000295
split_0242	GCF_000237865.1|G0000296
split_0242	GCF_000306765.2|G0000299
split_0242	GCF_000306765.2|G0000300
split_0242	GCF_000334895.1|G0000303
split_0242	GCF_000334895.1|G0000304
split_0242	GCF_000403645.1|G0000306
split_0242	GCF_000403645.1|G0000307
split_0242	GCF_000403645.1|G0000309
split_0242	GCF_001485535.1|G0000312
split_0242	GCF_003369835.1|G0000313
split_0242	GCF_003369835.1|G0000314
split_0242	GCF_014647475.1|G0000318
split_0242	GCF_017094485.1|G0000320
split_0242	GCF_017094485.1|G0000322
split_0242	GCF_017094485.1|G0000323
split_0242	GCF_017094485.1|G0000324
split_0242	GCF_021083305.1|G0000327
split_0242	GCF_021083305.1|G0000328
split_0242	GCF_024227995.1|G0000330
split_0242	GCF_024227995.1|G0000333
split_0242	GCF_026242195.1|G0000337
split_0242	GCF_029338295.1|G0000338
split_0242	GCF_029338295.1|G0000339
split_0242	GCF_030287405.1|G0000341
split_0242	GCF_030287405.1|G0000342
split_0242	GCF_036429475.1|G0000345
split_0242	GCF_036429475.1|G0000347
split_0242	GOMC.bin.11431|G0000349
split_0242	GOMC.bin.11431|G0000352
split_0242	GOMC.bin.11431|G0000353
split_0242	GOMC.bin.12128|G0000356
split_0242	GOMC.bin.12128|G0000358
split_0242	GOMC.bin.12128|G0000359
split_0242	GOMC.bin.12150|G0000360
split_0242	GOMC.bin.12150|G0000363
split_0242	GOMC.bin.9202|G0000386
split_0242	GOMC.bin.9202|G0000387
split_0242	GOMC.bin.9202|G0000388
split_0243	GCA_001564275.1|G0000018
split_0243	GCA_001564275.1|G0000019
split_0243	GCA_002844335.1|G0000053
split_0243	GCA_002844335.1|G0000054
split_0243	GCA_003021085.1|G0000058
split_0243	GCA_003021085.1|G0000059
split_0243	GCA_003021175.1|G0000063
split_0243	GCA_003021175.1|G0000065
split_0243	GCA_003022865.1|G0000070
split_0243	GCA_005954745.1|G0000088
split_0243	GCA_005954745.1|G0000089
split_0243	GCA_007118075.1|G0000092
split_0243	GCA_007118075.1|G0000093
split_0243	GCA_007118975.1|G0000094
split_0243	GCA_007118975.1|G0000095
split_0243	GCA_007122875.1|G0000097
split_0243	GCA_023008585.1|G0000157
split_0243	GCA_023008585.1|G0000158
split_0243	GCA_025041175.1|G0000168
split_0243	GCA_025041175.1|G0000169
split_0243	GCA_025517465.1|G0000174
split_0243	GCA_025517465.1|G0000175
split_0243	GCA_030734185.1|G0000218
split_0243	GCA_030734185.1|G0000219
split_0243	GCA_031852275.1|G0000223
split_0243	GCA_031852275.1|G0000226
split_0243	GCA_034190395.1|G0000228
split_0243	GCA_034521615.1|G0000237
split_0243	GCA_034521615.1|G0000238
split_0243	GCA_035269625.1|G0000243
split_0243	GCA_035269625.1|G0000244
split_0243	GCA_036626315.1|G0000251
split_0243	GCA_036626315.1|G0000254
split_0243	GCA_046543335.1|G0000267
split_0243	GCA_046543335.1|G0000268
split_0243	GCF_000025325.1|G0000285
split_0243	GCF_000025325.1|G0000286
split_0243	GCF_000237865.1|G0000292
split_0243	GCF_000237865.1|G0000296
split_0243	GCF_000306765.2|G0000299
split_0243	GCF_000306765.2|G0000300
split_0243	GCF_000334895.1|G0000303
split_0243	GCF_000334895.1|G0000304
split_0243	GCF_000403645.1|G0000306
split_0243	GCF_000403645.1|G0000307
split_0243	GCF_001485535.1|G0000312
split_0243	GCF_003369835.1|G0000313
split_0243	GCF_003369835.1|G0000314
split_0243	GCF_014647475.1|G0000318
split_0243	GCF_017094485.1|G0000320
split_0243	GCF_017094485.1|G0000322
split_0243	GCF_021083305.1|G0000327
split_0243	GCF_021083305.1|G0000328
split_0243	GCF_024227995.1|G0000330
split_0243	GCF_024227995.1|G0000333
split_0243	GCF_029338295.1|G0000338
split_0243	GCF_029338295.1|G0000339
split_0243	GCF_030287405.1|G0000341
split_0243	GCF_030287405.1|G0000342
split_0243	GCF_036429475.1|G0000345
split_0243	GCF_036429475.1|G0000347
split_0243	GOMC.bin.11431|G0000349
split_0243	GOMC.bin.11431|G0000353
split_0243	GOMC.bin.12128|G0000358
split_0243	GOMC.bin.12150|G0000360
split_0243	GOMC.bin.12150|G0000363
split_0243	GOMC.bin.9202|G0000386
split_0243	GOMC.bin.9202|G0000387
split_0244	GCA_001564275.1|G0000018
split_0244	GCA_001564275.1|G0000019
split_0244	GCA_002844335.1|G0000053
split_0244	GCA_002844335.1|G0000054
split_0244	GCA_003021085.1|G0000058
split_0244	GCA_003021085.1|G0000059
split_0244	GCA_003021175.1|G0000063
split_0244	GCA_003021175.1|G0000065
split_0244	GCA_003022865.1|G0000070
split_0244	GCA_005954745.1|G0000088
split_0244	GCA_005954745.1|G0000089
split_0244	GCA_007118075.1|G0000092
split_0244	GCA_007118075.1|G0000093
split_0244	GCA_007118975.1|G0000094
split_0244	GCA_007122875.1|G0000097
split_0244	GCA_023008585.1|G0000157
split_0244	GCA_023008585.1|G0000158
split_0244	GCA_025041175.1|G0000168
split_0244	GCA_025041175.1|G0000169
split_0244	GCA_025517465.1|G0000174
split_0244	GCA_025517465.1|G0000175
split_0244	GCA_030734185.1|G0000218
split_0244	GCA_030734185.1|G0000219
split_0244	GCA_031852275.1|G0000223
split_0244	GCA_031852275.1|G0000226
split_0244	GCA_034190395.1|G0000228
split_0244	GCA_034521615.1|G0000237
split_0244	GCA_034521615.1|G0000238
split_0244	GCA_035269625.1|G0000243
split_0244	GCA_035269625.1|G0000244
split_0244	GCA_036626315.1|G0000251
split_0244	GCA_036626315.1|G0000254
split_0244	GCA_046543335.1|G0000267
split_0244	GCA_046543335.1|G0000268
split_0244	GCF_000025325.1|G0000285
split_0244	GCF_000025325.1|G0000286
split_0244	GCF_000237865.1|G0000292
split_0244	GCF_000237865.1|G0000296
split_0244	GCF_000306765.2|G0000299
split_0244	GCF_000306765.2|G0000300
split_0244	GCF_000334895.1|G0000303
split_0244	GCF_000334895.1|G0000304
split_0244	GCF_000403645.1|G0000306
split_0244	GCF_000403645.1|G0000307
split_0244	GCF_001485535.1|G0000312
split_0244	GCF_003369835.1|G0000313
split_0244	GCF_003369835.1|G0000314
split_0244	GCF_014647475.1|G0000318
split_0244	GCF_017094485.1|G0000320
split_0244	GCF_017094485.1|G0000322
split_0244	GCF_021083305.1|G0000327
split_0244	GCF_021083305.1|G0000328
split_0244	GCF_024227995.1|G0000330
split_0244	GCF_024227995.1|G0000333
split_0244	GCF_029338295.1|G0000338
split_0244	GCF_029338295.1|G0000339
split_0244	GCF_030287405.1|G0000341
split_0244	GCF_030287405.1|G0000342
split_0244	GCF_036429475.1|G0000345
split_0244	GCF_036429475.1|G0000347
split_0244	GOMC.bin.11431|G0000349
split_0244	GOMC.bin.11431|G0000353
split_0244	GOMC.bin.12128|G0000358
split_0244	GOMC.bin.12150|G0000360
split_0244	GOMC.bin.12150|G0000363
split_0244	GOMC.bin.9202|G0000386
split_0244	GOMC.bin.9202|G0000387
split_0245	GCA_001564275.1|G0000018
split_0245	GCA_001564275.1|G0000019
split_0245	GCA_002844335.1|G0000053
split_0245	GCA_002844335.1|G0000054
split_0245	GCA_003021085.1|G0000058
split_0245	GCA_003021085.1|G0000059
split_0245	GCA_003021175.1|G0000063
split_0245	GCA_003021175.1|G0000065
split_0245	GCA_003022865.1|G0000070
split_0245	GCA_005954745.1|G0000088
split_0245	GCA_005954745.1|G0000089
split_0245	GCA_007118075.1|G0000092
split_0245	GCA_007118075.1|G0000093
split_0245	GCA_007118975.1|G0000094
split_0245	GCA_007122875.1|G0000097
split_0245	GCA_023008585.1|G0000157
split_0245	GCA_023008585.1|G0000158
split_0245	GCA_025041175.1|G0000168
split_0245	GCA_025041175.1|G0000169
split_0245	GCA_025517465.1|G0000174
split_0245	GCA_025517465.1|G0000175
split_0245	GCA_030734185.1|G0000218
split_0245	GCA_030734185.1|G0000219
split_0245	GCA_031852275.1|G0000223
split_0245	GCA_031852275.1|G0000226
split_0245	GCA_034190395.1|G0000228
split_0245	GCA_034521615.1|G0000238
split_0245	GCA_035269625.1|G0000243
split_0245	GCA_035269625.1|G0000244
split_0245	GCA_036626315.1|G0000251
split_0245	GCA_036626315.1|G0000254
split_0245	GCA_046543335.1|G0000267
split_0245	GCA_046543335.1|G0000268
split_0245	GCF_000025325.1|G0000285
split_0245	GCF_000025325.1|G0000286
split_0245	GCF_000237865.1|G0000292
split_0245	GCF_000237865.1|G0000296
split_0245	GCF_000306765.2|G0000299
split_0245	GCF_000306765.2|G0000300
split_0245	GCF_000334895.1|G0000303
split_0245	GCF_000334895.1|G0000304
split_0245	GCF_000403645.1|G0000306
split_0245	GCF_000403645.1|G0000307
split_0245	GCF_001485535.1|G0000312
split_0245	GCF_003369835.1|G0000313
split_0245	GCF_003369835.1|G0000314
split_0245	GCF_014647475.1|G0000318
split_0245	GCF_017094485.1|G0000320
split_0245	GCF_017094485.1|G0000322
split_0245	GCF_021083305.1|G0000327
split_0245	GCF_021083305.1|G0000328
split_0245	GCF_024227995.1|G0000330
split_0245	GCF_024227995.1|G0000333
split_0245	GCF_029338295.1|G0000338
split_0245	GCF_029338295.1|G0000339
split_0245	GCF_030287405.1|G0000341
split_0245	GCF_030287405.1|G0000342
split_0245	GCF_036429475.1|G0000345
split_0245	GCF_036429475.1|G0000347
split_0245	GOMC.bin.11431|G0000349
split_0245	GOMC.bin.11431|G0000353
split_0245	GOMC.bin.12128|G0000358
split_0245	GOMC.bin.12150|G0000360
split_0245	GOMC.bin.12150|G0000363
split_0245	GOMC.bin.9202|G0000386
split_0245	GOMC.bin.9202|G0000387
split_0246	GCA_001564275.1|G0000018
split_0246	GCA_001564275.1|G0000019
split_0246	GCA_002844335.1|G0000053
split_0246	GCA_002844335.1|G0000054
split_0246	GCA_003021085.1|G0000058
split_0246	GCA_003021085.1|G0000059
split_0246	GCA_003021175.1|G0000063
split_0246	GCA_003021175.1|G0000065
split_0246	GCA_003022865.1|G0000070
split_0246	GCA_005954745.1|G0000088
split_0246	GCA_005954745.1|G0000089
split_0246	GCA_007118075.1|G0000092
split_0246	GCA_007118075.1|G0000093
split_0246	GCA_007118975.1|G0000094
split_0246	GCA_007122875.1|G0000097
split_0246	GCA_023008585.1|G0000157
split_0246	GCA_023008585.1|G0000158
split_0246	GCA_025041175.1|G0000168
split_0246	GCA_025041175.1|G0000169
split_0246	GCA_025517465.1|G0000174
split_0246	GCA_025517465.1|G0000175
split_0246	GCA_030734185.1|G0000218
split_0246	GCA_030734185.1|G0000219
split_0246	GCA_031852275.1|G0000223
split_0246	GCA_031852275.1|G0000226
split_0246	GCA_034190395.1|G0000228
split_0246	GCA_034521615.1|G0000238
split_0246	GCA_035269625.1|G0000243
split_0246	GCA_035269625.1|G0000244
split_0246	GCA_036626315.1|G0000251
split_0246	GCA_036626315.1|G0000254
split_0246	GCA_046543335.1|G0000267
split_0246	GCA_046543335.1|G0000268
split_0246	GCF_000025325.1|G0000285
split_0246	GCF_000025325.1|G0000286
split_0246	GCF_000237865.1|G0000292
split_0246	GCF_000237865.1|G0000296
split_0246	GCF_000306765.2|G0000299
split_0246	GCF_000306765.2|G0000300
split_0246	GCF_000334895.1|G0000303
split_0246	GCF_000334895.1|G0000304
split_0246	GCF_000403645.1|G0000306
split_0246	GCF_000403645.1|G0000307
split_0246	GCF_001485535.1|G0000312
split_0246	GCF_003369835.1|G0000313
split_0246	GCF_003369835.1|G0000314
split_0246	GCF_014647475.1|G0000318
split_0246	GCF_017094485.1|G0000320
split_0246	GCF_017094485.1|G0000322
split_0246	GCF_021083305.1|G0000327
split_0246	GCF_021083305.1|G0000328
split_0246	GCF_024227995.1|G0000330
split_0246	GCF_024227995.1|G0000333
split_0246	GCF_029338295.1|G0000338
split_0246	GCF_029338295.1|G0000339
split_0246	GCF_030287405.1|G0000341
split_0246	GCF_030287405.1|G0000342
split_0246	GCF_036429475.1|G0000345
split_0246	GCF_036429475.1|G0000347
split_0246	GOMC.bin.11431|G0000353
split_0246	GOMC.bin.12128|G0000358
split_0246	GOMC.bin.12150|G0000360
split_0246	GOMC.bin.12150|G0000363
split_0246	GOMC.bin.9202|G0000386
split_0246	GOMC.bin.9202|G0000387
split_0247	GCA_001564275.1|G0000018
split_0247	GCA_001564275.1|G0000019
split_0247	GCA_002844335.1|G0000053
split_0247	GCA_002844335.1|G0000054
split_0247	GCA_003021085.1|G0000058
split_0247	GCA_003021085.1|G0000059
split_0247	GCA_003021175.1|G0000063
split_0247	GCA_003021175.1|G0000065
split_0247	GCA_003022865.1|G0000070
split_0247	GCA_005954745.1|G0000088
split_0247	GCA_005954745.1|G0000089
split_0247	GCA_007118075.1|G0000092
split_0247	GCA_007118075.1|G0000093
split_0247	GCA_007118975.1|G0000094
split_0247	GCA_007122875.1|G0000097
split_0247	GCA_023008585.1|G0000157
split_0247	GCA_023008585.1|G0000158
split_0247	GCA_025041175.1|G0000168
split_0247	GCA_025041175.1|G0000169
split_0247	GCA_025517465.1|G0000174
split_0247	GCA_025517465.1|G0000175
split_0247	GCA_030734185.1|G0000218
split_0247	GCA_030734185.1|G0000219
split_0247	GCA_031852275.1|G0000223
split_0247	GCA_031852275.1|G0000226
split_0247	GCA_034190395.1|G0000228
split_0247	GCA_034521615.1|G0000238
split_0247	GCA_035269625.1|G0000243
split_0247	GCA_035269625.1|G0000244
split_0247	GCA_036626315.1|G0000251
split_0247	GCA_046543335.1|G0000267
split_0247	GCA_046543335.1|G0000268
split_0247	GCF_000025325.1|G0000285
split_0247	GCF_000025325.1|G0000286
split_0247	GCF_000237865.1|G0000296
split_0247	GCF_000306765.2|G0000300
split_0247	GCF_000334895.1|G0000303
split_0247	GCF_000334895.1|G0000304
split_0247	GCF_000403645.1|G0000306
split_0247	GCF_000403645.1|G0000307
split_0247	GCF_001485535.1|G0000312
split_0247	GCF_003369835.1|G0000313
split_0247	GCF_003369835.1|G0000314
split_0247	GCF_014647475.1|G0000318
split_0247	GCF_017094485.1|G0000320
split_0247	GCF_017094485.1|G0000322
split_0247	GCF_021083305.1|G0000327
split_0247	GCF_021083305.1|G0000328
split_0247	GCF_024227995.1|G0000330
split_0247	GCF_024227995.1|G0000333
split_0247	GCF_029338295.1|G0000338
split_0247	GCF_029338295.1|G0000339
split_0247	GCF_030287405.1|G0000341
split_0247	GCF_030287405.1|G0000342
split_0247	GCF_036429475.1|G0000345
split_0247	GCF_036429475.1|G0000347
split_0247	GOMC.bin.11431|G0000353
split_0247	GOMC.bin.12128|G0000358
split_0247	GOMC.bin.12150|G0000360
split_0247	GOMC.bin.12150|G0000363
split_0247	GOMC.bin.9202|G0000386
split_0247	GOMC.bin.9202|G0000387
split_0248	GCA_001564275.1|G0000018
split_0248	GCA_002844335.1|G0000053
split_0248	GCA_003021085.1|G0000058
split_0248	GCA_003021175.1|G0000063
split_0248	GCA_003022865.1|G0000070
split_0248	GCA_005954745.1|G0000089
split_0248	GCA_007118075.1|G0000092
split_0248	GCA_007118975.1|G0000094
split_0248	GCA_023008585.1|G0000158
split_0248	GCA_025041175.1|G0000168
split_0248	GCA_025517465.1|G0000175
split_0248	GCA_030734185.1|G0000219
split_0248	GCA_031852275.1|G0000223
split_0248	GCA_034521615.1|G0000238
split_0248	GCA_035269625.1|G0000243
split_0248	GCA_036626315.1|G0000251
split_0248	GCA_046543335.1|G0000268
split_0248	GCF_000025325.1|G0000285
split_0248	GCF_000237865.1|G0000296
split_0248	GCF_000306765.2|G0000300
split_0248	GCF_000334895.1|G0000304
split_0248	GCF_000403645.1|G0000306
split_0248	GCF_003369835.1|G0000313
split_0248	GCF_017094485.1|G0000322
split_0248	GCF_021083305.1|G0000328
split_0248	GCF_024227995.1|G0000333
split_0248	GCF_029338295.1|G0000338
split_0248	GCF_030287405.1|G0000341
split_0248	GCF_036429475.1|G0000345
split_0248	GOMC.bin.11431|G0000353
split_0248	GOMC.bin.12150|G0000360
split_0248	GOMC.bin.9202|G0000387
split_0249	GCA_001564275.1|G0000018
split_0249	GCA_002844335.1|G0000053
split_0249	GCA_003021085.1|G0000058
split_0249	GCA_003022865.1|G0000070
split_0249	GCA_005954745.1|G0000089
split_0249	GCA_007118075.1|G0000092
split_0249	GCA_007118975.1|G0000094
split_0249	GCA_023008585.1|G0000158
split_0249	GCA_025517465.1|G0000175
split_0249	GCA_030734185.1|G0000219
split_0249	GCA_031852275.1|G0000223
split_0249	GCA_034521615.1|G0000238
split_0249	GCA_035269625.1|G0000243
split_0249	GCA_036626315.1|G0000251
split_0249	GCA_046543335.1|G0000268
split_0249	GCF_000025325.1|G0000285
split_0249	GCF_000237865.1|G0000296
split_0249	GCF_000306765.2|G0000300
split_0249	GCF_000334895.1|G0000304
split_0249	GCF_000403645.1|G0000306
split_0249	GCF_017094485.1|G0000322
split_0249	GCF_021083305.1|G0000328
split_0249	GCF_029338295.1|G0000338
split_0249	GCF_030287405.1|G0000341
split_0249	GCF_036429475.1|G0000345
split_0249	GOMC.bin.11431|G0000353
split_0249	GOMC.bin.12150|G0000360
split_0249	GOMC.bin.9202|G0000387
split_0250	GCA_001564275.1|G0000018
split_0250	GCA_002844335.1|G0000053
split_0250	GCA_003021085.1|G0000058
split_0250	GCA_005954745.1|G0000089
split_0250	GCA_007118075.1|G0000092
split_0250	GCA_007118975.1|G0000094
split_0250	GCA_023008585.1|G0000158
split_0250	GCA_025517465.1|G0000175
split_0250	GCA_031852275.1|G0000223
split_0250	GCA_034521615.1|G0000238
split_0250	GCA_036626315.1|G0000251
split_0250	GCA_046543335.1|G0000268
split_0250	GCF_000025325.1|G0000285
split_0250	GCF_000334895.1|G0000304
split_0250	GCF_000403645.1|G0000306
split_0250	GCF_017094485.1|G0000322
split_0250	GCF_021083305.1|G0000328
split_0250	GCF_029338295.1|G0000338
split_0250	GCF_030287405.1|G0000341
split_0250	GCF_036429475.1|G0000345
split_0250	GOMC.bin.11431|G0000353
split_0250	GOMC.bin.12150|G0000360
split_0250	GOMC.bin.9202|G0000387
split_0251	GCA_001564275.1|G0000018
split_0251	GCA_003021085.1|G0000058
split_0251	GCA_005954745.1|G0000089
split_0251	GCA_007118075.1|G0000092
split_0251	GCA_007118975.1|G0000094
split_0251	GCA_023008585.1|G0000158
split_0251	GCA_031852275.1|G0000223
split_0251	GCA_034521615.1|G0000238
split_0251	GCA_036626315.1|G0000251
split_0251	GCA_046543335.1|G0000268
split_0251	GCF_000025325.1|G0000285
split_0251	GCF_000334895.1|G0000304
split_0251	GCF_000403645.1|G0000306
split_0251	GCF_017094485.1|G0000322
split_0251	GCF_021083305.1|G0000328
split_0251	GCF_029338295.1|G0000338
split_0251	GCF_030287405.1|G0000341
split_0251	GCF_036429475.1|G0000345
split_0251	GOMC.bin.11431|G0000353
split_0251	GOMC.bin.12150|G0000360
split_0251	GOMC.bin.9202|G0000387
split_0252	GCA_001564275.1|G0000018
split_0252	GCA_023008585.1|G0000158
split_0252	GCA_031852275.1|G0000223
split_0252	GCF_000025325.1|G0000285
split_0253	GCA_001564275.1|G0000018
split_0253	GCA_031852275.1|G0000223
split_0254	GCA_023008585.1|G0000158
split_0254	GCF_000025325.1|G0000285
split_0255	GCA_003021085.1|G0000058
split_0255	GCA_005954745.1|G0000089
split_0255	GCA_007118075.1|G0000092
split_0255	GCA_007118975.1|G0000094
split_0255	GCA_034521615.1|G0000238
split_0255	GCA_036626315.1|G0000251
split_0255	GCA_046543335.1|G0000268
split_0255	GCF_000334895.1|G0000304
split_0255	GCF_000403645.1|G0000306
split_0255	GCF_017094485.1|G0000322
split_0255	GCF_021083305.1|G0000328
split_0255	GCF_029338295.1|G0000338
split_0255	GCF_030287405.1|G0000341
split_0255	GCF_036429475.1|G0000345
split_0255	GOMC.bin.11431|G0000353
split_0255	GOMC.bin.12150|G0000360
split_0255	GOMC.bin.9202|G0000387
split_0256	GCA_003021085.1|G0000058
split_0256	GCA_005954745.1|G0000089
split_0256	GCA_007118975.1|G0000094
split_0256	GCA_036626315.1|G0000251
split_0256	GCF_000403645.1|G0000306
split_0256	GCF_017094485.1|G0000322
split_0256	GCF_021083305.1|G0000328
split_0256	GCF_029338295.1|G0000338
split_0256	GOMC.bin.12150|G0000360
split_0256	GOMC.bin.9202|G0000387
split_0257	GCA_003021085.1|G0000058
split_0257	GCA_005954745.1|G0000089
split_0257	GCA_007118975.1|G0000094
split_0257	GCA_036626315.1|G0000251
split_0257	GCF_000403645.1|G0000306
split_0257	GCF_017094485.1|G0000322
split_0257	GCF_029338295.1|G0000338
split_0257	GOMC.bin.12150|G0000360
split_0257	GOMC.bin.9202|G0000387
split_0258	GCA_003021085.1|G0000058
split_0258	GCA_007118975.1|G0000094
split_0258	GCA_036626315.1|G0000251
split_0258	GCF_000403645.1|G0000306
split_0258	GCF_017094485.1|G0000322
split_0258	GCF_029338295.1|G0000338
split_0258	GOMC.bin.12150|G0000360
split_0258	GOMC.bin.9202|G0000387
split_0259	GCA_003021085.1|G0000058
split_0259	GCA_007118975.1|G0000094
split_0259	GCA_036626315.1|G0000251
split_0259	GCF_029338295.1|G0000338
split_0260	GCA_003021085.1|G0000058
split_0260	GCA_007118975.1|G0000094
split_0260	GCA_036626315.1|G0000251
split_0261	GCA_003021085.1|G0000058
split_0261	GCA_007118975.1|G0000094
split_0262	GCF_000403645.1|G0000306
split_0262	GCF_017094485.1|G0000322
split_0262	GOMC.bin.12150|G0000360
split_0262	GOMC.bin.9202|G0000387
split_0263	GCF_000403645.1|G0000306
split_0263	GCF_017094485.1|G0000322
split_0263	GOMC.bin.12150|G0000360
split_0264	GCF_000403645.1|G0000306
split_0264	GCF_017094485.1|G0000322
split_0265	GCA_007118075.1|G0000092
split_0265	GCA_034521615.1|G0000238
split_0265	GCA_046543335.1|G0000268
split_0265	GCF_000334895.1|G0000304
split_0265	GCF_030287405.1|G0000341
split_0265	GCF_036429475.1|G0000345
split_0265	GOMC.bin.11431|G0000353
split_0266	GCA_007118075.1|G0000092
split_0266	GCA_034521615.1|G0000238
split_0266	GCA_046543335.1|G0000268
split_0266	GCF_000334895.1|G0000304
split_0266	GCF_030287405.1|G0000341
split_0266	GOMC.bin.11431|G0000353
split_0267	GCA_007118075.1|G0000092
split_0267	GCA_034521615.1|G0000238
split_0267	GCA_046543335.1|G0000268
split_0267	GCF_000334895.1|G0000304
split_0267	GOMC.bin.11431|G0000353
split_0268	GCA_007118075.1|G0000092
split_0268	GCA_034521615.1|G0000238
split_0268	GCA_046543335.1|G0000268
split_0268	GOMC.bin.11431|G0000353
split_0269	GCA_007118075.1|G0000092
split_0269	GCA_046543335.1|G0000268
split_0270	GCA_034521615.1|G0000238
split_0270	GOMC.bin.11431|G0000353
split_0271	GCA_002844335.1|G0000053
split_0271	GCA_025517465.1|G0000175
split_0272	GCA_003022865.1|G0000070
split_0272	GCA_030734185.1|G0000219
split_0272	GCA_035269625.1|G0000243
split_0272	GCF_000237865.1|G0000296
split_0272	GCF_000306765.2|G0000300
split_0273	GCA_003022865.1|G0000070
split_0273	GCA_035269625.1|G0000243
split_0274	GCA_030734185.1|G0000219
split_0274	GCF_000237865.1|G0000296
split_0274	GCF_000306765.2|G0000300
split_0275	GCF_000237865.1|G0000296
split_0275	GCF_000306765.2|G0000300
split_0276	GCA_003021175.1|G0000063
split_0276	GCA_025041175.1|G0000168
split_0276	GCF_003369835.1|G0000313
split_0276	GCF_024227995.1|G0000333
split_0277	GCA_003021175.1|G0000063
split_0277	GCA_025041175.1|G0000168
split_0278	GCF_003369835.1|G0000313
split_0278	GCF_024227995.1|G0000333
split_0279	GCA_001564275.1|G0000019
split_0279	GCA_002844335.1|G0000054
split_0279	GCA_003021085.1|G0000059
split_0279	GCA_003021175.1|G0000065
split_0279	GCA_005954745.1|G0000088
split_0279	GCA_007118075.1|G0000093
split_0279	GCA_007122875.1|G0000097
split_0279	GCA_023008585.1|G0000157
split_0279	GCA_025041175.1|G0000169
split_0279	GCA_025517465.1|G0000174
split_0279	GCA_030734185.1|G0000218
split_0279	GCA_031852275.1|G0000226
split_0279	GCA_034190395.1|G0000228
split_0279	GCA_035269625.1|G0000244
split_0279	GCA_046543335.1|G0000267
split_0279	GCF_000025325.1|G0000286
split_0279	GCF_000334895.1|G0000303
split_0279	GCF_000403645.1|G0000307
split_0279	GCF_001485535.1|G0000312
split_0279	GCF_003369835.1|G0000314
split_0279	GCF_014647475.1|G0000318
split_0279	GCF_017094485.1|G0000320
split_0279	GCF_021083305.1|G0000327
split_0279	GCF_024227995.1|G0000330
split_0279	GCF_029338295.1|G0000339
split_0279	GCF_030287405.1|G0000342
split_0279	GCF_036429475.1|G0000347
split_0279	GOMC.bin.12128|G0000358
split_0279	GOMC.bin.12150|G0000363
split_0279	GOMC.bin.9202|G0000386
split_0280	GCA_001564275.1|G0000019
split_0280	GCA_005954745.1|G0000088
split_0280	GCA_007118075.1|G0000093
split_0280	GCA_007122875.1|G0000097
split_0280	GCA_023008585.1|G0000157
split_0280	GCA_030734185.1|G0000218
split_0280	GCA_031852275.1|G0000226
split_0280	GCA_034190395.1|G0000228
split_0280	GCA_035269625.1|G0000244
split_0280	GCA_046543335.1|G0000267
split_0280	GCF_000025325.1|G0000286
split_0280	GCF_000403645.1|G0000307
split_0280	GCF_001485535.1|G0000312
split_0280	GCF_003369835.1|G0000314
split_0280	GCF_014647475.1|G0000318
split_0280	GCF_017094485.1|G0000320
split_0280	GCF_021083305.1|G0000327
split_0280	GCF_024227995.1|G0000330
split_0280	GCF_029338295.1|G0000339
split_0280	GCF_030287405.1|G0000342
split_0280	GCF_036429475.1|G0000347
split_0280	GOMC.bin.12128|G0000358
split_0280	GOMC.bin.12150|G0000363
split_0281	GCA_001564275.1|G0000019
split_0281	GCA_005954745.1|G0000088
split_0281	GCA_007118075.1|G0000093
split_0281	GCA_023008585.1|G0000157
split_0281	GCA_030734185.1|G0000218
split_0281	GCA_031852275.1|G0000226
split_0281	GCA_034190395.1|G0000228
split_0281	GCA_035269625.1|G0000244
split_0281	GCA_046543335.1|G0000267
split_0281	GCF_000025325.1|G0000286
split_0281	GCF_000403645.1|G0000307
split_0281	GCF_001485535.1|G0000312
split_0281	GCF_003369835.1|G0000314
split_0281	GCF_014647475.1|G0000318
split_0281	GCF_017094485.1|G0000320
split_0281	GCF_021083305.1|G0000327
split_0281	GCF_024227995.1|G0000330
split_0281	GCF_029338295.1|G0000339
split_0281	GCF_030287405.1|G0000342
split_0281	GCF_036429475.1|G0000347
split_0281	GOMC.bin.12128|G0000358
split_0281	GOMC.bin.12150|G0000363
split_0282	GCA_001564275.1|G0000019
split_0282	GCA_005954745.1|G0000088
split_0282	GCA_007118075.1|G0000093
split_0282	GCA_023008585.1|G0000157
split_0282	GCA_030734185.1|G0000218
split_0282	GCA_031852275.1|G0000226
split_0282	GCA_034190395.1|G0000228
split_0282	GCA_035269625.1|G0000244
split_0282	GCA_046543335.1|G0000267
split_0282	GCF_000025325.1|G0000286
split_0282	GCF_000403645.1|G0000307
split_0282	GCF_001485535.1|G0000312
split_0282	GCF_014647475.1|G0000318
split_0282	GCF_017094485.1|G0000320
split_0282	GCF_029338295.1|G0000339
split_0282	GCF_030287405.1|G0000342
split_0282	GCF_036429475.1|G0000347
split_0282	GOMC.bin.12150|G0000363
split_0283	GCA_001564275.1|G0000019
split_0283	GCA_005954745.1|G0000088
split_0283	GCA_023008585.1|G0000157
split_0283	GCA_031852275.1|G0000226
split_0283	GCA_034190395.1|G0000228
split_0283	GCF_000025325.1|G0000286
split_0283	GCF_000403645.1|G0000307
split_0283	GCF_001485535.1|G0000312
split_0283	GCF_014647475.1|G0000318
split_0283	GCF_017094485.1|G0000320
split_0283	GOMC.bin.12150|G0000363
split_0284	GCA_001564275.1|G0000019
split_0284	GCA_005954745.1|G0000088
split_0284	GCA_023008585.1|G0000157
split_0284	GCA_031852275.1|G0000226
split_0284	GCA_034190395.1|G0000228
split_0284	GCF_000025325.1|G0000286
split_0284	GCF_000403645.1|G0000307
split_0284	GCF_017094485.1|G0000320
split_0284	GOMC.bin.12150|G0000363
split_0285	GCA_001564275.1|G0000019
split_0285	GCA_023008585.1|G0000157
split_0285	GCA_031852275.1|G0000226
split_0285	GCA_034190395.1|G0000228
split_0285	GCF_000025325.1|G0000286
split_0285	GOMC.bin.12150|G0000363
split_0286	GCA_001564275.1|G0000019
split_0286	GCA_023008585.1|G0000157
split_0286	GCF_000025325.1|G0000286
split_0287	GCA_001564275.1|G0000019
split_0287	GCA_023008585.1|G0000157
split_0288	GCA_031852275.1|G0000226
split_0288	GCA_034190395.1|G0000228
split_0288	GOMC.bin.12150|G0000363
split_0289	GCA_031852275.1|G0000226
split_0289	GCA_034190395.1|G0000228
split_0290	GCA_005954745.1|G0000088
split_0290	GCF_000403645.1|G0000307
split_0290	GCF_017094485.1|G0000320
split_0291	GCA_005954745.1|G0000088
split_0291	GCF_017094485.1|G0000320
split_0292	GCF_001485535.1|G0000312
split_0292	GCF_014647475.1|G0000318
split_0293	GCA_007118075.1|G0000093
split_0293	GCA_030734185.1|G0000218
split_0293	GCA_035269625.1|G0000244
split_0293	GCA_046543335.1|G0000267
split_0293	GCF_029338295.1|G0000339
split_0293	GCF_030287405.1|G0000342
split_0293	GCF_036429475.1|G0000347
split_0294	GCA_007118075.1|G0000093
split_0294	GCA_046543335.1|G0000267
split_0295	GCA_030734185.1|G0000218
split_0295	GCA_035269625.1|G0000244
split_0295	GCF_029338295.1|G0000339
split_0295	GCF_030287405.1|G0000342
split_0295	GCF_036429475.1|G0000347
split_0296	GCA_030734185.1|G0000218
split_0296	GCA_035269625.1|G0000244
split_0296	GCF_030287405.1|G0000342
split_0296	GCF_036429475.1|G0000347
split_0297	GCA_030734185.1|G0000218
split_0297	GCA_035269625.1|G0000244
split_0298	GCF_030287405.1|G0000342
split_0298	GCF_036429475.1|G0000347
split_0299	GCF_003369835.1|G0000314
split_0299	GCF_021083305.1|G0000327
split_0299	GCF_024227995.1|G0000330
split_0299	GOMC.bin.12128|G0000358
split_0300	GCF_003369835.1|G0000314
split_0300	GOMC.bin.12128|G0000358
split_0301	GCF_021083305.1|G0000327
split_0301	GCF_024227995.1|G0000330
split_0302	GCA_002844335.1|G0000054
split_0302	GCA_003021085.1|G0000059
split_0302	GCA_003021175.1|G0000065
split_0302	GCA_025041175.1|G0000169
split_0302	GCA_025517465.1|G0000174
split_0302	GCF_000334895.1|G0000303
split_0302	GOMC.bin.9202|G0000386
split_0303	GCA_002844335.1|G0000054
split_0303	GCA_025041175.1|G0000169
split_0303	GCA_025517465.1|G0000174
split_0303	GCF_000334895.1|G0000303
split_0303	GOMC.bin.9202|G0000386
split_0304	GCA_002844335.1|G0000054
split_0304	GCA_025041175.1|G0000169
split_0304	GCA_025517465.1|G0000174
split_0304	GCF_000334895.1|G0000303
split_0305	GCA_002844335.1|G0000054
split_0305	GCA_025517465.1|G0000174
split_0306	GCA_025041175.1|G0000169
split_0306	GCF_000334895.1|G0000303
split_0307	GCA_003021085.1|G0000059
split_0307	GCA_003021175.1|G0000065
split_0308	GCA_036626315.1|G0000254
split_0308	GCF_000237865.1|G0000292
split_0308	GCF_000306765.2|G0000299
split_0309	GCF_000237865.1|G0000292
split_0309	GCF_000306765.2|G0000299
split_0310	GCA_002844335.1|G0000055
split_0310	GCA_002844335.1|G0000056
split_0310	GCA_003021175.1|G0000062
split_0310	GCA_003022865.1|G0000066
split_0310	GCA_003022865.1|G0000068
split_0310	GCA_003022865.1|G0000071
split_0310	GCA_030734185.1|G0000217
split_0310	GCA_034190395.1|G0000227
split_0310	GCA_034190395.1|G0000230
split_0310	GCA_034190395.1|G0000231
split_0310	GCA_034190395.1|G0000232
split_0310	GCA_034190545.1|G0000234
split_0310	GCA_034521615.1|G0000235
split_0310	GCA_034521615.1|G0000236
split_0310	GCA_035269625.1|G0000242
split_0310	GCA_035269625.1|G0000246
split_0310	GCA_036626315.1|G0000252
split_0310	GCF_000237865.1|G0000288
split_0310	GCF_000237865.1|G0000289
split_0310	GCF_000237865.1|G0000291
split_0310	GCF_000237865.1|G0000294
split_0310	GCF_000237865.1|G0000295
split_0310	GCF_000403645.1|G0000309
split_0310	GCF_017094485.1|G0000323
split_0310	GCF_017094485.1|G0000324
split_0310	GCF_026242195.1|G0000337
split_0310	GOMC.bin.11431|G0000352
split_0310	GOMC.bin.12128|G0000356
split_0310	GOMC.bin.12128|G0000359
split_0310	GOMC.bin.9202|G0000388
split_0311	GCA_002844335.1|G0000055
split_0311	GCA_002844335.1|G0000056
split_0311	GCA_003021175.1|G0000062
split_0311	GCA_003022865.1|G0000066
split_0311	GCA_003022865.1|G0000071
split_0311	GCA_030734185.1|G0000217
split_0311	GCA_034190395.1|G0000227
split_0311	GCA_034190395.1|G0000230
split_0311	GCA_034190395.1|G0000231
split_0311	GCA_034190545.1|G0000234
split_0311	GCA_034521615.1|G0000236
split_0311	GCA_035269625.1|G0000242
split_0311	GCA_035269625.1|G0000246
split_0311	GCF_000237865.1|G0000288
split_0311	GCF_000237865.1|G0000289
split_0311	GCF_000237865.1|G0000291
split_0311	GCF_000237865.1|G0000294
split_0311	GCF_000237865.1|G0000295
split_0311	GCF_000403645.1|G0000309
split_0311	GCF_017094485.1|G0000323
split_0311	GCF_017094485.1|G0000324
split_0311	GCF_026242195.1|G0000337
split_0311	GOMC.bin.11431|G0000352
split_0311	GOMC.bin.12128|G0000356
split_0311	GOMC.bin.9202|G0000388
split_0312	GCA_002844335.1|G0000055
split_0312	GCA_003021175.1|G0000062
split_0312	GCA_003022865.1|G0000066
split_0312	GCA_030734185.1|G0000217
split_0312	GCA_034190395.1|G0000227
split_0312	GCA_034190395.1|G0000230
split_0312	GCA_034190545.1|G0000234
split_0312	GCA_034521615.1|G0000236
split_0312	GCA_035269625.1|G0000242
split_0312	GCA_035269625.1|G0000246
split_0312	GCF_000237865.1|G0000288
split_0312	GCF_000237865.1|G0000289
split_0312	GCF_000237865.1|G0000291
split_0312	GCF_000237865.1|G0000294
split_0312	GCF_000237865.1|G0000295
split_0312	GCF_017094485.1|G0000323
split_0312	GCF_017094485.1|G0000324
split_0312	GCF_026242195.1|G0000337
split_0312	GOMC.bin.11431|G0000352
split_0312	GOMC.bin.12128|G0000356
split_0312	GOMC.bin.9202|G0000388
split_0313	GCA_002844335.1|G0000055
split_0313	GCA_003021175.1|G0000062
split_0313	GCA_030734185.1|G0000217
split_0313	GCA_034190545.1|G0000234
split_0313	GCF_000237865.1|G0000289
split_0313	GCF_000237865.1|G0000291
split_0313	GCF_017094485.1|G0000323
split_0313	GCF_017094485.1|G0000324
split_0313	GOMC.bin.11431|G0000352
split_0314	GCA_002844335.1|G0000055
split_0314	GCA_030734185.1|G0000217
split_0314	GCA_034190545.1|G0000234
split_0314	GCF_000237865.1|G0000289
split_0315	GCA_002844335.1|G0000055
split_0315	GCF_000237865.1|G0000289
split_0316	GCA_030734185.1|G0000217
split_0316	GCA_034190545.1|G0000234
split_0317	GCA_003021175.1|G0000062
split_0317	GCF_000237865.1|G0000291
split_0317	GCF_017094485.1|G0000323
split_0317	GCF_017094485.1|G0000324
split_0317	GOMC.bin.11431|G0000352
split_0318	GCA_003021175.1|G0000062
split_0318	GCF_017094485.1|G0000323
split_0318	GCF_017094485.1|G0000324
split_0318	GOMC.bin.11431|G0000352
split_0319	GCA_003021175.1|G0000062
split_0319	GCF_017094485.1|G0000323
split_0319	GOMC.bin.11431|G0000352
split_0320	GCA_003021175.1|G0000062
split_0320	GOMC.bin.11431|G0000352
split_0321	GCA_003022865.1|G0000066
split_0321	GCA_034190395.1|G0000227
split_0321	GCA_034190395.1|G0000230
split_0321	GCA_034521615.1|G0000236
split_0321	GCA_035269625.1|G0000242
split_0321	GCA_035269625.1|G0000246
split_0321	GCF_000237865.1|G0000288
split_0321	GCF_000237865.1|G0000294
split_0321	GCF_000237865.1|G0000295
split_0321	GCF_026242195.1|G0000337
split_0321	GOMC.bin.12128|G0000356
split_0321	GOMC.bin.9202|G0000388
split_0322	GCA_003022865.1|G0000066
split_0322	GCA_034190395.1|G0000230
split_0322	GCA_034521615.1|G0000236
split_0322	GCA_035269625.1|G0000242
split_0322	GCA_035269625.1|G0000246
split_0322	GCF_000237865.1|G0000294
split_0322	GCF_000237865.1|G0000295
split_0322	GCF_026242195.1|G0000337
split_0322	GOMC.bin.12128|G0000356
split_0322	GOMC.bin.9202|G0000388
split_0323	GCA_003022865.1|G0000066
split_0323	GCA_034190395.1|G0000230
split_0323	GCA_034521615.1|G0000236
split_0323	GCA_035269625.1|G0000246
split_0323	GCF_000237865.1|G0000294
split_0323	GCF_000237865.1|G0000295
split_0323	GCF_026242195.1|G0000337
split_0323	GOMC.bin.9202|G0000388
split_0324	GCA_003022865.1|G0000066
split_0324	GCA_034190395.1|G0000230
split_0324	GCA_034521615.1|G0000236
split_0324	GCF_000237865.1|G0000294
split_0324	GCF_000237865.1|G0000295
split_0324	GOMC.bin.9202|G0000388
split_0325	GCA_003022865.1|G0000066
split_0325	GCA_034190395.1|G0000230
split_0325	GCF_000237865.1|G0000294
split_0325	GCF_000237865.1|G0000295
split_0325	GOMC.bin.9202|G0000388
split_0326	GCA_003022865.1|G0000066
split_0326	GCA_034190395.1|G0000230
split_0326	GCF_000237865.1|G0000295
split_0327	GCA_003022865.1|G0000066
split_0327	GCA_034190395.1|G0000230
split_0328	GCF_000237865.1|G0000294
split_0328	GOMC.bin.9202|G0000388
split_0329	GCA_035269625.1|G0000246
split_0329	GCF_026242195.1|G0000337
split_0330	GCA_035269625.1|G0000242
split_0330	GOMC.bin.12128|G0000356
split_0331	GCA_034190395.1|G0000227
split_0331	GCF_000237865.1|G0000288
split_0332	GCA_002844335.1|G0000056
split_0332	GCA_003022865.1|G0000071
split_0332	GCA_034190395.1|G0000231
split_0332	GCF_000403645.1|G0000309
split_0333	GCA_002844335.1|G0000056
split_0333	GCA_003022865.1|G0000071
split_0334	GCA_034190395.1|G0000231
split_0334	GCF_000403645.1|G0000309
split_0335	GCA_003022865.1|G0000068
split_0335	GCA_034190395.1|G0000232
split_0335	GCA_034521615.1|G0000235
split_0335	GCA_036626315.1|G0000252
split_0335	GOMC.bin.12128|G0000359
split_0336	GCA_034190395.1|G0000232
split_0336	GCA_034521615.1|G0000235
split_0336	GCA_036626315.1|G0000252
split_0336	GOMC.bin.12128|G0000359
split_0337	GCA_034190395.1|G0000232
split_0337	GCA_034521615.1|G0000235
split_0337	GOMC.bin.12128|G0000359
split_0338	GCA_034190395.1|G0000232
split_0338	GCA_034521615.1|G0000235
split_0339	GCA_000830275.1|G0000013
split_0339	GCA_002688035.1|G0000047
split_0339	GCA_002762975.1|G0000048
split_0339	GCA_002779075.1|G0000049
split_0339	GCA_003553825.1|G0000074
split_0339	GCA_003559395.1|G0000075
split_0339	GCA_003660975.1|G0000080
split_0339	GCA_009392915.1|G0000099
split_0339	GCA_016186855.1|G0000118
split_0339	GCA_016926295.1|G0000127
split_0339	GCA_016939415.1|G0000132
split_0339	GCA_017608575.1|G0000134
split_0339	GCA_017609985.1|G0000135
split_0339	GCA_017610205.1|G0000136
split_0339	GCA_017610305.1|G0000137
split_0339	GCA_018304505.1|G0000138
split_0339	GCA_021161405.1|G0000152
split_0339	GCA_021162685.1|G0000153
split_0339	GCA_021163505.1|G0000154
split_0339	GCA_024274695.1|G0000165
split_0339	GCA_024275665.1|G0000166
split_0339	GCA_024653905.1|G0000167
split_0339	GCA_027077895.1|G0000179
split_0339	GCA_028279805.1|G0000186
split_0339	GCA_028691435.1|G0000187
split_0339	GCA_028693335.1|G0000188
split_0339	GCA_035288565.1|G0000247
split_0339	GCA_035291025.1|G0000248
split_0339	GCA_038740145.1|G0000256
split_0339	GCA_974426465.1|G0000277
split_0339	GOMC.bin.17160|G0000371
split_0339	GOMC.bin.17224|G0000372
split_0339	GOMC.bin.1949|G0000375
split_0339	GOMC.bin.3015|G0000380
split_0340	GCA_000830275.1|G0000013
split_0340	GCA_002688035.1|G0000047
split_0340	GCA_002762975.1|G0000048
split_0340	GCA_002779075.1|G0000049
split_0340	GCA_003553825.1|G0000074
split_0340	GCA_003559395.1|G0000075
split_0340	GCA_003660975.1|G0000080
split_0340	GCA_009392915.1|G0000099
split_0340	GCA_016186855.1|G0000118
split_0340	GCA_016926295.1|G0000127
split_0340	GCA_016939415.1|G0000132
split_0340	GCA_017608575.1|G0000134
split_0340	GCA_017609985.1|G0000135
split_0340	GCA_017610205.1|G0000136
split_0340	GCA_017610305.1|G0000137
split_0340	GCA_018304505.1|G0000138
split_0340	GCA_021161405.1|G0000152
split_0340	GCA_021162685.1|G0000153
split_0340	GCA_021163505.1|G0000154
split_0340	GCA_024274695.1|G0000165
split_0340	GCA_024275665.1|G0000166
split_0340	GCA_024653905.1|G0000167
split_0340	GCA_027077895.1|G0000179
split_0340	GCA_028279805.1|G0000186
split_0340	GCA_028691435.1|G0000187
split_0340	GCA_028693335.1|G0000188
split_0340	GCA_035288565.1|G0000247
split_0340	GCA_035291025.1|G0000248
split_0340	GCA_974426465.1|G0000277
split_0340	GOMC.bin.17160|G0000371
split_0340	GOMC.bin.17224|G0000372
split_0340	GOMC.bin.1949|G0000375
split_0340	GOMC.bin.3015|G0000380
split_0341	GCA_000830275.1|G0000013
split_0341	GCA_002688035.1|G0000047
split_0341	GCA_002762975.1|G0000048
split_0341	GCA_002779075.1|G0000049
split_0341	GCA_003559395.1|G0000075
split_0341	GCA_009392915.1|G0000099
split_0341	GCA_016186855.1|G0000118
split_0341	GCA_017608575.1|G0000134
split_0341	GCA_017609985.1|G0000135
split_0341	GCA_017610205.1|G0000136
split_0341	GCA_017610305.1|G0000137
split_0341	GCA_021161405.1|G0000152
split_0341	GCA_021163505.1|G0000154
split_0341	GCA_024653905.1|G0000167
split_0341	GCA_028279805.1|G0000186
split_0341	GCA_028691435.1|G0000187
split_0341	GCA_028693335.1|G0000188
split_0341	GCA_035288565.1|G0000247
split_0341	GCA_974426465.1|G0000277
split_0341	GOMC.bin.1949|G0000375
split_0341	GOMC.bin.3015|G0000380
split_0342	GCA_000830275.1|G0000013
split_0342	GCA_002688035.1|G0000047
split_0342	GCA_002762975.1|G0000048
split_0342	GCA_016186855.1|G0000118
split_0342	GCA_017608575.1|G0000134
split_0342	GCA_017609985.1|G0000135
split_0342	GCA_017610205.1|G0000136
split_0342	GCA_017610305.1|G0000137
split_0342	GCA_021161405.1|G0000152
split_0342	GCA_021163505.1|G0000154
split_0342	GCA_024653905.1|G0000167
split_0342	GCA_028279805.1|G0000186
split_0342	GCA_028691435.1|G0000187
split_0342	GCA_035288565.1|G0000247
split_0342	GCA_974426465.1|G0000277
split_0342	GOMC.bin.1949|G0000375
split_0342	GOMC.bin.3015|G0000380
split_0343	GCA_000830275.1|G0000013
split_0343	GCA_002688035.1|G0000047
split_0343	GCA_002762975.1|G0000048
split_0343	GCA_016186855.1|G0000118
split_0343	GCA_017608575.1|G0000134
split_0343	GCA_017609985.1|G0000135
split_0343	GCA_017610205.1|G0000136
split_0343	GCA_017610305.1|G0000137
split_0343	GCA_021161405.1|G0000152
split_0343	GCA_021163505.1|G0000154
split_0343	GCA_024653905.1|G0000167
split_0343	GCA_028691435.1|G0000187
split_0343	GCA_974426465.1|G0000277
split_0343	GOMC.bin.3015|G0000380
split_0344	GCA_000830275.1|G0000013
split_0344	GCA_002688035.1|G0000047
split_0344	GCA_002762975.1|G0000048
split_0344	GCA_016186855.1|G0000118
split_0344	GCA_017608575.1|G0000134
split_0344	GCA_017609985.1|G0000135
split_0344	GCA_017610205.1|G0000136
split_0344	GCA_017610305.1|G0000137
split_0344	GCA_021163505.1|G0000154
split_0344	GCA_024653905.1|G0000167
split_0344	GCA_028691435.1|G0000187
split_0344	GCA_974426465.1|G0000277
split_0344	GOMC.bin.3015|G0000380
split_0345	GCA_000830275.1|G0000013
split_0345	GCA_002688035.1|G0000047
split_0345	GCA_002762975.1|G0000048
split_0345	GCA_016186855.1|G0000118
split_0345	GCA_017608575.1|G0000134
split_0345	GCA_017609985.1|G0000135
split_0345	GCA_017610205.1|G0000136
split_0345	GCA_017610305.1|G0000137
split_0345	GCA_021163505.1|G0000154
split_0345	GCA_024653905.1|G0000167
split_0345	GCA_974426465.1|G0000277
split_0345	GOMC.bin.3015|G0000380
split_0346	GCA_000830275.1|G0000013
split_0346	GCA_002762975.1|G0000048
split_0346	GCA_016186855.1|G0000118
split_0346	GCA_017608575.1|G0000134
split_0346	GCA_017609985.1|G0000135
split_0346	GCA_017610205.1|G0000136
split_0346	GCA_017610305.1|G0000137
split_0346	GCA_021163505.1|G0000154
split_0346	GCA_024653905.1|G0000167
split_0346	GCA_974426465.1|G0000277
split_0346	GOMC.bin.3015|G0000380
split_0347	GCA_000830275.1|G0000013
split_0347	GCA_002762975.1|G0000048
split_0347	GCA_016186855.1|G0000118
split_0347	GCA_017608575.1|G0000134
split_0347	GCA_017610305.1|G0000137
split_0347	GCA_021163505.1|G0000154
split_0347	GCA_024653905.1|G0000167
split_0347	GCA_974426465.1|G0000277
split_0347	GOMC.bin.3015|G0000380
split_0348	GCA_002762975.1|G0000048
split_0348	GCA_016186855.1|G0000118
split_0348	GCA_017608575.1|G0000134
split_0348	GCA_017610305.1|G0000137
split_0348	GCA_021163505.1|G0000154
split_0348	GCA_024653905.1|G0000167
split_0348	GCA_974426465.1|G0000277
split_0348	GOMC.bin.3015|G0000380
split_0349	GCA_002762975.1|G0000048
split_0349	GCA_016186855.1|G0000118
split_0349	GCA_017608575.1|G0000134
split_0349	GCA_021163505.1|G0000154
split_0349	GCA_024653905.1|G0000167
split_0349	GCA_974426465.1|G0000277
split_0349	GOMC.bin.3015|G0000380
split_0350	GCA_002762975.1|G0000048
split_0350	GCA_016186855.1|G0000118
split_0350	GCA_017608575.1|G0000134
split_0350	GCA_021163505.1|G0000154
split_0350	GCA_024653905.1|G0000167
split_0350	GOMC.bin.3015|G0000380
split_0351	GCA_016186855.1|G0000118
split_0351	GCA_017608575.1|G0000134
split_0351	GCA_021163505.1|G0000154
split_0351	GCA_024653905.1|G0000167
split_0351	GOMC.bin.3015|G0000380
split_0352	GCA_016186855.1|G0000118
split_0352	GCA_017608575.1|G0000134
split_0352	GCA_021163505.1|G0000154
split_0352	GOMC.bin.3015|G0000380
split_0353	GCA_017608575.1|G0000134
split_0353	GCA_021163505.1|G0000154
split_0353	GOMC.bin.3015|G0000380
split_0354	GCA_017608575.1|G0000134
split_0354	GOMC.bin.3015|G0000380
split_0355	GCA_017609985.1|G0000135
split_0355	GCA_017610205.1|G0000136
split_0356	GCA_028279805.1|G0000186
split_0356	GCA_035288565.1|G0000247
split_0356	GOMC.bin.1949|G0000375
split_0357	GCA_035288565.1|G0000247
split_0357	GOMC.bin.1949|G0000375
split_0358	GCA_002779075.1|G0000049
split_0358	GCA_003559395.1|G0000075
split_0358	GCA_009392915.1|G0000099
split_0358	GCA_028693335.1|G0000188
split_0359	GCA_003559395.1|G0000075
split_0359	GCA_009392915.1|G0000099
split_0359	GCA_028693335.1|G0000188
split_0360	GCA_003559395.1|G0000075
split_0360	GCA_028693335.1|G0000188
split_0361	GCA_003553825.1|G0000074
split_0361	GCA_003660975.1|G0000080
split_0361	GCA_016926295.1|G0000127
split_0361	GCA_016939415.1|G0000132
split_0361	GCA_018304505.1|G0000138
split_0361	GCA_021162685.1|G0000153
split_0361	GCA_024274695.1|G0000165
split_0361	GCA_024275665.1|G0000166
split_0361	GCA_027077895.1|G0000179
split_0361	GCA_035291025.1|G0000248
split_0361	GOMC.bin.17160|G0000371
split_0361	GOMC.bin.17224|G0000372
split_0362	GCA_003553825.1|G0000074
split_0362	GCA_003660975.1|G0000080
split_0362	GCA_016939415.1|G0000132
split_0362	GCA_018304505.1|G0000138
split_0362	GCA_021162685.1|G0000153
split_0362	GCA_024274695.1|G0000165
split_0362	GCA_024275665.1|G0000166
split_0362	GCA_027077895.1|G0000179
split_0362	GOMC.bin.17160|G0000371
split_0362	GOMC.bin.17224|G0000372
split_0363	GCA_003553825.1|G0000074
split_0363	GCA_003660975.1|G0000080
split_0363	GCA_016939415.1|G0000132
split_0363	GCA_018304505.1|G0000138
split_0363	GCA_021162685.1|G0000153
split_0363	GCA_024274695.1|G0000165
split_0363	GCA_024275665.1|G0000166
split_0363	GOMC.bin.17160|G0000371
split_0364	GCA_003553825.1|G0000074
split_0364	GCA_003660975.1|G0000080
split_0364	GCA_018304505.1|G0000138
split_0364	GCA_024274695.1|G0000165
split_0364	GCA_024275665.1|G0000166
split_0364	GOMC.bin.17160|G0000371
split_0365	GCA_003553825.1|G0000074
split_0365	GCA_003660975.1|G0000080
split_0366	GCA_018304505.1|G0000138
split_0366	GCA_024274695.1|G0000165
split_0366	GCA_024275665.1|G0000166
split_0366	GOMC.bin.17160|G0000371
split_0367	GCA_024274695.1|G0000165
split_0367	GCA_024275665.1|G0000166
split_0367	GOMC.bin.17160|G0000371
split_0368	GCA_024275665.1|G0000166
split_0368	GOMC.bin.17160|G0000371
split_0369	GCA_016939415.1|G0000132
split_0369	GCA_021162685.1|G0000153
split_0370	GCA_027077895.1|G0000179
split_0370	GOMC.bin.17224|G0000372
split_0371	GCA_016926295.1|G0000127
split_0371	GCA_035291025.1|G0000248
split_0372	GCA_029932835.1|G0000200
split_0372	GOMC.bin.14807|G0000367
split_0373	GCA_003660605.1|G0000079
split_0373	GCA_013154335.1|G0000101
split_0373	GCA_020854925.1|G0000147
split_0373	GCA_030603445.1|G0000207
split_0373	GCA_036733165.1|G0000255
split_0374	GCA_003660605.1|G0000079
split_0374	GCA_020854925.1|G0000147
split_0374	GCA_030603445.1|G0000207
split_0374	GCA_036733165.1|G0000255
split_0375	GCA_020854925.1|G0000147
split_0375	GCA_030603445.1|G0000207
split_0375	GCA_036733165.1|G0000255
split_0376	GCA_020854925.1|G0000147
split_0376	GCA_036733165.1|G0000255
split_0377	GCA_002923215.1|G0000057
split_0377	GCA_003695745.1|G0000081
split_0377	GCA_016212785.1|G0000119
split_0377	GCA_027021185.1|G0000178
split_0377	GCA_036444275.1|G0000250
split_0377	GOMC.bin.2765|G0000378
split_0377	GOMC.bin.7887|G0000381
split_0378	GCA_002923215.1|G0000057
split_0378	GCA_003695745.1|G0000081
split_0379	GCA_016212785.1|G0000119
split_0379	GCA_027021185.1|G0000178
split_0379	GCA_036444275.1|G0000250
split_0379	GOMC.bin.2765|G0000378
split_0379	GOMC.bin.7887|G0000381
split_0380	GCA_016212785.1|G0000119
split_0380	GCA_027021185.1|G0000178
split_0380	GOMC.bin.2765|G0000378
split_0380	GOMC.bin.7887|G0000381
split_0381	GCA_016212785.1|G0000119
split_0381	GCA_027021185.1|G0000178
split_0381	GOMC.bin.7887|G0000381
split_0382	GCA_027021185.1|G0000178
split_0382	GOMC.bin.7887|G0000381
split_0383	GCA_000309865.1|G0000009
split_0383	GCA_000309865.1|G0000010
split_0383	GCA_001507955.1|G0000015
split_0383	GCF_000008645.1|G0000280
split_0384	GCA_000309865.1|G0000009
split_0384	GCA_000309865.1|G0000010
split_0384	GCF_000008645.1|G0000280
split_0385	GCA_000309865.1|G0000009
split_0385	GCA_000309865.1|G0000010
