split_id	gene_id
split_0001	CRR476095_bin.3|G0000001
split_0001	ERR2027894_bin.22|G0000002
split_0002	CRR476095_bin.3|G0000001
split_0002	ERR2027894_bin.22|G0000002
split_0002	GCA_000166095.1|G0000008
split_0003	CRR476095_bin.3|G0000001
split_0003	ERR2027894_bin.22|G0000002
split_0003	GCA_000166095.1|G0000008
split_0003	GCA_000309865.1|G0000013
split_0003	GCA_001507955.1|G0000016
split_0003	GCF_000008645.1|G0000266
split_0004	CRR476095_bin.3|G0000001
split_0004	ERR2027894_bin.22|G0000002
split_0004	GCA_000166095.1|G0000008
split_0004	GCA_000309865.1|G0000013
split_0004	GCA_001507955.1|G0000016
split_0004	GCA_013154335.1|G0000083
split_0004	GCA_015661555.1|G0000105
split_0004	GCF_000008645.1|G0000266
split_0004	GCF_000016125.1|G0000268
split_0004	GCF_000023985.1|G0000269
split_0004	GCF_000214415.1|G0000270
split_0004	GCF_946463545.1|G0000279
split_0005	CRR476095_bin.3|G0000001
split_0005	ERR2027894_bin.22|G0000002
split_0005	GCA_000166095.1|G0000008
split_0005	GCA_000309865.1|G0000013
split_0005	GCA_001507955.1|G0000016
split_0005	GCA_002067315.1|G0000037
split_0005	GCA_013154335.1|G0000083
split_0005	GCA_015660915.1|G0000104
split_0005	GCA_015661555.1|G0000105
split_0005	GCA_035624185.1|G0000212
split_0005	GCF_000008645.1|G0000266
split_0005	GCF_000011005.1|G0000267
split_0005	GCF_000016125.1|G0000268
split_0005	GCF_000023985.1|G0000269
split_0005	GCF_000214415.1|G0000270
split_0005	GCF_021023085.1|G0000277
split_0005	GCF_946463545.1|G0000279
split_0006	CRR476095_bin.3|G0000001
split_0006	ERR2027894_bin.22|G0000002
split_0006	ERR2282092_bin.34|G0000004
split_0006	ERR4283445_bin.66|G0000006
split_0006	GCA_000166095.1|G0000008
split_0006	GCA_000306725.1|G0000009
split_0006	GCA_000309865.1|G0000013
split_0006	GCA_001412355.1|G0000015
split_0006	GCA_001507955.1|G0000016
split_0006	GCA_001509375.1|G0000019
split_0006	GCA_001717025.1|G0000022
split_0006	GCA_002067095.1|G0000033
split_0006	GCA_002067095.1|G0000034
split_0006	GCA_002067315.1|G0000035
split_0006	GCA_002067315.1|G0000037
split_0006	GCA_002067795.1|G0000038
split_0006	GCA_002067865.1|G0000040
split_0006	GCA_002067865.1|G0000041
split_0006	GCA_002495885.1|G0000045
split_0006	GCA_002496395.1|G0000046
split_0006	GCA_002497075.1|G0000047
split_0006	GCA_002497075.1|G0000049
split_0006	GCA_002499905.1|G0000050
split_0006	GCA_002501765.1|G0000051
split_0006	GCA_002503135.1|G0000052
split_0006	GCA_002503885.1|G0000053
split_0006	GCA_002503885.1|G0000054
split_0006	GCA_002506015.1|G0000056
split_0006	GCA_002508545.1|G0000057
split_0006	GCA_003135935.1|G0000067
split_0006	GCA_003194445.1|G0000069
split_0006	GCA_004028775.1|G0000073
split_0006	GCA_004028775.1|G0000074
split_0006	GCA_009780575.1|G0000079
split_0006	GCA_011048835.1|G0000081
split_0006	GCA_013154335.1|G0000083
split_0006	GCA_013415695.1|G0000088
split_0006	GCA_014859725.1|G0000092
split_0006	GCA_015660865.1|G0000103
split_0006	GCA_015660915.1|G0000104
split_0006	GCA_015661555.1|G0000105
split_0006	GCA_016841265.1|G0000117
split_0006	GCA_016841485.1|G0000118
split_0006	GCA_016937345.1|G0000120
split_0006	GCA_017395275.1|G0000121
split_0006	GCA_019685575.1|G0000136
split_0006	GCA_020725985.1|G0000139
split_0006	GCA_021108405.1|G0000143
split_0006	GCA_021158865.1|G0000144
split_0006	GCA_021162065.1|G0000146
split_0006	GCA_023229165.1|G0000152
split_0006	GCA_026394375.1|G0000159
split_0006	GCA_026394375.1|G0000160
split_0006	GCA_028678665.1|G0000172
split_0006	GCA_028679985.1|G0000175
split_0006	GCA_029259545.1|G0000179
split_0006	GCA_029907465.1|G0000182
split_0006	GCA_029907465.1|G0000184
split_0006	GCA_029907705.1|G0000185
split_0006	GCA_029907705.1|G0000186
split_0006	GCA_029907705.1|G0000187
split_0006	GCA_030019205.1|G0000189
split_0006	GCA_030019205.1|G0000190
split_0006	GCA_030604065.1|G0000192
split_0006	GCA_030605385.1|G0000193
split_0006	GCA_030605805.1|G0000194
split_0006	GCA_030611045.1|G0000196
split_0006	GCA_030611265.1|G0000201
split_0006	GCA_030627385.1|G0000203
split_0006	GCA_034659235.1|G0000209
split_0006	GCA_035531115.1|G0000210
split_0006	GCA_035624185.1|G0000212
split_0006	GCA_038851035.1|G0000228
split_0006	GCA_038861055.1|G0000230
split_0006	GCA_038894255.1|G0000234
split_0006	GCA_040776445.1|G0000235
split_0006	GCA_046539605.1|G0000237
split_0006	GCA_046546175.1|G0000239
split_0006	GCA_046546175.1|G0000240
split_0006	GCA_046546175.1|G0000244
split_0006	GCA_052626505.1|G0000249
split_0006	GCA_963677995.1|G0000261
split_0006	GCF_000008645.1|G0000264
split_0006	GCF_000008645.1|G0000266
split_0006	GCF_000011005.1|G0000267
split_0006	GCF_000016125.1|G0000268
split_0006	GCF_000023985.1|G0000269
split_0006	GCF_000214415.1|G0000270
split_0006	GCF_000275865.1|G0000271
split_0006	GCF_000275865.1|G0000272
split_0006	GCF_000327485.1|G0000273
split_0006	GCF_004102725.1|G0000275
split_0006	GCF_004102725.1|G0000276
split_0006	GCF_021023085.1|G0000277
split_0006	GCF_946463545.1|G0000279
split_0006	GOMC.bin.831|G0000289
split_0007	CRR476095_bin.3|G0000001
split_0007	ERR2027894_bin.22|G0000002
split_0007	ERR2282092_bin.34|G0000004
split_0007	ERR4283445_bin.66|G0000006
split_0007	GCA_000166095.1|G0000008
split_0007	GCA_000306725.1|G0000009
split_0007	GCA_000306725.1|G0000010
split_0007	GCA_000306725.1|G0000011
split_0007	GCA_000309865.1|G0000013
split_0007	GCA_001412355.1|G0000015
split_0007	GCA_001507955.1|G0000016
split_0007	GCA_001509375.1|G0000019
split_0007	GCA_001717025.1|G0000022
split_0007	GCA_002067095.1|G0000033
split_0007	GCA_002067095.1|G0000034
split_0007	GCA_002067315.1|G0000035
split_0007	GCA_002067315.1|G0000037
split_0007	GCA_002067795.1|G0000038
split_0007	GCA_002067865.1|G0000040
split_0007	GCA_002067865.1|G0000041
split_0007	GCA_002495885.1|G0000045
split_0007	GCA_002496395.1|G0000046
split_0007	GCA_002497075.1|G0000047
split_0007	GCA_002497075.1|G0000049
split_0007	GCA_002499905.1|G0000050
split_0007	GCA_002501765.1|G0000051
split_0007	GCA_002503135.1|G0000052
split_0007	GCA_002503885.1|G0000053
split_0007	GCA_002503885.1|G0000054
split_0007	GCA_002506015.1|G0000056
split_0007	GCA_002508545.1|G0000057
split_0007	GCA_002839545.1|G0000061
split_0007	GCA_003135935.1|G0000067
split_0007	GCA_003194445.1|G0000069
split_0007	GCA_004028775.1|G0000073
split_0007	GCA_004028775.1|G0000074
split_0007	GCA_009780575.1|G0000079
split_0007	GCA_011048835.1|G0000081
split_0007	GCA_013154335.1|G0000083
split_0007	GCA_013331375.1|G0000086
split_0007	GCA_013415695.1|G0000088
split_0007	GCA_014859725.1|G0000092
split_0007	GCA_015660865.1|G0000103
split_0007	GCA_015660915.1|G0000104
split_0007	GCA_015661555.1|G0000105
split_0007	GCA_016841265.1|G0000114
split_0007	GCA_016841265.1|G0000115
split_0007	GCA_016841265.1|G0000117
split_0007	GCA_016841485.1|G0000118
split_0007	GCA_016937345.1|G0000120
split_0007	GCA_017395275.1|G0000121
split_0007	GCA_019685575.1|G0000136
split_0007	GCA_020725985.1|G0000139
split_0007	GCA_021108405.1|G0000143
split_0007	GCA_021158865.1|G0000144
split_0007	GCA_021162065.1|G0000146
split_0007	GCA_023229165.1|G0000152
split_0007	GCA_026394375.1|G0000159
split_0007	GCA_026394375.1|G0000160
split_0007	GCA_028678665.1|G0000172
split_0007	GCA_028679985.1|G0000175
split_0007	GCA_029259545.1|G0000179
split_0007	GCA_029907465.1|G0000182
split_0007	GCA_029907465.1|G0000184
split_0007	GCA_029907705.1|G0000185
split_0007	GCA_029907705.1|G0000186
split_0007	GCA_029907705.1|G0000187
split_0007	GCA_030019205.1|G0000189
split_0007	GCA_030019205.1|G0000190
split_0007	GCA_030604065.1|G0000192
split_0007	GCA_030605385.1|G0000193
split_0007	GCA_030605805.1|G0000194
split_0007	GCA_030611045.1|G0000196
split_0007	GCA_030611265.1|G0000201
split_0007	GCA_030627385.1|G0000203
split_0007	GCA_034659235.1|G0000209
split_0007	GCA_035531115.1|G0000210
split_0007	GCA_035624185.1|G0000212
split_0007	GCA_038851035.1|G0000228
split_0007	GCA_038861055.1|G0000230
split_0007	GCA_038894255.1|G0000234
split_0007	GCA_040776445.1|G0000235
split_0007	GCA_046539605.1|G0000237
split_0007	GCA_046546175.1|G0000239
split_0007	GCA_046546175.1|G0000240
split_0007	GCA_046546175.1|G0000241
split_0007	GCA_046546175.1|G0000242
split_0007	GCA_046546175.1|G0000244
split_0007	GCA_052626505.1|G0000249
split_0007	GCA_963677995.1|G0000261
split_0007	GCF_000008645.1|G0000264
split_0007	GCF_000008645.1|G0000266
split_0007	GCF_000011005.1|G0000267
split_0007	GCF_000016125.1|G0000268
split_0007	GCF_000023985.1|G0000269
split_0007	GCF_000214415.1|G0000270
split_0007	GCF_000275865.1|G0000271
split_0007	GCF_000275865.1|G0000272
split_0007	GCF_000327485.1|G0000273
split_0007	GCF_004102725.1|G0000275
split_0007	GCF_004102725.1|G0000276
split_0007	GCF_021023085.1|G0000277
split_0007	GCF_946463545.1|G0000279
split_0007	GOMC.bin.831|G0000289
split_0008	CRR476095_bin.3|G0000001
split_0008	ERR2027894_bin.22|G0000002
split_0008	ERR2282092_bin.34|G0000004
split_0008	ERR4283445_bin.66|G0000006
split_0008	GCA_000166095.1|G0000007
split_0008	GCA_000166095.1|G0000008
split_0008	GCA_000306725.1|G0000009
split_0008	GCA_000306725.1|G0000010
split_0008	GCA_000306725.1|G0000011
split_0008	GCA_000309865.1|G0000012
split_0008	GCA_000309865.1|G0000013
split_0008	GCA_000309865.1|G0000014
split_0008	GCA_001412355.1|G0000015
split_0008	GCA_001507955.1|G0000016
split_0008	GCA_001507955.1|G0000017
split_0008	GCA_001507955.1|G0000018
split_0008	GCA_001509375.1|G0000019
split_0008	GCA_001717025.1|G0000022
split_0008	GCA_001766815.1|G0000023
split_0008	GCA_001775995.1|G0000024
split_0008	GCA_002067095.1|G0000033
split_0008	GCA_002067095.1|G0000034
split_0008	GCA_002067315.1|G0000035
split_0008	GCA_002067315.1|G0000036
split_0008	GCA_002067315.1|G0000037
split_0008	GCA_002067795.1|G0000038
split_0008	GCA_002067865.1|G0000040
split_0008	GCA_002067865.1|G0000041
split_0008	GCA_002495885.1|G0000045
split_0008	GCA_002496395.1|G0000046
split_0008	GCA_002497075.1|G0000047
split_0008	GCA_002497075.1|G0000049
split_0008	GCA_002499905.1|G0000050
split_0008	GCA_002501765.1|G0000051
split_0008	GCA_002503135.1|G0000052
split_0008	GCA_002503885.1|G0000053
split_0008	GCA_002503885.1|G0000054
split_0008	GCA_002506015.1|G0000056
split_0008	GCA_002508545.1|G0000057
split_0008	GCA_002839545.1|G0000061
split_0008	GCA_003135935.1|G0000067
split_0008	GCA_003194445.1|G0000069
split_0008	GCA_004028775.1|G0000073
split_0008	GCA_004028775.1|G0000074
split_0008	GCA_009780575.1|G0000079
split_0008	GCA_011048835.1|G0000081
split_0008	GCA_013154335.1|G0000083
split_0008	GCA_013331375.1|G0000086
split_0008	GCA_013415695.1|G0000088
split_0008	GCA_013538675.1|G0000090
split_0008	GCA_014859725.1|G0000092
split_0008	GCA_015660865.1|G0000103
split_0008	GCA_015660915.1|G0000104
split_0008	GCA_015661555.1|G0000105
split_0008	GCA_016841265.1|G0000114
split_0008	GCA_016841265.1|G0000115
split_0008	GCA_016841265.1|G0000117
split_0008	GCA_016841485.1|G0000118
split_0008	GCA_016937345.1|G0000120
split_0008	GCA_017395275.1|G0000121
split_0008	GCA_017883965.1|G0000122
split_0008	GCA_018302335.1|G0000123
split_0008	GCA_018396695.1|G0000124
split_0008	GCA_019685575.1|G0000136
split_0008	GCA_019721035.1|G0000137
split_0008	GCA_020725985.1|G0000139
split_0008	GCA_021108405.1|G0000143
split_0008	GCA_021158865.1|G0000144
split_0008	GCA_021162065.1|G0000146
split_0008	GCA_021798195.1|G0000147
split_0008	GCA_021802125.1|G0000148
split_0008	GCA_021802125.1|G0000149
split_0008	GCA_021806165.1|G0000150
split_0008	GCA_023229165.1|G0000152
split_0008	GCA_025059745.1|G0000155
split_0008	GCA_026014815.1|G0000157
split_0008	GCA_026394375.1|G0000159
split_0008	GCA_026394375.1|G0000160
split_0008	GCA_028275385.1|G0000170
split_0008	GCA_028678665.1|G0000172
split_0008	GCA_028679985.1|G0000173
split_0008	GCA_028679985.1|G0000175
split_0008	GCA_029259545.1|G0000179
split_0008	GCA_029907465.1|G0000182
split_0008	GCA_029907465.1|G0000184
split_0008	GCA_029907705.1|G0000185
split_0008	GCA_029907705.1|G0000186
split_0008	GCA_029907705.1|G0000187
split_0008	GCA_030019205.1|G0000189
split_0008	GCA_030019205.1|G0000190
split_0008	GCA_030604065.1|G0000192
split_0008	GCA_030605385.1|G0000193
split_0008	GCA_030605805.1|G0000194
split_0008	GCA_030611045.1|G0000196
split_0008	GCA_030611045.1|G0000197
split_0008	GCA_030611045.1|G0000198
split_0008	GCA_030611265.1|G0000201
split_0008	GCA_030627385.1|G0000203
split_0008	GCA_033581555.1|G0000205
split_0008	GCA_034190245.1|G0000206
split_0008	GCA_034659235.1|G0000209
split_0008	GCA_035531115.1|G0000210
split_0008	GCA_035624185.1|G0000212
split_0008	GCA_035624185.1|G0000213
split_0008	GCA_038851035.1|G0000228
split_0008	GCA_038861055.1|G0000230
split_0008	GCA_038881315.1|G0000231
split_0008	GCA_038894255.1|G0000234
split_0008	GCA_040776445.1|G0000235
split_0008	GCA_046539605.1|G0000237
split_0008	GCA_046546175.1|G0000239
split_0008	GCA_046546175.1|G0000240
split_0008	GCA_046546175.1|G0000241
split_0008	GCA_046546175.1|G0000242
split_0008	GCA_046546175.1|G0000244
split_0008	GCA_052246955.1|G0000247
split_0008	GCA_052626505.1|G0000249
split_0008	GCA_054381345.1|G0000252
split_0008	GCA_963677995.1|G0000261
split_0008	GCF_000008645.1|G0000264
split_0008	GCF_000008645.1|G0000265
split_0008	GCF_000008645.1|G0000266
split_0008	GCF_000011005.1|G0000267
split_0008	GCF_000016125.1|G0000268
split_0008	GCF_000023985.1|G0000269
split_0008	GCF_000214415.1|G0000270
split_0008	GCF_000275865.1|G0000271
split_0008	GCF_000275865.1|G0000272
split_0008	GCF_000327485.1|G0000273
split_0008	GCF_004102725.1|G0000275
split_0008	GCF_004102725.1|G0000276
split_0008	GCF_021023085.1|G0000277
split_0008	GCF_021023085.1|G0000278
split_0008	GCF_946463545.1|G0000279
split_0008	GOMC.bin.3195|G0000284
split_0008	GOMC.bin.831|G0000289
split_0009	CRR476095_bin.3|G0000001
split_0009	ERR2027894_bin.22|G0000002
split_0009	ERR2027902_bin.36|G0000003
split_0009	ERR2282092_bin.34|G0000004
split_0009	ERR4283445_bin.66|G0000006
split_0009	GCA_000166095.1|G0000007
split_0009	GCA_000166095.1|G0000008
split_0009	GCA_000306725.1|G0000009
split_0009	GCA_000306725.1|G0000010
split_0009	GCA_000306725.1|G0000011
split_0009	GCA_000309865.1|G0000012
split_0009	GCA_000309865.1|G0000013
split_0009	GCA_000309865.1|G0000014
split_0009	GCA_001412355.1|G0000015
split_0009	GCA_001507955.1|G0000016
split_0009	GCA_001507955.1|G0000017
split_0009	GCA_001507955.1|G0000018
split_0009	GCA_001509375.1|G0000019
split_0009	GCA_001717025.1|G0000022
split_0009	GCA_001766815.1|G0000023
split_0009	GCA_001775995.1|G0000024
split_0009	GCA_002067095.1|G0000033
split_0009	GCA_002067095.1|G0000034
split_0009	GCA_002067315.1|G0000035
split_0009	GCA_002067315.1|G0000036
split_0009	GCA_002067315.1|G0000037
split_0009	GCA_002067795.1|G0000038
split_0009	GCA_002067865.1|G0000040
split_0009	GCA_002067865.1|G0000041
split_0009	GCA_002495885.1|G0000045
split_0009	GCA_002496395.1|G0000046
split_0009	GCA_002497075.1|G0000047
split_0009	GCA_002497075.1|G0000049
split_0009	GCA_002499905.1|G0000050
split_0009	GCA_002501765.1|G0000051
split_0009	GCA_002503135.1|G0000052
split_0009	GCA_002503885.1|G0000053
split_0009	GCA_002503885.1|G0000054
split_0009	GCA_002506015.1|G0000056
split_0009	GCA_002508545.1|G0000057
split_0009	GCA_002839545.1|G0000061
split_0009	GCA_003135935.1|G0000067
split_0009	GCA_003194445.1|G0000069
split_0009	GCA_004028775.1|G0000073
split_0009	GCA_004028775.1|G0000074
split_0009	GCA_009780575.1|G0000079
split_0009	GCA_011048835.1|G0000081
split_0009	GCA_013154335.1|G0000083
split_0009	GCA_013331375.1|G0000086
split_0009	GCA_013415695.1|G0000088
split_0009	GCA_013538675.1|G0000090
split_0009	GCA_014859725.1|G0000092
split_0009	GCA_015660865.1|G0000103
split_0009	GCA_015660915.1|G0000104
split_0009	GCA_015661555.1|G0000105
split_0009	GCA_016841265.1|G0000114
split_0009	GCA_016841265.1|G0000115
split_0009	GCA_016841265.1|G0000117
split_0009	GCA_016841485.1|G0000118
split_0009	GCA_016937345.1|G0000120
split_0009	GCA_017395275.1|G0000121
split_0009	GCA_017883965.1|G0000122
split_0009	GCA_018302335.1|G0000123
split_0009	GCA_018396695.1|G0000124
split_0009	GCA_019685575.1|G0000136
split_0009	GCA_019721035.1|G0000137
split_0009	GCA_020725985.1|G0000139
split_0009	GCA_021108405.1|G0000143
split_0009	GCA_021158865.1|G0000144
split_0009	GCA_021162065.1|G0000146
split_0009	GCA_021798195.1|G0000147
split_0009	GCA_021802125.1|G0000148
split_0009	GCA_021802125.1|G0000149
split_0009	GCA_021806165.1|G0000150
split_0009	GCA_023229165.1|G0000152
split_0009	GCA_025059745.1|G0000155
split_0009	GCA_026014815.1|G0000157
split_0009	GCA_026394375.1|G0000159
split_0009	GCA_026394375.1|G0000160
split_0009	GCA_028275385.1|G0000170
split_0009	GCA_028678665.1|G0000172
split_0009	GCA_028679985.1|G0000173
split_0009	GCA_028679985.1|G0000175
split_0009	GCA_029259545.1|G0000179
split_0009	GCA_029907465.1|G0000182
split_0009	GCA_029907465.1|G0000184
split_0009	GCA_029907705.1|G0000185
split_0009	GCA_029907705.1|G0000186
split_0009	GCA_029907705.1|G0000187
split_0009	GCA_030019205.1|G0000189
split_0009	GCA_030019205.1|G0000190
split_0009	GCA_030604065.1|G0000192
split_0009	GCA_030605385.1|G0000193
split_0009	GCA_030605805.1|G0000194
split_0009	GCA_030611045.1|G0000196
split_0009	GCA_030611045.1|G0000197
split_0009	GCA_030611045.1|G0000198
split_0009	GCA_030611265.1|G0000201
split_0009	GCA_030627385.1|G0000203
split_0009	GCA_033581555.1|G0000205
split_0009	GCA_034190245.1|G0000206
split_0009	GCA_034659235.1|G0000209
split_0009	GCA_035531115.1|G0000210
split_0009	GCA_035624185.1|G0000212
split_0009	GCA_035624185.1|G0000213
split_0009	GCA_038851035.1|G0000228
split_0009	GCA_038861055.1|G0000230
split_0009	GCA_038881315.1|G0000231
split_0009	GCA_038894255.1|G0000234
split_0009	GCA_040776445.1|G0000235
split_0009	GCA_046539605.1|G0000237
split_0009	GCA_046546175.1|G0000239
split_0009	GCA_046546175.1|G0000240
split_0009	GCA_046546175.1|G0000241
split_0009	GCA_046546175.1|G0000242
split_0009	GCA_046546175.1|G0000244
split_0009	GCA_052246955.1|G0000247
split_0009	GCA_052626505.1|G0000249
split_0009	GCA_054381345.1|G0000252
split_0009	GCA_963677995.1|G0000261
split_0009	GCF_000008645.1|G0000264
split_0009	GCF_000008645.1|G0000265
split_0009	GCF_000008645.1|G0000266
split_0009	GCF_000011005.1|G0000267
split_0009	GCF_000016125.1|G0000268
split_0009	GCF_000023985.1|G0000269
split_0009	GCF_000214415.1|G0000270
split_0009	GCF_000275865.1|G0000271
split_0009	GCF_000275865.1|G0000272
split_0009	GCF_000327485.1|G0000273
split_0009	GCF_004102725.1|G0000275
split_0009	GCF_004102725.1|G0000276
split_0009	GCF_021023085.1|G0000277
split_0009	GCF_021023085.1|G0000278
split_0009	GCF_946463545.1|G0000279
split_0009	GOMC.bin.3195|G0000284
split_0009	GOMC.bin.831|G0000289
split_0010	CRR476095_bin.3|G0000001
split_0010	ERR2027894_bin.22|G0000002
split_0010	ERR2027902_bin.36|G0000003
split_0010	ERR2282092_bin.34|G0000004
split_0010	ERR4283445_bin.66|G0000006
split_0010	GCA_000166095.1|G0000007
split_0010	GCA_000166095.1|G0000008
split_0010	GCA_000306725.1|G0000009
split_0010	GCA_000306725.1|G0000010
split_0010	GCA_000306725.1|G0000011
split_0010	GCA_000309865.1|G0000012
split_0010	GCA_000309865.1|G0000013
split_0010	GCA_000309865.1|G0000014
split_0010	GCA_001412355.1|G0000015
split_0010	GCA_001507955.1|G0000016
split_0010	GCA_001507955.1|G0000017
split_0010	GCA_001507955.1|G0000018
split_0010	GCA_001509375.1|G0000019
split_0010	GCA_001717025.1|G0000022
split_0010	GCA_001766815.1|G0000023
split_0010	GCA_001775995.1|G0000024
split_0010	GCA_002067095.1|G0000033
split_0010	GCA_002067095.1|G0000034
split_0010	GCA_002067315.1|G0000035
split_0010	GCA_002067315.1|G0000036
split_0010	GCA_002067315.1|G0000037
split_0010	GCA_002067795.1|G0000038
split_0010	GCA_002067865.1|G0000040
split_0010	GCA_002067865.1|G0000041
split_0010	GCA_002495885.1|G0000045
split_0010	GCA_002496395.1|G0000046
split_0010	GCA_002497075.1|G0000047
split_0010	GCA_002497075.1|G0000049
split_0010	GCA_002499905.1|G0000050
split_0010	GCA_002501765.1|G0000051
split_0010	GCA_002503135.1|G0000052
split_0010	GCA_002503885.1|G0000053
split_0010	GCA_002503885.1|G0000054
split_0010	GCA_002506015.1|G0000056
split_0010	GCA_002508545.1|G0000057
split_0010	GCA_002839545.1|G0000061
split_0010	GCA_003135935.1|G0000067
split_0010	GCA_003194445.1|G0000069
split_0010	GCA_004028775.1|G0000073
split_0010	GCA_004028775.1|G0000074
split_0010	GCA_009780575.1|G0000079
split_0010	GCA_011048835.1|G0000081
split_0010	GCA_013154335.1|G0000083
split_0010	GCA_013331375.1|G0000086
split_0010	GCA_013415695.1|G0000088
split_0010	GCA_013538675.1|G0000090
split_0010	GCA_014859725.1|G0000092
split_0010	GCA_015660865.1|G0000103
split_0010	GCA_015660915.1|G0000104
split_0010	GCA_015661555.1|G0000105
split_0010	GCA_016841265.1|G0000114
split_0010	GCA_016841265.1|G0000115
split_0010	GCA_016841265.1|G0000117
split_0010	GCA_016841485.1|G0000118
split_0010	GCA_016937345.1|G0000120
split_0010	GCA_017395275.1|G0000121
split_0010	GCA_017883965.1|G0000122
split_0010	GCA_018302335.1|G0000123
split_0010	GCA_018396695.1|G0000124
split_0010	GCA_018396725.1|G0000125
split_0010	GCA_019685575.1|G0000136
split_0010	GCA_019721035.1|G0000137
split_0010	GCA_020725985.1|G0000139
split_0010	GCA_021108405.1|G0000143
split_0010	GCA_021158865.1|G0000144
split_0010	GCA_021162065.1|G0000146
split_0010	GCA_021798195.1|G0000147
split_0010	GCA_021802125.1|G0000148
split_0010	GCA_021802125.1|G0000149
split_0010	GCA_021806165.1|G0000150
split_0010	GCA_023229165.1|G0000152
split_0010	GCA_025059745.1|G0000155
split_0010	GCA_026014815.1|G0000157
split_0010	GCA_026394375.1|G0000159
split_0010	GCA_026394375.1|G0000160
split_0010	GCA_028275385.1|G0000170
split_0010	GCA_028678665.1|G0000172
split_0010	GCA_028679985.1|G0000173
split_0010	GCA_028679985.1|G0000175
split_0010	GCA_029259545.1|G0000179
split_0010	GCA_029907465.1|G0000182
split_0010	GCA_029907465.1|G0000184
split_0010	GCA_029907705.1|G0000185
split_0010	GCA_029907705.1|G0000186
split_0010	GCA_029907705.1|G0000187
split_0010	GCA_030019205.1|G0000189
split_0010	GCA_030019205.1|G0000190
split_0010	GCA_030604065.1|G0000192
split_0010	GCA_030605385.1|G0000193
split_0010	GCA_030605805.1|G0000194
split_0010	GCA_030611045.1|G0000196
split_0010	GCA_030611045.1|G0000197
split_0010	GCA_030611045.1|G0000198
split_0010	GCA_030611265.1|G0000201
split_0010	GCA_030627385.1|G0000203
split_0010	GCA_033581555.1|G0000205
split_0010	GCA_034190245.1|G0000206
split_0010	GCA_034659235.1|G0000209
split_0010	GCA_035531115.1|G0000210
split_0010	GCA_035624185.1|G0000212
split_0010	GCA_035624185.1|G0000213
split_0010	GCA_037443105.1|G0000221
split_0010	GCA_038851035.1|G0000228
split_0010	GCA_038861055.1|G0000230
split_0010	GCA_038881315.1|G0000231
split_0010	GCA_038894255.1|G0000234
split_0010	GCA_040776445.1|G0000235
split_0010	GCA_046539605.1|G0000237
split_0010	GCA_046546175.1|G0000239
split_0010	GCA_046546175.1|G0000240
split_0010	GCA_046546175.1|G0000241
split_0010	GCA_046546175.1|G0000242
split_0010	GCA_046546175.1|G0000244
split_0010	GCA_052246955.1|G0000247
split_0010	GCA_052626505.1|G0000249
split_0010	GCA_054381345.1|G0000252
split_0010	GCA_963677995.1|G0000261
split_0010	GCF_000008645.1|G0000264
split_0010	GCF_000008645.1|G0000265
split_0010	GCF_000008645.1|G0000266
split_0010	GCF_000011005.1|G0000267
split_0010	GCF_000016125.1|G0000268
split_0010	GCF_000023985.1|G0000269
split_0010	GCF_000214415.1|G0000270
split_0010	GCF_000275865.1|G0000271
split_0010	GCF_000275865.1|G0000272
split_0010	GCF_000327485.1|G0000273
split_0010	GCF_004102725.1|G0000275
split_0010	GCF_004102725.1|G0000276
split_0010	GCF_021023085.1|G0000277
split_0010	GCF_021023085.1|G0000278
split_0010	GCF_946463545.1|G0000279
split_0010	GOMC.bin.3195|G0000284
split_0010	GOMC.bin.831|G0000289
split_0011	ERR4283445_bin.66|G0000005
split_0011	GCA_002010195.1|G0000027
split_0011	GCA_002011155.2|G0000031
split_0011	GCA_002067865.1|G0000039
split_0011	GCA_002497075.1|G0000048
split_0011	GCA_002508545.1|G0000058
split_0011	GCA_003661905.1|G0000070
split_0011	GCA_004348015.1|G0000075
split_0011	GCA_005191415.1|G0000076
split_0011	GCA_005191425.1|G0000077
split_0011	GCA_005223125.1|G0000078
split_0011	GCA_009889585.1|G0000080
split_0011	GCA_013388925.1|G0000087
split_0011	GCA_013415695.1|G0000089
split_0011	GCA_015520145.1|G0000098
split_0011	GCA_015520145.1|G0000099
split_0011	GCA_015523685.1|G0000101
split_0011	GCA_015661855.1|G0000106
split_0011	GCA_016292335.1|G0000108
split_0011	GCA_016294985.1|G0000110
split_0011	GCA_016839585.1|G0000111
split_0011	GCA_016839585.1|G0000112
split_0011	GCA_016839765.1|G0000113
split_0011	GCA_019056805.1|G0000127
split_0011	GCA_019057385.1|G0000128
split_0011	GCA_019058015.1|G0000129
split_0011	GCA_019058135.1|G0000130
split_0011	GCA_019058315.1|G0000132
split_0011	GCA_019058495.1|G0000133
split_0011	GCA_020725985.1|G0000140
split_0011	GCA_021160575.1|G0000145
split_0011	GCA_024860865.1|G0000153
split_0011	GCA_026015225.1|G0000158
split_0011	GCA_026394375.1|G0000161
split_0011	GCA_026414225.1|G0000162
split_0011	GCA_027051165.1|G0000165
split_0011	GCA_027051265.1|G0000166
split_0011	GCA_027083135.1|G0000168
split_0011	GCA_027491845.1|G0000169
split_0011	GCA_028679985.1|G0000174
split_0011	GCA_029258925.1|G0000176
split_0011	GCA_029259155.1|G0000177
split_0011	GCA_029259355.1|G0000178
split_0011	GCA_029856295.1|G0000180
split_0011	GCA_029856435.1|G0000181
split_0011	GCA_029907465.1|G0000183
split_0011	GCA_030604065.1|G0000191
split_0011	GCA_030610785.1|G0000195
split_0011	GCA_034190245.1|G0000207
split_0011	GCA_034190245.1|G0000208
split_0011	GCA_035531115.1|G0000211
split_0011	GCA_037308085.1|G0000216
split_0011	GCA_037386725.1|G0000217
split_0011	GCA_037443105.1|G0000220
split_0011	GCA_038818435.1|G0000223
split_0011	GCA_038825615.1|G0000224
split_0011	GCA_038840055.1|G0000225
split_0011	GCA_038840055.1|G0000226
split_0011	GCA_038849525.1|G0000227
split_0011	GCA_038861055.1|G0000229
split_0011	GCA_038884815.1|G0000232
split_0011	GCA_038890975.1|G0000233
split_0011	GCA_046539285.1|G0000236
split_0011	GCA_046539605.1|G0000238
split_0011	GCA_048887225.1|G0000245
split_0011	GCA_054381345.1|G0000251
split_0011	GCA_054381475.1|G0000253
split_0011	GCA_054383535.1|G0000256
split_0011	GCA_054383595.1|G0000258
split_0011	GCA_054384595.1|G0000259
split_0011	GOMC.bin.11076|G0000280
split_0011	GOMC.bin.11076|G0000281
split_0011	GOMC.bin.2493|G0000282
split_0011	GOMC.bin.2890|G0000283
split_0011	GOMC.bin.3628|G0000285
split_0012	ERR4283445_bin.66|G0000005
split_0012	GCA_002010195.1|G0000027
split_0012	GCA_002011155.2|G0000031
split_0012	GCA_002067865.1|G0000039
split_0012	GCA_002497075.1|G0000048
split_0012	GCA_002508545.1|G0000058
split_0012	GCA_004348015.1|G0000075
split_0012	GCA_005191415.1|G0000076
split_0012	GCA_005191425.1|G0000077
split_0012	GCA_005223125.1|G0000078
split_0012	GCA_009889585.1|G0000080
split_0012	GCA_013388925.1|G0000087
split_0012	GCA_013415695.1|G0000089
split_0012	GCA_015520145.1|G0000098
split_0012	GCA_015520145.1|G0000099
split_0012	GCA_015523685.1|G0000101
split_0012	GCA_016292335.1|G0000108
split_0012	GCA_016294985.1|G0000110
split_0012	GCA_016839585.1|G0000111
split_0012	GCA_016839585.1|G0000112
split_0012	GCA_016839765.1|G0000113
split_0012	GCA_019056805.1|G0000127
split_0012	GCA_019057385.1|G0000128
split_0012	GCA_019058015.1|G0000129
split_0012	GCA_019058135.1|G0000130
split_0012	GCA_019058315.1|G0000132
split_0012	GCA_019058495.1|G0000133
split_0012	GCA_020725985.1|G0000140
split_0012	GCA_021160575.1|G0000145
split_0012	GCA_024860865.1|G0000153
split_0012	GCA_026015225.1|G0000158
split_0012	GCA_026394375.1|G0000161
split_0012	GCA_026414225.1|G0000162
split_0012	GCA_027051165.1|G0000165
split_0012	GCA_027051265.1|G0000166
split_0012	GCA_027491845.1|G0000169
split_0012	GCA_028679985.1|G0000174
split_0012	GCA_029259155.1|G0000177
split_0012	GCA_029259355.1|G0000178
split_0012	GCA_029856295.1|G0000180
split_0012	GCA_029856435.1|G0000181
split_0012	GCA_029907465.1|G0000183
split_0012	GCA_030604065.1|G0000191
split_0012	GCA_030610785.1|G0000195
split_0012	GCA_034190245.1|G0000207
split_0012	GCA_034190245.1|G0000208
split_0012	GCA_035531115.1|G0000211
split_0012	GCA_037308085.1|G0000216
split_0012	GCA_037386725.1|G0000217
split_0012	GCA_037443105.1|G0000220
split_0012	GCA_038818435.1|G0000223
split_0012	GCA_038825615.1|G0000224
split_0012	GCA_038840055.1|G0000225
split_0012	GCA_038840055.1|G0000226
split_0012	GCA_038861055.1|G0000229
split_0012	GCA_046539605.1|G0000238
split_0012	GCA_048887225.1|G0000245
split_0012	GCA_054381345.1|G0000251
split_0012	GCA_054381475.1|G0000253
split_0012	GCA_054383535.1|G0000256
split_0012	GCA_054383595.1|G0000258
split_0012	GCA_054384595.1|G0000259
split_0012	GOMC.bin.11076|G0000280
split_0012	GOMC.bin.11076|G0000281
split_0012	GOMC.bin.2493|G0000282
split_0013	ERR4283445_bin.66|G0000005
split_0013	GCA_002011155.2|G0000031
split_0013	GCA_002067865.1|G0000039
split_0013	GCA_002497075.1|G0000048
split_0013	GCA_002508545.1|G0000058
split_0013	GCA_004348015.1|G0000075
split_0013	GCA_005191415.1|G0000076
split_0013	GCA_005191425.1|G0000077
split_0013	GCA_005223125.1|G0000078
split_0013	GCA_013388925.1|G0000087
split_0013	GCA_013415695.1|G0000089
split_0013	GCA_015523685.1|G0000101
split_0013	GCA_016292335.1|G0000108
split_0013	GCA_016294985.1|G0000110
split_0013	GCA_016839585.1|G0000111
split_0013	GCA_016839585.1|G0000112
split_0013	GCA_016839765.1|G0000113
split_0013	GCA_019056805.1|G0000127
split_0013	GCA_019057385.1|G0000128
split_0013	GCA_019058015.1|G0000129
split_0013	GCA_019058135.1|G0000130
split_0013	GCA_019058315.1|G0000132
split_0013	GCA_019058495.1|G0000133
split_0013	GCA_020725985.1|G0000140
split_0013	GCA_021160575.1|G0000145
split_0013	GCA_026015225.1|G0000158
split_0013	GCA_026394375.1|G0000161
split_0013	GCA_026414225.1|G0000162
split_0013	GCA_027491845.1|G0000169
split_0013	GCA_028679985.1|G0000174
split_0013	GCA_029259155.1|G0000177
split_0013	GCA_029259355.1|G0000178
split_0013	GCA_029856295.1|G0000180
split_0013	GCA_029856435.1|G0000181
split_0013	GCA_029907465.1|G0000183
split_0013	GCA_030604065.1|G0000191
split_0013	GCA_030610785.1|G0000195
split_0013	GCA_034190245.1|G0000207
split_0013	GCA_034190245.1|G0000208
split_0013	GCA_035531115.1|G0000211
split_0013	GCA_037308085.1|G0000216
split_0013	GCA_037386725.1|G0000217
split_0013	GCA_037443105.1|G0000220
split_0013	GCA_038818435.1|G0000223
split_0013	GCA_038825615.1|G0000224
split_0013	GCA_038840055.1|G0000225
split_0013	GCA_038840055.1|G0000226
split_0013	GCA_038861055.1|G0000229
split_0013	GCA_046539605.1|G0000238
split_0013	GCA_048887225.1|G0000245
split_0013	GCA_054381345.1|G0000251
split_0013	GCA_054381475.1|G0000253
split_0013	GCA_054383535.1|G0000256
split_0013	GCA_054383595.1|G0000258
split_0013	GCA_054384595.1|G0000259
split_0013	GOMC.bin.11076|G0000280
split_0013	GOMC.bin.11076|G0000281
split_0013	GOMC.bin.2493|G0000282
split_0014	ERR4283445_bin.66|G0000005
split_0014	GCA_002011155.2|G0000031
split_0014	GCA_002067865.1|G0000039
split_0014	GCA_002497075.1|G0000048
split_0014	GCA_002508545.1|G0000058
split_0014	GCA_004348015.1|G0000075
split_0014	GCA_005191415.1|G0000076
split_0014	GCA_005191425.1|G0000077
split_0014	GCA_005223125.1|G0000078
split_0014	GCA_013388925.1|G0000087
split_0014	GCA_013415695.1|G0000089
split_0014	GCA_015523685.1|G0000101
split_0014	GCA_016292335.1|G0000108
split_0014	GCA_016294985.1|G0000110
split_0014	GCA_016839585.1|G0000111
split_0014	GCA_016839585.1|G0000112
split_0014	GCA_016839765.1|G0000113
split_0014	GCA_019056805.1|G0000127
split_0014	GCA_019057385.1|G0000128
split_0014	GCA_019058015.1|G0000129
split_0014	GCA_019058135.1|G0000130
split_0014	GCA_019058315.1|G0000132
split_0014	GCA_019058495.1|G0000133
split_0014	GCA_020725985.1|G0000140
split_0014	GCA_021160575.1|G0000145
split_0014	GCA_026015225.1|G0000158
split_0014	GCA_026394375.1|G0000161
split_0014	GCA_026414225.1|G0000162
split_0014	GCA_027491845.1|G0000169
split_0014	GCA_028679985.1|G0000174
split_0014	GCA_029259155.1|G0000177
split_0014	GCA_029259355.1|G0000178
split_0014	GCA_029856295.1|G0000180
split_0014	GCA_029856435.1|G0000181
split_0014	GCA_029907465.1|G0000183
split_0014	GCA_030604065.1|G0000191
split_0014	GCA_030610785.1|G0000195
split_0014	GCA_034190245.1|G0000207
split_0014	GCA_034190245.1|G0000208
split_0014	GCA_035531115.1|G0000211
split_0014	GCA_037386725.1|G0000217
split_0014	GCA_037443105.1|G0000220
split_0014	GCA_038818435.1|G0000223
split_0014	GCA_038825615.1|G0000224
split_0014	GCA_038840055.1|G0000225
split_0014	GCA_038840055.1|G0000226
split_0014	GCA_038861055.1|G0000229
split_0014	GCA_046539605.1|G0000238
split_0014	GCA_048887225.1|G0000245
split_0014	GCA_054381345.1|G0000251
split_0014	GCA_054381475.1|G0000253
split_0014	GCA_054383535.1|G0000256
split_0014	GCA_054383595.1|G0000258
split_0014	GCA_054384595.1|G0000259
split_0014	GOMC.bin.11076|G0000280
split_0014	GOMC.bin.11076|G0000281
split_0014	GOMC.bin.2493|G0000282
split_0015	ERR4283445_bin.66|G0000005
split_0015	GCA_002011155.2|G0000031
split_0015	GCA_002067865.1|G0000039
split_0015	GCA_002497075.1|G0000048
split_0015	GCA_002508545.1|G0000058
split_0015	GCA_004348015.1|G0000075
split_0015	GCA_005191415.1|G0000076
split_0015	GCA_005191425.1|G0000077
split_0015	GCA_005223125.1|G0000078
split_0015	GCA_013388925.1|G0000087
split_0015	GCA_013415695.1|G0000089
split_0015	GCA_015523685.1|G0000101
split_0015	GCA_016292335.1|G0000108
split_0015	GCA_016294985.1|G0000110
split_0015	GCA_016839585.1|G0000111
split_0015	GCA_016839585.1|G0000112
split_0015	GCA_016839765.1|G0000113
split_0015	GCA_019056805.1|G0000127
split_0015	GCA_019057385.1|G0000128
split_0015	GCA_019058015.1|G0000129
split_0015	GCA_019058135.1|G0000130
split_0015	GCA_019058315.1|G0000132
split_0015	GCA_019058495.1|G0000133
split_0015	GCA_020725985.1|G0000140
split_0015	GCA_021160575.1|G0000145
split_0015	GCA_026015225.1|G0000158
split_0015	GCA_026394375.1|G0000161
split_0015	GCA_026414225.1|G0000162
split_0015	GCA_027491845.1|G0000169
split_0015	GCA_028679985.1|G0000174
split_0015	GCA_029259155.1|G0000177
split_0015	GCA_029259355.1|G0000178
split_0015	GCA_029856295.1|G0000180
split_0015	GCA_029856435.1|G0000181
split_0015	GCA_029907465.1|G0000183
split_0015	GCA_030604065.1|G0000191
split_0015	GCA_030610785.1|G0000195
split_0015	GCA_034190245.1|G0000207
split_0015	GCA_034190245.1|G0000208
split_0015	GCA_035531115.1|G0000211
split_0015	GCA_037386725.1|G0000217
split_0015	GCA_037443105.1|G0000220
split_0015	GCA_038818435.1|G0000223
split_0015	GCA_038825615.1|G0000224
split_0015	GCA_038840055.1|G0000225
split_0015	GCA_038861055.1|G0000229
split_0015	GCA_046539605.1|G0000238
split_0015	GCA_048887225.1|G0000245
split_0015	GCA_054381345.1|G0000251
split_0015	GCA_054381475.1|G0000253
split_0015	GCA_054383535.1|G0000256
split_0015	GCA_054383595.1|G0000258
split_0015	GCA_054384595.1|G0000259
split_0015	GOMC.bin.11076|G0000280
split_0015	GOMC.bin.11076|G0000281
split_0015	GOMC.bin.2493|G0000282
split_0016	ERR4283445_bin.66|G0000005
split_0016	GCA_002067865.1|G0000039
split_0016	GCA_002497075.1|G0000048
split_0016	GCA_002508545.1|G0000058
split_0016	GCA_004348015.1|G0000075
split_0016	GCA_005191415.1|G0000076
split_0016	GCA_005191425.1|G0000077
split_0016	GCA_005223125.1|G0000078
split_0016	GCA_013388925.1|G0000087
split_0016	GCA_013415695.1|G0000089
split_0016	GCA_015523685.1|G0000101
split_0016	GCA_016292335.1|G0000108
split_0016	GCA_016839585.1|G0000111
split_0016	GCA_016839585.1|G0000112
split_0016	GCA_016839765.1|G0000113
split_0016	GCA_019056805.1|G0000127
split_0016	GCA_019058015.1|G0000129
split_0016	GCA_019058135.1|G0000130
split_0016	GCA_019058315.1|G0000132
split_0016	GCA_019058495.1|G0000133
split_0016	GCA_020725985.1|G0000140
split_0016	GCA_021160575.1|G0000145
split_0016	GCA_026015225.1|G0000158
split_0016	GCA_026394375.1|G0000161
split_0016	GCA_026414225.1|G0000162
split_0016	GCA_027491845.1|G0000169
split_0016	GCA_028679985.1|G0000174
split_0016	GCA_029259155.1|G0000177
split_0016	GCA_029259355.1|G0000178
split_0016	GCA_029856295.1|G0000180
split_0016	GCA_029856435.1|G0000181
split_0016	GCA_029907465.1|G0000183
split_0016	GCA_030604065.1|G0000191
split_0016	GCA_030610785.1|G0000195
split_0016	GCA_034190245.1|G0000207
split_0016	GCA_034190245.1|G0000208
split_0016	GCA_035531115.1|G0000211
split_0016	GCA_037386725.1|G0000217
split_0016	GCA_037443105.1|G0000220
split_0016	GCA_038818435.1|G0000223
split_0016	GCA_038825615.1|G0000224
split_0016	GCA_038840055.1|G0000225
split_0016	GCA_038861055.1|G0000229
split_0016	GCA_046539605.1|G0000238
split_0016	GCA_048887225.1|G0000245
split_0016	GCA_054381345.1|G0000251
split_0016	GCA_054381475.1|G0000253
split_0016	GCA_054383535.1|G0000256
split_0016	GCA_054383595.1|G0000258
split_0016	GCA_054384595.1|G0000259
split_0016	GOMC.bin.11076|G0000280
split_0016	GOMC.bin.11076|G0000281
split_0016	GOMC.bin.2493|G0000282
split_0017	ERR4283445_bin.66|G0000005
split_0017	GCA_002067865.1|G0000039
split_0017	GCA_002497075.1|G0000048
split_0017	GCA_002508545.1|G0000058
split_0017	GCA_005191415.1|G0000076
split_0017	GCA_005191425.1|G0000077
split_0017	GCA_013388925.1|G0000087
split_0017	GCA_013415695.1|G0000089
split_0017	GCA_016292335.1|G0000108
split_0017	GCA_019056805.1|G0000127
split_0017	GCA_019058315.1|G0000132
split_0017	GCA_020725985.1|G0000140
split_0017	GCA_026394375.1|G0000161
split_0017	GCA_026414225.1|G0000162
split_0017	GCA_027491845.1|G0000169
split_0017	GCA_028679985.1|G0000174
split_0017	GCA_029259155.1|G0000177
split_0017	GCA_029907465.1|G0000183
split_0017	GCA_030604065.1|G0000191
split_0017	GCA_034190245.1|G0000207
split_0017	GCA_035531115.1|G0000211
split_0017	GCA_037443105.1|G0000220
split_0017	GCA_038818435.1|G0000223
split_0017	GCA_046539605.1|G0000238
split_0017	GCA_054381345.1|G0000251
split_0017	GCA_054381475.1|G0000253
split_0017	GCA_054383535.1|G0000256
split_0017	GCA_054383595.1|G0000258
split_0017	GOMC.bin.11076|G0000280
split_0017	GOMC.bin.2493|G0000282
split_0018	ERR4283445_bin.66|G0000005
split_0018	GCA_002067865.1|G0000039
split_0018	GCA_002497075.1|G0000048
split_0018	GCA_002508545.1|G0000058
split_0018	GCA_013388925.1|G0000087
split_0018	GCA_013415695.1|G0000089
split_0018	GCA_016292335.1|G0000108
split_0018	GCA_019056805.1|G0000127
split_0018	GCA_020725985.1|G0000140
split_0018	GCA_026394375.1|G0000161
split_0018	GCA_026414225.1|G0000162
split_0018	GCA_028679985.1|G0000174
split_0018	GCA_029907465.1|G0000183
split_0018	GCA_030604065.1|G0000191
split_0018	GCA_037443105.1|G0000220
split_0018	GCA_046539605.1|G0000238
split_0019	ERR4283445_bin.66|G0000005
split_0019	GCA_002067865.1|G0000039
split_0019	GCA_002497075.1|G0000048
split_0019	GCA_002508545.1|G0000058
split_0019	GCA_013388925.1|G0000087
split_0019	GCA_013415695.1|G0000089
split_0019	GCA_019056805.1|G0000127
split_0019	GCA_020725985.1|G0000140
split_0019	GCA_026394375.1|G0000161
split_0019	GCA_026414225.1|G0000162
split_0019	GCA_028679985.1|G0000174
split_0019	GCA_029907465.1|G0000183
split_0019	GCA_030604065.1|G0000191
split_0019	GCA_046539605.1|G0000238
split_0020	ERR4283445_bin.66|G0000005
split_0020	GCA_002067865.1|G0000039
split_0020	GCA_002497075.1|G0000048
split_0020	GCA_002508545.1|G0000058
split_0020	GCA_013388925.1|G0000087
split_0020	GCA_013415695.1|G0000089
split_0020	GCA_019056805.1|G0000127
split_0020	GCA_020725985.1|G0000140
split_0020	GCA_026394375.1|G0000161
split_0020	GCA_028679985.1|G0000174
split_0020	GCA_029907465.1|G0000183
split_0020	GCA_030604065.1|G0000191
split_0020	GCA_046539605.1|G0000238
split_0021	ERR4283445_bin.66|G0000005
split_0021	GCA_002067865.1|G0000039
split_0021	GCA_002497075.1|G0000048
split_0021	GCA_002508545.1|G0000058
split_0021	GCA_013388925.1|G0000087
split_0021	GCA_013415695.1|G0000089
split_0021	GCA_020725985.1|G0000140
split_0021	GCA_026394375.1|G0000161
split_0021	GCA_028679985.1|G0000174
split_0021	GCA_029907465.1|G0000183
split_0021	GCA_030604065.1|G0000191
split_0021	GCA_046539605.1|G0000238
split_0022	ERR4283445_bin.66|G0000005
split_0022	GCA_002067865.1|G0000039
split_0022	GCA_002497075.1|G0000048
split_0022	GCA_002508545.1|G0000058
split_0022	GCA_013415695.1|G0000089
split_0022	GCA_020725985.1|G0000140
split_0022	GCA_026394375.1|G0000161
split_0022	GCA_028679985.1|G0000174
split_0022	GCA_029907465.1|G0000183
split_0022	GCA_030604065.1|G0000191
split_0022	GCA_046539605.1|G0000238
split_0023	ERR4283445_bin.66|G0000005
split_0023	GCA_002067865.1|G0000039
split_0023	GCA_002497075.1|G0000048
split_0023	GCA_002508545.1|G0000058
split_0023	GCA_013415695.1|G0000089
split_0023	GCA_020725985.1|G0000140
split_0023	GCA_026394375.1|G0000161
split_0023	GCA_028679985.1|G0000174
split_0023	GCA_029907465.1|G0000183
split_0023	GCA_046539605.1|G0000238
split_0024	ERR4283445_bin.66|G0000005
split_0024	GCA_002508545.1|G0000058
split_0024	GCA_013415695.1|G0000089
split_0024	GCA_020725985.1|G0000140
split_0024	GCA_026394375.1|G0000161
split_0024	GCA_028679985.1|G0000174
split_0024	GCA_029907465.1|G0000183
split_0024	GCA_046539605.1|G0000238
split_0025	ERR4283445_bin.66|G0000005
split_0025	GCA_002508545.1|G0000058
split_0025	GCA_013415695.1|G0000089
split_0025	GCA_020725985.1|G0000140
split_0025	GCA_028679985.1|G0000174
split_0025	GCA_029907465.1|G0000183
split_0025	GCA_046539605.1|G0000238
split_0026	ERR4283445_bin.66|G0000005
split_0026	GCA_002508545.1|G0000058
split_0026	GCA_013415695.1|G0000089
split_0026	GCA_046539605.1|G0000238
split_0027	ERR4283445_bin.66|G0000005
split_0027	GCA_002508545.1|G0000058
split_0028	GCA_013415695.1|G0000089
split_0028	GCA_046539605.1|G0000238
split_0029	GCA_020725985.1|G0000140
split_0029	GCA_028679985.1|G0000174
split_0029	GCA_029907465.1|G0000183
split_0030	GCA_028679985.1|G0000174
split_0030	GCA_029907465.1|G0000183
split_0031	GCA_002067865.1|G0000039
split_0031	GCA_002497075.1|G0000048
split_0032	GCA_016292335.1|G0000108
split_0032	GCA_037443105.1|G0000220
split_0033	GCA_005191415.1|G0000076
split_0033	GCA_005191425.1|G0000077
split_0033	GCA_019058315.1|G0000132
split_0033	GCA_027491845.1|G0000169
split_0033	GCA_029259155.1|G0000177
split_0033	GCA_034190245.1|G0000207
split_0033	GCA_035531115.1|G0000211
split_0033	GCA_038818435.1|G0000223
split_0033	GCA_054381345.1|G0000251
split_0033	GCA_054381475.1|G0000253
split_0033	GCA_054383535.1|G0000256
split_0033	GCA_054383595.1|G0000258
split_0033	GOMC.bin.11076|G0000280
split_0033	GOMC.bin.2493|G0000282
split_0034	GCA_005191415.1|G0000076
split_0034	GCA_005191425.1|G0000077
split_0034	GCA_019058315.1|G0000132
split_0034	GCA_027491845.1|G0000169
split_0034	GCA_029259155.1|G0000177
split_0034	GCA_034190245.1|G0000207
split_0034	GCA_035531115.1|G0000211
split_0034	GCA_054381345.1|G0000251
split_0034	GCA_054381475.1|G0000253
split_0034	GCA_054383535.1|G0000256
split_0034	GCA_054383595.1|G0000258
split_0034	GOMC.bin.11076|G0000280
split_0034	GOMC.bin.2493|G0000282
split_0035	GCA_005191415.1|G0000076
split_0035	GCA_005191425.1|G0000077
split_0035	GCA_019058315.1|G0000132
split_0035	GCA_034190245.1|G0000207
split_0035	GCA_035531115.1|G0000211
split_0035	GCA_054381345.1|G0000251
split_0035	GCA_054381475.1|G0000253
split_0035	GCA_054383535.1|G0000256
split_0035	GCA_054383595.1|G0000258
split_0035	GOMC.bin.11076|G0000280
split_0036	GCA_005191415.1|G0000076
split_0036	GCA_005191425.1|G0000077
split_0036	GCA_019058315.1|G0000132
split_0036	GCA_035531115.1|G0000211
split_0036	GCA_054381345.1|G0000251
split_0036	GCA_054381475.1|G0000253
split_0036	GCA_054383535.1|G0000256
split_0036	GCA_054383595.1|G0000258
split_0037	GCA_005191415.1|G0000076
split_0037	GCA_005191425.1|G0000077
split_0037	GCA_035531115.1|G0000211
split_0037	GCA_054381345.1|G0000251
split_0037	GCA_054381475.1|G0000253
split_0037	GCA_054383595.1|G0000258
split_0038	GCA_005191415.1|G0000076
split_0038	GCA_035531115.1|G0000211
split_0038	GCA_054381345.1|G0000251
split_0038	GCA_054381475.1|G0000253
split_0039	GCA_005191415.1|G0000076
split_0039	GCA_035531115.1|G0000211
split_0039	GCA_054381345.1|G0000251
split_0040	GCA_005191415.1|G0000076
split_0040	GCA_035531115.1|G0000211
split_0041	GCA_005191425.1|G0000077
split_0041	GCA_054383595.1|G0000258
split_0042	GCA_019058315.1|G0000132
split_0042	GCA_054383535.1|G0000256
split_0043	GCA_034190245.1|G0000207
split_0043	GOMC.bin.11076|G0000280
split_0044	GCA_027491845.1|G0000169
split_0044	GCA_029259155.1|G0000177
split_0044	GOMC.bin.2493|G0000282
split_0045	GCA_029259155.1|G0000177
split_0045	GOMC.bin.2493|G0000282
split_0046	GCA_004348015.1|G0000075
split_0046	GCA_005223125.1|G0000078
split_0046	GCA_015523685.1|G0000101
split_0046	GCA_016839585.1|G0000111
split_0046	GCA_016839585.1|G0000112
split_0046	GCA_016839765.1|G0000113
split_0046	GCA_019058015.1|G0000129
split_0046	GCA_019058135.1|G0000130
split_0046	GCA_019058495.1|G0000133
split_0046	GCA_021160575.1|G0000145
split_0046	GCA_026015225.1|G0000158
split_0046	GCA_029259355.1|G0000178
split_0046	GCA_029856295.1|G0000180
split_0046	GCA_029856435.1|G0000181
split_0046	GCA_030610785.1|G0000195
split_0046	GCA_034190245.1|G0000208
split_0046	GCA_037386725.1|G0000217
split_0046	GCA_038825615.1|G0000224
split_0046	GCA_038840055.1|G0000225
split_0046	GCA_038861055.1|G0000229
split_0046	GCA_048887225.1|G0000245
split_0046	GCA_054384595.1|G0000259
split_0046	GOMC.bin.11076|G0000281
split_0047	GCA_004348015.1|G0000075
split_0047	GCA_005223125.1|G0000078
split_0047	GCA_016839585.1|G0000111
split_0047	GCA_016839585.1|G0000112
split_0047	GCA_016839765.1|G0000113
split_0047	GCA_019058015.1|G0000129
split_0047	GCA_019058135.1|G0000130
split_0047	GCA_019058495.1|G0000133
split_0047	GCA_021160575.1|G0000145
split_0047	GCA_029856295.1|G0000180
split_0047	GCA_029856435.1|G0000181
split_0047	GCA_030610785.1|G0000195
split_0047	GCA_034190245.1|G0000208
split_0047	GCA_037386725.1|G0000217
split_0047	GCA_038825615.1|G0000224
split_0047	GCA_038840055.1|G0000225
split_0047	GCA_038861055.1|G0000229
split_0047	GCA_048887225.1|G0000245
split_0047	GCA_054384595.1|G0000259
split_0047	GOMC.bin.11076|G0000281
split_0048	GCA_004348015.1|G0000075
split_0048	GCA_021160575.1|G0000145
split_0048	GCA_038840055.1|G0000225
split_0048	GCA_038861055.1|G0000229
split_0049	GCA_004348015.1|G0000075
split_0049	GCA_021160575.1|G0000145
split_0049	GCA_038861055.1|G0000229
split_0050	GCA_004348015.1|G0000075
split_0050	GCA_038861055.1|G0000229
split_0051	GCA_005223125.1|G0000078
split_0051	GCA_016839585.1|G0000111
split_0051	GCA_016839585.1|G0000112
split_0051	GCA_016839765.1|G0000113
split_0051	GCA_019058015.1|G0000129
split_0051	GCA_019058135.1|G0000130
split_0051	GCA_019058495.1|G0000133
split_0051	GCA_029856295.1|G0000180
split_0051	GCA_029856435.1|G0000181
split_0051	GCA_030610785.1|G0000195
split_0051	GCA_034190245.1|G0000208
split_0051	GCA_037386725.1|G0000217
split_0051	GCA_038825615.1|G0000224
split_0051	GCA_048887225.1|G0000245
split_0051	GCA_054384595.1|G0000259
split_0051	GOMC.bin.11076|G0000281
split_0052	GCA_005223125.1|G0000078
split_0052	GCA_016839585.1|G0000111
split_0052	GCA_016839585.1|G0000112
split_0052	GCA_016839765.1|G0000113
split_0052	GCA_019058015.1|G0000129
split_0052	GCA_019058135.1|G0000130
split_0052	GCA_019058495.1|G0000133
split_0052	GCA_029856295.1|G0000180
split_0052	GCA_029856435.1|G0000181
split_0052	GCA_030610785.1|G0000195
split_0052	GCA_037386725.1|G0000217
split_0052	GCA_038825615.1|G0000224
split_0052	GCA_048887225.1|G0000245
split_0052	GCA_054384595.1|G0000259
split_0053	GCA_005223125.1|G0000078
split_0053	GCA_016839585.1|G0000111
split_0053	GCA_016839585.1|G0000112
split_0053	GCA_016839765.1|G0000113
split_0053	GCA_019058015.1|G0000129
split_0053	GCA_019058135.1|G0000130
split_0053	GCA_029856295.1|G0000180
split_0053	GCA_030610785.1|G0000195
split_0053	GCA_037386725.1|G0000217
split_0053	GCA_048887225.1|G0000245
split_0053	GCA_054384595.1|G0000259
split_0054	GCA_005223125.1|G0000078
split_0054	GCA_016839585.1|G0000111
split_0054	GCA_016839585.1|G0000112
split_0054	GCA_016839765.1|G0000113
split_0054	GCA_029856295.1|G0000180
split_0054	GCA_030610785.1|G0000195
split_0054	GCA_037386725.1|G0000217
split_0054	GCA_048887225.1|G0000245
split_0054	GCA_054384595.1|G0000259
split_0055	GCA_005223125.1|G0000078
split_0055	GCA_016839585.1|G0000111
split_0055	GCA_016839585.1|G0000112
split_0055	GCA_016839765.1|G0000113
split_0055	GCA_029856295.1|G0000180
split_0055	GCA_037386725.1|G0000217
split_0055	GCA_048887225.1|G0000245
split_0056	GCA_005223125.1|G0000078
split_0056	GCA_016839585.1|G0000111
split_0056	GCA_016839585.1|G0000112
split_0056	GCA_016839765.1|G0000113
split_0056	GCA_029856295.1|G0000180
split_0056	GCA_037386725.1|G0000217
split_0057	GCA_005223125.1|G0000078
split_0057	GCA_016839585.1|G0000111
split_0057	GCA_016839585.1|G0000112
split_0057	GCA_016839765.1|G0000113
split_0057	GCA_037386725.1|G0000217
split_0058	GCA_005223125.1|G0000078
split_0058	GCA_016839585.1|G0000111
split_0058	GCA_016839765.1|G0000113
split_0058	GCA_037386725.1|G0000217
split_0059	GCA_016839585.1|G0000111
split_0059	GCA_016839765.1|G0000113
split_0059	GCA_037386725.1|G0000217
split_0060	GCA_016839765.1|G0000113
split_0060	GCA_037386725.1|G0000217
split_0061	GCA_030610785.1|G0000195
split_0061	GCA_054384595.1|G0000259
split_0062	GCA_019058015.1|G0000129
split_0062	GCA_019058135.1|G0000130
split_0063	GCA_019058495.1|G0000133
split_0063	GCA_029856435.1|G0000181
split_0063	GCA_038825615.1|G0000224
split_0064	GCA_029856435.1|G0000181
split_0064	GCA_038825615.1|G0000224
split_0065	GCA_034190245.1|G0000208
split_0065	GOMC.bin.11076|G0000281
split_0066	GCA_015523685.1|G0000101
split_0066	GCA_026015225.1|G0000158
split_0066	GCA_029259355.1|G0000178
split_0067	GCA_026015225.1|G0000158
split_0067	GCA_029259355.1|G0000178
split_0068	GCA_002011155.2|G0000031
split_0068	GCA_016294985.1|G0000110
split_0068	GCA_019057385.1|G0000128
split_0069	GCA_016294985.1|G0000110
split_0069	GCA_019057385.1|G0000128
split_0070	GCA_002010195.1|G0000027
split_0070	GCA_009889585.1|G0000080
split_0070	GCA_015520145.1|G0000098
split_0070	GCA_015520145.1|G0000099
split_0070	GCA_024860865.1|G0000153
split_0070	GCA_027051165.1|G0000165
split_0070	GCA_027051265.1|G0000166
split_0071	GCA_009889585.1|G0000080
split_0071	GCA_015520145.1|G0000098
split_0071	GCA_015520145.1|G0000099
split_0071	GCA_024860865.1|G0000153
split_0071	GCA_027051165.1|G0000165
split_0071	GCA_027051265.1|G0000166
split_0072	GCA_009889585.1|G0000080
split_0072	GCA_024860865.1|G0000153
split_0073	GCA_015520145.1|G0000098
split_0073	GCA_015520145.1|G0000099
split_0073	GCA_027051165.1|G0000165
split_0073	GCA_027051265.1|G0000166
split_0074	GCA_015520145.1|G0000098
split_0074	GCA_015520145.1|G0000099
split_0075	GCA_027051165.1|G0000165
split_0075	GCA_027051265.1|G0000166
split_0076	GCA_003661905.1|G0000070
split_0076	GCA_015661855.1|G0000106
split_0076	GCA_027083135.1|G0000168
split_0076	GCA_029258925.1|G0000176
split_0076	GCA_038849525.1|G0000227
split_0076	GCA_038884815.1|G0000232
split_0076	GCA_038890975.1|G0000233
split_0076	GCA_046539285.1|G0000236
split_0076	GOMC.bin.2890|G0000283
split_0076	GOMC.bin.3628|G0000285
split_0077	GCA_003661905.1|G0000070
split_0077	GCA_015661855.1|G0000106
split_0077	GCA_027083135.1|G0000168
split_0077	GCA_029258925.1|G0000176
split_0077	GCA_038849525.1|G0000227
split_0077	GCA_038884815.1|G0000232
split_0077	GCA_038890975.1|G0000233
split_0077	GCA_046539285.1|G0000236
split_0077	GOMC.bin.2890|G0000283
split_0078	GCA_015661855.1|G0000106
split_0078	GCA_027083135.1|G0000168
split_0078	GCA_029258925.1|G0000176
split_0078	GCA_038849525.1|G0000227
split_0078	GCA_038884815.1|G0000232
split_0078	GCA_038890975.1|G0000233
split_0078	GCA_046539285.1|G0000236
split_0078	GOMC.bin.2890|G0000283
split_0079	GCA_015661855.1|G0000106
split_0079	GCA_027083135.1|G0000168
split_0079	GOMC.bin.2890|G0000283
split_0080	GCA_027083135.1|G0000168
split_0080	GOMC.bin.2890|G0000283
split_0081	GCA_029258925.1|G0000176
split_0081	GCA_038849525.1|G0000227
split_0081	GCA_038884815.1|G0000232
split_0081	GCA_038890975.1|G0000233
split_0081	GCA_046539285.1|G0000236
split_0082	GCA_038849525.1|G0000227
split_0082	GCA_038884815.1|G0000232
split_0082	GCA_038890975.1|G0000233
split_0082	GCA_046539285.1|G0000236
split_0083	GCA_038849525.1|G0000227
split_0083	GCA_038884815.1|G0000232
split_0083	GCA_038890975.1|G0000233
split_0084	GCA_038849525.1|G0000227
split_0084	GCA_038884815.1|G0000232
split_0085	GCA_001515205.2|G0000020
split_0085	GCA_001593935.1|G0000021
split_0085	GCA_002010065.2|G0000025
split_0085	GCA_002010195.1|G0000026
split_0085	GCA_002010215.1|G0000028
split_0085	GCA_002010305.1|G0000029
split_0085	GCA_002011035.2|G0000030
split_0085	GCA_002011155.2|G0000032
split_0085	GCA_002490245.1|G0000042
split_0085	GCA_002494725.1|G0000043
split_0085	GCA_002495885.1|G0000044
split_0085	GCA_002506015.1|G0000055
split_0085	GCA_002839545.1|G0000059
split_0085	GCA_002839545.1|G0000060
split_0085	GCA_002897955.1|G0000062
split_0085	GCA_003034855.1|G0000063
split_0085	GCA_003034855.1|G0000064
split_0085	GCA_003104905.1|G0000065
split_0085	GCA_003104905.1|G0000066
split_0085	GCA_003194445.1|G0000068
split_0085	GCA_003695745.1|G0000071
split_0085	GCA_003695745.1|G0000072
split_0085	GCA_013152845.1|G0000082
split_0085	GCA_013331375.1|G0000084
split_0085	GCA_013331375.1|G0000085
split_0085	GCA_014730165.1|G0000091
split_0085	GCA_014859725.1|G0000093
split_0085	GCA_015520145.1|G0000094
split_0085	GCA_015520145.1|G0000095
split_0085	GCA_015520145.1|G0000096
split_0085	GCA_015520145.1|G0000097
split_0085	GCA_015520475.1|G0000100
split_0085	GCA_015523685.1|G0000102
split_0085	GCA_016212785.1|G0000107
split_0085	GCA_016294985.1|G0000109
split_0085	GCA_016841265.1|G0000116
split_0085	GCA_016932615.1|G0000119
split_0085	GCA_018830205.1|G0000126
split_0085	GCA_019058315.1|G0000131
split_0085	GCA_019429385.1|G0000134
split_0085	GCA_019429385.1|G0000135
split_0085	GCA_019894715.1|G0000138
split_0085	GCA_020854925.1|G0000141
split_0085	GCA_021108405.1|G0000142
split_0085	GCA_023131705.1|G0000151
split_0085	GCA_024860865.1|G0000154
split_0085	GCA_026014815.1|G0000156
split_0085	GCA_026989875.1|G0000163
split_0085	GCA_027021185.1|G0000164
split_0085	GCA_027051265.1|G0000167
split_0085	GCA_028279585.1|G0000171
split_0085	GCA_030018135.1|G0000188
split_0085	GCA_030611265.1|G0000199
split_0085	GCA_030611265.1|G0000200
split_0085	GCA_030611265.1|G0000202
split_0085	GCA_030627385.1|G0000204
split_0085	GCA_036444275.1|G0000214
split_0085	GCA_036446635.1|G0000215
split_0085	GCA_037386725.1|G0000218
split_0085	GCA_037443105.1|G0000219
split_0085	GCA_038046745.1|G0000222
split_0085	GCA_046546175.1|G0000243
split_0085	GCA_048939465.1|G0000246
split_0085	GCA_052626505.1|G0000248
split_0085	GCA_054381345.1|G0000250
split_0085	GCA_054381475.1|G0000254
split_0085	GCA_054383535.1|G0000255
split_0085	GCA_054383595.1|G0000257
split_0085	GCA_054798775.1|G0000260
split_0085	GCA_974486395.1|G0000262
split_0085	GCA_974486395.1|G0000263
split_0085	GCF_000711905.1|G0000274
split_0085	GOMC.bin.5642|G0000286
split_0085	GOMC.bin.707|G0000287
split_0085	GOMC.bin.7887|G0000288
split_0085	GOMC.bin.874|G0000290
split_0085	GOMC.bin.9181|G0000291
split_0086	GCA_001515205.2|G0000020
split_0086	GCA_001593935.1|G0000021
split_0086	GCA_002010065.2|G0000025
split_0086	GCA_002010195.1|G0000026
split_0086	GCA_002010215.1|G0000028
split_0086	GCA_002010305.1|G0000029
split_0086	GCA_002011035.2|G0000030
split_0086	GCA_002011155.2|G0000032
split_0086	GCA_002494725.1|G0000043
split_0086	GCA_002506015.1|G0000055
split_0086	GCA_002839545.1|G0000059
split_0086	GCA_002897955.1|G0000062
split_0086	GCA_003034855.1|G0000063
split_0086	GCA_003034855.1|G0000064
split_0086	GCA_003104905.1|G0000066
split_0086	GCA_003194445.1|G0000068
split_0086	GCA_003695745.1|G0000071
split_0086	GCA_003695745.1|G0000072
split_0086	GCA_013152845.1|G0000082
split_0086	GCA_013331375.1|G0000084
split_0086	GCA_014730165.1|G0000091
split_0086	GCA_015520145.1|G0000094
split_0086	GCA_015520145.1|G0000095
split_0086	GCA_015520145.1|G0000096
split_0086	GCA_015520145.1|G0000097
split_0086	GCA_015520475.1|G0000100
split_0086	GCA_015523685.1|G0000102
split_0086	GCA_016212785.1|G0000107
split_0086	GCA_016294985.1|G0000109
split_0086	GCA_018830205.1|G0000126
split_0086	GCA_019058315.1|G0000131
split_0086	GCA_019429385.1|G0000135
split_0086	GCA_019894715.1|G0000138
split_0086	GCA_021108405.1|G0000142
split_0086	GCA_024860865.1|G0000154
split_0086	GCA_026989875.1|G0000163
split_0086	GCA_027021185.1|G0000164
split_0086	GCA_027051265.1|G0000167
split_0086	GCA_030018135.1|G0000188
split_0086	GCA_030611265.1|G0000199
split_0086	GCA_030611265.1|G0000200
split_0086	GCA_036444275.1|G0000214
split_0086	GCA_036446635.1|G0000215
split_0086	GCA_037386725.1|G0000218
split_0086	GCA_037443105.1|G0000219
split_0086	GCA_038046745.1|G0000222
split_0086	GCA_048939465.1|G0000246
split_0086	GCA_052626505.1|G0000248
split_0086	GCA_054381345.1|G0000250
split_0086	GCA_054381475.1|G0000254
split_0086	GCA_054383535.1|G0000255
split_0086	GCA_054383595.1|G0000257
split_0086	GCA_974486395.1|G0000263
split_0086	GCF_000711905.1|G0000274
split_0086	GOMC.bin.5642|G0000286
split_0086	GOMC.bin.707|G0000287
split_0086	GOMC.bin.7887|G0000288
split_0086	GOMC.bin.874|G0000290
split_0086	GOMC.bin.9181|G0000291
split_0087	GCA_001515205.2|G0000020
split_0087	GCA_001593935.1|G0000021
split_0087	GCA_002010065.2|G0000025
split_0087	GCA_002010195.1|G0000026
split_0087	GCA_002010215.1|G0000028
split_0087	GCA_002010305.1|G0000029
split_0087	GCA_002011035.2|G0000030
split_0087	GCA_002011155.2|G0000032
split_0087	GCA_002494725.1|G0000043
split_0087	GCA_002839545.1|G0000059
split_0087	GCA_002897955.1|G0000062
split_0087	GCA_003034855.1|G0000063
split_0087	GCA_003034855.1|G0000064
split_0087	GCA_003104905.1|G0000066
split_0087	GCA_003695745.1|G0000071
split_0087	GCA_003695745.1|G0000072
split_0087	GCA_013152845.1|G0000082
split_0087	GCA_013331375.1|G0000084
split_0087	GCA_014730165.1|G0000091
split_0087	GCA_015520145.1|G0000094
split_0087	GCA_015520145.1|G0000095
split_0087	GCA_015520145.1|G0000096
split_0087	GCA_015520145.1|G0000097
split_0087	GCA_015520475.1|G0000100
split_0087	GCA_015523685.1|G0000102
split_0087	GCA_016212785.1|G0000107
split_0087	GCA_016294985.1|G0000109
split_0087	GCA_018830205.1|G0000126
split_0087	GCA_019058315.1|G0000131
split_0087	GCA_019429385.1|G0000135
split_0087	GCA_019894715.1|G0000138
split_0087	GCA_024860865.1|G0000154
split_0087	GCA_026989875.1|G0000163
split_0087	GCA_027021185.1|G0000164
split_0087	GCA_027051265.1|G0000167
split_0087	GCA_030018135.1|G0000188
split_0087	GCA_030611265.1|G0000199
split_0087	GCA_030611265.1|G0000200
split_0087	GCA_036444275.1|G0000214
split_0087	GCA_036446635.1|G0000215
split_0087	GCA_037386725.1|G0000218
split_0087	GCA_037443105.1|G0000219
split_0087	GCA_038046745.1|G0000222
split_0087	GCA_048939465.1|G0000246
split_0087	GCA_052626505.1|G0000248
split_0087	GCA_054381345.1|G0000250
split_0087	GCA_054381475.1|G0000254
split_0087	GCA_054383535.1|G0000255
split_0087	GCA_054383595.1|G0000257
split_0087	GCA_974486395.1|G0000263
split_0087	GCF_000711905.1|G0000274
split_0087	GOMC.bin.5642|G0000286
split_0087	GOMC.bin.707|G0000287
split_0087	GOMC.bin.7887|G0000288
split_0087	GOMC.bin.874|G0000290
split_0087	GOMC.bin.9181|G0000291
split_0088	GCA_001515205.2|G0000020
split_0088	GCA_003034855.1|G0000063
split_0088	GCA_003034855.1|G0000064
split_0088	GCA_030018135.1|G0000188
split_0089	GCA_001515205.2|G0000020
split_0089	GCA_030018135.1|G0000188
split_0090	GCA_003034855.1|G0000063
split_0090	GCA_003034855.1|G0000064
split_0091	GCA_001593935.1|G0000021
split_0091	GCA_002010065.2|G0000025
split_0091	GCA_002010195.1|G0000026
split_0091	GCA_002010215.1|G0000028
split_0091	GCA_002010305.1|G0000029
split_0091	GCA_002011035.2|G0000030
split_0091	GCA_002011155.2|G0000032
split_0091	GCA_002494725.1|G0000043
split_0091	GCA_002839545.1|G0000059
split_0091	GCA_002897955.1|G0000062
split_0091	GCA_003104905.1|G0000066
split_0091	GCA_003695745.1|G0000071
split_0091	GCA_003695745.1|G0000072
split_0091	GCA_013152845.1|G0000082
split_0091	GCA_013331375.1|G0000084
split_0091	GCA_014730165.1|G0000091
split_0091	GCA_015520145.1|G0000094
split_0091	GCA_015520145.1|G0000095
split_0091	GCA_015520145.1|G0000096
split_0091	GCA_015520145.1|G0000097
split_0091	GCA_015520475.1|G0000100
split_0091	GCA_015523685.1|G0000102
split_0091	GCA_016212785.1|G0000107
split_0091	GCA_016294985.1|G0000109
split_0091	GCA_018830205.1|G0000126
split_0091	GCA_019058315.1|G0000131
split_0091	GCA_019429385.1|G0000135
split_0091	GCA_019894715.1|G0000138
split_0091	GCA_024860865.1|G0000154
split_0091	GCA_026989875.1|G0000163
split_0091	GCA_027021185.1|G0000164
split_0091	GCA_027051265.1|G0000167
split_0091	GCA_030611265.1|G0000199
split_0091	GCA_030611265.1|G0000200
split_0091	GCA_036444275.1|G0000214
split_0091	GCA_036446635.1|G0000215
split_0091	GCA_037386725.1|G0000218
split_0091	GCA_037443105.1|G0000219
split_0091	GCA_038046745.1|G0000222
split_0091	GCA_048939465.1|G0000246
split_0091	GCA_052626505.1|G0000248
split_0091	GCA_054381345.1|G0000250
split_0091	GCA_054381475.1|G0000254
split_0091	GCA_054383535.1|G0000255
split_0091	GCA_054383595.1|G0000257
split_0091	GCA_974486395.1|G0000263
split_0091	GCF_000711905.1|G0000274
split_0091	GOMC.bin.5642|G0000286
split_0091	GOMC.bin.707|G0000287
split_0091	GOMC.bin.7887|G0000288
split_0091	GOMC.bin.874|G0000290
split_0091	GOMC.bin.9181|G0000291
split_0092	GCA_001593935.1|G0000021
split_0092	GCA_002010065.2|G0000025
split_0092	GCA_002011035.2|G0000030
split_0092	GCA_002897955.1|G0000062
split_0092	GCA_003695745.1|G0000071
split_0092	GCA_003695745.1|G0000072
split_0092	GCA_013152845.1|G0000082
split_0092	GCA_014730165.1|G0000091
split_0092	GCA_015520145.1|G0000094
split_0092	GCA_015520145.1|G0000095
split_0092	GCA_015520145.1|G0000096
split_0092	GCA_015520145.1|G0000097
split_0092	GCA_015520475.1|G0000100
split_0092	GCA_016212785.1|G0000107
split_0092	GCA_016294985.1|G0000109
split_0092	GCA_018830205.1|G0000126
split_0092	GCA_019058315.1|G0000131
split_0092	GCA_019894715.1|G0000138
split_0092	GCA_024860865.1|G0000154
split_0092	GCA_026989875.1|G0000163
split_0092	GCA_027021185.1|G0000164
split_0092	GCA_036444275.1|G0000214
split_0092	GCA_036446635.1|G0000215
split_0092	GCA_037386725.1|G0000218
split_0092	GCA_038046745.1|G0000222
split_0092	GCA_048939465.1|G0000246
split_0092	GCA_052626505.1|G0000248
split_0092	GCA_054381345.1|G0000250
split_0092	GCA_054381475.1|G0000254
split_0092	GCA_054383535.1|G0000255
split_0092	GCA_054383595.1|G0000257
split_0092	GOMC.bin.5642|G0000286
split_0092	GOMC.bin.707|G0000287
split_0092	GOMC.bin.7887|G0000288
split_0092	GOMC.bin.874|G0000290
split_0092	GOMC.bin.9181|G0000291
split_0093	GCA_001593935.1|G0000021
split_0093	GCA_002010065.2|G0000025
split_0093	GCA_002011035.2|G0000030
split_0093	GCA_002897955.1|G0000062
split_0093	GCA_003695745.1|G0000071
split_0093	GCA_003695745.1|G0000072
split_0093	GCA_013152845.1|G0000082
split_0093	GCA_015520145.1|G0000094
split_0093	GCA_015520145.1|G0000095
split_0093	GCA_015520145.1|G0000096
split_0093	GCA_015520145.1|G0000097
split_0093	GCA_015520475.1|G0000100
split_0093	GCA_016212785.1|G0000107
split_0093	GCA_018830205.1|G0000126
split_0093	GCA_024860865.1|G0000154
split_0093	GCA_026989875.1|G0000163
split_0093	GCA_027021185.1|G0000164
split_0093	GCA_036444275.1|G0000214
split_0093	GCA_036446635.1|G0000215
split_0093	GCA_038046745.1|G0000222
split_0093	GCA_048939465.1|G0000246
split_0093	GOMC.bin.5642|G0000286
split_0093	GOMC.bin.7887|G0000288
split_0093	GOMC.bin.874|G0000290
split_0094	GCA_001593935.1|G0000021
split_0094	GCA_002011035.2|G0000030
split_0094	GCA_015520475.1|G0000100
split_0094	GCA_024860865.1|G0000154
split_0094	GCA_048939465.1|G0000246
split_0094	GOMC.bin.5642|G0000286
split_0095	GCA_001593935.1|G0000021
split_0095	GCA_002011035.2|G0000030
split_0095	GCA_015520475.1|G0000100
split_0095	GCA_024860865.1|G0000154
split_0095	GOMC.bin.5642|G0000286
split_0096	GCA_001593935.1|G0000021
split_0096	GCA_002011035.2|G0000030
split_0096	GCA_015520475.1|G0000100
split_0096	GOMC.bin.5642|G0000286
split_0097	GCA_001593935.1|G0000021
split_0097	GCA_015520475.1|G0000100
split_0097	GOMC.bin.5642|G0000286
split_0098	GCA_015520475.1|G0000100
split_0098	GOMC.bin.5642|G0000286
split_0099	GCA_002010065.2|G0000025
split_0099	GCA_002897955.1|G0000062
split_0099	GCA_003695745.1|G0000071
split_0099	GCA_003695745.1|G0000072
split_0099	GCA_013152845.1|G0000082
split_0099	GCA_015520145.1|G0000094
split_0099	GCA_015520145.1|G0000095
split_0099	GCA_015520145.1|G0000096
split_0099	GCA_015520145.1|G0000097
split_0099	GCA_016212785.1|G0000107
split_0099	GCA_018830205.1|G0000126
split_0099	GCA_026989875.1|G0000163
split_0099	GCA_027021185.1|G0000164
split_0099	GCA_036444275.1|G0000214
split_0099	GCA_036446635.1|G0000215
split_0099	GCA_038046745.1|G0000222
split_0099	GOMC.bin.7887|G0000288
split_0099	GOMC.bin.874|G0000290
split_0100	GCA_002010065.2|G0000025
split_0100	GCA_002897955.1|G0000062
split_0100	GCA_003695745.1|G0000071
split_0100	GCA_003695745.1|G0000072
split_0100	GCA_013152845.1|G0000082
split_0100	GCA_015520145.1|G0000095
split_0100	GCA_015520145.1|G0000096
split_0100	GCA_016212785.1|G0000107
split_0100	GCA_018830205.1|G0000126
split_0100	GCA_026989875.1|G0000163
split_0100	GCA_027021185.1|G0000164
split_0100	GCA_036444275.1|G0000214
split_0100	GCA_036446635.1|G0000215
split_0100	GCA_038046745.1|G0000222
split_0100	GOMC.bin.7887|G0000288
split_0100	GOMC.bin.874|G0000290
split_0101	GCA_002010065.2|G0000025
split_0101	GCA_002897955.1|G0000062
split_0101	GCA_003695745.1|G0000071
split_0101	GCA_003695745.1|G0000072
split_0101	GCA_013152845.1|G0000082
split_0101	GCA_015520145.1|G0000095
split_0101	GCA_016212785.1|G0000107
split_0101	GCA_018830205.1|G0000126
split_0101	GCA_026989875.1|G0000163
split_0101	GCA_027021185.1|G0000164
split_0101	GCA_036444275.1|G0000214
split_0101	GCA_036446635.1|G0000215
split_0101	GCA_038046745.1|G0000222
split_0101	GOMC.bin.7887|G0000288
split_0101	GOMC.bin.874|G0000290
split_0102	GCA_002010065.2|G0000025
split_0102	GCA_002897955.1|G0000062
split_0102	GCA_003695745.1|G0000071
split_0102	GCA_003695745.1|G0000072
split_0102	GCA_013152845.1|G0000082
split_0102	GCA_016212785.1|G0000107
split_0102	GCA_026989875.1|G0000163
split_0103	GCA_002010065.2|G0000025
split_0103	GCA_002897955.1|G0000062
split_0103	GCA_016212785.1|G0000107
split_0103	GCA_026989875.1|G0000163
split_0104	GCA_002010065.2|G0000025
split_0104	GCA_002897955.1|G0000062
split_0104	GCA_026989875.1|G0000163
split_0105	GCA_002010065.2|G0000025
split_0105	GCA_026989875.1|G0000163
split_0106	GCA_003695745.1|G0000071
split_0106	GCA_003695745.1|G0000072
split_0106	GCA_013152845.1|G0000082
split_0107	GCA_003695745.1|G0000071
split_0107	GCA_003695745.1|G0000072
split_0108	GCA_015520145.1|G0000095
split_0108	GCA_018830205.1|G0000126
split_0108	GCA_027021185.1|G0000164
split_0108	GCA_036444275.1|G0000214
split_0108	GCA_036446635.1|G0000215
split_0108	GCA_038046745.1|G0000222
split_0108	GOMC.bin.7887|G0000288
split_0108	GOMC.bin.874|G0000290
split_0109	GCA_015520145.1|G0000095
split_0109	GCA_036444275.1|G0000214
split_0109	GCA_036446635.1|G0000215
split_0109	GCA_038046745.1|G0000222
split_0109	GOMC.bin.874|G0000290
split_0110	GCA_015520145.1|G0000095
split_0110	GCA_036444275.1|G0000214
split_0110	GCA_036446635.1|G0000215
split_0110	GCA_038046745.1|G0000222
split_0111	GCA_015520145.1|G0000095
split_0111	GCA_038046745.1|G0000222
split_0112	GCA_036444275.1|G0000214
split_0112	GCA_036446635.1|G0000215
split_0113	GCA_018830205.1|G0000126
split_0113	GCA_027021185.1|G0000164
split_0113	GOMC.bin.7887|G0000288
split_0114	GCA_027021185.1|G0000164
split_0114	GOMC.bin.7887|G0000288
split_0115	GCA_015520145.1|G0000094
split_0115	GCA_015520145.1|G0000097
split_0116	GCA_014730165.1|G0000091
split_0116	GCA_016294985.1|G0000109
split_0116	GCA_019058315.1|G0000131
split_0116	GCA_019894715.1|G0000138
split_0116	GCA_037386725.1|G0000218
split_0116	GCA_052626505.1|G0000248
split_0116	GCA_054381345.1|G0000250
split_0116	GCA_054381475.1|G0000254
split_0116	GCA_054383535.1|G0000255
split_0116	GCA_054383595.1|G0000257
split_0116	GOMC.bin.707|G0000287
split_0116	GOMC.bin.9181|G0000291
split_0117	GCA_014730165.1|G0000091
split_0117	GCA_019058315.1|G0000131
split_0117	GCA_019894715.1|G0000138
split_0117	GCA_037386725.1|G0000218
split_0117	GCA_052626505.1|G0000248
split_0117	GCA_054381345.1|G0000250
split_0117	GCA_054381475.1|G0000254
split_0117	GCA_054383535.1|G0000255
split_0117	GCA_054383595.1|G0000257
split_0117	GOMC.bin.707|G0000287
split_0117	GOMC.bin.9181|G0000291
split_0118	GCA_014730165.1|G0000091
split_0118	GCA_019058315.1|G0000131
split_0118	GCA_019894715.1|G0000138
split_0118	GCA_037386725.1|G0000218
split_0118	GCA_052626505.1|G0000248
split_0118	GCA_054381345.1|G0000250
split_0118	GCA_054381475.1|G0000254
split_0118	GCA_054383535.1|G0000255
split_0118	GCA_054383595.1|G0000257
split_0118	GOMC.bin.9181|G0000291
split_0119	GCA_014730165.1|G0000091
split_0119	GCA_019894715.1|G0000138
split_0119	GCA_037386725.1|G0000218
split_0119	GCA_052626505.1|G0000248
split_0119	GCA_054381475.1|G0000254
split_0119	GCA_054383595.1|G0000257
split_0119	GOMC.bin.9181|G0000291
split_0120	GCA_014730165.1|G0000091
split_0120	GCA_019894715.1|G0000138
split_0120	GCA_037386725.1|G0000218
split_0120	GCA_052626505.1|G0000248
split_0120	GOMC.bin.9181|G0000291
split_0121	GCA_014730165.1|G0000091
split_0121	GCA_019894715.1|G0000138
split_0121	GCA_037386725.1|G0000218
split_0121	GOMC.bin.9181|G0000291
split_0122	GCA_014730165.1|G0000091
split_0122	GCA_037386725.1|G0000218
split_0122	GOMC.bin.9181|G0000291
split_0123	GCA_037386725.1|G0000218
split_0123	GOMC.bin.9181|G0000291
split_0124	GCA_054381475.1|G0000254
split_0124	GCA_054383595.1|G0000257
split_0125	GCA_019058315.1|G0000131
split_0125	GCA_054381345.1|G0000250
split_0125	GCA_054383535.1|G0000255
split_0126	GCA_019058315.1|G0000131
split_0126	GCA_054383535.1|G0000255
split_0127	GCA_002010195.1|G0000026
split_0127	GCA_002010215.1|G0000028
split_0127	GCA_002010305.1|G0000029
split_0127	GCA_002011155.2|G0000032
split_0127	GCA_002494725.1|G0000043
split_0127	GCA_002839545.1|G0000059
split_0127	GCA_003104905.1|G0000066
split_0127	GCA_013331375.1|G0000084
split_0127	GCA_015523685.1|G0000102
split_0127	GCA_019429385.1|G0000135
split_0127	GCA_027051265.1|G0000167
split_0127	GCA_030611265.1|G0000199
split_0127	GCA_030611265.1|G0000200
split_0127	GCA_037443105.1|G0000219
split_0127	GCA_974486395.1|G0000263
split_0127	GCF_000711905.1|G0000274
split_0128	GCA_002010195.1|G0000026
split_0128	GCA_002010215.1|G0000028
split_0128	GCA_002010305.1|G0000029
split_0128	GCA_002011155.2|G0000032
split_0128	GCA_002494725.1|G0000043
split_0128	GCA_015523685.1|G0000102
split_0128	GCA_027051265.1|G0000167
split_0128	GCF_000711905.1|G0000274
split_0129	GCA_002010195.1|G0000026
split_0129	GCA_002010215.1|G0000028
split_0129	GCA_002011155.2|G0000032
split_0129	GCA_002494725.1|G0000043
split_0129	GCA_027051265.1|G0000167
split_0129	GCF_000711905.1|G0000274
split_0130	GCA_002010195.1|G0000026
split_0130	GCA_002010215.1|G0000028
split_0130	GCA_002011155.2|G0000032
split_0130	GCA_002494725.1|G0000043
split_0130	GCA_027051265.1|G0000167
split_0131	GCA_002010195.1|G0000026
split_0131	GCA_002494725.1|G0000043
split_0132	GCA_002010215.1|G0000028
split_0132	GCA_002011155.2|G0000032
split_0132	GCA_027051265.1|G0000167
split_0133	GCA_002011155.2|G0000032
split_0133	GCA_027051265.1|G0000167
split_0134	GCA_002010305.1|G0000029
split_0134	GCA_015523685.1|G0000102
split_0135	GCA_002839545.1|G0000059
split_0135	GCA_003104905.1|G0000066
split_0135	GCA_013331375.1|G0000084
split_0135	GCA_019429385.1|G0000135
split_0135	GCA_030611265.1|G0000199
split_0135	GCA_030611265.1|G0000200
split_0135	GCA_037443105.1|G0000219
split_0135	GCA_974486395.1|G0000263
split_0136	GCA_002839545.1|G0000059
split_0136	GCA_003104905.1|G0000066
split_0136	GCA_013331375.1|G0000084
split_0136	GCA_030611265.1|G0000199
split_0136	GCA_030611265.1|G0000200
split_0136	GCA_974486395.1|G0000263
split_0137	GCA_002839545.1|G0000059
split_0137	GCA_003104905.1|G0000066
split_0137	GCA_013331375.1|G0000084
split_0137	GCA_030611265.1|G0000200
split_0137	GCA_974486395.1|G0000263
split_0138	GCA_002839545.1|G0000059
split_0138	GCA_003104905.1|G0000066
split_0138	GCA_030611265.1|G0000200
split_0138	GCA_974486395.1|G0000263
split_0139	GCA_002839545.1|G0000059
split_0139	GCA_003104905.1|G0000066
split_0139	GCA_974486395.1|G0000263
split_0140	GCA_003104905.1|G0000066
split_0140	GCA_974486395.1|G0000263
split_0141	GCA_019429385.1|G0000135
split_0141	GCA_037443105.1|G0000219
split_0142	GCA_002506015.1|G0000055
split_0142	GCA_003194445.1|G0000068
split_0142	GCA_021108405.1|G0000142
split_0143	GCA_002506015.1|G0000055
split_0143	GCA_003194445.1|G0000068
split_0144	GCA_002490245.1|G0000042
split_0144	GCA_002495885.1|G0000044
split_0144	GCA_002839545.1|G0000060
split_0144	GCA_003104905.1|G0000065
split_0144	GCA_013331375.1|G0000085
split_0144	GCA_014859725.1|G0000093
split_0144	GCA_016841265.1|G0000116
split_0144	GCA_016932615.1|G0000119
split_0144	GCA_019429385.1|G0000134
split_0144	GCA_020854925.1|G0000141
split_0144	GCA_023131705.1|G0000151
split_0144	GCA_026014815.1|G0000156
split_0144	GCA_028279585.1|G0000171
split_0144	GCA_030611265.1|G0000202
split_0144	GCA_030627385.1|G0000204
split_0144	GCA_046546175.1|G0000243
split_0144	GCA_054798775.1|G0000260
split_0144	GCA_974486395.1|G0000262
split_0145	GCA_002490245.1|G0000042
split_0145	GCA_023131705.1|G0000151
split_0145	GCA_028279585.1|G0000171
split_0146	GCA_002490245.1|G0000042
split_0146	GCA_023131705.1|G0000151
split_0147	GCA_002495885.1|G0000044
split_0147	GCA_002839545.1|G0000060
split_0147	GCA_003104905.1|G0000065
split_0147	GCA_013331375.1|G0000085
split_0147	GCA_014859725.1|G0000093
split_0147	GCA_016841265.1|G0000116
split_0147	GCA_016932615.1|G0000119
split_0147	GCA_019429385.1|G0000134
split_0147	GCA_020854925.1|G0000141
split_0147	GCA_026014815.1|G0000156
split_0147	GCA_030611265.1|G0000202
split_0147	GCA_030627385.1|G0000204
split_0147	GCA_046546175.1|G0000243
split_0147	GCA_054798775.1|G0000260
split_0147	GCA_974486395.1|G0000262
split_0148	GCA_002495885.1|G0000044
split_0148	GCA_016932615.1|G0000119
split_0148	GCA_020854925.1|G0000141
split_0148	GCA_026014815.1|G0000156
split_0148	GCA_054798775.1|G0000260
split_0149	GCA_002495885.1|G0000044
split_0149	GCA_020854925.1|G0000141
split_0149	GCA_026014815.1|G0000156
split_0149	GCA_054798775.1|G0000260
split_0150	GCA_002495885.1|G0000044
split_0150	GCA_026014815.1|G0000156
split_0150	GCA_054798775.1|G0000260
split_0151	GCA_002495885.1|G0000044
split_0151	GCA_054798775.1|G0000260
split_0152	GCA_002839545.1|G0000060
split_0152	GCA_003104905.1|G0000065
split_0152	GCA_013331375.1|G0000085
split_0152	GCA_014859725.1|G0000093
split_0152	GCA_016841265.1|G0000116
split_0152	GCA_019429385.1|G0000134
split_0152	GCA_030611265.1|G0000202
split_0152	GCA_030627385.1|G0000204
split_0152	GCA_046546175.1|G0000243
split_0152	GCA_974486395.1|G0000262
split_0153	GCA_002839545.1|G0000060
split_0153	GCA_003104905.1|G0000065
split_0153	GCA_974486395.1|G0000262
split_0154	GCA_002839545.1|G0000060
split_0154	GCA_974486395.1|G0000262
split_0155	GCA_013331375.1|G0000085
split_0155	GCA_014859725.1|G0000093
split_0155	GCA_016841265.1|G0000116
split_0155	GCA_019429385.1|G0000134
split_0155	GCA_030611265.1|G0000202
split_0155	GCA_030627385.1|G0000204
split_0155	GCA_046546175.1|G0000243
split_0156	GCA_013331375.1|G0000085
split_0156	GCA_016841265.1|G0000116
split_0156	GCA_030611265.1|G0000202
split_0156	GCA_046546175.1|G0000243
split_0157	GCA_016841265.1|G0000116
split_0157	GCA_030611265.1|G0000202
split_0157	GCA_046546175.1|G0000243
split_0158	GCA_016841265.1|G0000116
split_0158	GCA_030611265.1|G0000202
split_0159	GCA_014859725.1|G0000093
split_0159	GCA_019429385.1|G0000134
split_0159	GCA_030627385.1|G0000204
split_0160	GCA_019429385.1|G0000134
split_0160	GCA_030627385.1|G0000204
split_0161	GCA_018396725.1|G0000125
split_0161	GCA_037443105.1|G0000221
split_0162	GCA_000166095.1|G0000007
split_0162	GCA_000309865.1|G0000012
split_0162	GCA_000309865.1|G0000014
split_0162	GCA_001507955.1|G0000017
split_0162	GCA_001507955.1|G0000018
split_0162	GCA_001766815.1|G0000023
split_0162	GCA_001775995.1|G0000024
split_0162	GCA_002067315.1|G0000036
split_0162	GCA_013538675.1|G0000090
split_0162	GCA_017883965.1|G0000122
split_0162	GCA_018302335.1|G0000123
split_0162	GCA_018396695.1|G0000124
split_0162	GCA_019721035.1|G0000137
split_0162	GCA_021798195.1|G0000147
split_0162	GCA_021802125.1|G0000148
split_0162	GCA_021802125.1|G0000149
split_0162	GCA_021806165.1|G0000150
split_0162	GCA_025059745.1|G0000155
split_0162	GCA_026014815.1|G0000157
split_0162	GCA_028275385.1|G0000170
split_0162	GCA_028679985.1|G0000173
split_0162	GCA_030611045.1|G0000197
split_0162	GCA_030611045.1|G0000198
split_0162	GCA_033581555.1|G0000205
split_0162	GCA_034190245.1|G0000206
split_0162	GCA_035624185.1|G0000213
split_0162	GCA_038881315.1|G0000231
split_0162	GCA_052246955.1|G0000247
split_0162	GCA_054381345.1|G0000252
split_0162	GCF_000008645.1|G0000265
split_0162	GCF_021023085.1|G0000278
split_0162	GOMC.bin.3195|G0000284
split_0163	GCA_000166095.1|G0000007
split_0163	GCA_000309865.1|G0000012
split_0163	GCA_000309865.1|G0000014
split_0163	GCA_001507955.1|G0000017
split_0163	GCA_001507955.1|G0000018
split_0163	GCA_001766815.1|G0000023
split_0163	GCA_002067315.1|G0000036
split_0163	GCA_017883965.1|G0000122
split_0163	GCA_018396695.1|G0000124
split_0163	GCA_026014815.1|G0000157
split_0163	GCA_028275385.1|G0000170
split_0163	GCA_028679985.1|G0000173
split_0163	GCA_030611045.1|G0000197
split_0163	GCA_030611045.1|G0000198
split_0163	GCA_034190245.1|G0000206
split_0163	GCA_035624185.1|G0000213
split_0163	GCA_052246955.1|G0000247
split_0163	GCA_054381345.1|G0000252
split_0163	GCF_000008645.1|G0000265
split_0163	GCF_021023085.1|G0000278
split_0163	GOMC.bin.3195|G0000284
split_0164	GCA_000166095.1|G0000007
split_0164	GCA_000309865.1|G0000012
split_0164	GCA_000309865.1|G0000014
split_0164	GCA_001507955.1|G0000017
split_0164	GCA_001507955.1|G0000018
split_0164	GCA_001766815.1|G0000023
split_0164	GCA_002067315.1|G0000036
split_0164	GCA_017883965.1|G0000122
split_0164	GCA_028275385.1|G0000170
split_0164	GCA_028679985.1|G0000173
split_0164	GCA_030611045.1|G0000197
split_0164	GCA_030611045.1|G0000198
split_0164	GCA_034190245.1|G0000206
split_0164	GCA_035624185.1|G0000213
split_0164	GCA_052246955.1|G0000247
split_0164	GCA_054381345.1|G0000252
split_0164	GCF_000008645.1|G0000265
split_0164	GCF_021023085.1|G0000278
split_0164	GOMC.bin.3195|G0000284
split_0165	GCA_000166095.1|G0000007
split_0165	GCA_000309865.1|G0000012
split_0165	GCA_000309865.1|G0000014
split_0165	GCA_001507955.1|G0000017
split_0165	GCA_001507955.1|G0000018
split_0165	GCA_002067315.1|G0000036
split_0165	GCA_030611045.1|G0000198
split_0165	GCF_000008645.1|G0000265
split_0165	GCF_021023085.1|G0000278
split_0166	GCA_000166095.1|G0000007
split_0166	GCA_000309865.1|G0000012
split_0166	GCA_000309865.1|G0000014
split_0166	GCA_001507955.1|G0000017
split_0166	GCA_001507955.1|G0000018
split_0166	GCF_000008645.1|G0000265
split_0167	GCA_000166095.1|G0000007
split_0167	GCA_000309865.1|G0000012
split_0167	GCA_000309865.1|G0000014
split_0167	GCA_001507955.1|G0000017
split_0167	GCA_001507955.1|G0000018
split_0168	GCA_000166095.1|G0000007
split_0168	GCA_001507955.1|G0000017
split_0168	GCA_001507955.1|G0000018
split_0169	GCA_001507955.1|G0000017
split_0169	GCA_001507955.1|G0000018
split_0170	GCA_000309865.1|G0000012
split_0170	GCA_000309865.1|G0000014
split_0171	GCA_002067315.1|G0000036
split_0171	GCA_030611045.1|G0000198
split_0171	GCF_021023085.1|G0000278
split_0172	GCA_002067315.1|G0000036
split_0172	GCF_021023085.1|G0000278
split_0173	GCA_001766815.1|G0000023
split_0173	GCA_017883965.1|G0000122
split_0173	GCA_028275385.1|G0000170
split_0173	GCA_028679985.1|G0000173
split_0173	GCA_030611045.1|G0000197
split_0173	GCA_034190245.1|G0000206
split_0173	GCA_035624185.1|G0000213
split_0173	GCA_052246955.1|G0000247
split_0173	GCA_054381345.1|G0000252
split_0173	GOMC.bin.3195|G0000284
split_0174	GCA_001766815.1|G0000023
split_0174	GCA_017883965.1|G0000122
split_0174	GCA_028275385.1|G0000170
split_0174	GCA_030611045.1|G0000197
split_0174	GCA_034190245.1|G0000206
split_0174	GCA_035624185.1|G0000213
split_0174	GCA_052246955.1|G0000247
split_0174	GCA_054381345.1|G0000252
split_0175	GCA_001766815.1|G0000023
split_0175	GCA_017883965.1|G0000122
split_0175	GCA_030611045.1|G0000197
split_0175	GCA_034190245.1|G0000206
split_0175	GCA_035624185.1|G0000213
split_0175	GCA_052246955.1|G0000247
split_0175	GCA_054381345.1|G0000252
split_0176	GCA_001766815.1|G0000023
split_0176	GCA_017883965.1|G0000122
split_0176	GCA_030611045.1|G0000197
split_0176	GCA_052246955.1|G0000247
split_0176	GCA_054381345.1|G0000252
split_0177	GCA_001766815.1|G0000023
split_0177	GCA_017883965.1|G0000122
split_0177	GCA_030611045.1|G0000197
split_0177	GCA_052246955.1|G0000247
split_0178	GCA_001766815.1|G0000023
split_0178	GCA_017883965.1|G0000122
split_0178	GCA_030611045.1|G0000197
split_0179	GCA_017883965.1|G0000122
split_0179	GCA_030611045.1|G0000197
split_0180	GCA_034190245.1|G0000206
split_0180	GCA_035624185.1|G0000213
split_0181	GCA_028679985.1|G0000173
split_0181	GOMC.bin.3195|G0000284
split_0182	GCA_018396695.1|G0000124
split_0182	GCA_026014815.1|G0000157
split_0183	GCA_001775995.1|G0000024
split_0183	GCA_013538675.1|G0000090
split_0183	GCA_018302335.1|G0000123
split_0183	GCA_019721035.1|G0000137
split_0183	GCA_021798195.1|G0000147
split_0183	GCA_021802125.1|G0000148
split_0183	GCA_021802125.1|G0000149
split_0183	GCA_021806165.1|G0000150
split_0183	GCA_025059745.1|G0000155
split_0183	GCA_033581555.1|G0000205
split_0183	GCA_038881315.1|G0000231
split_0184	GCA_013538675.1|G0000090
split_0184	GCA_018302335.1|G0000123
split_0184	GCA_019721035.1|G0000137
split_0184	GCA_021798195.1|G0000147
split_0184	GCA_021802125.1|G0000148
split_0184	GCA_021802125.1|G0000149
split_0184	GCA_021806165.1|G0000150
split_0184	GCA_025059745.1|G0000155
split_0184	GCA_033581555.1|G0000205
split_0184	GCA_038881315.1|G0000231
split_0185	GCA_013538675.1|G0000090
split_0185	GCA_025059745.1|G0000155
split_0185	GCA_033581555.1|G0000205
split_0186	GCA_025059745.1|G0000155
split_0186	GCA_033581555.1|G0000205
split_0187	GCA_018302335.1|G0000123
split_0187	GCA_019721035.1|G0000137
split_0187	GCA_021798195.1|G0000147
split_0187	GCA_021802125.1|G0000148
split_0187	GCA_021802125.1|G0000149
split_0187	GCA_021806165.1|G0000150
split_0187	GCA_038881315.1|G0000231
split_0188	GCA_019721035.1|G0000137
split_0188	GCA_021798195.1|G0000147
split_0188	GCA_021802125.1|G0000148
split_0188	GCA_021802125.1|G0000149
split_0188	GCA_021806165.1|G0000150
split_0188	GCA_038881315.1|G0000231
split_0189	GCA_019721035.1|G0000137
split_0189	GCA_021798195.1|G0000147
split_0189	GCA_021802125.1|G0000148
split_0189	GCA_021802125.1|G0000149
split_0189	GCA_021806165.1|G0000150
split_0190	GCA_019721035.1|G0000137
split_0190	GCA_021798195.1|G0000147
split_0190	GCA_021802125.1|G0000148
split_0190	GCA_021802125.1|G0000149
split_0191	GCA_021798195.1|G0000147
split_0191	GCA_021802125.1|G0000148
split_0191	GCA_021802125.1|G0000149
split_0192	GCA_021798195.1|G0000147
split_0192	GCA_021802125.1|G0000149
split_0193	GCA_000306725.1|G0000010
split_0193	GCA_000306725.1|G0000011
split_0193	GCA_002839545.1|G0000061
split_0193	GCA_013331375.1|G0000086
split_0193	GCA_016841265.1|G0000114
split_0193	GCA_016841265.1|G0000115
split_0193	GCA_046546175.1|G0000241
split_0193	GCA_046546175.1|G0000242
split_0194	GCA_000306725.1|G0000010
split_0194	GCA_000306725.1|G0000011
split_0194	GCA_016841265.1|G0000114
split_0194	GCA_016841265.1|G0000115
split_0194	GCA_046546175.1|G0000241
split_0194	GCA_046546175.1|G0000242
split_0195	GCA_000306725.1|G0000010
split_0195	GCA_016841265.1|G0000114
split_0195	GCA_016841265.1|G0000115
split_0195	GCA_046546175.1|G0000241
split_0195	GCA_046546175.1|G0000242
split_0196	GCA_000306725.1|G0000010
split_0196	GCA_046546175.1|G0000241
split_0196	GCA_046546175.1|G0000242
split_0197	GCA_046546175.1|G0000241
split_0197	GCA_046546175.1|G0000242
split_0198	GCA_016841265.1|G0000114
split_0198	GCA_016841265.1|G0000115
split_0199	GCA_002839545.1|G0000061
split_0199	GCA_013331375.1|G0000086
split_0200	ERR2282092_bin.34|G0000004
split_0200	ERR4283445_bin.66|G0000006
split_0200	GCA_000306725.1|G0000009
split_0200	GCA_001412355.1|G0000015
split_0200	GCA_001509375.1|G0000019
split_0200	GCA_001717025.1|G0000022
split_0200	GCA_002067095.1|G0000033
split_0200	GCA_002067095.1|G0000034
split_0200	GCA_002067315.1|G0000035
split_0200	GCA_002067795.1|G0000038
split_0200	GCA_002067865.1|G0000040
split_0200	GCA_002067865.1|G0000041
split_0200	GCA_002495885.1|G0000045
split_0200	GCA_002496395.1|G0000046
split_0200	GCA_002497075.1|G0000047
split_0200	GCA_002497075.1|G0000049
split_0200	GCA_002499905.1|G0000050
split_0200	GCA_002501765.1|G0000051
split_0200	GCA_002503135.1|G0000052
split_0200	GCA_002503885.1|G0000053
split_0200	GCA_002503885.1|G0000054
split_0200	GCA_002506015.1|G0000056
split_0200	GCA_002508545.1|G0000057
split_0200	GCA_003135935.1|G0000067
split_0200	GCA_003194445.1|G0000069
split_0200	GCA_004028775.1|G0000073
split_0200	GCA_004028775.1|G0000074
split_0200	GCA_009780575.1|G0000079
split_0200	GCA_011048835.1|G0000081
split_0200	GCA_013415695.1|G0000088
split_0200	GCA_014859725.1|G0000092
split_0200	GCA_015660865.1|G0000103
split_0200	GCA_016841265.1|G0000117
split_0200	GCA_016841485.1|G0000118
split_0200	GCA_016937345.1|G0000120
split_0200	GCA_017395275.1|G0000121
split_0200	GCA_019685575.1|G0000136
split_0200	GCA_020725985.1|G0000139
split_0200	GCA_021108405.1|G0000143
split_0200	GCA_021158865.1|G0000144
split_0200	GCA_021162065.1|G0000146
split_0200	GCA_023229165.1|G0000152
split_0200	GCA_026394375.1|G0000159
split_0200	GCA_026394375.1|G0000160
split_0200	GCA_028678665.1|G0000172
split_0200	GCA_028679985.1|G0000175
split_0200	GCA_029259545.1|G0000179
split_0200	GCA_029907465.1|G0000182
split_0200	GCA_029907465.1|G0000184
split_0200	GCA_029907705.1|G0000185
split_0200	GCA_029907705.1|G0000186
split_0200	GCA_029907705.1|G0000187
split_0200	GCA_030019205.1|G0000189
split_0200	GCA_030019205.1|G0000190
split_0200	GCA_030604065.1|G0000192
split_0200	GCA_030605385.1|G0000193
split_0200	GCA_030605805.1|G0000194
split_0200	GCA_030611045.1|G0000196
split_0200	GCA_030611265.1|G0000201
split_0200	GCA_030627385.1|G0000203
split_0200	GCA_034659235.1|G0000209
split_0200	GCA_035531115.1|G0000210
split_0200	GCA_038851035.1|G0000228
split_0200	GCA_038861055.1|G0000230
split_0200	GCA_038894255.1|G0000234
split_0200	GCA_040776445.1|G0000235
split_0200	GCA_046539605.1|G0000237
split_0200	GCA_046546175.1|G0000239
split_0200	GCA_046546175.1|G0000240
split_0200	GCA_046546175.1|G0000244
split_0200	GCA_052626505.1|G0000249
split_0200	GCA_963677995.1|G0000261
split_0200	GCF_000008645.1|G0000264
split_0200	GCF_000275865.1|G0000271
split_0200	GCF_000275865.1|G0000272
split_0200	GCF_000327485.1|G0000273
split_0200	GCF_004102725.1|G0000275
split_0200	GCF_004102725.1|G0000276
split_0200	GOMC.bin.831|G0000289
split_0201	ERR2282092_bin.34|G0000004
split_0201	ERR4283445_bin.66|G0000006
split_0201	GCA_000306725.1|G0000009
split_0201	GCA_001509375.1|G0000019
split_0201	GCA_001717025.1|G0000022
split_0201	GCA_002067095.1|G0000034
split_0201	GCA_002067315.1|G0000035
split_0201	GCA_002067795.1|G0000038
split_0201	GCA_002067865.1|G0000040
split_0201	GCA_002067865.1|G0000041
split_0201	GCA_002495885.1|G0000045
split_0201	GCA_002497075.1|G0000047
split_0201	GCA_002497075.1|G0000049
split_0201	GCA_002501765.1|G0000051
split_0201	GCA_002506015.1|G0000056
split_0201	GCA_002508545.1|G0000057
split_0201	GCA_003135935.1|G0000067
split_0201	GCA_003194445.1|G0000069
split_0201	GCA_004028775.1|G0000073
split_0201	GCA_004028775.1|G0000074
split_0201	GCA_009780575.1|G0000079
split_0201	GCA_013415695.1|G0000088
split_0201	GCA_014859725.1|G0000092
split_0201	GCA_016841265.1|G0000117
split_0201	GCA_017395275.1|G0000121
split_0201	GCA_019685575.1|G0000136
split_0201	GCA_020725985.1|G0000139
split_0201	GCA_021108405.1|G0000143
split_0201	GCA_021158865.1|G0000144
split_0201	GCA_021162065.1|G0000146
split_0201	GCA_023229165.1|G0000152
split_0201	GCA_026394375.1|G0000159
split_0201	GCA_026394375.1|G0000160
split_0201	GCA_028679985.1|G0000175
split_0201	GCA_029259545.1|G0000179
split_0201	GCA_029907465.1|G0000182
split_0201	GCA_029907465.1|G0000184
split_0201	GCA_029907705.1|G0000185
split_0201	GCA_029907705.1|G0000186
split_0201	GCA_030019205.1|G0000190
split_0201	GCA_030604065.1|G0000192
split_0201	GCA_030605385.1|G0000193
split_0201	GCA_030605805.1|G0000194
split_0201	GCA_030611045.1|G0000196
split_0201	GCA_030611265.1|G0000201
split_0201	GCA_030627385.1|G0000203
split_0201	GCA_034659235.1|G0000209
split_0201	GCA_035531115.1|G0000210
split_0201	GCA_038851035.1|G0000228
split_0201	GCA_038861055.1|G0000230
split_0201	GCA_038894255.1|G0000234
split_0201	GCA_046539605.1|G0000237
split_0201	GCA_046546175.1|G0000239
split_0201	GCA_046546175.1|G0000240
split_0201	GCA_046546175.1|G0000244
split_0201	GCA_052626505.1|G0000249
split_0201	GCF_000008645.1|G0000264
split_0201	GCF_000275865.1|G0000272
split_0201	GCF_004102725.1|G0000275
split_0202	ERR2282092_bin.34|G0000004
split_0202	ERR4283445_bin.66|G0000006
split_0202	GCA_000306725.1|G0000009
split_0202	GCA_001717025.1|G0000022
split_0202	GCA_002067095.1|G0000034
split_0202	GCA_002067315.1|G0000035
split_0202	GCA_002067865.1|G0000040
split_0202	GCA_002067865.1|G0000041
split_0202	GCA_002495885.1|G0000045
split_0202	GCA_002497075.1|G0000047
split_0202	GCA_002497075.1|G0000049
split_0202	GCA_002508545.1|G0000057
split_0202	GCA_003135935.1|G0000067
split_0202	GCA_004028775.1|G0000073
split_0202	GCA_004028775.1|G0000074
split_0202	GCA_009780575.1|G0000079
split_0202	GCA_013415695.1|G0000088
split_0202	GCA_016841265.1|G0000117
split_0202	GCA_017395275.1|G0000121
split_0202	GCA_019685575.1|G0000136
split_0202	GCA_020725985.1|G0000139
split_0202	GCA_021158865.1|G0000144
split_0202	GCA_021162065.1|G0000146
split_0202	GCA_026394375.1|G0000159
split_0202	GCA_026394375.1|G0000160
split_0202	GCA_028679985.1|G0000175
split_0202	GCA_029259545.1|G0000179
split_0202	GCA_029907465.1|G0000182
split_0202	GCA_029907465.1|G0000184
split_0202	GCA_029907705.1|G0000185
split_0202	GCA_029907705.1|G0000186
split_0202	GCA_030019205.1|G0000190
split_0202	GCA_030604065.1|G0000192
split_0202	GCA_030611045.1|G0000196
split_0202	GCA_035531115.1|G0000210
split_0202	GCA_038851035.1|G0000228
split_0202	GCA_038861055.1|G0000230
split_0202	GCA_038894255.1|G0000234
split_0202	GCA_046539605.1|G0000237
split_0202	GCA_046546175.1|G0000239
split_0202	GCA_052626505.1|G0000249
split_0202	GCF_000008645.1|G0000264
split_0202	GCF_000275865.1|G0000272
split_0202	GCF_004102725.1|G0000275
split_0203	ERR2282092_bin.34|G0000004
split_0203	ERR4283445_bin.66|G0000006
split_0203	GCA_000306725.1|G0000009
split_0203	GCA_001717025.1|G0000022
split_0203	GCA_002067095.1|G0000034
split_0203	GCA_002067315.1|G0000035
split_0203	GCA_002067865.1|G0000040
split_0203	GCA_002067865.1|G0000041
split_0203	GCA_002495885.1|G0000045
split_0203	GCA_002497075.1|G0000047
split_0203	GCA_002497075.1|G0000049
split_0203	GCA_002508545.1|G0000057
split_0203	GCA_003135935.1|G0000067
split_0203	GCA_004028775.1|G0000073
split_0203	GCA_009780575.1|G0000079
split_0203	GCA_013415695.1|G0000088
split_0203	GCA_016841265.1|G0000117
split_0203	GCA_017395275.1|G0000121
split_0203	GCA_019685575.1|G0000136
split_0203	GCA_020725985.1|G0000139
split_0203	GCA_021158865.1|G0000144
split_0203	GCA_021162065.1|G0000146
split_0203	GCA_026394375.1|G0000159
split_0203	GCA_026394375.1|G0000160
split_0203	GCA_028679985.1|G0000175
split_0203	GCA_029907465.1|G0000182
split_0203	GCA_029907465.1|G0000184
split_0203	GCA_029907705.1|G0000185
split_0203	GCA_029907705.1|G0000186
split_0203	GCA_030019205.1|G0000190
split_0203	GCA_030604065.1|G0000192
split_0203	GCA_035531115.1|G0000210
split_0203	GCA_038851035.1|G0000228
split_0203	GCA_038861055.1|G0000230
split_0203	GCA_038894255.1|G0000234
split_0203	GCA_046539605.1|G0000237
split_0203	GCA_046546175.1|G0000239
split_0203	GCA_052626505.1|G0000249
split_0203	GCF_000008645.1|G0000264
split_0203	GCF_000275865.1|G0000272
split_0203	GCF_004102725.1|G0000275
split_0204	ERR2282092_bin.34|G0000004
split_0204	ERR4283445_bin.66|G0000006
split_0204	GCA_000306725.1|G0000009
split_0204	GCA_001717025.1|G0000022
split_0204	GCA_002067095.1|G0000034
split_0204	GCA_002067315.1|G0000035
split_0204	GCA_002067865.1|G0000040
split_0204	GCA_002067865.1|G0000041
split_0204	GCA_002495885.1|G0000045
split_0204	GCA_002497075.1|G0000047
split_0204	GCA_002497075.1|G0000049
split_0204	GCA_002508545.1|G0000057
split_0204	GCA_003135935.1|G0000067
split_0204	GCA_004028775.1|G0000073
split_0204	GCA_009780575.1|G0000079
split_0204	GCA_013415695.1|G0000088
split_0204	GCA_016841265.1|G0000117
split_0204	GCA_017395275.1|G0000121
split_0204	GCA_019685575.1|G0000136
split_0204	GCA_020725985.1|G0000139
split_0204	GCA_021158865.1|G0000144
split_0204	GCA_021162065.1|G0000146
split_0204	GCA_026394375.1|G0000159
split_0204	GCA_026394375.1|G0000160
split_0204	GCA_028679985.1|G0000175
split_0204	GCA_029907465.1|G0000182
split_0204	GCA_029907705.1|G0000185
split_0204	GCA_029907705.1|G0000186
split_0204	GCA_030019205.1|G0000190
split_0204	GCA_030604065.1|G0000192
split_0204	GCA_038861055.1|G0000230
split_0204	GCA_038894255.1|G0000234
split_0204	GCA_046539605.1|G0000237
split_0204	GCA_046546175.1|G0000239
split_0204	GCA_052626505.1|G0000249
split_0204	GCF_000008645.1|G0000264
split_0204	GCF_000275865.1|G0000272
split_0204	GCF_004102725.1|G0000275
split_0205	ERR2282092_bin.34|G0000004
split_0205	ERR4283445_bin.66|G0000006
split_0205	GCA_002067865.1|G0000040
split_0205	GCA_002067865.1|G0000041
split_0205	GCA_002497075.1|G0000047
split_0205	GCA_002497075.1|G0000049
split_0205	GCA_002508545.1|G0000057
split_0205	GCA_003135935.1|G0000067
split_0205	GCA_009780575.1|G0000079
split_0205	GCA_013415695.1|G0000088
split_0205	GCA_016841265.1|G0000117
split_0205	GCA_017395275.1|G0000121
split_0205	GCA_020725985.1|G0000139
split_0205	GCA_026394375.1|G0000159
split_0205	GCA_026394375.1|G0000160
split_0205	GCA_028679985.1|G0000175
split_0205	GCA_029907465.1|G0000182
split_0205	GCA_030604065.1|G0000192
split_0205	GCA_046539605.1|G0000237
split_0206	ERR2282092_bin.34|G0000004
split_0206	ERR4283445_bin.66|G0000006
split_0206	GCA_002067865.1|G0000040
split_0206	GCA_002067865.1|G0000041
split_0206	GCA_002497075.1|G0000049
split_0206	GCA_002508545.1|G0000057
split_0206	GCA_003135935.1|G0000067
split_0206	GCA_009780575.1|G0000079
split_0206	GCA_013415695.1|G0000088
split_0206	GCA_016841265.1|G0000117
split_0206	GCA_017395275.1|G0000121
split_0206	GCA_020725985.1|G0000139
split_0206	GCA_026394375.1|G0000159
split_0206	GCA_026394375.1|G0000160
split_0206	GCA_028679985.1|G0000175
split_0206	GCA_029907465.1|G0000182
split_0206	GCA_030604065.1|G0000192
split_0206	GCA_046539605.1|G0000237
split_0207	ERR2282092_bin.34|G0000004
split_0207	ERR4283445_bin.66|G0000006
split_0207	GCA_002067865.1|G0000040
split_0207	GCA_002067865.1|G0000041
split_0207	GCA_002497075.1|G0000049
split_0207	GCA_002508545.1|G0000057
split_0207	GCA_003135935.1|G0000067
split_0207	GCA_009780575.1|G0000079
split_0207	GCA_013415695.1|G0000088
split_0207	GCA_016841265.1|G0000117
split_0207	GCA_017395275.1|G0000121
split_0207	GCA_020725985.1|G0000139
split_0207	GCA_026394375.1|G0000160
split_0207	GCA_028679985.1|G0000175
split_0207	GCA_029907465.1|G0000182
split_0207	GCA_030604065.1|G0000192
split_0207	GCA_046539605.1|G0000237
split_0208	ERR2282092_bin.34|G0000004
split_0208	GCA_003135935.1|G0000067
split_0208	GCA_009780575.1|G0000079
split_0208	GCA_013415695.1|G0000088
split_0208	GCA_016841265.1|G0000117
split_0208	GCA_017395275.1|G0000121
split_0208	GCA_020725985.1|G0000139
split_0208	GCA_029907465.1|G0000182
split_0208	GCA_030604065.1|G0000192
split_0208	GCA_046539605.1|G0000237
split_0209	ERR2282092_bin.34|G0000004
split_0209	GCA_009780575.1|G0000079
split_0209	GCA_013415695.1|G0000088
split_0209	GCA_016841265.1|G0000117
split_0209	GCA_017395275.1|G0000121
split_0209	GCA_020725985.1|G0000139
split_0209	GCA_029907465.1|G0000182
split_0209	GCA_030604065.1|G0000192
split_0209	GCA_046539605.1|G0000237
split_0210	ERR2282092_bin.34|G0000004
split_0210	GCA_009780575.1|G0000079
split_0210	GCA_013415695.1|G0000088
split_0210	GCA_016841265.1|G0000117
split_0210	GCA_017395275.1|G0000121
split_0210	GCA_029907465.1|G0000182
split_0210	GCA_030604065.1|G0000192
split_0210	GCA_046539605.1|G0000237
split_0211	ERR2282092_bin.34|G0000004
split_0211	GCA_009780575.1|G0000079
split_0211	GCA_013415695.1|G0000088
split_0211	GCA_016841265.1|G0000117
split_0211	GCA_017395275.1|G0000121
split_0211	GCA_030604065.1|G0000192
split_0211	GCA_046539605.1|G0000237
split_0212	ERR2282092_bin.34|G0000004
split_0212	GCA_009780575.1|G0000079
split_0212	GCA_016841265.1|G0000117
split_0212	GCA_017395275.1|G0000121
split_0212	GCA_030604065.1|G0000192
split_0213	ERR2282092_bin.34|G0000004
split_0213	GCA_009780575.1|G0000079
split_0213	GCA_017395275.1|G0000121
split_0213	GCA_030604065.1|G0000192
split_0214	ERR2282092_bin.34|G0000004
split_0214	GCA_009780575.1|G0000079
split_0214	GCA_017395275.1|G0000121
split_0215	GCA_009780575.1|G0000079
split_0215	GCA_017395275.1|G0000121
split_0216	GCA_013415695.1|G0000088
split_0216	GCA_046539605.1|G0000237
split_0217	ERR4283445_bin.66|G0000006
split_0217	GCA_002067865.1|G0000040
split_0217	GCA_002067865.1|G0000041
split_0217	GCA_002497075.1|G0000049
split_0217	GCA_002508545.1|G0000057
split_0217	GCA_026394375.1|G0000160
split_0217	GCA_028679985.1|G0000175
split_0218	ERR4283445_bin.66|G0000006
split_0218	GCA_002067865.1|G0000040
split_0218	GCA_002067865.1|G0000041
split_0218	GCA_002497075.1|G0000049
split_0218	GCA_002508545.1|G0000057
split_0218	GCA_026394375.1|G0000160
split_0219	ERR4283445_bin.66|G0000006
split_0219	GCA_002067865.1|G0000040
split_0219	GCA_002497075.1|G0000049
split_0219	GCA_002508545.1|G0000057
split_0220	ERR4283445_bin.66|G0000006
split_0220	GCA_002508545.1|G0000057
split_0221	GCA_002067865.1|G0000040
split_0221	GCA_002497075.1|G0000049
split_0222	GCA_002067865.1|G0000041
split_0222	GCA_026394375.1|G0000160
split_0223	GCA_000306725.1|G0000009
split_0223	GCA_001717025.1|G0000022
split_0223	GCA_002067095.1|G0000034
split_0223	GCA_002067315.1|G0000035
split_0223	GCA_002495885.1|G0000045
split_0223	GCA_004028775.1|G0000073
split_0223	GCA_019685575.1|G0000136
split_0223	GCA_021158865.1|G0000144
split_0223	GCA_021162065.1|G0000146
split_0223	GCA_029907705.1|G0000185
split_0223	GCA_029907705.1|G0000186
split_0223	GCA_030019205.1|G0000190
split_0223	GCA_038861055.1|G0000230
split_0223	GCA_038894255.1|G0000234
split_0223	GCA_046546175.1|G0000239
split_0223	GCA_052626505.1|G0000249
split_0223	GCF_000008645.1|G0000264
split_0223	GCF_000275865.1|G0000272
split_0223	GCF_004102725.1|G0000275
split_0224	GCA_000306725.1|G0000009
split_0224	GCA_002067095.1|G0000034
split_0224	GCA_002067315.1|G0000035
split_0224	GCA_002495885.1|G0000045
split_0224	GCA_019685575.1|G0000136
split_0224	GCA_021158865.1|G0000144
split_0224	GCA_021162065.1|G0000146
split_0224	GCA_029907705.1|G0000185
split_0224	GCA_029907705.1|G0000186
split_0224	GCA_030019205.1|G0000190
split_0224	GCA_046546175.1|G0000239
split_0224	GCA_052626505.1|G0000249
split_0224	GCF_000008645.1|G0000264
split_0224	GCF_000275865.1|G0000272
split_0224	GCF_004102725.1|G0000275
split_0225	GCA_002067095.1|G0000034
split_0225	GCA_002067315.1|G0000035
split_0225	GCA_002495885.1|G0000045
split_0225	GCA_019685575.1|G0000136
split_0225	GCA_021158865.1|G0000144
split_0225	GCA_021162065.1|G0000146
split_0225	GCA_029907705.1|G0000185
split_0225	GCA_029907705.1|G0000186
split_0225	GCA_030019205.1|G0000190
split_0225	GCA_046546175.1|G0000239
split_0225	GCA_052626505.1|G0000249
split_0225	GCF_000008645.1|G0000264
split_0225	GCF_000275865.1|G0000272
split_0225	GCF_004102725.1|G0000275
split_0226	GCA_002067095.1|G0000034
split_0226	GCA_002067315.1|G0000035
split_0226	GCA_002495885.1|G0000045
split_0226	GCA_021158865.1|G0000144
split_0226	GCA_021162065.1|G0000146
split_0226	GCA_029907705.1|G0000185
split_0226	GCA_029907705.1|G0000186
split_0226	GCA_030019205.1|G0000190
split_0226	GCA_046546175.1|G0000239
split_0226	GCF_000008645.1|G0000264
split_0226	GCF_000275865.1|G0000272
split_0226	GCF_004102725.1|G0000275
split_0227	GCA_002067095.1|G0000034
split_0227	GCA_002067315.1|G0000035
split_0227	GCA_002495885.1|G0000045
split_0227	GCA_021158865.1|G0000144
split_0227	GCA_021162065.1|G0000146
split_0227	GCA_029907705.1|G0000185
split_0227	GCA_029907705.1|G0000186
split_0227	GCA_030019205.1|G0000190
split_0227	GCA_046546175.1|G0000239
split_0227	GCF_000275865.1|G0000272
split_0227	GCF_004102725.1|G0000275
split_0228	GCA_002067095.1|G0000034
split_0228	GCA_002067315.1|G0000035
split_0228	GCA_029907705.1|G0000185
split_0228	GCA_029907705.1|G0000186
split_0228	GCA_030019205.1|G0000190
split_0228	GCA_046546175.1|G0000239
split_0228	GCF_000275865.1|G0000272
split_0228	GCF_004102725.1|G0000275
split_0229	GCA_002067095.1|G0000034
split_0229	GCA_002067315.1|G0000035
split_0229	GCA_029907705.1|G0000185
split_0229	GCA_029907705.1|G0000186
split_0229	GCA_030019205.1|G0000190
split_0229	GCF_000275865.1|G0000272
split_0229	GCF_004102725.1|G0000275
split_0230	GCA_002067095.1|G0000034
split_0230	GCA_029907705.1|G0000185
split_0230	GCA_029907705.1|G0000186
split_0230	GCA_030019205.1|G0000190
split_0230	GCF_000275865.1|G0000272
split_0230	GCF_004102725.1|G0000275
split_0231	GCA_002067095.1|G0000034
split_0231	GCF_004102725.1|G0000275
split_0232	GCA_029907705.1|G0000185
split_0232	GCA_029907705.1|G0000186
split_0232	GCA_030019205.1|G0000190
split_0232	GCF_000275865.1|G0000272
split_0233	GCA_029907705.1|G0000186
split_0233	GCA_030019205.1|G0000190
split_0233	GCF_000275865.1|G0000272
split_0234	GCA_029907705.1|G0000186
split_0234	GCA_030019205.1|G0000190
split_0235	GCA_002495885.1|G0000045
split_0235	GCA_021158865.1|G0000144
split_0235	GCA_021162065.1|G0000146
split_0236	GCA_021158865.1|G0000144
split_0236	GCA_021162065.1|G0000146
split_0237	GCA_019685575.1|G0000136
split_0237	GCA_052626505.1|G0000249
split_0238	GCA_001717025.1|G0000022
split_0238	GCA_004028775.1|G0000073
split_0238	GCA_038861055.1|G0000230
split_0238	GCA_038894255.1|G0000234
split_0239	GCA_001717025.1|G0000022
split_0239	GCA_004028775.1|G0000073
split_0239	GCA_038861055.1|G0000230
split_0240	GCA_001717025.1|G0000022
split_0240	GCA_004028775.1|G0000073
split_0241	GCA_029907465.1|G0000184
split_0241	GCA_035531115.1|G0000210
split_0241	GCA_038851035.1|G0000228
split_0242	GCA_029907465.1|G0000184
split_0242	GCA_035531115.1|G0000210
split_0243	GCA_004028775.1|G0000074
split_0243	GCA_029259545.1|G0000179
split_0243	GCA_030611045.1|G0000196
split_0244	GCA_029259545.1|G0000179
split_0244	GCA_030611045.1|G0000196
split_0245	GCA_001509375.1|G0000019
split_0245	GCA_002067795.1|G0000038
split_0245	GCA_002501765.1|G0000051
split_0245	GCA_002506015.1|G0000056
split_0245	GCA_003194445.1|G0000069
split_0245	GCA_014859725.1|G0000092
split_0245	GCA_021108405.1|G0000143
split_0245	GCA_023229165.1|G0000152
split_0245	GCA_030605385.1|G0000193
split_0245	GCA_030605805.1|G0000194
split_0245	GCA_030611265.1|G0000201
split_0245	GCA_030627385.1|G0000203
split_0245	GCA_034659235.1|G0000209
split_0245	GCA_046546175.1|G0000240
split_0245	GCA_046546175.1|G0000244
split_0246	GCA_001509375.1|G0000019
split_0246	GCA_002067795.1|G0000038
split_0246	GCA_002501765.1|G0000051
split_0246	GCA_023229165.1|G0000152
split_0246	GCA_030605385.1|G0000193
split_0247	GCA_001509375.1|G0000019
split_0247	GCA_002067795.1|G0000038
split_0247	GCA_023229165.1|G0000152
split_0248	GCA_002067795.1|G0000038
split_0248	GCA_023229165.1|G0000152
split_0249	GCA_002501765.1|G0000051
split_0249	GCA_030605385.1|G0000193
split_0250	GCA_002506015.1|G0000056
split_0250	GCA_003194445.1|G0000069
split_0250	GCA_014859725.1|G0000092
split_0250	GCA_021108405.1|G0000143
split_0250	GCA_030605805.1|G0000194
split_0250	GCA_030611265.1|G0000201
split_0250	GCA_030627385.1|G0000203
split_0250	GCA_034659235.1|G0000209
split_0250	GCA_046546175.1|G0000240
split_0250	GCA_046546175.1|G0000244
split_0251	GCA_002506015.1|G0000056
split_0251	GCA_003194445.1|G0000069
split_0251	GCA_014859725.1|G0000092
split_0251	GCA_021108405.1|G0000143
split_0251	GCA_030605805.1|G0000194
split_0251	GCA_030611265.1|G0000201
split_0251	GCA_030627385.1|G0000203
split_0251	GCA_034659235.1|G0000209
split_0251	GCA_046546175.1|G0000240
split_0252	GCA_002506015.1|G0000056
split_0252	GCA_003194445.1|G0000069
split_0252	GCA_014859725.1|G0000092
split_0252	GCA_021108405.1|G0000143
split_0252	GCA_030605805.1|G0000194
split_0252	GCA_030627385.1|G0000203
split_0252	GCA_034659235.1|G0000209
split_0252	GCA_046546175.1|G0000240
split_0253	GCA_002506015.1|G0000056
split_0253	GCA_003194445.1|G0000069
split_0253	GCA_030605805.1|G0000194
split_0253	GCA_034659235.1|G0000209
split_0254	GCA_002506015.1|G0000056
split_0254	GCA_003194445.1|G0000069
split_0254	GCA_030605805.1|G0000194
split_0255	GCA_002506015.1|G0000056
split_0255	GCA_030605805.1|G0000194
split_0256	GCA_014859725.1|G0000092
split_0256	GCA_021108405.1|G0000143
split_0256	GCA_030627385.1|G0000203
split_0256	GCA_046546175.1|G0000240
split_0257	GCA_014859725.1|G0000092
split_0257	GCA_030627385.1|G0000203
split_0257	GCA_046546175.1|G0000240
split_0258	GCA_014859725.1|G0000092
split_0258	GCA_046546175.1|G0000240
split_0259	GCA_001412355.1|G0000015
split_0259	GCA_002067095.1|G0000033
split_0259	GCA_002496395.1|G0000046
split_0259	GCA_002499905.1|G0000050
split_0259	GCA_002503135.1|G0000052
split_0259	GCA_002503885.1|G0000053
split_0259	GCA_002503885.1|G0000054
split_0259	GCA_011048835.1|G0000081
split_0259	GCA_015660865.1|G0000103
split_0259	GCA_016841485.1|G0000118
split_0259	GCA_016937345.1|G0000120
split_0259	GCA_028678665.1|G0000172
split_0259	GCA_029907705.1|G0000187
split_0259	GCA_030019205.1|G0000189
split_0259	GCA_040776445.1|G0000235
split_0259	GCA_963677995.1|G0000261
split_0259	GCF_000275865.1|G0000271
split_0259	GCF_000327485.1|G0000273
split_0259	GCF_004102725.1|G0000276
split_0259	GOMC.bin.831|G0000289
split_0260	GCA_001412355.1|G0000015
split_0260	GCA_002067095.1|G0000033
split_0260	GCA_002496395.1|G0000046
split_0260	GCA_002499905.1|G0000050
split_0260	GCA_002503135.1|G0000052
split_0260	GCA_002503885.1|G0000053
split_0260	GCA_002503885.1|G0000054
split_0260	GCA_011048835.1|G0000081
split_0260	GCA_015660865.1|G0000103
split_0260	GCA_016841485.1|G0000118
split_0260	GCA_016937345.1|G0000120
split_0260	GCA_028678665.1|G0000172
split_0260	GCA_029907705.1|G0000187
split_0260	GCA_030019205.1|G0000189
split_0260	GCA_040776445.1|G0000235
split_0260	GCA_963677995.1|G0000261
split_0260	GCF_000327485.1|G0000273
split_0260	GCF_004102725.1|G0000276
split_0260	GOMC.bin.831|G0000289
split_0261	GCA_001412355.1|G0000015
split_0261	GCA_002067095.1|G0000033
split_0261	GCA_002496395.1|G0000046
split_0261	GCA_002499905.1|G0000050
split_0261	GCA_002503135.1|G0000052
split_0261	GCA_002503885.1|G0000053
split_0261	GCA_002503885.1|G0000054
split_0261	GCA_011048835.1|G0000081
split_0261	GCA_016841485.1|G0000118
split_0261	GCA_016937345.1|G0000120
split_0261	GCA_029907705.1|G0000187
split_0261	GCA_030019205.1|G0000189
split_0261	GCA_040776445.1|G0000235
split_0261	GCA_963677995.1|G0000261
split_0261	GCF_000327485.1|G0000273
split_0261	GCF_004102725.1|G0000276
split_0261	GOMC.bin.831|G0000289
split_0262	GCA_001412355.1|G0000015
split_0262	GCA_002503135.1|G0000052
split_0262	GCA_002503885.1|G0000054
split_0262	GCA_011048835.1|G0000081
split_0262	GCA_016841485.1|G0000118
split_0262	GCA_016937345.1|G0000120
split_0262	GCA_030019205.1|G0000189
split_0262	GCF_004102725.1|G0000276
split_0262	GOMC.bin.831|G0000289
split_0263	GCA_001412355.1|G0000015
split_0263	GCA_002503135.1|G0000052
split_0263	GCA_011048835.1|G0000081
split_0263	GCA_016841485.1|G0000118
split_0263	GCA_016937345.1|G0000120
split_0263	GCA_030019205.1|G0000189
split_0264	GCA_001412355.1|G0000015
split_0264	GCA_011048835.1|G0000081
split_0264	GCA_016841485.1|G0000118
split_0264	GCA_016937345.1|G0000120
split_0264	GCA_030019205.1|G0000189
split_0265	GCA_001412355.1|G0000015
split_0265	GCA_011048835.1|G0000081
split_0266	GCA_016841485.1|G0000118
split_0266	GCA_016937345.1|G0000120
split_0266	GCA_030019205.1|G0000189
split_0267	GCA_016841485.1|G0000118
split_0267	GCA_016937345.1|G0000120
split_0268	GCA_002503885.1|G0000054
split_0268	GCF_004102725.1|G0000276
split_0268	GOMC.bin.831|G0000289
split_0269	GCA_002503885.1|G0000054
split_0269	GCF_004102725.1|G0000276
split_0270	GCA_002067095.1|G0000033
split_0270	GCA_002496395.1|G0000046
split_0270	GCA_002499905.1|G0000050
split_0270	GCA_002503885.1|G0000053
split_0270	GCA_029907705.1|G0000187
split_0270	GCA_040776445.1|G0000235
split_0270	GCA_963677995.1|G0000261
split_0270	GCF_000327485.1|G0000273
split_0271	GCA_002067095.1|G0000033
split_0271	GCA_002496395.1|G0000046
split_0271	GCA_002499905.1|G0000050
split_0271	GCA_002503885.1|G0000053
split_0271	GCA_040776445.1|G0000235
split_0271	GCA_963677995.1|G0000261
split_0271	GCF_000327485.1|G0000273
split_0272	GCA_002067095.1|G0000033
split_0272	GCA_002499905.1|G0000050
split_0272	GCA_002503885.1|G0000053
split_0272	GCA_040776445.1|G0000235
split_0272	GCA_963677995.1|G0000261
split_0272	GCF_000327485.1|G0000273
split_0273	GCA_002067095.1|G0000033
split_0273	GCA_002499905.1|G0000050
split_0273	GCA_002503885.1|G0000053
split_0273	GCA_040776445.1|G0000235
split_0273	GCF_000327485.1|G0000273
split_0274	GCA_002067095.1|G0000033
split_0274	GCA_002499905.1|G0000050
split_0274	GCA_002503885.1|G0000053
split_0275	GCA_002067095.1|G0000033
split_0275	GCA_002503885.1|G0000053
split_0276	GCA_040776445.1|G0000235
split_0276	GCF_000327485.1|G0000273
split_0277	GCA_015660865.1|G0000103
split_0277	GCA_028678665.1|G0000172
split_0278	GCA_002067315.1|G0000037
split_0278	GCA_015660915.1|G0000104
split_0278	GCA_035624185.1|G0000212
split_0278	GCF_000011005.1|G0000267
split_0278	GCF_021023085.1|G0000277
split_0279	GCA_002067315.1|G0000037
split_0279	GCF_000011005.1|G0000267
split_0279	GCF_021023085.1|G0000277
split_0280	GCF_000011005.1|G0000267
split_0280	GCF_021023085.1|G0000277
split_0281	GCA_015660915.1|G0000104
split_0281	GCA_035624185.1|G0000212
split_0282	GCA_013154335.1|G0000083
split_0282	GCA_015661555.1|G0000105
split_0282	GCF_000016125.1|G0000268
split_0282	GCF_000023985.1|G0000269
split_0282	GCF_000214415.1|G0000270
split_0282	GCF_946463545.1|G0000279
split_0283	GCA_015661555.1|G0000105
split_0283	GCF_000016125.1|G0000268
split_0283	GCF_000023985.1|G0000269
split_0283	GCF_000214415.1|G0000270
split_0283	GCF_946463545.1|G0000279
split_0284	GCA_015661555.1|G0000105
split_0284	GCF_000016125.1|G0000268
split_0284	GCF_000214415.1|G0000270
split_0284	GCF_946463545.1|G0000279
split_0285	GCA_015661555.1|G0000105
split_0285	GCF_000016125.1|G0000268
split_0286	GCF_000214415.1|G0000270
split_0286	GCF_946463545.1|G0000279
split_0287	GCA_000309865.1|G0000013
split_0287	GCA_001507955.1|G0000016
split_0287	GCF_000008645.1|G0000266
split_0288	GCA_000309865.1|G0000013
split_0288	GCF_000008645.1|G0000266
