split_id	gene_id
split_0001	CRR282917_bin.1|G0000001
split_0001	CRR283063_bin.1|G0000003
split_0002	CRR282917_bin.1|G0000001
split_0002	CRR283063_bin.1|G0000003
split_0002	ERR1043166_bin.4|G0000004
split_0003	CRR282917_bin.1|G0000001
split_0003	CRR283040_bin.6|G0000002
split_0003	CRR283063_bin.1|G0000003
split_0003	ERR1043166_bin.4|G0000004
split_0004	CRR282917_bin.1|G0000001
split_0004	CRR283040_bin.6|G0000002
split_0004	CRR283063_bin.1|G0000003
split_0004	ERR1043166_bin.4|G0000004
split_0004	GCA_007571135.1|G0000081
split_0004	GCA_021414365.1|G0000174
split_0004	GCA_023252335.1|G0000185
split_0004	GCA_973787075.1|G0000304
split_0005	CRR282917_bin.1|G0000001
split_0005	CRR283040_bin.6|G0000002
split_0005	CRR283063_bin.1|G0000003
split_0005	ERR1043166_bin.4|G0000004
split_0005	GCA_007571135.1|G0000081
split_0005	GCA_013538715.1|G0000092
split_0005	GCA_021414365.1|G0000174
split_0005	GCA_023252335.1|G0000185
split_0005	GCA_038868495.1|G0000282
split_0005	GCA_973787075.1|G0000304
split_0005	GCA_973788585.1|G0000305
split_0006	CRR282917_bin.1|G0000001
split_0006	CRR283040_bin.6|G0000002
split_0006	CRR283063_bin.1|G0000003
split_0006	ERR1043166_bin.4|G0000004
split_0006	GCA_007571135.1|G0000081
split_0006	GCA_013538675.1|G0000091
split_0006	GCA_013538715.1|G0000092
split_0006	GCA_021414365.1|G0000174
split_0006	GCA_023252335.1|G0000185
split_0006	GCA_037442405.1|G0000260
split_0006	GCA_038868495.1|G0000282
split_0006	GCA_973787075.1|G0000304
split_0006	GCA_973788585.1|G0000305
split_0007	CRR282917_bin.1|G0000001
split_0007	CRR283040_bin.6|G0000002
split_0007	CRR283063_bin.1|G0000003
split_0007	ERR1043166_bin.4|G0000004
split_0007	GCA_002495315.1|G0000036
split_0007	GCA_007571135.1|G0000081
split_0007	GCA_011605775.1|G0000088
split_0007	GCA_013538675.1|G0000091
split_0007	GCA_013538715.1|G0000092
split_0007	GCA_016180375.1|G0000115
split_0007	GCA_016184315.1|G0000116
split_0007	GCA_016840425.1|G0000122
split_0007	GCA_016871995.1|G0000128
split_0007	GCA_021414365.1|G0000174
split_0007	GCA_023252335.1|G0000185
split_0007	GCA_023266955.1|G0000187
split_0007	GCA_023379805.1|G0000191
split_0007	GCA_025058425.1|G0000195
split_0007	GCA_029775995.1|G0000240
split_0007	GCA_029776125.1|G0000241
split_0007	GCA_036012225.1|G0000255
split_0007	GCA_036514475.1|G0000258
split_0007	GCA_037442405.1|G0000260
split_0007	GCA_038868495.1|G0000282
split_0007	GCA_973787075.1|G0000304
split_0007	GCA_973788585.1|G0000305
split_0007	GOMC.bin.10546|G0000318
split_0008	CRR282917_bin.1|G0000001
split_0008	CRR283040_bin.6|G0000002
split_0008	CRR283063_bin.1|G0000003
split_0008	ERR1043166_bin.4|G0000004
split_0008	GCA_002495315.1|G0000036
split_0008	GCA_007571135.1|G0000081
split_0008	GCA_011605775.1|G0000088
split_0008	GCA_013538675.1|G0000091
split_0008	GCA_013538715.1|G0000092
split_0008	GCA_016180375.1|G0000115
split_0008	GCA_016184315.1|G0000116
split_0008	GCA_016840425.1|G0000122
split_0008	GCA_016871995.1|G0000128
split_0008	GCA_021414365.1|G0000174
split_0008	GCA_023252335.1|G0000185
split_0008	GCA_023266955.1|G0000187
split_0008	GCA_023379805.1|G0000191
split_0008	GCA_025058425.1|G0000195
split_0008	GCA_029775995.1|G0000240
split_0008	GCA_029776125.1|G0000241
split_0008	GCA_036012225.1|G0000255
split_0008	GCA_036514475.1|G0000258
split_0008	GCA_037442405.1|G0000260
split_0008	GCA_038868495.1|G0000282
split_0008	GCA_040290255.1|G0000293
split_0008	GCA_973787075.1|G0000304
split_0008	GCA_973788585.1|G0000305
split_0008	GOMC.bin.10546|G0000318
split_0009	CRR282917_bin.1|G0000001
split_0009	CRR283040_bin.6|G0000002
split_0009	CRR283063_bin.1|G0000003
split_0009	ERR1043166_bin.4|G0000004
split_0009	GCA_002495315.1|G0000036
split_0009	GCA_007571135.1|G0000081
split_0009	GCA_011605775.1|G0000088
split_0009	GCA_013538675.1|G0000091
split_0009	GCA_013538715.1|G0000092
split_0009	GCA_016180375.1|G0000115
split_0009	GCA_016184315.1|G0000116
split_0009	GCA_016840425.1|G0000122
split_0009	GCA_016871995.1|G0000128
split_0009	GCA_021162925.1|G0000167
split_0009	GCA_021414365.1|G0000174
split_0009	GCA_023252335.1|G0000185
split_0009	GCA_023266955.1|G0000187
split_0009	GCA_023379805.1|G0000191
split_0009	GCA_025058425.1|G0000195
split_0009	GCA_029775995.1|G0000240
split_0009	GCA_029776125.1|G0000241
split_0009	GCA_029850555.1|G0000242
split_0009	GCA_036012225.1|G0000255
split_0009	GCA_036514475.1|G0000258
split_0009	GCA_037442405.1|G0000260
split_0009	GCA_038868495.1|G0000282
split_0009	GCA_040290255.1|G0000293
split_0009	GCA_902812485.1|G0000303
split_0009	GCA_973787075.1|G0000304
split_0009	GCA_973788585.1|G0000305
split_0009	GOMC.bin.10546|G0000318
split_0010	CRR282917_bin.1|G0000001
split_0010	CRR283040_bin.6|G0000002
split_0010	CRR283063_bin.1|G0000003
split_0010	ERR1043166_bin.4|G0000004
split_0010	GCA_002495315.1|G0000036
split_0010	GCA_007571135.1|G0000081
split_0010	GCA_009903795.1|G0000083
split_0010	GCA_011605775.1|G0000088
split_0010	GCA_013538675.1|G0000091
split_0010	GCA_013538715.1|G0000092
split_0010	GCA_015522695.1|G0000110
split_0010	GCA_016180375.1|G0000115
split_0010	GCA_016184315.1|G0000116
split_0010	GCA_016840425.1|G0000122
split_0010	GCA_016871995.1|G0000128
split_0010	GCA_021162925.1|G0000167
split_0010	GCA_021324115.1|G0000171
split_0010	GCA_021414365.1|G0000174
split_0010	GCA_023252335.1|G0000185
split_0010	GCA_023266955.1|G0000187
split_0010	GCA_023379805.1|G0000191
split_0010	GCA_025058425.1|G0000195
split_0010	GCA_029775965.1|G0000239
split_0010	GCA_029775995.1|G0000240
split_0010	GCA_029776125.1|G0000241
split_0010	GCA_029850555.1|G0000242
split_0010	GCA_035543015.1|G0000253
split_0010	GCA_036012225.1|G0000255
split_0010	GCA_036514475.1|G0000258
split_0010	GCA_037442405.1|G0000260
split_0010	GCA_038728585.1|G0000266
split_0010	GCA_038868495.1|G0000282
split_0010	GCA_040290255.1|G0000293
split_0010	GCA_902812485.1|G0000303
split_0010	GCA_973787075.1|G0000304
split_0010	GCA_973788585.1|G0000305
split_0010	GCF_013340765.1|G0000316
split_0010	GOMC.bin.10546|G0000318
split_0011	CRR282917_bin.1|G0000001
split_0011	CRR283040_bin.6|G0000002
split_0011	CRR283063_bin.1|G0000003
split_0011	ERR1043166_bin.4|G0000004
split_0011	GCA_002495315.1|G0000036
split_0011	GCA_003164815.1|G0000047
split_0011	GCA_007571135.1|G0000081
split_0011	GCA_009903795.1|G0000083
split_0011	GCA_011605775.1|G0000088
split_0011	GCA_013388925.1|G0000090
split_0011	GCA_013538675.1|G0000091
split_0011	GCA_013538715.1|G0000092
split_0011	GCA_015522695.1|G0000110
split_0011	GCA_016180375.1|G0000115
split_0011	GCA_016184315.1|G0000116
split_0011	GCA_016840425.1|G0000122
split_0011	GCA_016871995.1|G0000128
split_0011	GCA_021162925.1|G0000167
split_0011	GCA_021324115.1|G0000171
split_0011	GCA_021414365.1|G0000174
split_0011	GCA_021851265.1|G0000177
split_0011	GCA_023252335.1|G0000185
split_0011	GCA_023266955.1|G0000187
split_0011	GCA_023379805.1|G0000191
split_0011	GCA_024256165.1|G0000193
split_0011	GCA_025058425.1|G0000195
split_0011	GCA_027297425.1|G0000222
split_0011	GCA_029775965.1|G0000239
split_0011	GCA_029775995.1|G0000240
split_0011	GCA_029776125.1|G0000241
split_0011	GCA_029850555.1|G0000242
split_0011	GCA_032906765.1|G0000250
split_0011	GCA_035543015.1|G0000253
split_0011	GCA_035622335.1|G0000254
split_0011	GCA_036012225.1|G0000255
split_0011	GCA_036514475.1|G0000258
split_0011	GCA_037442405.1|G0000260
split_0011	GCA_038728585.1|G0000266
split_0011	GCA_038868495.1|G0000282
split_0011	GCA_040290255.1|G0000293
split_0011	GCA_902812485.1|G0000303
split_0011	GCA_973787075.1|G0000304
split_0011	GCA_973788585.1|G0000305
split_0011	GCF_013340765.1|G0000316
split_0011	GOMC.bin.10546|G0000318
split_0012	CRR282917_bin.1|G0000001
split_0012	CRR283040_bin.6|G0000002
split_0012	CRR283063_bin.1|G0000003
split_0012	ERR1043166_bin.4|G0000004
split_0012	GCA_001775995.1|G0000027
split_0012	GCA_002495315.1|G0000036
split_0012	GCA_003164815.1|G0000047
split_0012	GCA_007571135.1|G0000081
split_0012	GCA_009903795.1|G0000083
split_0012	GCA_011605775.1|G0000088
split_0012	GCA_013388925.1|G0000090
split_0012	GCA_013538675.1|G0000091
split_0012	GCA_013538715.1|G0000092
split_0012	GCA_015522695.1|G0000110
split_0012	GCA_016180375.1|G0000115
split_0012	GCA_016184315.1|G0000116
split_0012	GCA_016840425.1|G0000122
split_0012	GCA_016871995.1|G0000128
split_0012	GCA_021162925.1|G0000167
split_0012	GCA_021324115.1|G0000171
split_0012	GCA_021414365.1|G0000174
split_0012	GCA_021851265.1|G0000177
split_0012	GCA_023252335.1|G0000185
split_0012	GCA_023266955.1|G0000187
split_0012	GCA_023379805.1|G0000191
split_0012	GCA_024256165.1|G0000193
split_0012	GCA_025058425.1|G0000195
split_0012	GCA_027297425.1|G0000222
split_0012	GCA_029775965.1|G0000239
split_0012	GCA_029775995.1|G0000240
split_0012	GCA_029776125.1|G0000241
split_0012	GCA_029850555.1|G0000242
split_0012	GCA_032906765.1|G0000250
split_0012	GCA_035543015.1|G0000253
split_0012	GCA_035622335.1|G0000254
split_0012	GCA_036012225.1|G0000255
split_0012	GCA_036514475.1|G0000258
split_0012	GCA_037442405.1|G0000260
split_0012	GCA_038728585.1|G0000266
split_0012	GCA_038868495.1|G0000282
split_0012	GCA_040290255.1|G0000293
split_0012	GCA_902812485.1|G0000303
split_0012	GCA_973787075.1|G0000304
split_0012	GCA_973788585.1|G0000305
split_0012	GCF_013340765.1|G0000316
split_0012	GOMC.bin.10546|G0000318
split_0013	CRR282917_bin.1|G0000001
split_0013	CRR283040_bin.6|G0000002
split_0013	CRR283063_bin.1|G0000003
split_0013	ERR1043166_bin.4|G0000004
split_0013	GCA_001775995.1|G0000027
split_0013	GCA_002011085.2|G0000031
split_0013	GCA_002495315.1|G0000036
split_0013	GCA_003164815.1|G0000047
split_0013	GCA_007571135.1|G0000081
split_0013	GCA_009903795.1|G0000083
split_0013	GCA_011605775.1|G0000088
split_0013	GCA_013388925.1|G0000090
split_0013	GCA_013538675.1|G0000091
split_0013	GCA_013538715.1|G0000092
split_0013	GCA_015522695.1|G0000110
split_0013	GCA_015523545.1|G0000111
split_0013	GCA_016180375.1|G0000115
split_0013	GCA_016184315.1|G0000116
split_0013	GCA_016840425.1|G0000122
split_0013	GCA_016871995.1|G0000128
split_0013	GCA_021162925.1|G0000167
split_0013	GCA_021324115.1|G0000171
split_0013	GCA_021414365.1|G0000174
split_0013	GCA_021851265.1|G0000177
split_0013	GCA_023252335.1|G0000185
split_0013	GCA_023266955.1|G0000187
split_0013	GCA_023379805.1|G0000191
split_0013	GCA_024256165.1|G0000193
split_0013	GCA_025058425.1|G0000195
split_0013	GCA_027297425.1|G0000222
split_0013	GCA_029775965.1|G0000239
split_0013	GCA_029775995.1|G0000240
split_0013	GCA_029776125.1|G0000241
split_0013	GCA_029850555.1|G0000242
split_0013	GCA_030601715.1|G0000246
split_0013	GCA_032906765.1|G0000250
split_0013	GCA_035543015.1|G0000253
split_0013	GCA_035622335.1|G0000254
split_0013	GCA_036012225.1|G0000255
split_0013	GCA_036514475.1|G0000258
split_0013	GCA_037442405.1|G0000260
split_0013	GCA_038728585.1|G0000266
split_0013	GCA_038868495.1|G0000282
split_0013	GCA_040290255.1|G0000293
split_0013	GCA_902812485.1|G0000303
split_0013	GCA_973787075.1|G0000304
split_0013	GCA_973788585.1|G0000305
split_0013	GCF_013340765.1|G0000316
split_0013	GOMC.bin.10546|G0000318
split_0013	GOMC.bin.18048|G0000325
split_0013	GOMC.bin.18048|G0000326
split_0013	GOMC.bin.2492|G0000328
split_0014	CRR282917_bin.1|G0000001
split_0014	CRR283040_bin.6|G0000002
split_0014	CRR283063_bin.1|G0000003
split_0014	ERR1043166_bin.4|G0000004
split_0014	GCA_001768965.1|G0000025
split_0014	GCA_001775995.1|G0000027
split_0014	GCA_002011085.2|G0000031
split_0014	GCA_002495315.1|G0000036
split_0014	GCA_003164815.1|G0000047
split_0014	GCA_005884195.1|G0000074
split_0014	GCA_005888675.1|G0000076
split_0014	GCA_005888735.1|G0000079
split_0014	GCA_007571135.1|G0000081
split_0014	GCA_009903795.1|G0000083
split_0014	GCA_011605775.1|G0000088
split_0014	GCA_013388925.1|G0000090
split_0014	GCA_013538675.1|G0000091
split_0014	GCA_013538715.1|G0000092
split_0014	GCA_015522695.1|G0000110
split_0014	GCA_015523545.1|G0000111
split_0014	GCA_016180375.1|G0000115
split_0014	GCA_016184315.1|G0000116
split_0014	GCA_016840425.1|G0000122
split_0014	GCA_016871995.1|G0000128
split_0014	GCA_018396725.1|G0000141
split_0014	GCA_018396775.1|G0000143
split_0014	GCA_018397035.1|G0000145
split_0014	GCA_021162925.1|G0000166
split_0014	GCA_021162925.1|G0000167
split_0014	GCA_021324115.1|G0000171
split_0014	GCA_021414365.1|G0000174
split_0014	GCA_021851265.1|G0000177
split_0014	GCA_022865705.1|G0000180
split_0014	GCA_023252335.1|G0000185
split_0014	GCA_023266955.1|G0000187
split_0014	GCA_023379805.1|G0000191
split_0014	GCA_024256165.1|G0000193
split_0014	GCA_025058425.1|G0000195
split_0014	GCA_026015185.1|G0000207
split_0014	GCA_027297425.1|G0000222
split_0014	GCA_029775965.1|G0000239
split_0014	GCA_029775995.1|G0000240
split_0014	GCA_029776125.1|G0000241
split_0014	GCA_029850555.1|G0000242
split_0014	GCA_030601715.1|G0000246
split_0014	GCA_032906765.1|G0000250
split_0014	GCA_035543015.1|G0000253
split_0014	GCA_035622335.1|G0000254
split_0014	GCA_036012225.1|G0000255
split_0014	GCA_036514475.1|G0000258
split_0014	GCA_037442405.1|G0000260
split_0014	GCA_038728585.1|G0000266
split_0014	GCA_038852135.1|G0000277
split_0014	GCA_038852285.1|G0000278
split_0014	GCA_038868495.1|G0000282
split_0014	GCA_038873015.1|G0000283
split_0014	GCA_038884875.1|G0000290
split_0014	GCA_040290255.1|G0000293
split_0014	GCA_902812485.1|G0000303
split_0014	GCA_973787075.1|G0000304
split_0014	GCA_973788585.1|G0000305
split_0014	GCF_013340765.1|G0000316
split_0014	GOMC.bin.10546|G0000318
split_0014	GOMC.bin.18048|G0000325
split_0014	GOMC.bin.18048|G0000326
split_0014	GOMC.bin.2492|G0000328
split_0015	CRR282917_bin.1|G0000001
split_0015	CRR283040_bin.6|G0000002
split_0015	CRR283063_bin.1|G0000003
split_0015	ERR1043166_bin.4|G0000004
split_0015	GCA_001768965.1|G0000025
split_0015	GCA_001775995.1|G0000027
split_0015	GCA_002011085.2|G0000031
split_0015	GCA_002495315.1|G0000036
split_0015	GCA_003164815.1|G0000047
split_0015	GCA_005884195.1|G0000074
split_0015	GCA_005888675.1|G0000076
split_0015	GCA_005888735.1|G0000079
split_0015	GCA_007571135.1|G0000081
split_0015	GCA_009903795.1|G0000083
split_0015	GCA_011605775.1|G0000088
split_0015	GCA_013388925.1|G0000090
split_0015	GCA_013538675.1|G0000091
split_0015	GCA_013538715.1|G0000092
split_0015	GCA_015522695.1|G0000110
split_0015	GCA_015523545.1|G0000111
split_0015	GCA_016180375.1|G0000115
split_0015	GCA_016184315.1|G0000116
split_0015	GCA_016840425.1|G0000122
split_0015	GCA_016871995.1|G0000128
split_0015	GCA_018396415.1|G0000137
split_0015	GCA_018396725.1|G0000141
split_0015	GCA_018396775.1|G0000143
split_0015	GCA_018397035.1|G0000145
split_0015	GCA_021162925.1|G0000166
split_0015	GCA_021162925.1|G0000167
split_0015	GCA_021324115.1|G0000171
split_0015	GCA_021414365.1|G0000174
split_0015	GCA_021851265.1|G0000177
split_0015	GCA_022865705.1|G0000180
split_0015	GCA_023252335.1|G0000185
split_0015	GCA_023266955.1|G0000187
split_0015	GCA_023379805.1|G0000191
split_0015	GCA_024256165.1|G0000193
split_0015	GCA_025058425.1|G0000195
split_0015	GCA_026015185.1|G0000207
split_0015	GCA_027297425.1|G0000222
split_0015	GCA_029775965.1|G0000239
split_0015	GCA_029775995.1|G0000240
split_0015	GCA_029776125.1|G0000241
split_0015	GCA_029850555.1|G0000242
split_0015	GCA_030601715.1|G0000246
split_0015	GCA_032906765.1|G0000250
split_0015	GCA_035543015.1|G0000253
split_0015	GCA_035622335.1|G0000254
split_0015	GCA_036012225.1|G0000255
split_0015	GCA_036514475.1|G0000258
split_0015	GCA_037442405.1|G0000260
split_0015	GCA_038728585.1|G0000266
split_0015	GCA_038852135.1|G0000277
split_0015	GCA_038852285.1|G0000278
split_0015	GCA_038868495.1|G0000282
split_0015	GCA_038873015.1|G0000283
split_0015	GCA_038884875.1|G0000290
split_0015	GCA_040290255.1|G0000293
split_0015	GCA_902812485.1|G0000303
split_0015	GCA_973787075.1|G0000304
split_0015	GCA_973788585.1|G0000305
split_0015	GCF_013340765.1|G0000316
split_0015	GOMC.bin.10546|G0000318
split_0015	GOMC.bin.18048|G0000325
split_0015	GOMC.bin.18048|G0000326
split_0015	GOMC.bin.2492|G0000328
split_0016	CRR282917_bin.1|G0000001
split_0016	CRR283040_bin.6|G0000002
split_0016	CRR283063_bin.1|G0000003
split_0016	ERR1043166_bin.4|G0000004
split_0016	GCA_001768965.1|G0000025
split_0016	GCA_001775995.1|G0000027
split_0016	GCA_002011085.2|G0000031
split_0016	GCA_002495315.1|G0000036
split_0016	GCA_003164815.1|G0000047
split_0016	GCA_005884195.1|G0000074
split_0016	GCA_005888675.1|G0000076
split_0016	GCA_005888735.1|G0000079
split_0016	GCA_007571135.1|G0000081
split_0016	GCA_009903795.1|G0000083
split_0016	GCA_011605775.1|G0000088
split_0016	GCA_013388925.1|G0000090
split_0016	GCA_013538675.1|G0000091
split_0016	GCA_013538715.1|G0000092
split_0016	GCA_015522695.1|G0000110
split_0016	GCA_015523545.1|G0000111
split_0016	GCA_016180375.1|G0000115
split_0016	GCA_016184315.1|G0000116
split_0016	GCA_016840425.1|G0000122
split_0016	GCA_016871995.1|G0000128
split_0016	GCA_018396415.1|G0000137
split_0016	GCA_018396725.1|G0000141
split_0016	GCA_018396775.1|G0000143
split_0016	GCA_018397035.1|G0000145
split_0016	GCA_021162925.1|G0000166
split_0016	GCA_021162925.1|G0000167
split_0016	GCA_021324115.1|G0000171
split_0016	GCA_021414365.1|G0000174
split_0016	GCA_021851265.1|G0000177
split_0016	GCA_022865705.1|G0000180
split_0016	GCA_023252335.1|G0000185
split_0016	GCA_023266955.1|G0000187
split_0016	GCA_023379805.1|G0000191
split_0016	GCA_024256165.1|G0000193
split_0016	GCA_025058425.1|G0000195
split_0016	GCA_026015185.1|G0000207
split_0016	GCA_027297425.1|G0000222
split_0016	GCA_029775965.1|G0000239
split_0016	GCA_029775995.1|G0000240
split_0016	GCA_029776125.1|G0000241
split_0016	GCA_029850555.1|G0000242
split_0016	GCA_030601715.1|G0000246
split_0016	GCA_032906765.1|G0000250
split_0016	GCA_035543015.1|G0000253
split_0016	GCA_035622335.1|G0000254
split_0016	GCA_036012225.1|G0000255
split_0016	GCA_036514475.1|G0000258
split_0016	GCA_037442405.1|G0000260
split_0016	GCA_038728585.1|G0000266
split_0016	GCA_038852135.1|G0000277
split_0016	GCA_038852285.1|G0000278
split_0016	GCA_038868495.1|G0000282
split_0016	GCA_038873015.1|G0000283
split_0016	GCA_038883335.1|G0000287
split_0016	GCA_038884875.1|G0000290
split_0016	GCA_040290255.1|G0000293
split_0016	GCA_902812485.1|G0000303
split_0016	GCA_973787075.1|G0000304
split_0016	GCA_973788585.1|G0000305
split_0016	GCF_013340765.1|G0000316
split_0016	GOMC.bin.10546|G0000318
split_0016	GOMC.bin.18048|G0000325
split_0016	GOMC.bin.18048|G0000326
split_0016	GOMC.bin.2492|G0000328
split_0017	CRR282917_bin.1|G0000001
split_0017	CRR283040_bin.6|G0000002
split_0017	CRR283063_bin.1|G0000003
split_0017	ERR1043166_bin.4|G0000004
split_0017	GCA_001593855.1|G0000020
split_0017	GCA_001768965.1|G0000025
split_0017	GCA_001775995.1|G0000027
split_0017	GCA_002011035.2|G0000030
split_0017	GCA_002011085.2|G0000031
split_0017	GCA_002495315.1|G0000036
split_0017	GCA_003164815.1|G0000047
split_0017	GCA_005884195.1|G0000074
split_0017	GCA_005888675.1|G0000076
split_0017	GCA_005888735.1|G0000079
split_0017	GCA_007571135.1|G0000081
split_0017	GCA_009903795.1|G0000083
split_0017	GCA_011605775.1|G0000088
split_0017	GCA_013388925.1|G0000090
split_0017	GCA_013538675.1|G0000091
split_0017	GCA_013538715.1|G0000092
split_0017	GCA_015522695.1|G0000110
split_0017	GCA_015523545.1|G0000111
split_0017	GCA_016180375.1|G0000115
split_0017	GCA_016184315.1|G0000116
split_0017	GCA_016840425.1|G0000122
split_0017	GCA_016871995.1|G0000128
split_0017	GCA_018396415.1|G0000137
split_0017	GCA_018396725.1|G0000141
split_0017	GCA_018396775.1|G0000143
split_0017	GCA_018397035.1|G0000145
split_0017	GCA_021162925.1|G0000166
split_0017	GCA_021162925.1|G0000167
split_0017	GCA_021324115.1|G0000171
split_0017	GCA_021414365.1|G0000174
split_0017	GCA_021851265.1|G0000177
split_0017	GCA_022865705.1|G0000180
split_0017	GCA_023252335.1|G0000185
split_0017	GCA_023266955.1|G0000187
split_0017	GCA_023379805.1|G0000191
split_0017	GCA_024256165.1|G0000193
split_0017	GCA_025058425.1|G0000195
split_0017	GCA_026015185.1|G0000207
split_0017	GCA_027297425.1|G0000222
split_0017	GCA_029775965.1|G0000239
split_0017	GCA_029775995.1|G0000240
split_0017	GCA_029776125.1|G0000241
split_0017	GCA_029850555.1|G0000242
split_0017	GCA_030601715.1|G0000246
split_0017	GCA_032906765.1|G0000250
split_0017	GCA_035543015.1|G0000253
split_0017	GCA_035622335.1|G0000254
split_0017	GCA_036012225.1|G0000255
split_0017	GCA_036514475.1|G0000258
split_0017	GCA_037442405.1|G0000260
split_0017	GCA_038728585.1|G0000266
split_0017	GCA_038852135.1|G0000277
split_0017	GCA_038852285.1|G0000278
split_0017	GCA_038868495.1|G0000282
split_0017	GCA_038873015.1|G0000283
split_0017	GCA_038883335.1|G0000287
split_0017	GCA_038884875.1|G0000290
split_0017	GCA_040290255.1|G0000293
split_0017	GCA_052246955.1|G0000301
split_0017	GCA_902812485.1|G0000303
split_0017	GCA_973787075.1|G0000304
split_0017	GCA_973788585.1|G0000305
split_0017	GCF_013340765.1|G0000316
split_0017	GOMC.bin.10546|G0000318
split_0017	GOMC.bin.1197|G0000319
split_0017	GOMC.bin.18048|G0000325
split_0017	GOMC.bin.18048|G0000326
split_0017	GOMC.bin.2492|G0000328
split_0018	CRR282917_bin.1|G0000001
split_0018	CRR283040_bin.6|G0000002
split_0018	CRR283063_bin.1|G0000003
split_0018	ERR1043166_bin.4|G0000004
split_0018	GCA_001593855.1|G0000020
split_0018	GCA_001593865.1|G0000021
split_0018	GCA_001768965.1|G0000025
split_0018	GCA_001775995.1|G0000027
split_0018	GCA_002011035.2|G0000030
split_0018	GCA_002011085.2|G0000031
split_0018	GCA_002495315.1|G0000036
split_0018	GCA_003164815.1|G0000047
split_0018	GCA_005884195.1|G0000074
split_0018	GCA_005888675.1|G0000076
split_0018	GCA_005888735.1|G0000079
split_0018	GCA_007571135.1|G0000081
split_0018	GCA_009903795.1|G0000083
split_0018	GCA_011605775.1|G0000088
split_0018	GCA_013388925.1|G0000090
split_0018	GCA_013538675.1|G0000091
split_0018	GCA_013538715.1|G0000092
split_0018	GCA_015522695.1|G0000110
split_0018	GCA_015523545.1|G0000111
split_0018	GCA_016180375.1|G0000115
split_0018	GCA_016184315.1|G0000116
split_0018	GCA_016840425.1|G0000122
split_0018	GCA_016871995.1|G0000128
split_0018	GCA_018396415.1|G0000137
split_0018	GCA_018396535.1|G0000138
split_0018	GCA_018396725.1|G0000141
split_0018	GCA_018396755.1|G0000142
split_0018	GCA_018396775.1|G0000143
split_0018	GCA_018397035.1|G0000145
split_0018	GCA_021162925.1|G0000166
split_0018	GCA_021162925.1|G0000167
split_0018	GCA_021324115.1|G0000171
split_0018	GCA_021414365.1|G0000174
split_0018	GCA_021851265.1|G0000177
split_0018	GCA_022865705.1|G0000180
split_0018	GCA_023252335.1|G0000185
split_0018	GCA_023266955.1|G0000187
split_0018	GCA_023379805.1|G0000191
split_0018	GCA_024256165.1|G0000193
split_0018	GCA_025058425.1|G0000195
split_0018	GCA_026015185.1|G0000207
split_0018	GCA_027297425.1|G0000222
split_0018	GCA_028275385.1|G0000227
split_0018	GCA_029775965.1|G0000239
split_0018	GCA_029775995.1|G0000240
split_0018	GCA_029776125.1|G0000241
split_0018	GCA_029850555.1|G0000242
split_0018	GCA_030601715.1|G0000246
split_0018	GCA_032906765.1|G0000250
split_0018	GCA_035543015.1|G0000253
split_0018	GCA_035622335.1|G0000254
split_0018	GCA_036012225.1|G0000255
split_0018	GCA_036514475.1|G0000258
split_0018	GCA_037442405.1|G0000260
split_0018	GCA_038728585.1|G0000266
split_0018	GCA_038852135.1|G0000277
split_0018	GCA_038852285.1|G0000278
split_0018	GCA_038852745.1|G0000280
split_0018	GCA_038868495.1|G0000282
split_0018	GCA_038873015.1|G0000283
split_0018	GCA_038883335.1|G0000287
split_0018	GCA_038883485.1|G0000288
split_0018	GCA_038884875.1|G0000290
split_0018	GCA_040290255.1|G0000293
split_0018	GCA_052246955.1|G0000301
split_0018	GCA_902812485.1|G0000303
split_0018	GCA_973787075.1|G0000304
split_0018	GCA_973788585.1|G0000305
split_0018	GCF_013340765.1|G0000316
split_0018	GOMC.bin.10546|G0000318
split_0018	GOMC.bin.1197|G0000319
split_0018	GOMC.bin.18048|G0000325
split_0018	GOMC.bin.18048|G0000326
split_0018	GOMC.bin.2492|G0000328
split_0019	CRR282917_bin.1|G0000001
split_0019	CRR283040_bin.6|G0000002
split_0019	CRR283063_bin.1|G0000003
split_0019	ERR1043166_bin.4|G0000004
split_0019	GCA_001593855.1|G0000020
split_0019	GCA_001593865.1|G0000021
split_0019	GCA_001768965.1|G0000025
split_0019	GCA_001775995.1|G0000027
split_0019	GCA_002011035.2|G0000030
split_0019	GCA_002011085.2|G0000031
split_0019	GCA_002495315.1|G0000036
split_0019	GCA_003164815.1|G0000047
split_0019	GCA_005884195.1|G0000074
split_0019	GCA_005888675.1|G0000076
split_0019	GCA_005888735.1|G0000079
split_0019	GCA_007571135.1|G0000081
split_0019	GCA_009903795.1|G0000083
split_0019	GCA_011605775.1|G0000088
split_0019	GCA_013388925.1|G0000090
split_0019	GCA_013538675.1|G0000091
split_0019	GCA_013538715.1|G0000092
split_0019	GCA_015522695.1|G0000110
split_0019	GCA_015523545.1|G0000111
split_0019	GCA_016180375.1|G0000115
split_0019	GCA_016184315.1|G0000116
split_0019	GCA_016840425.1|G0000122
split_0019	GCA_016871995.1|G0000128
split_0019	GCA_018396415.1|G0000137
split_0019	GCA_018396535.1|G0000138
split_0019	GCA_018396725.1|G0000141
split_0019	GCA_018396755.1|G0000142
split_0019	GCA_018396775.1|G0000143
split_0019	GCA_018397035.1|G0000145
split_0019	GCA_020355125.1|G0000156
split_0019	GCA_021162925.1|G0000166
split_0019	GCA_021162925.1|G0000167
split_0019	GCA_021324115.1|G0000171
split_0019	GCA_021414365.1|G0000174
split_0019	GCA_021851265.1|G0000177
split_0019	GCA_022865705.1|G0000180
split_0019	GCA_023128135.1|G0000182
split_0019	GCA_023252335.1|G0000185
split_0019	GCA_023266955.1|G0000187
split_0019	GCA_023379805.1|G0000191
split_0019	GCA_024256165.1|G0000193
split_0019	GCA_025058425.1|G0000195
split_0019	GCA_026015035.1|G0000206
split_0019	GCA_026015185.1|G0000207
split_0019	GCA_027297425.1|G0000222
split_0019	GCA_028275385.1|G0000227
split_0019	GCA_029259355.1|G0000238
split_0019	GCA_029775965.1|G0000239
split_0019	GCA_029775995.1|G0000240
split_0019	GCA_029776125.1|G0000241
split_0019	GCA_029850555.1|G0000242
split_0019	GCA_030601715.1|G0000246
split_0019	GCA_030673205.1|G0000249
split_0019	GCA_032906765.1|G0000250
split_0019	GCA_035543015.1|G0000253
split_0019	GCA_035622335.1|G0000254
split_0019	GCA_036012225.1|G0000255
split_0019	GCA_036514475.1|G0000258
split_0019	GCA_037442405.1|G0000260
split_0019	GCA_038728585.1|G0000266
split_0019	GCA_038852135.1|G0000277
split_0019	GCA_038852285.1|G0000278
split_0019	GCA_038852745.1|G0000280
split_0019	GCA_038868495.1|G0000282
split_0019	GCA_038873015.1|G0000283
split_0019	GCA_038883335.1|G0000287
split_0019	GCA_038883485.1|G0000288
split_0019	GCA_038884875.1|G0000290
split_0019	GCA_040290255.1|G0000293
split_0019	GCA_052246955.1|G0000301
split_0019	GCA_902812485.1|G0000303
split_0019	GCA_973787075.1|G0000304
split_0019	GCA_973788585.1|G0000305
split_0019	GCF_013340765.1|G0000316
split_0019	GOMC.bin.10546|G0000318
split_0019	GOMC.bin.1197|G0000319
split_0019	GOMC.bin.18048|G0000325
split_0019	GOMC.bin.18048|G0000326
split_0019	GOMC.bin.2492|G0000328
split_0020	CRR282917_bin.1|G0000001
split_0020	CRR283040_bin.6|G0000002
split_0020	CRR283063_bin.1|G0000003
split_0020	ERR1043166_bin.4|G0000004
split_0020	GCA_001273385.1|G0000016
split_0020	GCA_001399795.1|G0000017
split_0020	GCA_001593855.1|G0000020
split_0020	GCA_001593865.1|G0000021
split_0020	GCA_001593935.1|G0000023
split_0020	GCA_001768965.1|G0000025
split_0020	GCA_001775995.1|G0000027
split_0020	GCA_002011035.2|G0000030
split_0020	GCA_002011085.2|G0000031
split_0020	GCA_002490245.1|G0000034
split_0020	GCA_002495315.1|G0000036
split_0020	GCA_002507245.1|G0000037
split_0020	GCA_003133625.1|G0000046
split_0020	GCA_003164815.1|G0000047
split_0020	GCA_003662645.1|G0000062
split_0020	GCA_004376295.1|G0000070
split_0020	GCA_004376645.1|G0000071
split_0020	GCA_005884195.1|G0000074
split_0020	GCA_005888675.1|G0000076
split_0020	GCA_005888735.1|G0000079
split_0020	GCA_007571135.1|G0000081
split_0020	GCA_009903795.1|G0000083
split_0020	GCA_011605775.1|G0000088
split_0020	GCA_013388925.1|G0000090
split_0020	GCA_013538675.1|G0000091
split_0020	GCA_013538715.1|G0000092
split_0020	GCA_015520475.1|G0000100
split_0020	GCA_015522695.1|G0000110
split_0020	GCA_015523545.1|G0000111
split_0020	GCA_016180375.1|G0000115
split_0020	GCA_016184315.1|G0000116
split_0020	GCA_016840425.1|G0000121
split_0020	GCA_016840425.1|G0000122
split_0020	GCA_016871995.1|G0000128
split_0020	GCA_018396405.1|G0000136
split_0020	GCA_018396415.1|G0000137
split_0020	GCA_018396535.1|G0000138
split_0020	GCA_018396725.1|G0000141
split_0020	GCA_018396755.1|G0000142
split_0020	GCA_018396775.1|G0000143
split_0020	GCA_018397035.1|G0000145
split_0020	GCA_019685575.1|G0000150
split_0020	GCA_020352645.1|G0000154
split_0020	GCA_020355125.1|G0000156
split_0020	GCA_021158125.1|G0000159
split_0020	GCA_021162925.1|G0000166
split_0020	GCA_021162925.1|G0000167
split_0020	GCA_021324115.1|G0000171
split_0020	GCA_021414365.1|G0000174
split_0020	GCA_021851265.1|G0000177
split_0020	GCA_022865705.1|G0000180
split_0020	GCA_023128135.1|G0000182
split_0020	GCA_023131225.1|G0000184
split_0020	GCA_023252335.1|G0000185
split_0020	GCA_023266955.1|G0000187
split_0020	GCA_023379805.1|G0000191
split_0020	GCA_024256165.1|G0000193
split_0020	GCA_025058425.1|G0000195
split_0020	GCA_025059045.1|G0000197
split_0020	GCA_026014495.1|G0000203
split_0020	GCA_026015035.1|G0000206
split_0020	GCA_026015185.1|G0000207
split_0020	GCA_027297425.1|G0000222
split_0020	GCA_028275385.1|G0000227
split_0020	GCA_029259355.1|G0000238
split_0020	GCA_029775965.1|G0000239
split_0020	GCA_029775995.1|G0000240
split_0020	GCA_029776125.1|G0000241
split_0020	GCA_029850555.1|G0000242
split_0020	GCA_029934005.1|G0000244
split_0020	GCA_030601715.1|G0000246
split_0020	GCA_030615265.1|G0000248
split_0020	GCA_030673205.1|G0000249
split_0020	GCA_032906765.1|G0000250
split_0020	GCA_034660895.1|G0000252
split_0020	GCA_035543015.1|G0000253
split_0020	GCA_035622335.1|G0000254
split_0020	GCA_036012225.1|G0000255
split_0020	GCA_036514475.1|G0000258
split_0020	GCA_037442405.1|G0000260
split_0020	GCA_038728585.1|G0000266
split_0020	GCA_038846965.1|G0000276
split_0020	GCA_038852135.1|G0000277
split_0020	GCA_038852285.1|G0000278
split_0020	GCA_038852745.1|G0000280
split_0020	GCA_038868495.1|G0000282
split_0020	GCA_038873015.1|G0000283
split_0020	GCA_038883335.1|G0000287
split_0020	GCA_038883485.1|G0000288
split_0020	GCA_038884875.1|G0000290
split_0020	GCA_038894255.1|G0000291
split_0020	GCA_040290255.1|G0000293
split_0020	GCA_052246955.1|G0000301
split_0020	GCA_902812485.1|G0000303
split_0020	GCA_973787075.1|G0000304
split_0020	GCA_973788585.1|G0000305
split_0020	GCF_013340765.1|G0000316
split_0020	GOMC.bin.10546|G0000318
split_0020	GOMC.bin.1197|G0000319
split_0020	GOMC.bin.18048|G0000325
split_0020	GOMC.bin.18048|G0000326
split_0020	GOMC.bin.2492|G0000328
split_0020	GOMC.bin.2843|G0000334
split_0020	GOMC.bin.5642|G0000352
split_0021	CRR282917_bin.1|G0000001
split_0021	CRR283040_bin.6|G0000002
split_0021	CRR283063_bin.1|G0000003
split_0021	ERR1043166_bin.4|G0000004
split_0021	GCA_001273385.1|G0000016
split_0021	GCA_001399795.1|G0000017
split_0021	GCA_001593855.1|G0000020
split_0021	GCA_001593865.1|G0000021
split_0021	GCA_001593935.1|G0000023
split_0021	GCA_001768965.1|G0000025
split_0021	GCA_001775995.1|G0000027
split_0021	GCA_002011035.2|G0000030
split_0021	GCA_002011085.2|G0000031
split_0021	GCA_002490245.1|G0000034
split_0021	GCA_002495315.1|G0000036
split_0021	GCA_002507245.1|G0000037
split_0021	GCA_003133625.1|G0000046
split_0021	GCA_003164815.1|G0000047
split_0021	GCA_003662535.1|G0000061
split_0021	GCA_003662645.1|G0000062
split_0021	GCA_004376295.1|G0000070
split_0021	GCA_004376645.1|G0000071
split_0021	GCA_005884195.1|G0000074
split_0021	GCA_005888675.1|G0000076
split_0021	GCA_005888735.1|G0000079
split_0021	GCA_007571135.1|G0000081
split_0021	GCA_009889585.1|G0000082
split_0021	GCA_009903795.1|G0000083
split_0021	GCA_011605775.1|G0000088
split_0021	GCA_013388925.1|G0000090
split_0021	GCA_013538675.1|G0000091
split_0021	GCA_013538715.1|G0000092
split_0021	GCA_015520475.1|G0000100
split_0021	GCA_015522695.1|G0000110
split_0021	GCA_015523545.1|G0000111
split_0021	GCA_016180375.1|G0000115
split_0021	GCA_016184315.1|G0000116
split_0021	GCA_016840425.1|G0000121
split_0021	GCA_016840425.1|G0000122
split_0021	GCA_016871995.1|G0000128
split_0021	GCA_018396405.1|G0000136
split_0021	GCA_018396415.1|G0000137
split_0021	GCA_018396535.1|G0000138
split_0021	GCA_018396725.1|G0000141
split_0021	GCA_018396755.1|G0000142
split_0021	GCA_018396775.1|G0000143
split_0021	GCA_018397035.1|G0000145
split_0021	GCA_019685575.1|G0000150
split_0021	GCA_020352645.1|G0000154
split_0021	GCA_020355125.1|G0000156
split_0021	GCA_021158125.1|G0000159
split_0021	GCA_021162925.1|G0000166
split_0021	GCA_021162925.1|G0000167
split_0021	GCA_021324115.1|G0000171
split_0021	GCA_021414365.1|G0000174
split_0021	GCA_021851265.1|G0000177
split_0021	GCA_022865705.1|G0000180
split_0021	GCA_023128135.1|G0000182
split_0021	GCA_023131225.1|G0000184
split_0021	GCA_023252335.1|G0000185
split_0021	GCA_023266955.1|G0000187
split_0021	GCA_023379805.1|G0000191
split_0021	GCA_024256165.1|G0000193
split_0021	GCA_025058425.1|G0000195
split_0021	GCA_025059045.1|G0000197
split_0021	GCA_026014495.1|G0000203
split_0021	GCA_026015035.1|G0000206
split_0021	GCA_026015185.1|G0000207
split_0021	GCA_027297425.1|G0000222
split_0021	GCA_028275385.1|G0000227
split_0021	GCA_029259355.1|G0000238
split_0021	GCA_029775965.1|G0000239
split_0021	GCA_029775995.1|G0000240
split_0021	GCA_029776125.1|G0000241
split_0021	GCA_029850555.1|G0000242
split_0021	GCA_029934005.1|G0000244
split_0021	GCA_030601715.1|G0000246
split_0021	GCA_030615265.1|G0000248
split_0021	GCA_030673205.1|G0000249
split_0021	GCA_032906765.1|G0000250
split_0021	GCA_034660895.1|G0000252
split_0021	GCA_035543015.1|G0000253
split_0021	GCA_035622335.1|G0000254
split_0021	GCA_036012225.1|G0000255
split_0021	GCA_036514475.1|G0000258
split_0021	GCA_037442405.1|G0000260
split_0021	GCA_038728585.1|G0000266
split_0021	GCA_038846965.1|G0000276
split_0021	GCA_038852135.1|G0000277
split_0021	GCA_038852285.1|G0000278
split_0021	GCA_038852745.1|G0000280
split_0021	GCA_038868495.1|G0000282
split_0021	GCA_038873015.1|G0000283
split_0021	GCA_038883335.1|G0000287
split_0021	GCA_038883485.1|G0000288
split_0021	GCA_038884875.1|G0000290
split_0021	GCA_038894255.1|G0000291
split_0021	GCA_040290255.1|G0000293
split_0021	GCA_052246955.1|G0000301
split_0021	GCA_902812485.1|G0000303
split_0021	GCA_973787075.1|G0000304
split_0021	GCA_973788585.1|G0000305
split_0021	GCF_013340765.1|G0000316
split_0021	GOMC.bin.10546|G0000318
split_0021	GOMC.bin.1197|G0000319
split_0021	GOMC.bin.16972|G0000324
split_0021	GOMC.bin.18048|G0000325
split_0021	GOMC.bin.18048|G0000326
split_0021	GOMC.bin.2212|G0000327
split_0021	GOMC.bin.2492|G0000328
split_0021	GOMC.bin.2497|G0000330
split_0021	GOMC.bin.2843|G0000334
split_0021	GOMC.bin.5642|G0000352
split_0022	CRR282917_bin.1|G0000001
split_0022	CRR283040_bin.6|G0000002
split_0022	CRR283063_bin.1|G0000003
split_0022	ERR1043166_bin.4|G0000004
split_0022	GCA_001273385.1|G0000016
split_0022	GCA_001399795.1|G0000017
split_0022	GCA_001593855.1|G0000020
split_0022	GCA_001593865.1|G0000021
split_0022	GCA_001593935.1|G0000023
split_0022	GCA_001768965.1|G0000025
split_0022	GCA_001775995.1|G0000027
split_0022	GCA_002011035.2|G0000030
split_0022	GCA_002011085.2|G0000031
split_0022	GCA_002490245.1|G0000034
split_0022	GCA_002495315.1|G0000036
split_0022	GCA_002507245.1|G0000037
split_0022	GCA_003133625.1|G0000046
split_0022	GCA_003164815.1|G0000047
split_0022	GCA_003662535.1|G0000061
split_0022	GCA_003662645.1|G0000062
split_0022	GCA_004376295.1|G0000070
split_0022	GCA_004376645.1|G0000071
split_0022	GCA_005884195.1|G0000074
split_0022	GCA_005888675.1|G0000076
split_0022	GCA_005888735.1|G0000079
split_0022	GCA_007571135.1|G0000081
split_0022	GCA_009889585.1|G0000082
split_0022	GCA_009903795.1|G0000083
split_0022	GCA_011605775.1|G0000088
split_0022	GCA_013388925.1|G0000090
split_0022	GCA_013538675.1|G0000091
split_0022	GCA_013538715.1|G0000092
split_0022	GCA_015520475.1|G0000100
split_0022	GCA_015522695.1|G0000110
split_0022	GCA_015523545.1|G0000111
split_0022	GCA_016180375.1|G0000115
split_0022	GCA_016184315.1|G0000116
split_0022	GCA_016840425.1|G0000121
split_0022	GCA_016840425.1|G0000122
split_0022	GCA_016871995.1|G0000128
split_0022	GCA_018396405.1|G0000136
split_0022	GCA_018396415.1|G0000137
split_0022	GCA_018396535.1|G0000138
split_0022	GCA_018396725.1|G0000141
split_0022	GCA_018396755.1|G0000142
split_0022	GCA_018396775.1|G0000143
split_0022	GCA_018397035.1|G0000145
split_0022	GCA_019685575.1|G0000150
split_0022	GCA_020352645.1|G0000154
split_0022	GCA_020355125.1|G0000156
split_0022	GCA_021158125.1|G0000159
split_0022	GCA_021162925.1|G0000166
split_0022	GCA_021162925.1|G0000167
split_0022	GCA_021324115.1|G0000171
split_0022	GCA_021414365.1|G0000174
split_0022	GCA_021851265.1|G0000177
split_0022	GCA_022865705.1|G0000180
split_0022	GCA_023128135.1|G0000182
split_0022	GCA_023131225.1|G0000184
split_0022	GCA_023252335.1|G0000185
split_0022	GCA_023266955.1|G0000187
split_0022	GCA_023379805.1|G0000191
split_0022	GCA_024256165.1|G0000193
split_0022	GCA_025058425.1|G0000195
split_0022	GCA_025059045.1|G0000197
split_0022	GCA_026014495.1|G0000203
split_0022	GCA_026015035.1|G0000206
split_0022	GCA_026015185.1|G0000207
split_0022	GCA_026413605.1|G0000209
split_0022	GCA_027297425.1|G0000222
split_0022	GCA_028275385.1|G0000227
split_0022	GCA_029259155.1|G0000235
split_0022	GCA_029259355.1|G0000238
split_0022	GCA_029775965.1|G0000239
split_0022	GCA_029775995.1|G0000240
split_0022	GCA_029776125.1|G0000241
split_0022	GCA_029850555.1|G0000242
split_0022	GCA_029934005.1|G0000244
split_0022	GCA_030601715.1|G0000246
split_0022	GCA_030615265.1|G0000248
split_0022	GCA_030673205.1|G0000249
split_0022	GCA_032906765.1|G0000250
split_0022	GCA_034660895.1|G0000252
split_0022	GCA_035543015.1|G0000253
split_0022	GCA_035622335.1|G0000254
split_0022	GCA_036012225.1|G0000255
split_0022	GCA_036514475.1|G0000258
split_0022	GCA_037442405.1|G0000260
split_0022	GCA_038728585.1|G0000266
split_0022	GCA_038818435.1|G0000272
split_0022	GCA_038846965.1|G0000276
split_0022	GCA_038852135.1|G0000277
split_0022	GCA_038852285.1|G0000278
split_0022	GCA_038852745.1|G0000280
split_0022	GCA_038868495.1|G0000282
split_0022	GCA_038873015.1|G0000283
split_0022	GCA_038883335.1|G0000287
split_0022	GCA_038883485.1|G0000288
split_0022	GCA_038884875.1|G0000290
split_0022	GCA_038894255.1|G0000291
split_0022	GCA_040290255.1|G0000293
split_0022	GCA_052246955.1|G0000301
split_0022	GCA_902812485.1|G0000303
split_0022	GCA_973787075.1|G0000304
split_0022	GCA_973788585.1|G0000305
split_0022	GCF_013340765.1|G0000316
split_0022	GOMC.bin.10546|G0000318
split_0022	GOMC.bin.1197|G0000319
split_0022	GOMC.bin.16972|G0000324
split_0022	GOMC.bin.18048|G0000325
split_0022	GOMC.bin.18048|G0000326
split_0022	GOMC.bin.2212|G0000327
split_0022	GOMC.bin.2492|G0000328
split_0022	GOMC.bin.2493|G0000329
split_0022	GOMC.bin.2497|G0000330
split_0022	GOMC.bin.2843|G0000334
split_0022	GOMC.bin.5642|G0000352
split_0023	CRR282917_bin.1|G0000001
split_0023	CRR283040_bin.6|G0000002
split_0023	CRR283063_bin.1|G0000003
split_0023	ERR1043166_bin.4|G0000004
split_0023	GCA_001273385.1|G0000016
split_0023	GCA_001399795.1|G0000017
split_0023	GCA_001593855.1|G0000020
split_0023	GCA_001593865.1|G0000021
split_0023	GCA_001593935.1|G0000023
split_0023	GCA_001768965.1|G0000025
split_0023	GCA_001775995.1|G0000027
split_0023	GCA_002011035.2|G0000030
split_0023	GCA_002011085.2|G0000031
split_0023	GCA_002254595.1|G0000032
split_0023	GCA_002490245.1|G0000034
split_0023	GCA_002495315.1|G0000036
split_0023	GCA_002507245.1|G0000037
split_0023	GCA_003133625.1|G0000046
split_0023	GCA_003164815.1|G0000047
split_0023	GCA_003649155.1|G0000052
split_0023	GCA_003649205.1|G0000053
split_0023	GCA_003650785.1|G0000054
split_0023	GCA_003650925.1|G0000055
split_0023	GCA_003662535.1|G0000061
split_0023	GCA_003662645.1|G0000062
split_0023	GCA_004347965.1|G0000067
split_0023	GCA_004376295.1|G0000070
split_0023	GCA_004376645.1|G0000071
split_0023	GCA_005884195.1|G0000074
split_0023	GCA_005888675.1|G0000076
split_0023	GCA_005888735.1|G0000079
split_0023	GCA_007571135.1|G0000081
split_0023	GCA_009889585.1|G0000082
split_0023	GCA_009903795.1|G0000083
split_0023	GCA_011605775.1|G0000088
split_0023	GCA_013388925.1|G0000090
split_0023	GCA_013538675.1|G0000091
split_0023	GCA_013538715.1|G0000092
split_0023	GCA_015520395.1|G0000097
split_0023	GCA_015520475.1|G0000100
split_0023	GCA_015522695.1|G0000110
split_0023	GCA_015523545.1|G0000111
split_0023	GCA_016180375.1|G0000115
split_0023	GCA_016184315.1|G0000116
split_0023	GCA_016840425.1|G0000121
split_0023	GCA_016840425.1|G0000122
split_0023	GCA_016840465.1|G0000125
split_0023	GCA_016840485.1|G0000126
split_0023	GCA_016871995.1|G0000128
split_0023	GCA_018396405.1|G0000136
split_0023	GCA_018396415.1|G0000137
split_0023	GCA_018396535.1|G0000138
split_0023	GCA_018396725.1|G0000141
split_0023	GCA_018396755.1|G0000142
split_0023	GCA_018396775.1|G0000143
split_0023	GCA_018397035.1|G0000145
split_0023	GCA_019056805.1|G0000148
split_0023	GCA_019685575.1|G0000150
split_0023	GCA_020352645.1|G0000154
split_0023	GCA_020355125.1|G0000156
split_0023	GCA_020833005.1|G0000158
split_0023	GCA_021158125.1|G0000159
split_0023	GCA_021162845.1|G0000165
split_0023	GCA_021162925.1|G0000166
split_0023	GCA_021162925.1|G0000167
split_0023	GCA_021324115.1|G0000171
split_0023	GCA_021414365.1|G0000174
split_0023	GCA_021851265.1|G0000177
split_0023	GCA_022865705.1|G0000180
split_0023	GCA_023128135.1|G0000182
split_0023	GCA_023131225.1|G0000184
split_0023	GCA_023252335.1|G0000185
split_0023	GCA_023266955.1|G0000187
split_0023	GCA_023379805.1|G0000191
split_0023	GCA_024256165.1|G0000193
split_0023	GCA_025058425.1|G0000195
split_0023	GCA_025059045.1|G0000197
split_0023	GCA_025061095.1|G0000201
split_0023	GCA_026014495.1|G0000203
split_0023	GCA_026015035.1|G0000206
split_0023	GCA_026015185.1|G0000207
split_0023	GCA_026413605.1|G0000209
split_0023	GCA_027297425.1|G0000222
split_0023	GCA_028275385.1|G0000227
split_0023	GCA_029258885.1|G0000231
split_0023	GCA_029259155.1|G0000235
split_0023	GCA_029259355.1|G0000238
split_0023	GCA_029775965.1|G0000239
split_0023	GCA_029775995.1|G0000240
split_0023	GCA_029776125.1|G0000241
split_0023	GCA_029850555.1|G0000242
split_0023	GCA_029934005.1|G0000244
split_0023	GCA_030601715.1|G0000246
split_0023	GCA_030615265.1|G0000248
split_0023	GCA_030673205.1|G0000249
split_0023	GCA_032906765.1|G0000250
split_0023	GCA_034660895.1|G0000252
split_0023	GCA_035543015.1|G0000253
split_0023	GCA_035622335.1|G0000254
split_0023	GCA_036012225.1|G0000255
split_0023	GCA_036514475.1|G0000258
split_0023	GCA_037442405.1|G0000260
split_0023	GCA_038728585.1|G0000266
split_0023	GCA_038818435.1|G0000272
split_0023	GCA_038825625.1|G0000273
split_0023	GCA_038840055.1|G0000274
split_0023	GCA_038846965.1|G0000276
split_0023	GCA_038852135.1|G0000277
split_0023	GCA_038852285.1|G0000278
split_0023	GCA_038852745.1|G0000280
split_0023	GCA_038868495.1|G0000282
split_0023	GCA_038873015.1|G0000283
split_0023	GCA_038881895.1|G0000285
split_0023	GCA_038883335.1|G0000287
split_0023	GCA_038883485.1|G0000288
split_0023	GCA_038884875.1|G0000290
split_0023	GCA_038894255.1|G0000291
split_0023	GCA_040290255.1|G0000293
split_0023	GCA_052246955.1|G0000301
split_0023	GCA_902812485.1|G0000303
split_0023	GCA_973787075.1|G0000304
split_0023	GCA_973788585.1|G0000305
split_0023	GCF_013340765.1|G0000316
split_0023	GOMC.bin.10546|G0000318
split_0023	GOMC.bin.1197|G0000319
split_0023	GOMC.bin.16739|G0000321
split_0023	GOMC.bin.16766|G0000323
split_0023	GOMC.bin.16972|G0000324
split_0023	GOMC.bin.18048|G0000325
split_0023	GOMC.bin.18048|G0000326
split_0023	GOMC.bin.2212|G0000327
split_0023	GOMC.bin.2492|G0000328
split_0023	GOMC.bin.2493|G0000329
split_0023	GOMC.bin.2497|G0000330
split_0023	GOMC.bin.2724|G0000332
split_0023	GOMC.bin.2843|G0000334
split_0023	GOMC.bin.2857|G0000338
split_0023	GOMC.bin.2866|G0000339
split_0023	GOMC.bin.2900|G0000342
split_0023	GOMC.bin.3028|G0000343
split_0023	GOMC.bin.3195|G0000344
split_0023	GOMC.bin.5642|G0000352
split_0024	CRR282917_bin.1|G0000001
split_0024	CRR283040_bin.6|G0000002
split_0024	CRR283063_bin.1|G0000003
split_0024	ERR1043166_bin.4|G0000004
split_0024	GCA_000380705.1|G0000009
split_0024	GCA_001273385.1|G0000016
split_0024	GCA_001399795.1|G0000017
split_0024	GCA_001593855.1|G0000020
split_0024	GCA_001593865.1|G0000021
split_0024	GCA_001593935.1|G0000023
split_0024	GCA_001768965.1|G0000025
split_0024	GCA_001775995.1|G0000027
split_0024	GCA_002011035.2|G0000030
split_0024	GCA_002011085.2|G0000031
split_0024	GCA_002254595.1|G0000032
split_0024	GCA_002490245.1|G0000034
split_0024	GCA_002495315.1|G0000036
split_0024	GCA_002507245.1|G0000037
split_0024	GCA_003019595.1|G0000042
split_0024	GCA_003133625.1|G0000046
split_0024	GCA_003164815.1|G0000047
split_0024	GCA_003649155.1|G0000052
split_0024	GCA_003649205.1|G0000053
split_0024	GCA_003650785.1|G0000054
split_0024	GCA_003650925.1|G0000055
split_0024	GCA_003662535.1|G0000061
split_0024	GCA_003662645.1|G0000062
split_0024	GCA_004347965.1|G0000067
split_0024	GCA_004376295.1|G0000070
split_0024	GCA_004376645.1|G0000071
split_0024	GCA_005884195.1|G0000074
split_0024	GCA_005888675.1|G0000076
split_0024	GCA_005888735.1|G0000079
split_0024	GCA_007571135.1|G0000081
split_0024	GCA_009889585.1|G0000082
split_0024	GCA_009903795.1|G0000083
split_0024	GCA_011605775.1|G0000088
split_0024	GCA_013388925.1|G0000090
split_0024	GCA_013538675.1|G0000091
split_0024	GCA_013538715.1|G0000092
split_0024	GCA_015520395.1|G0000097
split_0024	GCA_015520475.1|G0000100
split_0024	GCA_015522695.1|G0000110
split_0024	GCA_015523545.1|G0000111
split_0024	GCA_016180375.1|G0000115
split_0024	GCA_016184315.1|G0000116
split_0024	GCA_016840425.1|G0000121
split_0024	GCA_016840425.1|G0000122
split_0024	GCA_016840465.1|G0000125
split_0024	GCA_016840485.1|G0000126
split_0024	GCA_016871995.1|G0000128
split_0024	GCA_017857595.1|G0000133
split_0024	GCA_018396405.1|G0000136
split_0024	GCA_018396415.1|G0000137
split_0024	GCA_018396535.1|G0000138
split_0024	GCA_018396725.1|G0000141
split_0024	GCA_018396755.1|G0000142
split_0024	GCA_018396775.1|G0000143
split_0024	GCA_018397035.1|G0000145
split_0024	GCA_019056805.1|G0000148
split_0024	GCA_019685575.1|G0000150
split_0024	GCA_020352645.1|G0000154
split_0024	GCA_020355125.1|G0000156
split_0024	GCA_020833005.1|G0000158
split_0024	GCA_021158125.1|G0000159
split_0024	GCA_021161825.1|G0000163
split_0024	GCA_021162845.1|G0000165
split_0024	GCA_021162925.1|G0000166
split_0024	GCA_021162925.1|G0000167
split_0024	GCA_021324115.1|G0000171
split_0024	GCA_021324265.1|G0000172
split_0024	GCA_021414365.1|G0000174
split_0024	GCA_021800035.1|G0000176
split_0024	GCA_021851265.1|G0000177
split_0024	GCA_022865705.1|G0000180
split_0024	GCA_023128135.1|G0000182
split_0024	GCA_023131225.1|G0000184
split_0024	GCA_023252335.1|G0000185
split_0024	GCA_023266955.1|G0000187
split_0024	GCA_023379805.1|G0000191
split_0024	GCA_023487445.1|G0000192
split_0024	GCA_024256165.1|G0000193
split_0024	GCA_025058425.1|G0000195
split_0024	GCA_025059045.1|G0000197
split_0024	GCA_025061095.1|G0000201
split_0024	GCA_026014495.1|G0000203
split_0024	GCA_026015035.1|G0000206
split_0024	GCA_026015185.1|G0000207
split_0024	GCA_026413605.1|G0000209
split_0024	GCA_027297425.1|G0000222
split_0024	GCA_028275385.1|G0000227
split_0024	GCA_029258885.1|G0000231
split_0024	GCA_029259155.1|G0000235
split_0024	GCA_029259355.1|G0000238
split_0024	GCA_029775965.1|G0000239
split_0024	GCA_029775995.1|G0000240
split_0024	GCA_029776125.1|G0000241
split_0024	GCA_029850555.1|G0000242
split_0024	GCA_029934005.1|G0000244
split_0024	GCA_030601715.1|G0000246
split_0024	GCA_030615265.1|G0000248
split_0024	GCA_030673205.1|G0000249
split_0024	GCA_032906765.1|G0000250
split_0024	GCA_034660895.1|G0000252
split_0024	GCA_035543015.1|G0000253
split_0024	GCA_035622335.1|G0000254
split_0024	GCA_036012225.1|G0000255
split_0024	GCA_036514475.1|G0000258
split_0024	GCA_037442405.1|G0000260
split_0024	GCA_038728585.1|G0000266
split_0024	GCA_038818435.1|G0000272
split_0024	GCA_038825625.1|G0000273
split_0024	GCA_038840055.1|G0000274
split_0024	GCA_038846965.1|G0000276
split_0024	GCA_038852135.1|G0000277
split_0024	GCA_038852285.1|G0000278
split_0024	GCA_038852745.1|G0000280
split_0024	GCA_038868495.1|G0000282
split_0024	GCA_038873015.1|G0000283
split_0024	GCA_038881895.1|G0000285
split_0024	GCA_038883055.1|G0000286
split_0024	GCA_038883335.1|G0000287
split_0024	GCA_038883485.1|G0000288
split_0024	GCA_038884875.1|G0000290
split_0024	GCA_038894255.1|G0000291
split_0024	GCA_040290255.1|G0000293
split_0024	GCA_052246955.1|G0000301
split_0024	GCA_902812485.1|G0000303
split_0024	GCA_973787075.1|G0000304
split_0024	GCA_973788585.1|G0000305
split_0024	GCF_013340765.1|G0000316
split_0024	GOMC.bin.10546|G0000318
split_0024	GOMC.bin.1197|G0000319
split_0024	GOMC.bin.16739|G0000321
split_0024	GOMC.bin.16766|G0000323
split_0024	GOMC.bin.16972|G0000324
split_0024	GOMC.bin.18048|G0000325
split_0024	GOMC.bin.18048|G0000326
split_0024	GOMC.bin.2212|G0000327
split_0024	GOMC.bin.2492|G0000328
split_0024	GOMC.bin.2493|G0000329
split_0024	GOMC.bin.2497|G0000330
split_0024	GOMC.bin.2724|G0000332
split_0024	GOMC.bin.2843|G0000334
split_0024	GOMC.bin.2857|G0000338
split_0024	GOMC.bin.2866|G0000339
split_0024	GOMC.bin.2895|G0000341
split_0024	GOMC.bin.2900|G0000342
split_0024	GOMC.bin.3028|G0000343
split_0024	GOMC.bin.3195|G0000344
split_0024	GOMC.bin.5642|G0000352
split_0025	GCA_000008085.1|G0000005
split_0025	GCA_000145985.1|G0000006
split_0025	GCA_000247545.1|G0000007
split_0025	GCA_000389735.1|G0000010
split_0025	GCA_000495735.1|G0000012
split_0025	GCA_000508305.1|G0000013
split_0025	GCA_000565255.1|G0000014
split_0025	GCA_000960885.1|G0000015
split_0025	GCA_001516585.1|G0000018
split_0025	GCA_001552015.1|G0000019
split_0025	GCA_001717025.1|G0000024
split_0025	GCA_002495025.1|G0000035
split_0025	GCA_003056265.1|G0000043
split_0025	GCA_003116855.1|G0000045
split_0025	GCA_003568775.1|G0000048
split_0025	GCA_003661605.2|G0000058
split_0025	GCA_003661775.1|G0000059
split_0025	GCA_003661905.1|G0000060
split_0025	GCA_004028775.1|G0000066
split_0025	GCA_004348015.1|G0000068
split_0025	GCA_009903825.1|G0000084
split_0025	GCA_009904015.1|G0000085
split_0025	GCA_013154335.1|G0000089
split_0025	GCA_015520265.1|G0000096
split_0025	GCA_015520735.1|G0000102
split_0025	GCA_015521085.1|G0000103
split_0025	GCA_015521115.1|G0000104
split_0025	GCA_015521115.1|G0000105
split_0025	GCA_015521295.1|G0000106
split_0025	GCA_015521325.1|G0000107
split_0025	GCA_015521685.1|G0000108
split_0025	GCA_015521735.1|G0000109
split_0025	GCA_015661855.1|G0000114
split_0025	GCA_019704295.1|G0000151
split_0025	GCA_020345945.1|G0000153
split_0025	GCA_020697515.1|G0000157
split_0025	GCA_021160575.1|G0000160
split_0025	GCA_022759365.1|G0000178
split_0025	GCA_025059075.1|G0000198
split_0025	GCA_025340205.1|G0000202
split_0025	GCA_026990885.1|G0000211
split_0025	GCA_027002815.1|G0000212
split_0025	GCA_027030065.1|G0000214
split_0025	GCA_027036135.1|G0000215
split_0025	GCA_027046265.1|G0000216
split_0025	GCA_027068385.1|G0000219
split_0025	GCA_027068725.1|G0000220
split_0025	GCA_027083135.1|G0000221
split_0025	GCA_029258915.1|G0000232
split_0025	GCA_029258925.1|G0000233
split_0025	GCA_036845085.1|G0000259
split_0025	GCA_038727495.1|G0000265
split_0025	GCA_038861055.1|G0000281
split_0025	GCA_038878695.1|G0000284
split_0025	GCA_040514295.1|G0000295
split_0025	GCF_000015145.1|G0000309
split_0025	GCF_000018305.1|G0000311
split_0025	GCF_000148385.1|G0000313
split_0025	GCF_000258425.1|G0000315
split_0025	GOMC.bin.137|G0000320
split_0025	GOMC.bin.2847|G0000335
split_0025	GOMC.bin.2890|G0000340
split_0025	GOMC.bin.3217|G0000345
split_0025	GOMC.bin.3628|G0000346
split_0026	GCA_000008085.1|G0000005
split_0026	GCA_000145985.1|G0000006
split_0026	GCA_000247545.1|G0000007
split_0026	GCA_000389735.1|G0000010
split_0026	GCA_000495735.1|G0000012
split_0026	GCA_000508305.1|G0000013
split_0026	GCA_000565255.1|G0000014
split_0026	GCA_000960885.1|G0000015
split_0026	GCA_001516585.1|G0000018
split_0026	GCA_001552015.1|G0000019
split_0026	GCA_001717025.1|G0000024
split_0026	GCA_002495025.1|G0000035
split_0026	GCA_003056265.1|G0000043
split_0026	GCA_003116855.1|G0000045
split_0026	GCA_003568775.1|G0000048
split_0026	GCA_003661605.2|G0000058
split_0026	GCA_003661775.1|G0000059
split_0026	GCA_003661905.1|G0000060
split_0026	GCA_004028775.1|G0000066
split_0026	GCA_004348015.1|G0000068
split_0026	GCA_009903825.1|G0000084
split_0026	GCA_009904015.1|G0000085
split_0026	GCA_013154335.1|G0000089
split_0026	GCA_015520265.1|G0000096
split_0026	GCA_015520735.1|G0000102
split_0026	GCA_015521085.1|G0000103
split_0026	GCA_015521115.1|G0000104
split_0026	GCA_015521115.1|G0000105
split_0026	GCA_015521295.1|G0000106
split_0026	GCA_015521325.1|G0000107
split_0026	GCA_015521685.1|G0000108
split_0026	GCA_015521735.1|G0000109
split_0026	GCA_015661855.1|G0000114
split_0026	GCA_019704295.1|G0000151
split_0026	GCA_020345945.1|G0000153
split_0026	GCA_020697515.1|G0000157
split_0026	GCA_021160575.1|G0000160
split_0026	GCA_022759365.1|G0000178
split_0026	GCA_025059075.1|G0000198
split_0026	GCA_025340205.1|G0000202
split_0026	GCA_026990885.1|G0000211
split_0026	GCA_027002815.1|G0000212
split_0026	GCA_027030065.1|G0000214
split_0026	GCA_027036135.1|G0000215
split_0026	GCA_027046265.1|G0000216
split_0026	GCA_027068385.1|G0000219
split_0026	GCA_027068725.1|G0000220
split_0026	GCA_027083135.1|G0000221
split_0026	GCA_029258915.1|G0000232
split_0026	GCA_029258925.1|G0000233
split_0026	GCA_036845085.1|G0000259
split_0026	GCA_038727495.1|G0000265
split_0026	GCA_038861055.1|G0000281
split_0026	GCA_038878695.1|G0000284
split_0026	GCA_040514295.1|G0000295
split_0026	GCF_000015145.1|G0000309
split_0026	GCF_000018305.1|G0000311
split_0026	GCF_000148385.1|G0000313
split_0026	GCF_000258425.1|G0000315
split_0026	GOMC.bin.137|G0000320
split_0026	GOMC.bin.2890|G0000340
split_0026	GOMC.bin.3217|G0000345
split_0026	GOMC.bin.3628|G0000346
split_0027	GCA_000008085.1|G0000005
split_0027	GCA_000145985.1|G0000006
split_0027	GCA_000247545.1|G0000007
split_0027	GCA_000389735.1|G0000010
split_0027	GCA_000495735.1|G0000012
split_0027	GCA_000508305.1|G0000013
split_0027	GCA_000565255.1|G0000014
split_0027	GCA_000960885.1|G0000015
split_0027	GCA_001516585.1|G0000018
split_0027	GCA_001552015.1|G0000019
split_0027	GCA_001717025.1|G0000024
split_0027	GCA_002495025.1|G0000035
split_0027	GCA_003056265.1|G0000043
split_0027	GCA_003116855.1|G0000045
split_0027	GCA_003568775.1|G0000048
split_0027	GCA_003661605.2|G0000058
split_0027	GCA_003661775.1|G0000059
split_0027	GCA_003661905.1|G0000060
split_0027	GCA_004028775.1|G0000066
split_0027	GCA_004348015.1|G0000068
split_0027	GCA_009903825.1|G0000084
split_0027	GCA_009904015.1|G0000085
split_0027	GCA_013154335.1|G0000089
split_0027	GCA_015520265.1|G0000096
split_0027	GCA_015520735.1|G0000102
split_0027	GCA_015521085.1|G0000103
split_0027	GCA_015521115.1|G0000104
split_0027	GCA_015521115.1|G0000105
split_0027	GCA_015521295.1|G0000106
split_0027	GCA_015521325.1|G0000107
split_0027	GCA_015521685.1|G0000108
split_0027	GCA_015521735.1|G0000109
split_0027	GCA_015661855.1|G0000114
split_0027	GCA_019704295.1|G0000151
split_0027	GCA_020345945.1|G0000153
split_0027	GCA_020697515.1|G0000157
split_0027	GCA_021160575.1|G0000160
split_0027	GCA_022759365.1|G0000178
split_0027	GCA_025059075.1|G0000198
split_0027	GCA_025340205.1|G0000202
split_0027	GCA_026990885.1|G0000211
split_0027	GCA_027002815.1|G0000212
split_0027	GCA_027030065.1|G0000214
split_0027	GCA_027036135.1|G0000215
split_0027	GCA_027046265.1|G0000216
split_0027	GCA_027068385.1|G0000219
split_0027	GCA_027068725.1|G0000220
split_0027	GCA_027083135.1|G0000221
split_0027	GCA_029258915.1|G0000232
split_0027	GCA_036845085.1|G0000259
split_0027	GCA_038727495.1|G0000265
split_0027	GCA_038861055.1|G0000281
split_0027	GCA_038878695.1|G0000284
split_0027	GCA_040514295.1|G0000295
split_0027	GCF_000015145.1|G0000309
split_0027	GCF_000018305.1|G0000311
split_0027	GCF_000148385.1|G0000313
split_0027	GCF_000258425.1|G0000315
split_0027	GOMC.bin.137|G0000320
split_0027	GOMC.bin.2890|G0000340
split_0027	GOMC.bin.3217|G0000345
split_0027	GOMC.bin.3628|G0000346
split_0028	GCA_000008085.1|G0000005
split_0028	GCA_000145985.1|G0000006
split_0028	GCA_000247545.1|G0000007
split_0028	GCA_000389735.1|G0000010
split_0028	GCA_000495735.1|G0000012
split_0028	GCA_000508305.1|G0000013
split_0028	GCA_000565255.1|G0000014
split_0028	GCA_000960885.1|G0000015
split_0028	GCA_001516585.1|G0000018
split_0028	GCA_001552015.1|G0000019
split_0028	GCA_001717025.1|G0000024
split_0028	GCA_002495025.1|G0000035
split_0028	GCA_003056265.1|G0000043
split_0028	GCA_003116855.1|G0000045
split_0028	GCA_003568775.1|G0000048
split_0028	GCA_003661605.2|G0000058
split_0028	GCA_003661775.1|G0000059
split_0028	GCA_003661905.1|G0000060
split_0028	GCA_004028775.1|G0000066
split_0028	GCA_004348015.1|G0000068
split_0028	GCA_009903825.1|G0000084
split_0028	GCA_009904015.1|G0000085
split_0028	GCA_013154335.1|G0000089
split_0028	GCA_015520265.1|G0000096
split_0028	GCA_015520735.1|G0000102
split_0028	GCA_015521085.1|G0000103
split_0028	GCA_015521115.1|G0000104
split_0028	GCA_015521115.1|G0000105
split_0028	GCA_015521295.1|G0000106
split_0028	GCA_015521325.1|G0000107
split_0028	GCA_015521685.1|G0000108
split_0028	GCA_015521735.1|G0000109
split_0028	GCA_015661855.1|G0000114
split_0028	GCA_019704295.1|G0000151
split_0028	GCA_020345945.1|G0000153
split_0028	GCA_020697515.1|G0000157
split_0028	GCA_022759365.1|G0000178
split_0028	GCA_025059075.1|G0000198
split_0028	GCA_025340205.1|G0000202
split_0028	GCA_026990885.1|G0000211
split_0028	GCA_027002815.1|G0000212
split_0028	GCA_027030065.1|G0000214
split_0028	GCA_027036135.1|G0000215
split_0028	GCA_027046265.1|G0000216
split_0028	GCA_027068385.1|G0000219
split_0028	GCA_027068725.1|G0000220
split_0028	GCA_027083135.1|G0000221
split_0028	GCA_029258915.1|G0000232
split_0028	GCA_036845085.1|G0000259
split_0028	GCA_038727495.1|G0000265
split_0028	GCA_038861055.1|G0000281
split_0028	GCA_038878695.1|G0000284
split_0028	GCA_040514295.1|G0000295
split_0028	GCF_000015145.1|G0000309
split_0028	GCF_000018305.1|G0000311
split_0028	GCF_000148385.1|G0000313
split_0028	GCF_000258425.1|G0000315
split_0028	GOMC.bin.137|G0000320
split_0028	GOMC.bin.2890|G0000340
split_0028	GOMC.bin.3217|G0000345
split_0028	GOMC.bin.3628|G0000346
split_0029	GCA_000008085.1|G0000005
split_0029	GCA_000145985.1|G0000006
split_0029	GCA_000247545.1|G0000007
split_0029	GCA_000389735.1|G0000010
split_0029	GCA_000495735.1|G0000012
split_0029	GCA_000508305.1|G0000013
split_0029	GCA_000565255.1|G0000014
split_0029	GCA_000960885.1|G0000015
split_0029	GCA_001516585.1|G0000018
split_0029	GCA_001552015.1|G0000019
split_0029	GCA_001717025.1|G0000024
split_0029	GCA_002495025.1|G0000035
split_0029	GCA_003056265.1|G0000043
split_0029	GCA_003116855.1|G0000045
split_0029	GCA_003568775.1|G0000048
split_0029	GCA_003661775.1|G0000059
split_0029	GCA_003661905.1|G0000060
split_0029	GCA_004028775.1|G0000066
split_0029	GCA_004348015.1|G0000068
split_0029	GCA_009903825.1|G0000084
split_0029	GCA_009904015.1|G0000085
split_0029	GCA_013154335.1|G0000089
split_0029	GCA_015520265.1|G0000096
split_0029	GCA_015520735.1|G0000102
split_0029	GCA_015521085.1|G0000103
split_0029	GCA_015521115.1|G0000104
split_0029	GCA_015521115.1|G0000105
split_0029	GCA_015521295.1|G0000106
split_0029	GCA_015521325.1|G0000107
split_0029	GCA_015521685.1|G0000108
split_0029	GCA_015521735.1|G0000109
split_0029	GCA_015661855.1|G0000114
split_0029	GCA_019704295.1|G0000151
split_0029	GCA_020697515.1|G0000157
split_0029	GCA_022759365.1|G0000178
split_0029	GCA_025059075.1|G0000198
split_0029	GCA_025340205.1|G0000202
split_0029	GCA_026990885.1|G0000211
split_0029	GCA_027002815.1|G0000212
split_0029	GCA_027030065.1|G0000214
split_0029	GCA_027036135.1|G0000215
split_0029	GCA_027046265.1|G0000216
split_0029	GCA_027068385.1|G0000219
split_0029	GCA_027068725.1|G0000220
split_0029	GCA_027083135.1|G0000221
split_0029	GCA_029258915.1|G0000232
split_0029	GCA_036845085.1|G0000259
split_0029	GCA_038727495.1|G0000265
split_0029	GCA_038861055.1|G0000281
split_0029	GCA_038878695.1|G0000284
split_0029	GCA_040514295.1|G0000295
split_0029	GCF_000015145.1|G0000309
split_0029	GCF_000018305.1|G0000311
split_0029	GCF_000148385.1|G0000313
split_0029	GCF_000258425.1|G0000315
split_0029	GOMC.bin.137|G0000320
split_0029	GOMC.bin.2890|G0000340
split_0029	GOMC.bin.3217|G0000345
split_0029	GOMC.bin.3628|G0000346
split_0030	GCA_000008085.1|G0000005
split_0030	GCA_000145985.1|G0000006
split_0030	GCA_000247545.1|G0000007
split_0030	GCA_000389735.1|G0000010
split_0030	GCA_000495735.1|G0000012
split_0030	GCA_000508305.1|G0000013
split_0030	GCA_000565255.1|G0000014
split_0030	GCA_000960885.1|G0000015
split_0030	GCA_001516585.1|G0000018
split_0030	GCA_001552015.1|G0000019
split_0030	GCA_002495025.1|G0000035
split_0030	GCA_003056265.1|G0000043
split_0030	GCA_003116855.1|G0000045
split_0030	GCA_003568775.1|G0000048
split_0030	GCA_003661775.1|G0000059
split_0030	GCA_003661905.1|G0000060
split_0030	GCA_009903825.1|G0000084
split_0030	GCA_009904015.1|G0000085
split_0030	GCA_013154335.1|G0000089
split_0030	GCA_015520265.1|G0000096
split_0030	GCA_015520735.1|G0000102
split_0030	GCA_015521085.1|G0000103
split_0030	GCA_015521115.1|G0000104
split_0030	GCA_015521115.1|G0000105
split_0030	GCA_015521295.1|G0000106
split_0030	GCA_015521325.1|G0000107
split_0030	GCA_015521685.1|G0000108
split_0030	GCA_015521735.1|G0000109
split_0030	GCA_015661855.1|G0000114
split_0030	GCA_019704295.1|G0000151
split_0030	GCA_020697515.1|G0000157
split_0030	GCA_022759365.1|G0000178
split_0030	GCA_025059075.1|G0000198
split_0030	GCA_025340205.1|G0000202
split_0030	GCA_026990885.1|G0000211
split_0030	GCA_027002815.1|G0000212
split_0030	GCA_027030065.1|G0000214
split_0030	GCA_027036135.1|G0000215
split_0030	GCA_027046265.1|G0000216
split_0030	GCA_027068385.1|G0000219
split_0030	GCA_027068725.1|G0000220
split_0030	GCA_027083135.1|G0000221
split_0030	GCA_029258915.1|G0000232
split_0030	GCA_036845085.1|G0000259
split_0030	GCA_038727495.1|G0000265
split_0030	GCA_038878695.1|G0000284
split_0030	GCA_040514295.1|G0000295
split_0030	GCF_000015145.1|G0000309
split_0030	GCF_000018305.1|G0000311
split_0030	GCF_000148385.1|G0000313
split_0030	GCF_000258425.1|G0000315
split_0030	GOMC.bin.137|G0000320
split_0030	GOMC.bin.2890|G0000340
split_0030	GOMC.bin.3217|G0000345
split_0030	GOMC.bin.3628|G0000346
split_0031	GCA_000008085.1|G0000005
split_0031	GCA_000145985.1|G0000006
split_0031	GCA_000247545.1|G0000007
split_0031	GCA_000389735.1|G0000010
split_0031	GCA_000495735.1|G0000012
split_0031	GCA_000508305.1|G0000013
split_0031	GCA_000565255.1|G0000014
split_0031	GCA_000960885.1|G0000015
split_0031	GCA_001516585.1|G0000018
split_0031	GCA_001552015.1|G0000019
split_0031	GCA_002495025.1|G0000035
split_0031	GCA_003568775.1|G0000048
split_0031	GCA_003661775.1|G0000059
split_0031	GCA_009904015.1|G0000085
split_0031	GCA_013154335.1|G0000089
split_0031	GCA_015520265.1|G0000096
split_0031	GCA_015520735.1|G0000102
split_0031	GCA_015521085.1|G0000103
split_0031	GCA_015521115.1|G0000104
split_0031	GCA_015521115.1|G0000105
split_0031	GCA_015521295.1|G0000106
split_0031	GCA_015521325.1|G0000107
split_0031	GCA_015521685.1|G0000108
split_0031	GCA_015521735.1|G0000109
split_0031	GCA_015661855.1|G0000114
split_0031	GCA_019704295.1|G0000151
split_0031	GCA_020697515.1|G0000157
split_0031	GCA_022759365.1|G0000178
split_0031	GCA_025059075.1|G0000198
split_0031	GCA_025340205.1|G0000202
split_0031	GCA_027002815.1|G0000212
split_0031	GCA_027030065.1|G0000214
split_0031	GCA_027036135.1|G0000215
split_0031	GCA_027046265.1|G0000216
split_0031	GCA_027068385.1|G0000219
split_0031	GCA_027068725.1|G0000220
split_0031	GCA_027083135.1|G0000221
split_0031	GCA_029258915.1|G0000232
split_0031	GCA_036845085.1|G0000259
split_0031	GCA_038727495.1|G0000265
split_0031	GCA_038878695.1|G0000284
split_0031	GCA_040514295.1|G0000295
split_0031	GCF_000015145.1|G0000309
split_0031	GCF_000018305.1|G0000311
split_0031	GCF_000148385.1|G0000313
split_0031	GCF_000258425.1|G0000315
split_0031	GOMC.bin.137|G0000320
split_0031	GOMC.bin.2890|G0000340
split_0031	GOMC.bin.3217|G0000345
split_0031	GOMC.bin.3628|G0000346
split_0032	GCA_000008085.1|G0000005
split_0032	GCA_000145985.1|G0000006
split_0032	GCA_000247545.1|G0000007
split_0032	GCA_000495735.1|G0000012
split_0032	GCA_000960885.1|G0000015
split_0032	GCA_001516585.1|G0000018
split_0032	GCA_001552015.1|G0000019
split_0032	GCA_002495025.1|G0000035
split_0032	GCA_003568775.1|G0000048
split_0032	GCA_003661775.1|G0000059
split_0032	GCA_009904015.1|G0000085
split_0032	GCA_013154335.1|G0000089
split_0032	GCA_015520265.1|G0000096
split_0032	GCA_015520735.1|G0000102
split_0032	GCA_015521085.1|G0000103
split_0032	GCA_015521115.1|G0000104
split_0032	GCA_015521115.1|G0000105
split_0032	GCA_015521295.1|G0000106
split_0032	GCA_015521325.1|G0000107
split_0032	GCA_015521685.1|G0000108
split_0032	GCA_015521735.1|G0000109
split_0032	GCA_015661855.1|G0000114
split_0032	GCA_020697515.1|G0000157
split_0032	GCA_022759365.1|G0000178
split_0032	GCA_025059075.1|G0000198
split_0032	GCA_025340205.1|G0000202
split_0032	GCA_027002815.1|G0000212
split_0032	GCA_027030065.1|G0000214
split_0032	GCA_027036135.1|G0000215
split_0032	GCA_027046265.1|G0000216
split_0032	GCA_027068385.1|G0000219
split_0032	GCA_027068725.1|G0000220
split_0032	GCA_027083135.1|G0000221
split_0032	GCA_029258915.1|G0000232
split_0032	GCA_036845085.1|G0000259
split_0032	GCA_038727495.1|G0000265
split_0032	GCA_038878695.1|G0000284
split_0032	GCA_040514295.1|G0000295
split_0032	GCF_000015145.1|G0000309
split_0032	GCF_000018305.1|G0000311
split_0032	GCF_000148385.1|G0000313
split_0032	GCF_000258425.1|G0000315
split_0032	GOMC.bin.137|G0000320
split_0032	GOMC.bin.2890|G0000340
split_0032	GOMC.bin.3217|G0000345
split_0032	GOMC.bin.3628|G0000346
split_0033	GCA_000008085.1|G0000005
split_0033	GCA_000145985.1|G0000006
split_0033	GCA_000247545.1|G0000007
split_0033	GCA_000495735.1|G0000012
split_0033	GCA_000960885.1|G0000015
split_0033	GCA_001516585.1|G0000018
split_0033	GCA_001552015.1|G0000019
split_0033	GCA_002495025.1|G0000035
split_0033	GCA_003568775.1|G0000048
split_0033	GCA_003661775.1|G0000059
split_0033	GCA_009904015.1|G0000085
split_0033	GCA_013154335.1|G0000089
split_0033	GCA_015520265.1|G0000096
split_0033	GCA_015520735.1|G0000102
split_0033	GCA_015521085.1|G0000103
split_0033	GCA_015521115.1|G0000104
split_0033	GCA_015521115.1|G0000105
split_0033	GCA_015521295.1|G0000106
split_0033	GCA_015521685.1|G0000108
split_0033	GCA_015521735.1|G0000109
split_0033	GCA_015661855.1|G0000114
split_0033	GCA_020697515.1|G0000157
split_0033	GCA_022759365.1|G0000178
split_0033	GCA_025059075.1|G0000198
split_0033	GCA_025340205.1|G0000202
split_0033	GCA_027002815.1|G0000212
split_0033	GCA_027030065.1|G0000214
split_0033	GCA_027036135.1|G0000215
split_0033	GCA_027046265.1|G0000216
split_0033	GCA_027068385.1|G0000219
split_0033	GCA_027068725.1|G0000220
split_0033	GCA_027083135.1|G0000221
split_0033	GCA_029258915.1|G0000232
split_0033	GCA_036845085.1|G0000259
split_0033	GCA_038727495.1|G0000265
split_0033	GCA_038878695.1|G0000284
split_0033	GCA_040514295.1|G0000295
split_0033	GCF_000015145.1|G0000309
split_0033	GCF_000018305.1|G0000311
split_0033	GCF_000148385.1|G0000313
split_0033	GCF_000258425.1|G0000315
split_0033	GOMC.bin.137|G0000320
split_0033	GOMC.bin.2890|G0000340
split_0033	GOMC.bin.3217|G0000345
split_0033	GOMC.bin.3628|G0000346
split_0034	GCA_000008085.1|G0000005
split_0034	GCA_000145985.1|G0000006
split_0034	GCA_000247545.1|G0000007
split_0034	GCA_000495735.1|G0000012
split_0034	GCA_000960885.1|G0000015
split_0034	GCA_001516585.1|G0000018
split_0034	GCA_001552015.1|G0000019
split_0034	GCA_002495025.1|G0000035
split_0034	GCA_003568775.1|G0000048
split_0034	GCA_003661775.1|G0000059
split_0034	GCA_009904015.1|G0000085
split_0034	GCA_013154335.1|G0000089
split_0034	GCA_015520265.1|G0000096
split_0034	GCA_015520735.1|G0000102
split_0034	GCA_015521085.1|G0000103
split_0034	GCA_015521115.1|G0000104
split_0034	GCA_015521115.1|G0000105
split_0034	GCA_015521685.1|G0000108
split_0034	GCA_015521735.1|G0000109
split_0034	GCA_015661855.1|G0000114
split_0034	GCA_020697515.1|G0000157
split_0034	GCA_022759365.1|G0000178
split_0034	GCA_025059075.1|G0000198
split_0034	GCA_025340205.1|G0000202
split_0034	GCA_027002815.1|G0000212
split_0034	GCA_027030065.1|G0000214
split_0034	GCA_027036135.1|G0000215
split_0034	GCA_027046265.1|G0000216
split_0034	GCA_027068385.1|G0000219
split_0034	GCA_027068725.1|G0000220
split_0034	GCA_027083135.1|G0000221
split_0034	GCA_029258915.1|G0000232
split_0034	GCA_036845085.1|G0000259
split_0034	GCA_038727495.1|G0000265
split_0034	GCA_038878695.1|G0000284
split_0034	GCA_040514295.1|G0000295
split_0034	GCF_000015145.1|G0000309
split_0034	GCF_000018305.1|G0000311
split_0034	GCF_000148385.1|G0000313
split_0034	GCF_000258425.1|G0000315
split_0034	GOMC.bin.137|G0000320
split_0034	GOMC.bin.3217|G0000345
split_0034	GOMC.bin.3628|G0000346
split_0035	GCA_000008085.1|G0000005
split_0035	GCA_000145985.1|G0000006
split_0035	GCA_000247545.1|G0000007
split_0035	GCA_000495735.1|G0000012
split_0035	GCA_000960885.1|G0000015
split_0035	GCA_001516585.1|G0000018
split_0035	GCA_001552015.1|G0000019
split_0035	GCA_002495025.1|G0000035
split_0035	GCA_003568775.1|G0000048
split_0035	GCA_003661775.1|G0000059
split_0035	GCA_009904015.1|G0000085
split_0035	GCA_013154335.1|G0000089
split_0035	GCA_015520265.1|G0000096
split_0035	GCA_015520735.1|G0000102
split_0035	GCA_015521085.1|G0000103
split_0035	GCA_015521115.1|G0000104
split_0035	GCA_015521115.1|G0000105
split_0035	GCA_015521685.1|G0000108
split_0035	GCA_020697515.1|G0000157
split_0035	GCA_022759365.1|G0000178
split_0035	GCA_025059075.1|G0000198
split_0035	GCA_025340205.1|G0000202
split_0035	GCA_027002815.1|G0000212
split_0035	GCA_027036135.1|G0000215
split_0035	GCA_027046265.1|G0000216
split_0035	GCA_027068385.1|G0000219
split_0035	GCA_027068725.1|G0000220
split_0035	GCA_027083135.1|G0000221
split_0035	GCA_036845085.1|G0000259
split_0035	GCA_038727495.1|G0000265
split_0035	GCA_038878695.1|G0000284
split_0035	GCA_040514295.1|G0000295
split_0035	GCF_000015145.1|G0000309
split_0035	GCF_000018305.1|G0000311
split_0035	GCF_000148385.1|G0000313
split_0035	GCF_000258425.1|G0000315
split_0035	GOMC.bin.137|G0000320
split_0035	GOMC.bin.3628|G0000346
split_0036	GCA_000008085.1|G0000005
split_0036	GCA_000247545.1|G0000007
split_0036	GCA_000960885.1|G0000015
split_0036	GCA_001516585.1|G0000018
split_0036	GCA_001552015.1|G0000019
split_0036	GCA_002495025.1|G0000035
split_0036	GCA_003568775.1|G0000048
split_0036	GCA_013154335.1|G0000089
split_0036	GCA_015520735.1|G0000102
split_0036	GCA_020697515.1|G0000157
split_0036	GCA_022759365.1|G0000178
split_0036	GCA_025340205.1|G0000202
split_0036	GCA_027002815.1|G0000212
split_0036	GCA_027068385.1|G0000219
split_0036	GCA_027068725.1|G0000220
split_0036	GCA_036845085.1|G0000259
split_0036	GCF_000018305.1|G0000311
split_0036	GCF_000148385.1|G0000313
split_0036	GOMC.bin.137|G0000320
split_0037	GCA_000008085.1|G0000005
split_0037	GCA_000247545.1|G0000007
split_0037	GCA_000960885.1|G0000015
split_0037	GCA_001516585.1|G0000018
split_0037	GCA_001552015.1|G0000019
split_0037	GCA_003568775.1|G0000048
split_0037	GCA_013154335.1|G0000089
split_0037	GCA_020697515.1|G0000157
split_0037	GCA_025340205.1|G0000202
split_0037	GCA_027002815.1|G0000212
split_0037	GCA_027068385.1|G0000219
split_0037	GCA_027068725.1|G0000220
split_0037	GCA_036845085.1|G0000259
split_0037	GCF_000018305.1|G0000311
split_0037	GCF_000148385.1|G0000313
split_0037	GOMC.bin.137|G0000320
split_0038	GCA_000008085.1|G0000005
split_0038	GCA_001552015.1|G0000019
split_0038	GCA_003568775.1|G0000048
split_0038	GCA_020697515.1|G0000157
split_0038	GCA_036845085.1|G0000259
split_0038	GOMC.bin.137|G0000320
split_0039	GCA_000008085.1|G0000005
split_0039	GOMC.bin.137|G0000320
split_0040	GCA_001552015.1|G0000019
split_0040	GCA_003568775.1|G0000048
split_0040	GCA_020697515.1|G0000157
split_0040	GCA_036845085.1|G0000259
split_0041	GCA_001552015.1|G0000019
split_0041	GCA_020697515.1|G0000157
split_0041	GCA_036845085.1|G0000259
split_0042	GCA_001552015.1|G0000019
split_0042	GCA_036845085.1|G0000259
split_0043	GCA_000247545.1|G0000007
split_0043	GCA_000960885.1|G0000015
split_0043	GCA_001516585.1|G0000018
split_0043	GCA_013154335.1|G0000089
split_0043	GCA_025340205.1|G0000202
split_0043	GCA_027002815.1|G0000212
split_0043	GCA_027068385.1|G0000219
split_0043	GCA_027068725.1|G0000220
split_0043	GCF_000018305.1|G0000311
split_0043	GCF_000148385.1|G0000313
split_0044	GCA_000247545.1|G0000007
split_0044	GCA_000960885.1|G0000015
split_0044	GCA_001516585.1|G0000018
split_0044	GCA_013154335.1|G0000089
split_0044	GCA_027002815.1|G0000212
split_0044	GCA_027068385.1|G0000219
split_0044	GCA_027068725.1|G0000220
split_0044	GCF_000018305.1|G0000311
split_0044	GCF_000148385.1|G0000313
split_0045	GCA_000247545.1|G0000007
split_0045	GCA_000960885.1|G0000015
split_0045	GCA_001516585.1|G0000018
split_0045	GCA_013154335.1|G0000089
split_0045	GCA_027002815.1|G0000212
split_0045	GCA_027068725.1|G0000220
split_0045	GCF_000018305.1|G0000311
split_0045	GCF_000148385.1|G0000313
split_0046	GCA_000247545.1|G0000007
split_0046	GCA_000960885.1|G0000015
split_0046	GCA_013154335.1|G0000089
split_0046	GCA_027002815.1|G0000212
split_0046	GCA_027068725.1|G0000220
split_0046	GCF_000018305.1|G0000311
split_0046	GCF_000148385.1|G0000313
split_0047	GCA_000247545.1|G0000007
split_0047	GCA_000960885.1|G0000015
split_0047	GCA_013154335.1|G0000089
split_0047	GCA_027002815.1|G0000212
split_0048	GCA_000247545.1|G0000007
split_0048	GCA_000960885.1|G0000015
split_0048	GCA_027002815.1|G0000212
split_0049	GCA_000247545.1|G0000007
split_0049	GCA_000960885.1|G0000015
split_0050	GCA_027068725.1|G0000220
split_0050	GCF_000018305.1|G0000311
split_0050	GCF_000148385.1|G0000313
split_0051	GCA_027068725.1|G0000220
split_0051	GCF_000148385.1|G0000313
split_0052	GCA_002495025.1|G0000035
split_0052	GCA_015520735.1|G0000102
split_0052	GCA_022759365.1|G0000178
split_0053	GCA_002495025.1|G0000035
split_0053	GCA_022759365.1|G0000178
split_0054	GCA_000145985.1|G0000006
split_0054	GCA_000495735.1|G0000012
split_0054	GCA_003661775.1|G0000059
split_0054	GCA_009904015.1|G0000085
split_0054	GCA_015520265.1|G0000096
split_0054	GCA_015521085.1|G0000103
split_0054	GCA_015521115.1|G0000104
split_0054	GCA_015521115.1|G0000105
split_0054	GCA_015521685.1|G0000108
split_0054	GCA_025059075.1|G0000198
split_0054	GCA_027036135.1|G0000215
split_0054	GCA_027046265.1|G0000216
split_0054	GCA_027083135.1|G0000221
split_0054	GCA_038727495.1|G0000265
split_0054	GCA_038878695.1|G0000284
split_0054	GCA_040514295.1|G0000295
split_0054	GCF_000015145.1|G0000309
split_0054	GCF_000258425.1|G0000315
split_0054	GOMC.bin.3628|G0000346
split_0055	GCA_000145985.1|G0000006
split_0055	GCA_003661775.1|G0000059
split_0055	GOMC.bin.3628|G0000346
split_0056	GCA_003661775.1|G0000059
split_0056	GOMC.bin.3628|G0000346
split_0057	GCA_000495735.1|G0000012
split_0057	GCA_009904015.1|G0000085
split_0057	GCA_015520265.1|G0000096
split_0057	GCA_015521085.1|G0000103
split_0057	GCA_015521115.1|G0000104
split_0057	GCA_015521115.1|G0000105
split_0057	GCA_015521685.1|G0000108
split_0057	GCA_025059075.1|G0000198
split_0057	GCA_027036135.1|G0000215
split_0057	GCA_027046265.1|G0000216
split_0057	GCA_027083135.1|G0000221
split_0057	GCA_038727495.1|G0000265
split_0057	GCA_038878695.1|G0000284
split_0057	GCA_040514295.1|G0000295
split_0057	GCF_000015145.1|G0000309
split_0057	GCF_000258425.1|G0000315
split_0058	GCA_000495735.1|G0000012
split_0058	GCA_009904015.1|G0000085
split_0058	GCA_015520265.1|G0000096
split_0058	GCA_015521085.1|G0000103
split_0058	GCA_015521115.1|G0000104
split_0058	GCA_015521115.1|G0000105
split_0058	GCA_015521685.1|G0000108
split_0058	GCA_027036135.1|G0000215
split_0058	GCA_027046265.1|G0000216
split_0058	GCA_027083135.1|G0000221
split_0058	GCA_038727495.1|G0000265
split_0058	GCA_038878695.1|G0000284
split_0058	GCA_040514295.1|G0000295
split_0058	GCF_000015145.1|G0000309
split_0058	GCF_000258425.1|G0000315
split_0059	GCA_000495735.1|G0000012
split_0059	GCA_009904015.1|G0000085
split_0059	GCA_015520265.1|G0000096
split_0059	GCA_015521085.1|G0000103
split_0059	GCA_015521115.1|G0000104
split_0059	GCA_015521115.1|G0000105
split_0059	GCA_015521685.1|G0000108
split_0059	GCA_027083135.1|G0000221
split_0059	GCA_038727495.1|G0000265
split_0059	GCA_038878695.1|G0000284
split_0059	GCF_000258425.1|G0000315
split_0060	GCA_000495735.1|G0000012
split_0060	GCA_009904015.1|G0000085
split_0060	GCA_015521085.1|G0000103
split_0060	GCA_015521115.1|G0000104
split_0060	GCA_015521115.1|G0000105
split_0060	GCA_015521685.1|G0000108
split_0060	GCA_038727495.1|G0000265
split_0060	GCA_038878695.1|G0000284
split_0060	GCF_000258425.1|G0000315
split_0061	GCA_000495735.1|G0000012
split_0061	GCA_015521085.1|G0000103
split_0061	GCA_015521115.1|G0000104
split_0061	GCA_015521115.1|G0000105
split_0061	GCA_015521685.1|G0000108
split_0062	GCA_000495735.1|G0000012
split_0062	GCA_015521115.1|G0000104
split_0062	GCA_015521685.1|G0000108
split_0063	GCA_000495735.1|G0000012
split_0063	GCA_015521685.1|G0000108
split_0064	GCA_015521085.1|G0000103
split_0064	GCA_015521115.1|G0000105
split_0065	GCA_009904015.1|G0000085
split_0065	GCA_038727495.1|G0000265
split_0065	GCA_038878695.1|G0000284
split_0065	GCF_000258425.1|G0000315
split_0066	GCA_009904015.1|G0000085
split_0066	GCA_038727495.1|G0000265
split_0066	GCF_000258425.1|G0000315
split_0067	GCA_009904015.1|G0000085
split_0067	GCA_038727495.1|G0000265
split_0068	GCA_015520265.1|G0000096
split_0068	GCA_027083135.1|G0000221
split_0069	GCA_027036135.1|G0000215
split_0069	GCA_027046265.1|G0000216
split_0069	GCA_040514295.1|G0000295
split_0069	GCF_000015145.1|G0000309
split_0070	GCA_027036135.1|G0000215
split_0070	GCF_000015145.1|G0000309
split_0071	GCA_027046265.1|G0000216
split_0071	GCA_040514295.1|G0000295
split_0072	GCA_015521735.1|G0000109
split_0072	GCA_015661855.1|G0000114
split_0072	GCA_027030065.1|G0000214
split_0072	GCA_029258915.1|G0000232
split_0072	GOMC.bin.3217|G0000345
split_0073	GCA_015521735.1|G0000109
split_0073	GCA_027030065.1|G0000214
split_0073	GCA_029258915.1|G0000232
split_0073	GOMC.bin.3217|G0000345
split_0074	GCA_015521735.1|G0000109
split_0074	GCA_027030065.1|G0000214
split_0075	GCA_029258915.1|G0000232
split_0075	GOMC.bin.3217|G0000345
split_0076	GCA_015521295.1|G0000106
split_0076	GOMC.bin.2890|G0000340
split_0077	GCA_000389735.1|G0000010
split_0077	GCA_000508305.1|G0000013
split_0077	GCA_000565255.1|G0000014
split_0077	GCA_019704295.1|G0000151
split_0078	GCA_000389735.1|G0000010
split_0078	GCA_000565255.1|G0000014
split_0078	GCA_019704295.1|G0000151
split_0079	GCA_000389735.1|G0000010
split_0079	GCA_000565255.1|G0000014
split_0080	GCA_003056265.1|G0000043
split_0080	GCA_003116855.1|G0000045
split_0080	GCA_003661905.1|G0000060
split_0080	GCA_009903825.1|G0000084
split_0080	GCA_026990885.1|G0000211
split_0081	GCA_003056265.1|G0000043
split_0081	GCA_003116855.1|G0000045
split_0081	GCA_009903825.1|G0000084
split_0081	GCA_026990885.1|G0000211
split_0082	GCA_003056265.1|G0000043
split_0082	GCA_003116855.1|G0000045
split_0082	GCA_026990885.1|G0000211
split_0083	GCA_003116855.1|G0000045
split_0083	GCA_026990885.1|G0000211
split_0084	GCA_001717025.1|G0000024
split_0084	GCA_004028775.1|G0000066
split_0084	GCA_004348015.1|G0000068
split_0084	GCA_038861055.1|G0000281
split_0085	GCA_001717025.1|G0000024
split_0085	GCA_004028775.1|G0000066
split_0086	GCA_004348015.1|G0000068
split_0086	GCA_038861055.1|G0000281
split_0087	GCA_003661605.2|G0000058
split_0087	GCA_020345945.1|G0000153
split_0088	GCA_000270325.1|G0000008
split_0088	GCA_000402775.1|G0000011
split_0088	GCA_001593935.1|G0000022
split_0088	GCA_001768965.1|G0000026
split_0088	GCA_002009975.1|G0000028
split_0088	GCA_002010065.2|G0000029
split_0088	GCA_002255045.1|G0000033
split_0088	GCA_002897955.1|G0000038
split_0088	GCA_002898355.1|G0000039
split_0088	GCA_002898395.1|G0000040
split_0088	GCA_002923215.1|G0000041
split_0088	GCA_003056285.1|G0000044
split_0088	GCA_003601775.1|G0000049
split_0088	GCA_003601775.1|G0000050
split_0088	GCA_003649155.1|G0000051
split_0088	GCA_003661265.1|G0000056
split_0088	GCA_003661385.1|G0000057
split_0088	GCA_003662645.1|G0000063
split_0088	GCA_003663585.1|G0000064
split_0088	GCA_003695745.1|G0000065
split_0088	GCA_004376295.1|G0000069
split_0088	GCA_004376645.1|G0000072
split_0088	GCA_005878985.1|G0000073
split_0088	GCA_005884195.1|G0000075
split_0088	GCA_005888675.1|G0000077
split_0088	GCA_005888735.1|G0000078
split_0088	GCA_005888735.1|G0000080
split_0088	GCA_011605725.1|G0000086
split_0088	GCA_011605725.1|G0000087
split_0088	GCA_014727925.1|G0000093
split_0088	GCA_015520145.1|G0000094
split_0088	GCA_015520145.1|G0000095
split_0088	GCA_015520425.1|G0000098
split_0088	GCA_015520425.1|G0000099
split_0088	GCA_015520705.1|G0000101
split_0088	GCA_015661555.1|G0000112
split_0088	GCA_015661775.1|G0000113
split_0088	GCA_016212785.1|G0000117
split_0088	GCA_016550395.1|G0000118
split_0088	GCA_016840065.1|G0000119
split_0088	GCA_016840135.1|G0000120
split_0088	GCA_016840425.1|G0000123
split_0088	GCA_016840465.1|G0000124
split_0088	GCA_016840485.1|G0000127
split_0088	GCA_016930055.1|G0000129
split_0088	GCA_016930055.1|G0000130
split_0088	GCA_017601265.1|G0000131
split_0088	GCA_017601265.1|G0000132
split_0088	GCA_017885655.1|G0000134
split_0088	GCA_018263395.1|G0000135
split_0088	GCA_018396695.1|G0000139
split_0088	GCA_018396695.1|G0000140
split_0088	GCA_018396865.1|G0000144
split_0088	GCA_018992685.1|G0000146
split_0088	GCA_019056805.1|G0000147
split_0088	GCA_019685575.1|G0000149
split_0088	GCA_020029475.1|G0000152
split_0088	GCA_020352645.1|G0000155
split_0088	GCA_021161045.1|G0000161
split_0088	GCA_021161045.1|G0000162
split_0088	GCA_021161825.1|G0000164
split_0088	GCA_021163245.1|G0000168
split_0088	GCA_021163245.1|G0000169
split_0088	GCA_021323375.2|G0000170
split_0088	GCA_021324265.1|G0000173
split_0088	GCA_021650775.1|G0000175
split_0088	GCA_022848835.1|G0000179
split_0088	GCA_022865705.1|G0000181
split_0088	GCA_023131225.1|G0000183
split_0088	GCA_023254095.1|G0000186
split_0088	GCA_023266955.1|G0000188
split_0088	GCA_023269735.1|G0000189
split_0088	GCA_023269735.1|G0000190
split_0088	GCA_024860865.1|G0000194
split_0088	GCA_025058425.1|G0000196
split_0088	GCA_025059745.1|G0000199
split_0088	GCA_025061095.1|G0000200
split_0088	GCA_026014815.1|G0000204
split_0088	GCA_026014815.1|G0000205
split_0088	GCA_026413605.1|G0000208
split_0088	GCA_026989875.1|G0000210
split_0088	GCA_027021185.1|G0000213
split_0088	GCA_027051165.1|G0000217
split_0088	GCA_027051265.1|G0000218
split_0088	GCA_027491415.1|G0000223
split_0088	GCA_027491455.1|G0000224
split_0088	GCA_027491845.1|G0000225
split_0088	GCA_027492035.1|G0000226
split_0088	GCA_029258735.1|G0000228
split_0088	GCA_029258735.1|G0000229
split_0088	GCA_029258885.1|G0000230
split_0088	GCA_029259155.1|G0000234
split_0088	GCA_029259245.1|G0000236
split_0088	GCA_029259355.1|G0000237
split_0088	GCA_029934005.1|G0000243
split_0088	GCA_030594205.1|G0000245
split_0088	GCA_030615265.1|G0000247
split_0088	GCA_033581555.1|G0000251
split_0088	GCA_036444275.1|G0000256
split_0088	GCA_036446635.1|G0000257
split_0088	GCA_037917685.1|G0000261
split_0088	GCA_038046745.1|G0000262
split_0088	GCA_038727395.1|G0000263
split_0088	GCA_038727395.1|G0000264
split_0088	GCA_038730885.1|G0000267
split_0088	GCA_038741495.1|G0000268
split_0088	GCA_038741495.1|G0000269
split_0088	GCA_038817485.1|G0000270
split_0088	GCA_038817485.1|G0000271
split_0088	GCA_038845265.1|G0000275
split_0088	GCA_038852745.1|G0000279
split_0088	GCA_038883485.1|G0000289
split_0088	GCA_040225955.1|G0000292
split_0088	GCA_040290255.1|G0000294
split_0088	GCA_041479945.1|G0000296
split_0088	GCA_041479945.1|G0000297
split_0088	GCA_041862235.1|G0000298
split_0088	GCA_048886645.1|G0000299
split_0088	GCA_048938295.1|G0000300
split_0088	GCA_052584985.1|G0000302
split_0088	GCA_975093245.1|G0000306
split_0088	GCA_975093245.1|G0000307
split_0088	GCF_000007305.1|G0000308
split_0088	GCF_000016125.1|G0000310
split_0088	GCF_000023985.1|G0000312
split_0088	GCF_000214415.1|G0000314
split_0088	GCF_946463545.1|G0000317
split_0088	GOMC.bin.16739|G0000322
split_0088	GOMC.bin.2724|G0000331
split_0088	GOMC.bin.2765|G0000333
split_0088	GOMC.bin.2847|G0000336
split_0088	GOMC.bin.2857|G0000337
split_0088	GOMC.bin.4346|G0000347
split_0088	GOMC.bin.4346|G0000348
split_0088	GOMC.bin.4375|G0000349
split_0088	GOMC.bin.5632|G0000350
split_0088	GOMC.bin.5632|G0000351
split_0088	GOMC.bin.5642|G0000353
split_0088	GOMC.bin.7887|G0000354
split_0088	GOMC.bin.874|G0000355
split_0089	GCA_000270325.1|G0000008
split_0089	GCA_000402775.1|G0000011
split_0089	GCA_001593935.1|G0000022
split_0089	GCA_001768965.1|G0000026
split_0089	GCA_002009975.1|G0000028
split_0089	GCA_002010065.2|G0000029
split_0089	GCA_002255045.1|G0000033
split_0089	GCA_002897955.1|G0000038
split_0089	GCA_002898355.1|G0000039
split_0089	GCA_002898395.1|G0000040
split_0089	GCA_002923215.1|G0000041
split_0089	GCA_003056285.1|G0000044
split_0089	GCA_003601775.1|G0000049
split_0089	GCA_003601775.1|G0000050
split_0089	GCA_003649155.1|G0000051
split_0089	GCA_003661265.1|G0000056
split_0089	GCA_003661385.1|G0000057
split_0089	GCA_003662645.1|G0000063
split_0089	GCA_003663585.1|G0000064
split_0089	GCA_003695745.1|G0000065
split_0089	GCA_004376295.1|G0000069
split_0089	GCA_004376645.1|G0000072
split_0089	GCA_005878985.1|G0000073
split_0089	GCA_005884195.1|G0000075
split_0089	GCA_005888675.1|G0000077
split_0089	GCA_005888735.1|G0000078
split_0089	GCA_005888735.1|G0000080
split_0089	GCA_011605725.1|G0000086
split_0089	GCA_011605725.1|G0000087
split_0089	GCA_014727925.1|G0000093
split_0089	GCA_015520145.1|G0000094
split_0089	GCA_015520145.1|G0000095
split_0089	GCA_015520425.1|G0000098
split_0089	GCA_015520425.1|G0000099
split_0089	GCA_015520705.1|G0000101
split_0089	GCA_015661555.1|G0000112
split_0089	GCA_015661775.1|G0000113
split_0089	GCA_016212785.1|G0000117
split_0089	GCA_016550395.1|G0000118
split_0089	GCA_016840065.1|G0000119
split_0089	GCA_016840135.1|G0000120
split_0089	GCA_016840425.1|G0000123
split_0089	GCA_016840465.1|G0000124
split_0089	GCA_016840485.1|G0000127
split_0089	GCA_016930055.1|G0000129
split_0089	GCA_016930055.1|G0000130
split_0089	GCA_017601265.1|G0000131
split_0089	GCA_017601265.1|G0000132
split_0089	GCA_017885655.1|G0000134
split_0089	GCA_018263395.1|G0000135
split_0089	GCA_018396695.1|G0000139
split_0089	GCA_018396695.1|G0000140
split_0089	GCA_018396865.1|G0000144
split_0089	GCA_018992685.1|G0000146
split_0089	GCA_019056805.1|G0000147
split_0089	GCA_019685575.1|G0000149
split_0089	GCA_020029475.1|G0000152
split_0089	GCA_020352645.1|G0000155
split_0089	GCA_021161045.1|G0000161
split_0089	GCA_021161045.1|G0000162
split_0089	GCA_021161825.1|G0000164
split_0089	GCA_021163245.1|G0000169
split_0089	GCA_021323375.2|G0000170
split_0089	GCA_021324265.1|G0000173
split_0089	GCA_021650775.1|G0000175
split_0089	GCA_022848835.1|G0000179
split_0089	GCA_022865705.1|G0000181
split_0089	GCA_023131225.1|G0000183
split_0089	GCA_023254095.1|G0000186
split_0089	GCA_023266955.1|G0000188
split_0089	GCA_023269735.1|G0000189
split_0089	GCA_024860865.1|G0000194
split_0089	GCA_025058425.1|G0000196
split_0089	GCA_025059745.1|G0000199
split_0089	GCA_025061095.1|G0000200
split_0089	GCA_026014815.1|G0000204
split_0089	GCA_026014815.1|G0000205
split_0089	GCA_026413605.1|G0000208
split_0089	GCA_026989875.1|G0000210
split_0089	GCA_027021185.1|G0000213
split_0089	GCA_027051165.1|G0000217
split_0089	GCA_027051265.1|G0000218
split_0089	GCA_027491415.1|G0000223
split_0089	GCA_027491455.1|G0000224
split_0089	GCA_027491845.1|G0000225
split_0089	GCA_027492035.1|G0000226
split_0089	GCA_029258735.1|G0000228
split_0089	GCA_029258885.1|G0000230
split_0089	GCA_029259155.1|G0000234
split_0089	GCA_029259245.1|G0000236
split_0089	GCA_029259355.1|G0000237
split_0089	GCA_029934005.1|G0000243
split_0089	GCA_030594205.1|G0000245
split_0089	GCA_030615265.1|G0000247
split_0089	GCA_033581555.1|G0000251
split_0089	GCA_036444275.1|G0000256
split_0089	GCA_036446635.1|G0000257
split_0089	GCA_037917685.1|G0000261
split_0089	GCA_038046745.1|G0000262
split_0089	GCA_038727395.1|G0000264
split_0089	GCA_038730885.1|G0000267
split_0089	GCA_038741495.1|G0000269
split_0089	GCA_038817485.1|G0000270
split_0089	GCA_038817485.1|G0000271
split_0089	GCA_038845265.1|G0000275
split_0089	GCA_038852745.1|G0000279
split_0089	GCA_038883485.1|G0000289
split_0089	GCA_040225955.1|G0000292
split_0089	GCA_040290255.1|G0000294
split_0089	GCA_041479945.1|G0000296
split_0089	GCA_041479945.1|G0000297
split_0089	GCA_041862235.1|G0000298
split_0089	GCA_048886645.1|G0000299
split_0089	GCA_048938295.1|G0000300
split_0089	GCA_052584985.1|G0000302
split_0089	GCA_975093245.1|G0000306
split_0089	GCA_975093245.1|G0000307
split_0089	GCF_000007305.1|G0000308
split_0089	GCF_000016125.1|G0000310
split_0089	GCF_000023985.1|G0000312
split_0089	GCF_000214415.1|G0000314
split_0089	GCF_946463545.1|G0000317
split_0089	GOMC.bin.16739|G0000322
split_0089	GOMC.bin.2724|G0000331
split_0089	GOMC.bin.2765|G0000333
split_0089	GOMC.bin.2847|G0000336
split_0089	GOMC.bin.2857|G0000337
split_0089	GOMC.bin.4346|G0000347
split_0089	GOMC.bin.4346|G0000348
split_0089	GOMC.bin.4375|G0000349
split_0089	GOMC.bin.5632|G0000350
split_0089	GOMC.bin.5632|G0000351
split_0089	GOMC.bin.5642|G0000353
split_0089	GOMC.bin.7887|G0000354
split_0089	GOMC.bin.874|G0000355
split_0090	GCA_000270325.1|G0000008
split_0090	GCA_002255045.1|G0000033
split_0090	GCA_002898355.1|G0000039
split_0090	GCA_002898395.1|G0000040
split_0090	GCA_003056285.1|G0000044
split_0090	GCA_003601775.1|G0000050
split_0090	GCA_011605725.1|G0000086
split_0090	GCA_014727925.1|G0000093
split_0090	GCA_015520425.1|G0000098
split_0090	GCA_015661775.1|G0000113
split_0090	GCA_016840425.1|G0000123
split_0090	GCA_016930055.1|G0000130
split_0090	GCA_017601265.1|G0000132
split_0090	GCA_018263395.1|G0000135
split_0090	GCA_018396695.1|G0000140
split_0090	GCA_018396865.1|G0000144
split_0090	GCA_021161045.1|G0000161
split_0090	GCA_021323375.2|G0000170
split_0090	GCA_021650775.1|G0000175
split_0090	GCA_023254095.1|G0000186
split_0090	GCA_025059745.1|G0000199
split_0090	GCA_026014815.1|G0000204
split_0090	GCA_033581555.1|G0000251
split_0090	GCA_038730885.1|G0000267
split_0090	GCA_038817485.1|G0000271
split_0090	GCA_038845265.1|G0000275
split_0090	GCA_041479945.1|G0000296
split_0090	GCA_041862235.1|G0000298
split_0090	GCA_048886645.1|G0000299
split_0090	GOMC.bin.5632|G0000351
split_0091	GCA_000270325.1|G0000008
split_0091	GCA_002255045.1|G0000033
split_0091	GCA_002898355.1|G0000039
split_0091	GCA_002898395.1|G0000040
split_0091	GCA_003056285.1|G0000044
split_0091	GCA_003601775.1|G0000050
split_0091	GCA_011605725.1|G0000086
split_0091	GCA_014727925.1|G0000093
split_0091	GCA_015520425.1|G0000098
split_0091	GCA_015661775.1|G0000113
split_0091	GCA_016930055.1|G0000130
split_0091	GCA_017601265.1|G0000132
split_0091	GCA_018263395.1|G0000135
split_0091	GCA_018396695.1|G0000140
split_0091	GCA_018396865.1|G0000144
split_0091	GCA_021161045.1|G0000161
split_0091	GCA_021323375.2|G0000170
split_0091	GCA_021650775.1|G0000175
split_0091	GCA_023254095.1|G0000186
split_0091	GCA_025059745.1|G0000199
split_0091	GCA_026014815.1|G0000204
split_0091	GCA_033581555.1|G0000251
split_0091	GCA_038730885.1|G0000267
split_0091	GCA_038817485.1|G0000271
split_0091	GCA_038845265.1|G0000275
split_0091	GCA_041479945.1|G0000296
split_0091	GCA_041862235.1|G0000298
split_0091	GOMC.bin.5632|G0000351
split_0092	GCA_000270325.1|G0000008
split_0092	GCA_002255045.1|G0000033
split_0092	GCA_002898355.1|G0000039
split_0092	GCA_002898395.1|G0000040
split_0092	GCA_003056285.1|G0000044
split_0092	GCA_011605725.1|G0000086
split_0092	GCA_014727925.1|G0000093
split_0092	GCA_015520425.1|G0000098
split_0092	GCA_015661775.1|G0000113
split_0092	GCA_017601265.1|G0000132
split_0092	GCA_018263395.1|G0000135
split_0092	GCA_021323375.2|G0000170
split_0092	GCA_021650775.1|G0000175
split_0092	GCA_023254095.1|G0000186
split_0092	GCA_025059745.1|G0000199
split_0092	GCA_033581555.1|G0000251
split_0092	GCA_038730885.1|G0000267
split_0092	GCA_038817485.1|G0000271
split_0092	GCA_038845265.1|G0000275
split_0092	GCA_041479945.1|G0000296
split_0092	GCA_041862235.1|G0000298
split_0093	GCA_000270325.1|G0000008
split_0093	GCA_002255045.1|G0000033
split_0093	GCA_002898355.1|G0000039
split_0093	GCA_002898395.1|G0000040
split_0093	GCA_003056285.1|G0000044
split_0093	GCA_011605725.1|G0000086
split_0093	GCA_014727925.1|G0000093
split_0093	GCA_015520425.1|G0000098
split_0093	GCA_015661775.1|G0000113
split_0093	GCA_017601265.1|G0000132
split_0093	GCA_021323375.2|G0000170
split_0093	GCA_021650775.1|G0000175
split_0093	GCA_023254095.1|G0000186
split_0093	GCA_025059745.1|G0000199
split_0093	GCA_033581555.1|G0000251
split_0093	GCA_038730885.1|G0000267
split_0093	GCA_038817485.1|G0000271
split_0093	GCA_038845265.1|G0000275
split_0093	GCA_041479945.1|G0000296
split_0093	GCA_041862235.1|G0000298
split_0094	GCA_000270325.1|G0000008
split_0094	GCA_002898355.1|G0000039
split_0094	GCA_002898395.1|G0000040
split_0094	GCA_003056285.1|G0000044
split_0094	GCA_014727925.1|G0000093
split_0094	GCA_015520425.1|G0000098
split_0094	GCA_015661775.1|G0000113
split_0094	GCA_021323375.2|G0000170
split_0094	GCA_021650775.1|G0000175
split_0094	GCA_023254095.1|G0000186
split_0094	GCA_025059745.1|G0000199
split_0094	GCA_033581555.1|G0000251
split_0094	GCA_038817485.1|G0000271
split_0094	GCA_038845265.1|G0000275
split_0094	GCA_041862235.1|G0000298
split_0095	GCA_000270325.1|G0000008
split_0095	GCA_002898355.1|G0000039
split_0095	GCA_003056285.1|G0000044
split_0095	GCA_014727925.1|G0000093
split_0095	GCA_015520425.1|G0000098
split_0095	GCA_015661775.1|G0000113
split_0095	GCA_021323375.2|G0000170
split_0095	GCA_021650775.1|G0000175
split_0095	GCA_023254095.1|G0000186
split_0095	GCA_038817485.1|G0000271
split_0095	GCA_041862235.1|G0000298
split_0096	GCA_000270325.1|G0000008
split_0096	GCA_002898355.1|G0000039
split_0096	GCA_003056285.1|G0000044
split_0096	GCA_015520425.1|G0000098
split_0096	GCA_015661775.1|G0000113
split_0096	GCA_021323375.2|G0000170
split_0096	GCA_021650775.1|G0000175
split_0096	GCA_023254095.1|G0000186
split_0096	GCA_038817485.1|G0000271
split_0096	GCA_041862235.1|G0000298
split_0097	GCA_000270325.1|G0000008
split_0097	GCA_002898355.1|G0000039
split_0097	GCA_003056285.1|G0000044
split_0097	GCA_015520425.1|G0000098
split_0097	GCA_015661775.1|G0000113
split_0098	GCA_000270325.1|G0000008
split_0098	GCA_002898355.1|G0000039
split_0098	GCA_015520425.1|G0000098
split_0098	GCA_015661775.1|G0000113
split_0099	GCA_000270325.1|G0000008
split_0099	GCA_002898355.1|G0000039
split_0099	GCA_015520425.1|G0000098
split_0100	GCA_000270325.1|G0000008
split_0100	GCA_002898355.1|G0000039
split_0101	GCA_021323375.2|G0000170
split_0101	GCA_021650775.1|G0000175
split_0101	GCA_023254095.1|G0000186
split_0101	GCA_038817485.1|G0000271
split_0101	GCA_041862235.1|G0000298
split_0102	GCA_021323375.2|G0000170
split_0102	GCA_021650775.1|G0000175
split_0102	GCA_023254095.1|G0000186
split_0103	GCA_021323375.2|G0000170
split_0103	GCA_021650775.1|G0000175
split_0104	GCA_038817485.1|G0000271
split_0104	GCA_041862235.1|G0000298
split_0105	GCA_002898395.1|G0000040
split_0105	GCA_025059745.1|G0000199
split_0105	GCA_033581555.1|G0000251
split_0105	GCA_038845265.1|G0000275
split_0106	GCA_002898395.1|G0000040
split_0106	GCA_033581555.1|G0000251
split_0106	GCA_038845265.1|G0000275
split_0107	GCA_033581555.1|G0000251
split_0107	GCA_038845265.1|G0000275
split_0108	GCA_002255045.1|G0000033
split_0108	GCA_011605725.1|G0000086
split_0108	GCA_017601265.1|G0000132
split_0108	GCA_038730885.1|G0000267
split_0108	GCA_041479945.1|G0000296
split_0109	GCA_002255045.1|G0000033
split_0109	GCA_011605725.1|G0000086
split_0109	GCA_017601265.1|G0000132
split_0110	GCA_002255045.1|G0000033
split_0110	GCA_017601265.1|G0000132
split_0111	GCA_038730885.1|G0000267
split_0111	GCA_041479945.1|G0000296
split_0112	GCA_003601775.1|G0000050
split_0112	GCA_016930055.1|G0000130
split_0112	GCA_018396695.1|G0000140
split_0112	GCA_018396865.1|G0000144
split_0112	GCA_021161045.1|G0000161
split_0112	GCA_026014815.1|G0000204
split_0112	GOMC.bin.5632|G0000351
split_0113	GCA_003601775.1|G0000050
split_0113	GOMC.bin.5632|G0000351
split_0114	GCA_016930055.1|G0000130
split_0114	GCA_018396695.1|G0000140
split_0114	GCA_018396865.1|G0000144
split_0114	GCA_021161045.1|G0000161
split_0114	GCA_026014815.1|G0000204
split_0115	GCA_016930055.1|G0000130
split_0115	GCA_018396695.1|G0000140
split_0116	GCA_018396865.1|G0000144
split_0116	GCA_021161045.1|G0000161
split_0116	GCA_026014815.1|G0000204
split_0117	GCA_021161045.1|G0000161
split_0117	GCA_026014815.1|G0000204
split_0118	GCA_016840425.1|G0000123
split_0118	GCA_048886645.1|G0000299
split_0119	GCA_000402775.1|G0000011
split_0119	GCA_001593935.1|G0000022
split_0119	GCA_001768965.1|G0000026
split_0119	GCA_002009975.1|G0000028
split_0119	GCA_002010065.2|G0000029
split_0119	GCA_002897955.1|G0000038
split_0119	GCA_002923215.1|G0000041
split_0119	GCA_003601775.1|G0000049
split_0119	GCA_003649155.1|G0000051
split_0119	GCA_003661265.1|G0000056
split_0119	GCA_003661385.1|G0000057
split_0119	GCA_003662645.1|G0000063
split_0119	GCA_003663585.1|G0000064
split_0119	GCA_003695745.1|G0000065
split_0119	GCA_004376295.1|G0000069
split_0119	GCA_004376645.1|G0000072
split_0119	GCA_005878985.1|G0000073
split_0119	GCA_005884195.1|G0000075
split_0119	GCA_005888675.1|G0000077
split_0119	GCA_005888735.1|G0000078
split_0119	GCA_005888735.1|G0000080
split_0119	GCA_011605725.1|G0000087
split_0119	GCA_015520145.1|G0000094
split_0119	GCA_015520145.1|G0000095
split_0119	GCA_015520425.1|G0000099
split_0119	GCA_015520705.1|G0000101
split_0119	GCA_015661555.1|G0000112
split_0119	GCA_016212785.1|G0000117
split_0119	GCA_016550395.1|G0000118
split_0119	GCA_016840065.1|G0000119
split_0119	GCA_016840135.1|G0000120
split_0119	GCA_016840465.1|G0000124
split_0119	GCA_016840485.1|G0000127
split_0119	GCA_016930055.1|G0000129
split_0119	GCA_017601265.1|G0000131
split_0119	GCA_017885655.1|G0000134
split_0119	GCA_018396695.1|G0000139
split_0119	GCA_018992685.1|G0000146
split_0119	GCA_019056805.1|G0000147
split_0119	GCA_019685575.1|G0000149
split_0119	GCA_020029475.1|G0000152
split_0119	GCA_020352645.1|G0000155
split_0119	GCA_021161045.1|G0000162
split_0119	GCA_021161825.1|G0000164
split_0119	GCA_021163245.1|G0000169
split_0119	GCA_021324265.1|G0000173
split_0119	GCA_022848835.1|G0000179
split_0119	GCA_022865705.1|G0000181
split_0119	GCA_023131225.1|G0000183
split_0119	GCA_023266955.1|G0000188
split_0119	GCA_023269735.1|G0000189
split_0119	GCA_024860865.1|G0000194
split_0119	GCA_025058425.1|G0000196
split_0119	GCA_025061095.1|G0000200
split_0119	GCA_026014815.1|G0000205
split_0119	GCA_026413605.1|G0000208
split_0119	GCA_026989875.1|G0000210
split_0119	GCA_027021185.1|G0000213
split_0119	GCA_027051165.1|G0000217
split_0119	GCA_027051265.1|G0000218
split_0119	GCA_027491415.1|G0000223
split_0119	GCA_027491455.1|G0000224
split_0119	GCA_027491845.1|G0000225
split_0119	GCA_027492035.1|G0000226
split_0119	GCA_029258735.1|G0000228
split_0119	GCA_029258885.1|G0000230
split_0119	GCA_029259155.1|G0000234
split_0119	GCA_029259245.1|G0000236
split_0119	GCA_029259355.1|G0000237
split_0119	GCA_029934005.1|G0000243
split_0119	GCA_030594205.1|G0000245
split_0119	GCA_030615265.1|G0000247
split_0119	GCA_036444275.1|G0000256
split_0119	GCA_036446635.1|G0000257
split_0119	GCA_037917685.1|G0000261
split_0119	GCA_038046745.1|G0000262
split_0119	GCA_038727395.1|G0000264
split_0119	GCA_038741495.1|G0000269
split_0119	GCA_038817485.1|G0000270
split_0119	GCA_038852745.1|G0000279
split_0119	GCA_038883485.1|G0000289
split_0119	GCA_040225955.1|G0000292
split_0119	GCA_040290255.1|G0000294
split_0119	GCA_041479945.1|G0000297
split_0119	GCA_048938295.1|G0000300
split_0119	GCA_052584985.1|G0000302
split_0119	GCA_975093245.1|G0000306
split_0119	GCA_975093245.1|G0000307
split_0119	GCF_000007305.1|G0000308
split_0119	GCF_000016125.1|G0000310
split_0119	GCF_000023985.1|G0000312
split_0119	GCF_000214415.1|G0000314
split_0119	GCF_946463545.1|G0000317
split_0119	GOMC.bin.16739|G0000322
split_0119	GOMC.bin.2724|G0000331
split_0119	GOMC.bin.2765|G0000333
split_0119	GOMC.bin.2847|G0000336
split_0119	GOMC.bin.2857|G0000337
split_0119	GOMC.bin.4346|G0000347
split_0119	GOMC.bin.4346|G0000348
split_0119	GOMC.bin.4375|G0000349
split_0119	GOMC.bin.5632|G0000350
split_0119	GOMC.bin.5642|G0000353
split_0119	GOMC.bin.7887|G0000354
split_0119	GOMC.bin.874|G0000355
split_0120	GCA_000402775.1|G0000011
split_0120	GCA_001593935.1|G0000022
split_0120	GCA_001768965.1|G0000026
split_0120	GCA_002010065.2|G0000029
split_0120	GCA_002897955.1|G0000038
split_0120	GCA_002923215.1|G0000041
split_0120	GCA_003601775.1|G0000049
split_0120	GCA_003649155.1|G0000051
split_0120	GCA_003661265.1|G0000056
split_0120	GCA_003661385.1|G0000057
split_0120	GCA_003662645.1|G0000063
split_0120	GCA_003695745.1|G0000065
split_0120	GCA_004376295.1|G0000069
split_0120	GCA_004376645.1|G0000072
split_0120	GCA_005878985.1|G0000073
split_0120	GCA_005884195.1|G0000075
split_0120	GCA_005888675.1|G0000077
split_0120	GCA_005888735.1|G0000078
split_0120	GCA_005888735.1|G0000080
split_0120	GCA_011605725.1|G0000087
split_0120	GCA_015520145.1|G0000094
split_0120	GCA_015520145.1|G0000095
split_0120	GCA_015520425.1|G0000099
split_0120	GCA_015661555.1|G0000112
split_0120	GCA_016212785.1|G0000117
split_0120	GCA_016550395.1|G0000118
split_0120	GCA_016840065.1|G0000119
split_0120	GCA_016840135.1|G0000120
split_0120	GCA_016840465.1|G0000124
split_0120	GCA_016840485.1|G0000127
split_0120	GCA_016930055.1|G0000129
split_0120	GCA_017601265.1|G0000131
split_0120	GCA_017885655.1|G0000134
split_0120	GCA_018396695.1|G0000139
split_0120	GCA_018992685.1|G0000146
split_0120	GCA_019056805.1|G0000147
split_0120	GCA_019685575.1|G0000149
split_0120	GCA_020029475.1|G0000152
split_0120	GCA_020352645.1|G0000155
split_0120	GCA_021161045.1|G0000162
split_0120	GCA_021161825.1|G0000164
split_0120	GCA_021163245.1|G0000169
split_0120	GCA_021324265.1|G0000173
split_0120	GCA_022848835.1|G0000179
split_0120	GCA_022865705.1|G0000181
split_0120	GCA_023131225.1|G0000183
split_0120	GCA_023266955.1|G0000188
split_0120	GCA_023269735.1|G0000189
split_0120	GCA_024860865.1|G0000194
split_0120	GCA_025058425.1|G0000196
split_0120	GCA_025061095.1|G0000200
split_0120	GCA_026014815.1|G0000205
split_0120	GCA_026413605.1|G0000208
split_0120	GCA_026989875.1|G0000210
split_0120	GCA_027021185.1|G0000213
split_0120	GCA_027051165.1|G0000217
split_0120	GCA_027491415.1|G0000223
split_0120	GCA_027491455.1|G0000224
split_0120	GCA_027491845.1|G0000225
split_0120	GCA_027492035.1|G0000226
split_0120	GCA_029258735.1|G0000228
split_0120	GCA_029258885.1|G0000230
split_0120	GCA_029259155.1|G0000234
split_0120	GCA_029259355.1|G0000237
split_0120	GCA_029934005.1|G0000243
split_0120	GCA_030594205.1|G0000245
split_0120	GCA_030615265.1|G0000247
split_0120	GCA_036444275.1|G0000256
split_0120	GCA_036446635.1|G0000257
split_0120	GCA_037917685.1|G0000261
split_0120	GCA_038046745.1|G0000262
split_0120	GCA_038727395.1|G0000264
split_0120	GCA_038741495.1|G0000269
split_0120	GCA_038817485.1|G0000270
split_0120	GCA_038852745.1|G0000279
split_0120	GCA_038883485.1|G0000289
split_0120	GCA_040225955.1|G0000292
split_0120	GCA_040290255.1|G0000294
split_0120	GCA_041479945.1|G0000297
split_0120	GCA_048938295.1|G0000300
split_0120	GCA_052584985.1|G0000302
split_0120	GCA_975093245.1|G0000306
split_0120	GCA_975093245.1|G0000307
split_0120	GCF_000016125.1|G0000310
split_0120	GCF_000023985.1|G0000312
split_0120	GCF_000214415.1|G0000314
split_0120	GCF_946463545.1|G0000317
split_0120	GOMC.bin.16739|G0000322
split_0120	GOMC.bin.2724|G0000331
split_0120	GOMC.bin.2765|G0000333
split_0120	GOMC.bin.2847|G0000336
split_0120	GOMC.bin.2857|G0000337
split_0120	GOMC.bin.4346|G0000347
split_0120	GOMC.bin.4346|G0000348
split_0120	GOMC.bin.4375|G0000349
split_0120	GOMC.bin.5632|G0000350
split_0120	GOMC.bin.5642|G0000353
split_0120	GOMC.bin.7887|G0000354
split_0120	GOMC.bin.874|G0000355
split_0121	GCA_000402775.1|G0000011
split_0121	GCA_001593935.1|G0000022
split_0121	GCA_001768965.1|G0000026
split_0121	GCA_003601775.1|G0000049
split_0121	GCA_003649155.1|G0000051
split_0121	GCA_003661265.1|G0000056
split_0121	GCA_003661385.1|G0000057
split_0121	GCA_003662645.1|G0000063
split_0121	GCA_004376295.1|G0000069
split_0121	GCA_004376645.1|G0000072
split_0121	GCA_005878985.1|G0000073
split_0121	GCA_005884195.1|G0000075
split_0121	GCA_005888675.1|G0000077
split_0121	GCA_005888735.1|G0000078
split_0121	GCA_005888735.1|G0000080
split_0121	GCA_011605725.1|G0000087
split_0121	GCA_015520425.1|G0000099
split_0121	GCA_015661555.1|G0000112
split_0121	GCA_016550395.1|G0000118
split_0121	GCA_016840065.1|G0000119
split_0121	GCA_016840135.1|G0000120
split_0121	GCA_016840465.1|G0000124
split_0121	GCA_016840485.1|G0000127
split_0121	GCA_016930055.1|G0000129
split_0121	GCA_017601265.1|G0000131
split_0121	GCA_017885655.1|G0000134
split_0121	GCA_018396695.1|G0000139
split_0121	GCA_018992685.1|G0000146
split_0121	GCA_019056805.1|G0000147
split_0121	GCA_019685575.1|G0000149
split_0121	GCA_020029475.1|G0000152
split_0121	GCA_020352645.1|G0000155
split_0121	GCA_021161045.1|G0000162
split_0121	GCA_021161825.1|G0000164
split_0121	GCA_021163245.1|G0000169
split_0121	GCA_021324265.1|G0000173
split_0121	GCA_022848835.1|G0000179
split_0121	GCA_022865705.1|G0000181
split_0121	GCA_023131225.1|G0000183
split_0121	GCA_023266955.1|G0000188
split_0121	GCA_023269735.1|G0000189
split_0121	GCA_024860865.1|G0000194
split_0121	GCA_025058425.1|G0000196
split_0121	GCA_025061095.1|G0000200
split_0121	GCA_026014815.1|G0000205
split_0121	GCA_026413605.1|G0000208
split_0121	GCA_027491415.1|G0000223
split_0121	GCA_027491455.1|G0000224
split_0121	GCA_027491845.1|G0000225
split_0121	GCA_027492035.1|G0000226
split_0121	GCA_029258735.1|G0000228
split_0121	GCA_029258885.1|G0000230
split_0121	GCA_029259155.1|G0000234
split_0121	GCA_029259355.1|G0000237
split_0121	GCA_029934005.1|G0000243
split_0121	GCA_030594205.1|G0000245
split_0121	GCA_030615265.1|G0000247
split_0121	GCA_037917685.1|G0000261
split_0121	GCA_038727395.1|G0000264
split_0121	GCA_038741495.1|G0000269
split_0121	GCA_038817485.1|G0000270
split_0121	GCA_038852745.1|G0000279
split_0121	GCA_038883485.1|G0000289
split_0121	GCA_040225955.1|G0000292
split_0121	GCA_040290255.1|G0000294
split_0121	GCA_041479945.1|G0000297
split_0121	GCA_048938295.1|G0000300
split_0121	GCA_052584985.1|G0000302
split_0121	GCA_975093245.1|G0000306
split_0121	GCA_975093245.1|G0000307
split_0121	GCF_000016125.1|G0000310
split_0121	GCF_000023985.1|G0000312
split_0121	GCF_000214415.1|G0000314
split_0121	GCF_946463545.1|G0000317
split_0121	GOMC.bin.16739|G0000322
split_0121	GOMC.bin.2724|G0000331
split_0121	GOMC.bin.2847|G0000336
split_0121	GOMC.bin.2857|G0000337
split_0121	GOMC.bin.4346|G0000347
split_0121	GOMC.bin.4346|G0000348
split_0121	GOMC.bin.4375|G0000349
split_0121	GOMC.bin.5632|G0000350
split_0121	GOMC.bin.5642|G0000353
split_0122	GCA_000402775.1|G0000011
split_0122	GCA_001593935.1|G0000022
split_0122	GCA_001768965.1|G0000026
split_0122	GCA_003601775.1|G0000049
split_0122	GCA_003649155.1|G0000051
split_0122	GCA_003661265.1|G0000056
split_0122	GCA_003661385.1|G0000057
split_0122	GCA_003662645.1|G0000063
split_0122	GCA_004376295.1|G0000069
split_0122	GCA_004376645.1|G0000072
split_0122	GCA_005878985.1|G0000073
split_0122	GCA_005884195.1|G0000075
split_0122	GCA_005888675.1|G0000077
split_0122	GCA_005888735.1|G0000078
split_0122	GCA_005888735.1|G0000080
split_0122	GCA_011605725.1|G0000087
split_0122	GCA_015520425.1|G0000099
split_0122	GCA_015661555.1|G0000112
split_0122	GCA_016550395.1|G0000118
split_0122	GCA_016840065.1|G0000119
split_0122	GCA_016840135.1|G0000120
split_0122	GCA_016840465.1|G0000124
split_0122	GCA_016840485.1|G0000127
split_0122	GCA_016930055.1|G0000129
split_0122	GCA_017601265.1|G0000131
split_0122	GCA_017885655.1|G0000134
split_0122	GCA_018396695.1|G0000139
split_0122	GCA_018992685.1|G0000146
split_0122	GCA_019056805.1|G0000147
split_0122	GCA_019685575.1|G0000149
split_0122	GCA_020029475.1|G0000152
split_0122	GCA_020352645.1|G0000155
split_0122	GCA_021161045.1|G0000162
split_0122	GCA_021161825.1|G0000164
split_0122	GCA_021163245.1|G0000169
split_0122	GCA_021324265.1|G0000173
split_0122	GCA_022848835.1|G0000179
split_0122	GCA_022865705.1|G0000181
split_0122	GCA_023131225.1|G0000183
split_0122	GCA_023266955.1|G0000188
split_0122	GCA_023269735.1|G0000189
split_0122	GCA_025058425.1|G0000196
split_0122	GCA_025061095.1|G0000200
split_0122	GCA_026014815.1|G0000205
split_0122	GCA_026413605.1|G0000208
split_0122	GCA_027491415.1|G0000223
split_0122	GCA_027491455.1|G0000224
split_0122	GCA_027491845.1|G0000225
split_0122	GCA_027492035.1|G0000226
split_0122	GCA_029258735.1|G0000228
split_0122	GCA_029258885.1|G0000230
split_0122	GCA_029259155.1|G0000234
split_0122	GCA_029259355.1|G0000237
split_0122	GCA_029934005.1|G0000243
split_0122	GCA_030594205.1|G0000245
split_0122	GCA_030615265.1|G0000247
split_0122	GCA_037917685.1|G0000261
split_0122	GCA_038727395.1|G0000264
split_0122	GCA_038741495.1|G0000269
split_0122	GCA_038817485.1|G0000270
split_0122	GCA_038852745.1|G0000279
split_0122	GCA_038883485.1|G0000289
split_0122	GCA_040225955.1|G0000292
split_0122	GCA_040290255.1|G0000294
split_0122	GCA_041479945.1|G0000297
split_0122	GCA_048938295.1|G0000300
split_0122	GCA_052584985.1|G0000302
split_0122	GCA_975093245.1|G0000306
split_0122	GCA_975093245.1|G0000307
split_0122	GCF_000016125.1|G0000310
split_0122	GCF_000023985.1|G0000312
split_0122	GCF_000214415.1|G0000314
split_0122	GCF_946463545.1|G0000317
split_0122	GOMC.bin.16739|G0000322
split_0122	GOMC.bin.2724|G0000331
split_0122	GOMC.bin.2847|G0000336
split_0122	GOMC.bin.2857|G0000337
split_0122	GOMC.bin.4346|G0000347
split_0122	GOMC.bin.4346|G0000348
split_0122	GOMC.bin.4375|G0000349
split_0122	GOMC.bin.5632|G0000350
split_0122	GOMC.bin.5642|G0000353
split_0123	GCA_000402775.1|G0000011
split_0123	GCA_001593935.1|G0000022
split_0123	GCA_001768965.1|G0000026
split_0123	GCA_003601775.1|G0000049
split_0123	GCA_003649155.1|G0000051
split_0123	GCA_003662645.1|G0000063
split_0123	GCA_004376295.1|G0000069
split_0123	GCA_004376645.1|G0000072
split_0123	GCA_005878985.1|G0000073
split_0123	GCA_005884195.1|G0000075
split_0123	GCA_005888675.1|G0000077
split_0123	GCA_005888735.1|G0000078
split_0123	GCA_005888735.1|G0000080
split_0123	GCA_011605725.1|G0000087
split_0123	GCA_015520425.1|G0000099
split_0123	GCA_016550395.1|G0000118
split_0123	GCA_016840065.1|G0000119
split_0123	GCA_016840135.1|G0000120
split_0123	GCA_016840465.1|G0000124
split_0123	GCA_016840485.1|G0000127
split_0123	GCA_016930055.1|G0000129
split_0123	GCA_017601265.1|G0000131
split_0123	GCA_017885655.1|G0000134
split_0123	GCA_018396695.1|G0000139
split_0123	GCA_018992685.1|G0000146
split_0123	GCA_019056805.1|G0000147
split_0123	GCA_019685575.1|G0000149
split_0123	GCA_020029475.1|G0000152
split_0123	GCA_020352645.1|G0000155
split_0123	GCA_021161045.1|G0000162
split_0123	GCA_021161825.1|G0000164
split_0123	GCA_021163245.1|G0000169
split_0123	GCA_021324265.1|G0000173
split_0123	GCA_022848835.1|G0000179
split_0123	GCA_022865705.1|G0000181
split_0123	GCA_023131225.1|G0000183
split_0123	GCA_023266955.1|G0000188
split_0123	GCA_023269735.1|G0000189
split_0123	GCA_025058425.1|G0000196
split_0123	GCA_025061095.1|G0000200
split_0123	GCA_026014815.1|G0000205
split_0123	GCA_026413605.1|G0000208
split_0123	GCA_029258735.1|G0000228
split_0123	GCA_029258885.1|G0000230
split_0123	GCA_029259155.1|G0000234
split_0123	GCA_029259355.1|G0000237
split_0123	GCA_029934005.1|G0000243
split_0123	GCA_030594205.1|G0000245
split_0123	GCA_030615265.1|G0000247
split_0123	GCA_038727395.1|G0000264
split_0123	GCA_038741495.1|G0000269
split_0123	GCA_038817485.1|G0000270
split_0123	GCA_038852745.1|G0000279
split_0123	GCA_038883485.1|G0000289
split_0123	GCA_040225955.1|G0000292
split_0123	GCA_040290255.1|G0000294
split_0123	GCA_041479945.1|G0000297
split_0123	GCA_048938295.1|G0000300
split_0123	GCA_052584985.1|G0000302
split_0123	GCA_975093245.1|G0000306
split_0123	GCA_975093245.1|G0000307
split_0123	GOMC.bin.16739|G0000322
split_0123	GOMC.bin.2724|G0000331
split_0123	GOMC.bin.2847|G0000336
split_0123	GOMC.bin.2857|G0000337
split_0123	GOMC.bin.4346|G0000347
split_0123	GOMC.bin.4346|G0000348
split_0123	GOMC.bin.4375|G0000349
split_0123	GOMC.bin.5632|G0000350
split_0123	GOMC.bin.5642|G0000353
split_0124	GCA_000402775.1|G0000011
split_0124	GCA_001593935.1|G0000022
split_0124	GCA_001768965.1|G0000026
split_0124	GCA_003601775.1|G0000049
split_0124	GCA_003662645.1|G0000063
split_0124	GCA_004376295.1|G0000069
split_0124	GCA_004376645.1|G0000072
split_0124	GCA_005878985.1|G0000073
split_0124	GCA_005884195.1|G0000075
split_0124	GCA_005888675.1|G0000077
split_0124	GCA_005888735.1|G0000078
split_0124	GCA_005888735.1|G0000080
split_0124	GCA_011605725.1|G0000087
split_0124	GCA_015520425.1|G0000099
split_0124	GCA_016550395.1|G0000118
split_0124	GCA_016840065.1|G0000119
split_0124	GCA_016840135.1|G0000120
split_0124	GCA_016840465.1|G0000124
split_0124	GCA_016840485.1|G0000127
split_0124	GCA_016930055.1|G0000129
split_0124	GCA_017601265.1|G0000131
split_0124	GCA_017885655.1|G0000134
split_0124	GCA_018396695.1|G0000139
split_0124	GCA_018992685.1|G0000146
split_0124	GCA_019056805.1|G0000147
split_0124	GCA_019685575.1|G0000149
split_0124	GCA_020029475.1|G0000152
split_0124	GCA_020352645.1|G0000155
split_0124	GCA_021161045.1|G0000162
split_0124	GCA_021161825.1|G0000164
split_0124	GCA_021163245.1|G0000169
split_0124	GCA_021324265.1|G0000173
split_0124	GCA_022848835.1|G0000179
split_0124	GCA_022865705.1|G0000181
split_0124	GCA_023131225.1|G0000183
split_0124	GCA_023266955.1|G0000188
split_0124	GCA_023269735.1|G0000189
split_0124	GCA_025058425.1|G0000196
split_0124	GCA_026014815.1|G0000205
split_0124	GCA_026413605.1|G0000208
split_0124	GCA_029258735.1|G0000228
split_0124	GCA_029258885.1|G0000230
split_0124	GCA_029259155.1|G0000234
split_0124	GCA_029934005.1|G0000243
split_0124	GCA_030594205.1|G0000245
split_0124	GCA_030615265.1|G0000247
split_0124	GCA_038727395.1|G0000264
split_0124	GCA_038741495.1|G0000269
split_0124	GCA_038817485.1|G0000270
split_0124	GCA_038852745.1|G0000279
split_0124	GCA_038883485.1|G0000289
split_0124	GCA_040225955.1|G0000292
split_0124	GCA_040290255.1|G0000294
split_0124	GCA_041479945.1|G0000297
split_0124	GCA_048938295.1|G0000300
split_0124	GCA_052584985.1|G0000302
split_0124	GCA_975093245.1|G0000306
split_0124	GCA_975093245.1|G0000307
split_0124	GOMC.bin.16739|G0000322
split_0124	GOMC.bin.2724|G0000331
split_0124	GOMC.bin.2857|G0000337
split_0124	GOMC.bin.4346|G0000347
split_0124	GOMC.bin.4346|G0000348
split_0124	GOMC.bin.4375|G0000349
split_0124	GOMC.bin.5632|G0000350
split_0124	GOMC.bin.5642|G0000353
split_0125	GCA_000402775.1|G0000011
split_0125	GCA_001593935.1|G0000022
split_0125	GCA_001768965.1|G0000026
split_0125	GCA_003601775.1|G0000049
split_0125	GCA_003662645.1|G0000063
split_0125	GCA_004376295.1|G0000069
split_0125	GCA_004376645.1|G0000072
split_0125	GCA_005878985.1|G0000073
split_0125	GCA_005884195.1|G0000075
split_0125	GCA_005888675.1|G0000077
split_0125	GCA_005888735.1|G0000078
split_0125	GCA_005888735.1|G0000080
split_0125	GCA_011605725.1|G0000087
split_0125	GCA_015520425.1|G0000099
split_0125	GCA_016550395.1|G0000118
split_0125	GCA_016840065.1|G0000119
split_0125	GCA_016840135.1|G0000120
split_0125	GCA_016840465.1|G0000124
split_0125	GCA_016840485.1|G0000127
split_0125	GCA_016930055.1|G0000129
split_0125	GCA_017601265.1|G0000131
split_0125	GCA_017885655.1|G0000134
split_0125	GCA_018396695.1|G0000139
split_0125	GCA_018992685.1|G0000146
split_0125	GCA_019056805.1|G0000147
split_0125	GCA_019685575.1|G0000149
split_0125	GCA_020029475.1|G0000152
split_0125	GCA_020352645.1|G0000155
split_0125	GCA_021161045.1|G0000162
split_0125	GCA_021161825.1|G0000164
split_0125	GCA_021163245.1|G0000169
split_0125	GCA_021324265.1|G0000173
split_0125	GCA_022848835.1|G0000179
split_0125	GCA_022865705.1|G0000181
split_0125	GCA_023131225.1|G0000183
split_0125	GCA_023266955.1|G0000188
split_0125	GCA_023269735.1|G0000189
split_0125	GCA_025058425.1|G0000196
split_0125	GCA_026014815.1|G0000205
split_0125	GCA_026413605.1|G0000208
split_0125	GCA_029258735.1|G0000228
split_0125	GCA_029258885.1|G0000230
split_0125	GCA_029259155.1|G0000234
split_0125	GCA_029934005.1|G0000243
split_0125	GCA_030594205.1|G0000245
split_0125	GCA_030615265.1|G0000247
split_0125	GCA_038727395.1|G0000264
split_0125	GCA_038741495.1|G0000269
split_0125	GCA_038817485.1|G0000270
split_0125	GCA_038852745.1|G0000279
split_0125	GCA_038883485.1|G0000289
split_0125	GCA_040290255.1|G0000294
split_0125	GCA_041479945.1|G0000297
split_0125	GCA_048938295.1|G0000300
split_0125	GCA_975093245.1|G0000306
split_0125	GCA_975093245.1|G0000307
split_0125	GOMC.bin.16739|G0000322
split_0125	GOMC.bin.2724|G0000331
split_0125	GOMC.bin.2857|G0000337
split_0125	GOMC.bin.4346|G0000347
split_0125	GOMC.bin.4346|G0000348
split_0125	GOMC.bin.4375|G0000349
split_0125	GOMC.bin.5632|G0000350
split_0125	GOMC.bin.5642|G0000353
split_0126	GCA_000402775.1|G0000011
split_0126	GCA_001593935.1|G0000022
split_0126	GCA_001768965.1|G0000026
split_0126	GCA_003601775.1|G0000049
split_0126	GCA_003662645.1|G0000063
split_0126	GCA_004376295.1|G0000069
split_0126	GCA_004376645.1|G0000072
split_0126	GCA_005878985.1|G0000073
split_0126	GCA_015520425.1|G0000099
split_0126	GCA_016550395.1|G0000118
split_0126	GCA_016840065.1|G0000119
split_0126	GCA_016840135.1|G0000120
split_0126	GCA_016930055.1|G0000129
split_0126	GCA_017601265.1|G0000131
split_0126	GCA_017885655.1|G0000134
split_0126	GCA_018396695.1|G0000139
split_0126	GCA_018992685.1|G0000146
split_0126	GCA_019685575.1|G0000149
split_0126	GCA_020029475.1|G0000152
split_0126	GCA_020352645.1|G0000155
split_0126	GCA_021161045.1|G0000162
split_0126	GCA_021324265.1|G0000173
split_0126	GCA_022848835.1|G0000179
split_0126	GCA_022865705.1|G0000181
split_0126	GCA_023131225.1|G0000183
split_0126	GCA_023266955.1|G0000188
split_0126	GCA_025058425.1|G0000196
split_0126	GCA_026014815.1|G0000205
split_0126	GCA_026413605.1|G0000208
split_0126	GCA_029259155.1|G0000234
split_0126	GCA_029934005.1|G0000243
split_0126	GCA_030594205.1|G0000245
split_0126	GCA_030615265.1|G0000247
split_0126	GCA_038817485.1|G0000270
split_0126	GCA_038852745.1|G0000279
split_0126	GCA_038883485.1|G0000289
split_0126	GCA_048938295.1|G0000300
split_0126	GCA_975093245.1|G0000306
split_0126	GCA_975093245.1|G0000307
split_0126	GOMC.bin.4375|G0000349
split_0126	GOMC.bin.5632|G0000350
split_0126	GOMC.bin.5642|G0000353
split_0127	GCA_000402775.1|G0000011
split_0127	GCA_001593935.1|G0000022
split_0127	GCA_001768965.1|G0000026
split_0127	GCA_003601775.1|G0000049
split_0127	GCA_003662645.1|G0000063
split_0127	GCA_004376295.1|G0000069
split_0127	GCA_004376645.1|G0000072
split_0127	GCA_005878985.1|G0000073
split_0127	GCA_015520425.1|G0000099
split_0127	GCA_016550395.1|G0000118
split_0127	GCA_016840065.1|G0000119
split_0127	GCA_016840135.1|G0000120
split_0127	GCA_016930055.1|G0000129
split_0127	GCA_017601265.1|G0000131
split_0127	GCA_017885655.1|G0000134
split_0127	GCA_018396695.1|G0000139
split_0127	GCA_018992685.1|G0000146
split_0127	GCA_019685575.1|G0000149
split_0127	GCA_020029475.1|G0000152
split_0127	GCA_020352645.1|G0000155
split_0127	GCA_021161045.1|G0000162
split_0127	GCA_022848835.1|G0000179
split_0127	GCA_022865705.1|G0000181
split_0127	GCA_023131225.1|G0000183
split_0127	GCA_023266955.1|G0000188
split_0127	GCA_026014815.1|G0000205
split_0127	GCA_026413605.1|G0000208
split_0127	GCA_029259155.1|G0000234
split_0127	GCA_029934005.1|G0000243
split_0127	GCA_030594205.1|G0000245
split_0127	GCA_030615265.1|G0000247
split_0127	GCA_038852745.1|G0000279
split_0127	GCA_038883485.1|G0000289
split_0127	GCA_048938295.1|G0000300
split_0127	GCA_975093245.1|G0000306
split_0127	GCA_975093245.1|G0000307
split_0127	GOMC.bin.4375|G0000349
split_0127	GOMC.bin.5632|G0000350
split_0127	GOMC.bin.5642|G0000353
split_0128	GCA_000402775.1|G0000011
split_0128	GCA_001768965.1|G0000026
split_0128	GCA_003601775.1|G0000049
split_0128	GCA_003662645.1|G0000063
split_0128	GCA_005878985.1|G0000073
split_0128	GCA_016550395.1|G0000118
split_0128	GCA_016840065.1|G0000119
split_0128	GCA_016840135.1|G0000120
split_0128	GCA_016930055.1|G0000129
split_0128	GCA_017601265.1|G0000131
split_0128	GCA_017885655.1|G0000134
split_0128	GCA_018396695.1|G0000139
split_0128	GCA_018992685.1|G0000146
split_0128	GCA_020029475.1|G0000152
split_0128	GCA_021161045.1|G0000162
split_0128	GCA_022848835.1|G0000179
split_0128	GCA_022865705.1|G0000181
split_0128	GCA_023266955.1|G0000188
split_0128	GCA_026014815.1|G0000205
split_0128	GCA_026413605.1|G0000208
split_0128	GCA_029259155.1|G0000234
split_0128	GCA_030594205.1|G0000245
split_0128	GCA_038852745.1|G0000279
split_0128	GCA_038883485.1|G0000289
split_0128	GCA_048938295.1|G0000300
split_0128	GCA_975093245.1|G0000306
split_0128	GCA_975093245.1|G0000307
split_0128	GOMC.bin.4375|G0000349
split_0128	GOMC.bin.5632|G0000350
split_0129	GCA_000402775.1|G0000011
split_0129	GCA_001768965.1|G0000026
split_0129	GCA_003601775.1|G0000049
split_0129	GCA_005878985.1|G0000073
split_0129	GCA_016550395.1|G0000118
split_0129	GCA_016840065.1|G0000119
split_0129	GCA_016840135.1|G0000120
split_0129	GCA_016930055.1|G0000129
split_0129	GCA_017601265.1|G0000131
split_0129	GCA_017885655.1|G0000134
split_0129	GCA_018396695.1|G0000139
split_0129	GCA_018992685.1|G0000146
split_0129	GCA_020029475.1|G0000152
split_0129	GCA_021161045.1|G0000162
split_0129	GCA_022848835.1|G0000179
split_0129	GCA_022865705.1|G0000181
split_0129	GCA_023266955.1|G0000188
split_0129	GCA_026014815.1|G0000205
split_0129	GCA_026413605.1|G0000208
split_0129	GCA_029259155.1|G0000234
split_0129	GCA_030594205.1|G0000245
split_0129	GCA_038852745.1|G0000279
split_0129	GCA_038883485.1|G0000289
split_0129	GCA_048938295.1|G0000300
split_0129	GCA_975093245.1|G0000306
split_0129	GCA_975093245.1|G0000307
split_0129	GOMC.bin.4375|G0000349
split_0129	GOMC.bin.5632|G0000350
split_0130	GCA_000402775.1|G0000011
split_0130	GCA_001768965.1|G0000026
split_0130	GCA_003601775.1|G0000049
split_0130	GCA_005878985.1|G0000073
split_0130	GCA_016550395.1|G0000118
split_0130	GCA_016840065.1|G0000119
split_0130	GCA_016840135.1|G0000120
split_0130	GCA_016930055.1|G0000129
split_0130	GCA_017601265.1|G0000131
split_0130	GCA_017885655.1|G0000134
split_0130	GCA_018396695.1|G0000139
split_0130	GCA_020029475.1|G0000152
split_0130	GCA_021161045.1|G0000162
split_0130	GCA_022848835.1|G0000179
split_0130	GCA_022865705.1|G0000181
split_0130	GCA_023266955.1|G0000188
split_0130	GCA_026014815.1|G0000205
split_0130	GCA_026413605.1|G0000208
split_0130	GCA_029259155.1|G0000234
split_0130	GCA_030594205.1|G0000245
split_0130	GCA_038852745.1|G0000279
split_0130	GCA_038883485.1|G0000289
split_0130	GCA_048938295.1|G0000300
split_0130	GCA_975093245.1|G0000306
split_0130	GCA_975093245.1|G0000307
split_0130	GOMC.bin.5632|G0000350
split_0131	GCA_000402775.1|G0000011
split_0131	GCA_001768965.1|G0000026
split_0131	GCA_003601775.1|G0000049
split_0131	GCA_005878985.1|G0000073
split_0131	GCA_016550395.1|G0000118
split_0131	GCA_016840065.1|G0000119
split_0131	GCA_016840135.1|G0000120
split_0131	GCA_016930055.1|G0000129
split_0131	GCA_017601265.1|G0000131
split_0131	GCA_017885655.1|G0000134
split_0131	GCA_018396695.1|G0000139
split_0131	GCA_020029475.1|G0000152
split_0131	GCA_021161045.1|G0000162
split_0131	GCA_022848835.1|G0000179
split_0131	GCA_023266955.1|G0000188
split_0131	GCA_026014815.1|G0000205
split_0131	GCA_026413605.1|G0000208
split_0131	GCA_029259155.1|G0000234
split_0131	GCA_030594205.1|G0000245
split_0131	GCA_038852745.1|G0000279
split_0131	GCA_038883485.1|G0000289
split_0131	GCA_048938295.1|G0000300
split_0131	GCA_975093245.1|G0000306
split_0131	GCA_975093245.1|G0000307
split_0131	GOMC.bin.5632|G0000350
split_0132	GCA_000402775.1|G0000011
split_0132	GCA_017601265.1|G0000131
split_0132	GCA_023266955.1|G0000188
split_0132	GCA_026413605.1|G0000208
split_0132	GCA_029259155.1|G0000234
split_0132	GCA_038852745.1|G0000279
split_0132	GCA_038883485.1|G0000289
split_0133	GCA_000402775.1|G0000011
split_0133	GCA_023266955.1|G0000188
split_0133	GCA_026413605.1|G0000208
split_0133	GCA_029259155.1|G0000234
split_0134	GCA_000402775.1|G0000011
split_0134	GCA_026413605.1|G0000208
split_0134	GCA_029259155.1|G0000234
split_0135	GCA_026413605.1|G0000208
split_0135	GCA_029259155.1|G0000234
split_0136	GCA_017601265.1|G0000131
split_0136	GCA_038852745.1|G0000279
split_0136	GCA_038883485.1|G0000289
split_0137	GCA_038852745.1|G0000279
split_0137	GCA_038883485.1|G0000289
split_0138	GCA_001768965.1|G0000026
split_0138	GCA_003601775.1|G0000049
split_0138	GCA_005878985.1|G0000073
split_0138	GCA_016550395.1|G0000118
split_0138	GCA_016840065.1|G0000119
split_0138	GCA_016840135.1|G0000120
split_0138	GCA_016930055.1|G0000129
split_0138	GCA_017885655.1|G0000134
split_0138	GCA_018396695.1|G0000139
split_0138	GCA_020029475.1|G0000152
split_0138	GCA_021161045.1|G0000162
split_0138	GCA_022848835.1|G0000179
split_0138	GCA_026014815.1|G0000205
split_0138	GCA_030594205.1|G0000245
split_0138	GCA_048938295.1|G0000300
split_0138	GCA_975093245.1|G0000306
split_0138	GCA_975093245.1|G0000307
split_0138	GOMC.bin.5632|G0000350
split_0139	GCA_001768965.1|G0000026
split_0139	GCA_016550395.1|G0000118
split_0139	GCA_016840065.1|G0000119
split_0139	GCA_016840135.1|G0000120
split_0139	GCA_022848835.1|G0000179
split_0139	GCA_030594205.1|G0000245
split_0139	GCA_048938295.1|G0000300
split_0140	GCA_016550395.1|G0000118
split_0140	GCA_016840065.1|G0000119
split_0140	GCA_016840135.1|G0000120
split_0140	GCA_022848835.1|G0000179
split_0140	GCA_030594205.1|G0000245
split_0140	GCA_048938295.1|G0000300
split_0141	GCA_016550395.1|G0000118
split_0141	GCA_016840065.1|G0000119
split_0141	GCA_016840135.1|G0000120
split_0141	GCA_048938295.1|G0000300
split_0142	GCA_016550395.1|G0000118
split_0142	GCA_048938295.1|G0000300
split_0143	GCA_016840065.1|G0000119
split_0143	GCA_016840135.1|G0000120
split_0144	GCA_022848835.1|G0000179
split_0144	GCA_030594205.1|G0000245
split_0145	GCA_003601775.1|G0000049
split_0145	GCA_005878985.1|G0000073
split_0145	GCA_016930055.1|G0000129
split_0145	GCA_017885655.1|G0000134
split_0145	GCA_018396695.1|G0000139
split_0145	GCA_020029475.1|G0000152
split_0145	GCA_021161045.1|G0000162
split_0145	GCA_026014815.1|G0000205
split_0145	GCA_975093245.1|G0000306
split_0145	GCA_975093245.1|G0000307
split_0145	GOMC.bin.5632|G0000350
split_0146	GCA_003601775.1|G0000049
split_0146	GOMC.bin.5632|G0000350
split_0147	GCA_005878985.1|G0000073
split_0147	GCA_016930055.1|G0000129
split_0147	GCA_017885655.1|G0000134
split_0147	GCA_018396695.1|G0000139
split_0147	GCA_020029475.1|G0000152
split_0147	GCA_021161045.1|G0000162
split_0147	GCA_026014815.1|G0000205
split_0147	GCA_975093245.1|G0000306
split_0147	GCA_975093245.1|G0000307
split_0148	GCA_005878985.1|G0000073
split_0148	GCA_017885655.1|G0000134
split_0148	GCA_018396695.1|G0000139
split_0148	GCA_020029475.1|G0000152
split_0148	GCA_021161045.1|G0000162
split_0148	GCA_975093245.1|G0000306
split_0148	GCA_975093245.1|G0000307
split_0149	GCA_005878985.1|G0000073
split_0149	GCA_017885655.1|G0000134
split_0149	GCA_020029475.1|G0000152
split_0149	GCA_021161045.1|G0000162
split_0149	GCA_975093245.1|G0000306
split_0149	GCA_975093245.1|G0000307
split_0150	GCA_005878985.1|G0000073
split_0150	GCA_017885655.1|G0000134
split_0150	GCA_020029475.1|G0000152
split_0150	GCA_975093245.1|G0000306
split_0150	GCA_975093245.1|G0000307
split_0151	GCA_017885655.1|G0000134
split_0151	GCA_020029475.1|G0000152
split_0151	GCA_975093245.1|G0000306
split_0151	GCA_975093245.1|G0000307
split_0152	GCA_017885655.1|G0000134
split_0152	GCA_975093245.1|G0000306
split_0152	GCA_975093245.1|G0000307
split_0153	GCA_017885655.1|G0000134
split_0153	GCA_975093245.1|G0000307
split_0154	GCA_016930055.1|G0000129
split_0154	GCA_026014815.1|G0000205
split_0155	GCA_018992685.1|G0000146
split_0155	GOMC.bin.4375|G0000349
split_0156	GCA_001593935.1|G0000022
split_0156	GCA_004376295.1|G0000069
split_0156	GCA_004376645.1|G0000072
split_0156	GCA_015520425.1|G0000099
split_0156	GCA_019685575.1|G0000149
split_0156	GCA_020352645.1|G0000155
split_0156	GCA_023131225.1|G0000183
split_0156	GCA_029934005.1|G0000243
split_0156	GCA_030615265.1|G0000247
split_0156	GOMC.bin.5642|G0000353
split_0157	GCA_001593935.1|G0000022
split_0157	GCA_004376295.1|G0000069
split_0157	GCA_004376645.1|G0000072
split_0157	GCA_019685575.1|G0000149
split_0157	GCA_020352645.1|G0000155
split_0157	GCA_023131225.1|G0000183
split_0157	GCA_030615265.1|G0000247
split_0158	GCA_001593935.1|G0000022
split_0158	GCA_004376645.1|G0000072
split_0158	GCA_019685575.1|G0000149
split_0158	GCA_020352645.1|G0000155
split_0158	GCA_023131225.1|G0000183
split_0158	GCA_030615265.1|G0000247
split_0159	GCA_001593935.1|G0000022
split_0159	GCA_004376645.1|G0000072
split_0159	GCA_019685575.1|G0000149
split_0159	GCA_020352645.1|G0000155
split_0159	GCA_023131225.1|G0000183
split_0160	GCA_001593935.1|G0000022
split_0160	GCA_004376645.1|G0000072
split_0160	GCA_023131225.1|G0000183
split_0161	GCA_004376645.1|G0000072
split_0161	GCA_023131225.1|G0000183
split_0162	GCA_019685575.1|G0000149
split_0162	GCA_020352645.1|G0000155
split_0163	GCA_015520425.1|G0000099
split_0163	GCA_029934005.1|G0000243
split_0163	GOMC.bin.5642|G0000353
split_0164	GCA_015520425.1|G0000099
split_0164	GCA_029934005.1|G0000243
split_0165	GCA_021324265.1|G0000173
split_0165	GCA_025058425.1|G0000196
split_0165	GCA_038817485.1|G0000270
split_0166	GCA_021324265.1|G0000173
split_0166	GCA_038817485.1|G0000270
split_0167	GCA_005884195.1|G0000075
split_0167	GCA_005888675.1|G0000077
split_0167	GCA_005888735.1|G0000078
split_0167	GCA_005888735.1|G0000080
split_0167	GCA_011605725.1|G0000087
split_0167	GCA_016840465.1|G0000124
split_0167	GCA_016840485.1|G0000127
split_0167	GCA_019056805.1|G0000147
split_0167	GCA_021161825.1|G0000164
split_0167	GCA_021163245.1|G0000169
split_0167	GCA_023269735.1|G0000189
split_0167	GCA_029258735.1|G0000228
split_0167	GCA_029258885.1|G0000230
split_0167	GCA_038727395.1|G0000264
split_0167	GCA_038741495.1|G0000269
split_0167	GCA_040290255.1|G0000294
split_0167	GCA_041479945.1|G0000297
split_0167	GOMC.bin.16739|G0000322
split_0167	GOMC.bin.2724|G0000331
split_0167	GOMC.bin.2857|G0000337
split_0167	GOMC.bin.4346|G0000347
split_0167	GOMC.bin.4346|G0000348
split_0168	GCA_005884195.1|G0000075
split_0168	GCA_005888675.1|G0000077
split_0168	GCA_005888735.1|G0000078
split_0168	GCA_005888735.1|G0000080
split_0168	GCA_011605725.1|G0000087
split_0168	GCA_021161825.1|G0000164
split_0168	GCA_021163245.1|G0000169
split_0168	GCA_023269735.1|G0000189
split_0168	GCA_029258735.1|G0000228
split_0168	GCA_029258885.1|G0000230
split_0168	GCA_038727395.1|G0000264
split_0168	GCA_038741495.1|G0000269
split_0168	GCA_040290255.1|G0000294
split_0168	GCA_041479945.1|G0000297
split_0168	GOMC.bin.16739|G0000322
split_0168	GOMC.bin.2724|G0000331
split_0168	GOMC.bin.2857|G0000337
split_0168	GOMC.bin.4346|G0000347
split_0168	GOMC.bin.4346|G0000348
split_0169	GCA_005884195.1|G0000075
split_0169	GCA_005888675.1|G0000077
split_0169	GCA_005888735.1|G0000078
split_0169	GCA_005888735.1|G0000080
split_0169	GCA_041479945.1|G0000297
split_0170	GCA_005884195.1|G0000075
split_0170	GCA_005888675.1|G0000077
split_0170	GCA_005888735.1|G0000078
split_0170	GCA_005888735.1|G0000080
split_0171	GCA_005884195.1|G0000075
split_0171	GCA_005888735.1|G0000078
split_0172	GCA_005888675.1|G0000077
split_0172	GCA_005888735.1|G0000080
split_0173	GCA_011605725.1|G0000087
split_0173	GCA_021161825.1|G0000164
split_0173	GCA_021163245.1|G0000169
split_0173	GCA_023269735.1|G0000189
split_0173	GCA_029258735.1|G0000228
split_0173	GCA_029258885.1|G0000230
split_0173	GCA_038727395.1|G0000264
split_0173	GCA_038741495.1|G0000269
split_0173	GCA_040290255.1|G0000294
split_0173	GOMC.bin.16739|G0000322
split_0173	GOMC.bin.2724|G0000331
split_0173	GOMC.bin.2857|G0000337
split_0173	GOMC.bin.4346|G0000347
split_0173	GOMC.bin.4346|G0000348
split_0174	GCA_011605725.1|G0000087
split_0174	GCA_021161825.1|G0000164
split_0174	GOMC.bin.16739|G0000322
split_0174	GOMC.bin.2724|G0000331
split_0174	GOMC.bin.2857|G0000337
split_0175	GCA_011605725.1|G0000087
split_0175	GCA_021161825.1|G0000164
split_0175	GOMC.bin.2724|G0000331
split_0175	GOMC.bin.2857|G0000337
split_0176	GCA_011605725.1|G0000087
split_0176	GCA_021161825.1|G0000164
split_0177	GOMC.bin.2724|G0000331
split_0177	GOMC.bin.2857|G0000337
split_0178	GCA_021163245.1|G0000169
split_0178	GCA_023269735.1|G0000189
split_0178	GCA_029258735.1|G0000228
split_0178	GCA_029258885.1|G0000230
split_0178	GCA_038727395.1|G0000264
split_0178	GCA_038741495.1|G0000269
split_0178	GCA_040290255.1|G0000294
split_0178	GOMC.bin.4346|G0000347
split_0178	GOMC.bin.4346|G0000348
split_0179	GCA_021163245.1|G0000169
split_0179	GCA_023269735.1|G0000189
split_0179	GCA_029258885.1|G0000230
split_0179	GCA_038727395.1|G0000264
split_0179	GCA_038741495.1|G0000269
split_0179	GCA_040290255.1|G0000294
split_0180	GCA_021163245.1|G0000169
split_0180	GCA_023269735.1|G0000189
split_0180	GCA_038727395.1|G0000264
split_0180	GCA_038741495.1|G0000269
split_0180	GCA_040290255.1|G0000294
split_0181	GCA_021163245.1|G0000169
split_0181	GCA_023269735.1|G0000189
split_0181	GCA_038727395.1|G0000264
split_0181	GCA_038741495.1|G0000269
split_0182	GCA_023269735.1|G0000189
split_0182	GCA_038727395.1|G0000264
split_0182	GCA_038741495.1|G0000269
split_0183	GCA_023269735.1|G0000189
split_0183	GCA_038741495.1|G0000269
split_0184	GCA_029258735.1|G0000228
split_0184	GOMC.bin.4346|G0000347
split_0184	GOMC.bin.4346|G0000348
split_0185	GCA_029258735.1|G0000228
split_0185	GOMC.bin.4346|G0000347
split_0186	GCA_016840465.1|G0000124
split_0186	GCA_016840485.1|G0000127
split_0186	GCA_019056805.1|G0000147
split_0187	GCA_016840485.1|G0000127
split_0187	GCA_019056805.1|G0000147
split_0188	GCA_040225955.1|G0000292
split_0188	GCA_052584985.1|G0000302
split_0189	GCA_003649155.1|G0000051
split_0189	GCA_025061095.1|G0000200
split_0189	GCA_029259355.1|G0000237
split_0189	GOMC.bin.2847|G0000336
split_0190	GCA_003649155.1|G0000051
split_0190	GCA_025061095.1|G0000200
split_0190	GOMC.bin.2847|G0000336
split_0191	GCA_025061095.1|G0000200
split_0191	GOMC.bin.2847|G0000336
split_0192	GCA_003661265.1|G0000056
split_0192	GCA_003661385.1|G0000057
split_0192	GCA_015661555.1|G0000112
split_0192	GCA_027491415.1|G0000223
split_0192	GCA_027491455.1|G0000224
split_0192	GCA_027491845.1|G0000225
split_0192	GCA_027492035.1|G0000226
split_0192	GCA_037917685.1|G0000261
split_0192	GCF_000016125.1|G0000310
split_0192	GCF_000023985.1|G0000312
split_0192	GCF_000214415.1|G0000314
split_0192	GCF_946463545.1|G0000317
split_0193	GCA_003661265.1|G0000056
split_0193	GCA_003661385.1|G0000057
split_0193	GCA_027491415.1|G0000223
split_0193	GCA_027491455.1|G0000224
split_0193	GCA_027491845.1|G0000225
split_0193	GCA_027492035.1|G0000226
split_0193	GCA_037917685.1|G0000261
split_0194	GCA_003661265.1|G0000056
split_0194	GCA_003661385.1|G0000057
split_0194	GCA_027491415.1|G0000223
split_0194	GCA_037917685.1|G0000261
split_0195	GCA_003661265.1|G0000056
split_0195	GCA_003661385.1|G0000057
split_0195	GCA_037917685.1|G0000261
split_0196	GCA_003661385.1|G0000057
split_0196	GCA_037917685.1|G0000261
split_0197	GCA_027491455.1|G0000224
split_0197	GCA_027491845.1|G0000225
split_0197	GCA_027492035.1|G0000226
split_0198	GCA_027491455.1|G0000224
split_0198	GCA_027492035.1|G0000226
split_0199	GCA_015661555.1|G0000112
split_0199	GCF_000016125.1|G0000310
split_0199	GCF_000023985.1|G0000312
split_0199	GCF_000214415.1|G0000314
split_0199	GCF_946463545.1|G0000317
split_0200	GCA_015661555.1|G0000112
split_0200	GCF_000016125.1|G0000310
split_0200	GCF_000214415.1|G0000314
split_0200	GCF_946463545.1|G0000317
split_0201	GCF_000016125.1|G0000310
split_0201	GCF_000214415.1|G0000314
split_0201	GCF_946463545.1|G0000317
split_0202	GCF_000016125.1|G0000310
split_0202	GCF_946463545.1|G0000317
split_0203	GCA_002010065.2|G0000029
split_0203	GCA_002897955.1|G0000038
split_0203	GCA_002923215.1|G0000041
split_0203	GCA_003695745.1|G0000065
split_0203	GCA_015520145.1|G0000094
split_0203	GCA_015520145.1|G0000095
split_0203	GCA_016212785.1|G0000117
split_0203	GCA_026989875.1|G0000210
split_0203	GCA_027021185.1|G0000213
split_0203	GCA_027051165.1|G0000217
split_0203	GCA_036444275.1|G0000256
split_0203	GCA_036446635.1|G0000257
split_0203	GCA_038046745.1|G0000262
split_0203	GOMC.bin.2765|G0000333
split_0203	GOMC.bin.7887|G0000354
split_0203	GOMC.bin.874|G0000355
split_0204	GCA_002010065.2|G0000029
split_0204	GCA_002897955.1|G0000038
split_0204	GCA_002923215.1|G0000041
split_0204	GCA_003695745.1|G0000065
split_0204	GCA_015520145.1|G0000094
split_0204	GCA_015520145.1|G0000095
split_0204	GCA_016212785.1|G0000117
split_0204	GCA_026989875.1|G0000210
split_0204	GCA_027021185.1|G0000213
split_0204	GCA_036444275.1|G0000256
split_0204	GCA_036446635.1|G0000257
split_0204	GCA_038046745.1|G0000262
split_0204	GOMC.bin.2765|G0000333
split_0204	GOMC.bin.7887|G0000354
split_0204	GOMC.bin.874|G0000355
split_0205	GCA_002010065.2|G0000029
split_0205	GCA_002897955.1|G0000038
split_0205	GCA_002923215.1|G0000041
split_0205	GCA_003695745.1|G0000065
split_0205	GCA_015520145.1|G0000094
split_0205	GCA_015520145.1|G0000095
split_0205	GCA_016212785.1|G0000117
split_0205	GCA_026989875.1|G0000210
split_0205	GCA_027021185.1|G0000213
split_0205	GCA_036444275.1|G0000256
split_0205	GCA_036446635.1|G0000257
split_0205	GCA_038046745.1|G0000262
split_0205	GOMC.bin.7887|G0000354
split_0205	GOMC.bin.874|G0000355
split_0206	GCA_002010065.2|G0000029
split_0206	GCA_002897955.1|G0000038
split_0206	GCA_002923215.1|G0000041
split_0206	GCA_003695745.1|G0000065
split_0206	GCA_015520145.1|G0000094
split_0206	GCA_015520145.1|G0000095
split_0206	GCA_016212785.1|G0000117
split_0206	GCA_026989875.1|G0000210
split_0206	GCA_027021185.1|G0000213
split_0206	GCA_036444275.1|G0000256
split_0206	GCA_036446635.1|G0000257
split_0206	GCA_038046745.1|G0000262
split_0206	GOMC.bin.7887|G0000354
split_0207	GCA_002010065.2|G0000029
split_0207	GCA_002897955.1|G0000038
split_0207	GCA_015520145.1|G0000094
split_0207	GCA_015520145.1|G0000095
split_0207	GCA_016212785.1|G0000117
split_0207	GCA_026989875.1|G0000210
split_0207	GCA_027021185.1|G0000213
split_0207	GCA_036444275.1|G0000256
split_0207	GCA_038046745.1|G0000262
split_0207	GOMC.bin.7887|G0000354
split_0208	GCA_002010065.2|G0000029
split_0208	GCA_002897955.1|G0000038
split_0208	GCA_016212785.1|G0000117
split_0208	GCA_026989875.1|G0000210
split_0208	GCA_027021185.1|G0000213
split_0208	GCA_036444275.1|G0000256
split_0208	GCA_038046745.1|G0000262
split_0208	GOMC.bin.7887|G0000354
split_0209	GCA_002010065.2|G0000029
split_0209	GCA_002897955.1|G0000038
split_0209	GCA_016212785.1|G0000117
split_0209	GCA_026989875.1|G0000210
split_0209	GCA_036444275.1|G0000256
split_0209	GCA_038046745.1|G0000262
split_0210	GCA_002010065.2|G0000029
split_0210	GCA_002897955.1|G0000038
split_0210	GCA_026989875.1|G0000210
split_0210	GCA_038046745.1|G0000262
split_0211	GCA_002010065.2|G0000029
split_0211	GCA_026989875.1|G0000210
split_0211	GCA_038046745.1|G0000262
split_0212	GCA_002010065.2|G0000029
split_0212	GCA_038046745.1|G0000262
split_0213	GCA_016212785.1|G0000117
split_0213	GCA_036444275.1|G0000256
split_0214	GCA_027021185.1|G0000213
split_0214	GOMC.bin.7887|G0000354
split_0215	GCA_015520145.1|G0000094
split_0215	GCA_015520145.1|G0000095
split_0216	GCA_002923215.1|G0000041
split_0216	GCA_003695745.1|G0000065
split_0216	GCA_036446635.1|G0000257
split_0217	GCA_002923215.1|G0000041
split_0217	GCA_003695745.1|G0000065
split_0218	GCA_002009975.1|G0000028
split_0218	GCA_003663585.1|G0000064
split_0218	GCA_015520705.1|G0000101
split_0218	GCA_027051265.1|G0000218
split_0218	GCA_029259245.1|G0000236
split_0218	GCF_000007305.1|G0000308
split_0219	GCA_002009975.1|G0000028
split_0219	GCA_015520705.1|G0000101
split_0219	GCA_027051265.1|G0000218
split_0219	GCA_029259245.1|G0000236
split_0219	GCF_000007305.1|G0000308
split_0220	GCA_002009975.1|G0000028
split_0220	GCA_015520705.1|G0000101
split_0220	GCA_029259245.1|G0000236
split_0220	GCF_000007305.1|G0000308
split_0221	GCA_002009975.1|G0000028
split_0221	GCA_029259245.1|G0000236
split_0222	GCA_015520705.1|G0000101
split_0222	GCF_000007305.1|G0000308
split_0223	GCA_021163245.1|G0000168
split_0223	GCA_023269735.1|G0000190
split_0223	GCA_029258735.1|G0000229
split_0223	GCA_038727395.1|G0000263
split_0223	GCA_038741495.1|G0000268
split_0224	GCA_021163245.1|G0000168
split_0224	GCA_029258735.1|G0000229
split_0224	GCA_038727395.1|G0000263
split_0224	GCA_038741495.1|G0000268
split_0225	GCA_021163245.1|G0000168
split_0225	GCA_038727395.1|G0000263
split_0225	GCA_038741495.1|G0000268
split_0226	GCA_038727395.1|G0000263
split_0226	GCA_038741495.1|G0000268
split_0227	GCA_000380705.1|G0000009
split_0227	GCA_003019595.1|G0000042
split_0227	GCA_017857595.1|G0000133
split_0227	GCA_021161825.1|G0000163
split_0227	GCA_021324265.1|G0000172
split_0227	GCA_021800035.1|G0000176
split_0227	GCA_023487445.1|G0000192
split_0227	GCA_038883055.1|G0000286
split_0227	GOMC.bin.2895|G0000341
split_0228	GCA_000380705.1|G0000009
split_0228	GCA_003019595.1|G0000042
split_0228	GCA_017857595.1|G0000133
split_0228	GCA_021324265.1|G0000172
split_0228	GCA_021800035.1|G0000176
split_0228	GCA_023487445.1|G0000192
split_0228	GCA_038883055.1|G0000286
split_0229	GCA_000380705.1|G0000009
split_0229	GCA_017857595.1|G0000133
split_0229	GCA_021324265.1|G0000172
split_0230	GCA_017857595.1|G0000133
split_0230	GCA_021324265.1|G0000172
split_0231	GCA_003019595.1|G0000042
split_0231	GCA_021800035.1|G0000176
split_0231	GCA_023487445.1|G0000192
split_0231	GCA_038883055.1|G0000286
split_0232	GCA_021800035.1|G0000176
split_0232	GCA_023487445.1|G0000192
split_0232	GCA_038883055.1|G0000286
split_0233	GCA_021800035.1|G0000176
split_0233	GCA_023487445.1|G0000192
split_0234	GCA_021161825.1|G0000163
split_0234	GOMC.bin.2895|G0000341
split_0235	GCA_002254595.1|G0000032
split_0235	GCA_003649155.1|G0000052
split_0235	GCA_003649205.1|G0000053
split_0235	GCA_003650785.1|G0000054
split_0235	GCA_003650925.1|G0000055
split_0235	GCA_004347965.1|G0000067
split_0235	GCA_015520395.1|G0000097
split_0235	GCA_016840465.1|G0000125
split_0235	GCA_016840485.1|G0000126
split_0235	GCA_019056805.1|G0000148
split_0235	GCA_020833005.1|G0000158
split_0235	GCA_021162845.1|G0000165
split_0235	GCA_025061095.1|G0000201
split_0235	GCA_029258885.1|G0000231
split_0235	GCA_038825625.1|G0000273
split_0235	GCA_038840055.1|G0000274
split_0235	GCA_038881895.1|G0000285
split_0235	GOMC.bin.16739|G0000321
split_0235	GOMC.bin.16766|G0000323
split_0235	GOMC.bin.2724|G0000332
split_0235	GOMC.bin.2857|G0000338
split_0235	GOMC.bin.2866|G0000339
split_0235	GOMC.bin.2900|G0000342
split_0235	GOMC.bin.3028|G0000343
split_0235	GOMC.bin.3195|G0000344
split_0236	GCA_002254595.1|G0000032
split_0236	GCA_003649155.1|G0000052
split_0236	GCA_003649205.1|G0000053
split_0236	GCA_003650785.1|G0000054
split_0236	GCA_003650925.1|G0000055
split_0236	GCA_004347965.1|G0000067
split_0236	GCA_015520395.1|G0000097
split_0236	GCA_020833005.1|G0000158
split_0236	GCA_021162845.1|G0000165
split_0236	GCA_025061095.1|G0000201
split_0236	GCA_029258885.1|G0000231
split_0236	GCA_038825625.1|G0000273
split_0236	GCA_038840055.1|G0000274
split_0236	GCA_038881895.1|G0000285
split_0236	GOMC.bin.16739|G0000321
split_0236	GOMC.bin.16766|G0000323
split_0236	GOMC.bin.2724|G0000332
split_0236	GOMC.bin.2857|G0000338
split_0236	GOMC.bin.2866|G0000339
split_0236	GOMC.bin.2900|G0000342
split_0236	GOMC.bin.3028|G0000343
split_0236	GOMC.bin.3195|G0000344
split_0237	GCA_002254595.1|G0000032
split_0237	GCA_003649205.1|G0000053
split_0237	GCA_003650785.1|G0000054
split_0237	GCA_003650925.1|G0000055
split_0237	GCA_004347965.1|G0000067
split_0237	GCA_021162845.1|G0000165
split_0237	GCA_029258885.1|G0000231
split_0237	GOMC.bin.16739|G0000321
split_0237	GOMC.bin.16766|G0000323
split_0237	GOMC.bin.2724|G0000332
split_0237	GOMC.bin.2857|G0000338
split_0237	GOMC.bin.2866|G0000339
split_0237	GOMC.bin.2900|G0000342
split_0237	GOMC.bin.3028|G0000343
split_0238	GCA_002254595.1|G0000032
split_0238	GCA_003650785.1|G0000054
split_0238	GCA_003650925.1|G0000055
split_0238	GCA_021162845.1|G0000165
split_0238	GCA_029258885.1|G0000231
split_0238	GOMC.bin.16739|G0000321
split_0238	GOMC.bin.2724|G0000332
split_0238	GOMC.bin.2857|G0000338
split_0238	GOMC.bin.2866|G0000339
split_0238	GOMC.bin.2900|G0000342
split_0239	GCA_002254595.1|G0000032
split_0239	GCA_003650785.1|G0000054
split_0239	GCA_003650925.1|G0000055
split_0239	GCA_029258885.1|G0000231
split_0239	GOMC.bin.16739|G0000321
split_0239	GOMC.bin.2724|G0000332
split_0239	GOMC.bin.2857|G0000338
split_0239	GOMC.bin.2866|G0000339
split_0239	GOMC.bin.2900|G0000342
split_0240	GCA_002254595.1|G0000032
split_0240	GCA_003650785.1|G0000054
split_0240	GCA_003650925.1|G0000055
split_0240	GOMC.bin.16739|G0000321
split_0240	GOMC.bin.2724|G0000332
split_0240	GOMC.bin.2857|G0000338
split_0240	GOMC.bin.2866|G0000339
split_0240	GOMC.bin.2900|G0000342
split_0241	GCA_002254595.1|G0000032
split_0241	GCA_003650785.1|G0000054
split_0241	GOMC.bin.2724|G0000332
split_0241	GOMC.bin.2857|G0000338
split_0242	GCA_003650785.1|G0000054
split_0242	GOMC.bin.2724|G0000332
split_0242	GOMC.bin.2857|G0000338
split_0243	GCA_003650785.1|G0000054
split_0243	GOMC.bin.2724|G0000332
split_0244	GCA_003650925.1|G0000055
split_0244	GOMC.bin.16739|G0000321
split_0244	GOMC.bin.2866|G0000339
split_0244	GOMC.bin.2900|G0000342
split_0245	GCA_003650925.1|G0000055
split_0245	GOMC.bin.2866|G0000339
split_0246	GOMC.bin.16739|G0000321
split_0246	GOMC.bin.2900|G0000342
split_0247	GCA_003649205.1|G0000053
split_0247	GCA_004347965.1|G0000067
split_0247	GOMC.bin.16766|G0000323
split_0247	GOMC.bin.3028|G0000343
split_0248	GCA_004347965.1|G0000067
split_0248	GOMC.bin.16766|G0000323
split_0248	GOMC.bin.3028|G0000343
split_0249	GOMC.bin.16766|G0000323
split_0249	GOMC.bin.3028|G0000343
split_0250	GCA_003649155.1|G0000052
split_0250	GCA_015520395.1|G0000097
split_0250	GCA_020833005.1|G0000158
split_0250	GCA_025061095.1|G0000201
split_0250	GCA_038825625.1|G0000273
split_0250	GCA_038840055.1|G0000274
split_0250	GCA_038881895.1|G0000285
split_0250	GOMC.bin.3195|G0000344
split_0251	GCA_003649155.1|G0000052
split_0251	GCA_020833005.1|G0000158
split_0251	GCA_025061095.1|G0000201
split_0251	GCA_038825625.1|G0000273
split_0251	GOMC.bin.3195|G0000344
split_0252	GCA_003649155.1|G0000052
split_0252	GCA_025061095.1|G0000201
split_0252	GOMC.bin.3195|G0000344
split_0253	GCA_025061095.1|G0000201
split_0253	GOMC.bin.3195|G0000344
split_0254	GCA_020833005.1|G0000158
split_0254	GCA_038825625.1|G0000273
split_0255	GCA_015520395.1|G0000097
split_0255	GCA_038840055.1|G0000274
split_0255	GCA_038881895.1|G0000285
split_0256	GCA_038840055.1|G0000274
split_0256	GCA_038881895.1|G0000285
split_0257	GCA_016840465.1|G0000125
split_0257	GCA_016840485.1|G0000126
split_0257	GCA_019056805.1|G0000148
split_0258	GCA_016840485.1|G0000126
split_0258	GCA_019056805.1|G0000148
split_0259	GCA_026413605.1|G0000209
split_0259	GCA_029259155.1|G0000235
split_0259	GCA_038818435.1|G0000272
split_0259	GOMC.bin.2493|G0000329
split_0260	GCA_026413605.1|G0000209
split_0260	GCA_029259155.1|G0000235
split_0260	GOMC.bin.2493|G0000329
split_0261	GCA_026413605.1|G0000209
split_0261	GOMC.bin.2493|G0000329
split_0262	GCA_003662535.1|G0000061
split_0262	GCA_009889585.1|G0000082
split_0262	GOMC.bin.16972|G0000324
split_0262	GOMC.bin.2212|G0000327
split_0262	GOMC.bin.2497|G0000330
split_0263	GCA_003662535.1|G0000061
split_0263	GOMC.bin.16972|G0000324
split_0263	GOMC.bin.2212|G0000327
split_0263	GOMC.bin.2497|G0000330
split_0264	GCA_003662535.1|G0000061
split_0264	GOMC.bin.16972|G0000324
split_0265	GOMC.bin.2212|G0000327
split_0265	GOMC.bin.2497|G0000330
split_0266	GCA_001273385.1|G0000016
split_0266	GCA_001399795.1|G0000017
split_0266	GCA_001593935.1|G0000023
split_0266	GCA_002490245.1|G0000034
split_0266	GCA_002507245.1|G0000037
split_0266	GCA_003133625.1|G0000046
split_0266	GCA_003662645.1|G0000062
split_0266	GCA_004376295.1|G0000070
split_0266	GCA_004376645.1|G0000071
split_0266	GCA_015520475.1|G0000100
split_0266	GCA_016840425.1|G0000121
split_0266	GCA_018396405.1|G0000136
split_0266	GCA_019685575.1|G0000150
split_0266	GCA_020352645.1|G0000154
split_0266	GCA_021158125.1|G0000159
split_0266	GCA_023131225.1|G0000184
split_0266	GCA_025059045.1|G0000197
split_0266	GCA_026014495.1|G0000203
split_0266	GCA_029934005.1|G0000244
split_0266	GCA_030615265.1|G0000248
split_0266	GCA_034660895.1|G0000252
split_0266	GCA_038846965.1|G0000276
split_0266	GCA_038894255.1|G0000291
split_0266	GOMC.bin.2843|G0000334
split_0266	GOMC.bin.5642|G0000352
split_0267	GCA_001273385.1|G0000016
split_0267	GCA_001399795.1|G0000017
split_0267	GCA_001593935.1|G0000023
split_0267	GCA_002507245.1|G0000037
split_0267	GCA_003133625.1|G0000046
split_0267	GCA_003662645.1|G0000062
split_0267	GCA_004376295.1|G0000070
split_0267	GCA_004376645.1|G0000071
split_0267	GCA_015520475.1|G0000100
split_0267	GCA_016840425.1|G0000121
split_0267	GCA_018396405.1|G0000136
split_0267	GCA_019685575.1|G0000150
split_0267	GCA_020352645.1|G0000154
split_0267	GCA_021158125.1|G0000159
split_0267	GCA_023131225.1|G0000184
split_0267	GCA_025059045.1|G0000197
split_0267	GCA_026014495.1|G0000203
split_0267	GCA_029934005.1|G0000244
split_0267	GCA_030615265.1|G0000248
split_0267	GCA_034660895.1|G0000252
split_0267	GCA_038846965.1|G0000276
split_0267	GCA_038894255.1|G0000291
split_0267	GOMC.bin.2843|G0000334
split_0267	GOMC.bin.5642|G0000352
split_0268	GCA_001273385.1|G0000016
split_0268	GCA_001399795.1|G0000017
split_0268	GCA_002507245.1|G0000037
split_0268	GCA_003133625.1|G0000046
split_0268	GCA_004376295.1|G0000070
split_0268	GCA_004376645.1|G0000071
split_0268	GCA_016840425.1|G0000121
split_0268	GCA_019685575.1|G0000150
split_0268	GCA_020352645.1|G0000154
split_0268	GCA_021158125.1|G0000159
split_0268	GCA_023131225.1|G0000184
split_0268	GCA_026014495.1|G0000203
split_0268	GCA_029934005.1|G0000244
split_0268	GCA_030615265.1|G0000248
split_0268	GCA_034660895.1|G0000252
split_0268	GCA_038894255.1|G0000291
split_0269	GCA_001273385.1|G0000016
split_0269	GCA_001399795.1|G0000017
split_0269	GCA_002507245.1|G0000037
split_0269	GCA_003133625.1|G0000046
split_0269	GCA_004376295.1|G0000070
split_0269	GCA_004376645.1|G0000071
split_0269	GCA_019685575.1|G0000150
split_0269	GCA_020352645.1|G0000154
split_0269	GCA_021158125.1|G0000159
split_0269	GCA_023131225.1|G0000184
split_0269	GCA_026014495.1|G0000203
split_0269	GCA_029934005.1|G0000244
split_0269	GCA_034660895.1|G0000252
split_0269	GCA_038894255.1|G0000291
split_0270	GCA_001273385.1|G0000016
split_0270	GCA_002507245.1|G0000037
split_0270	GCA_003133625.1|G0000046
split_0270	GCA_004376295.1|G0000070
split_0270	GCA_021158125.1|G0000159
split_0270	GCA_029934005.1|G0000244
split_0270	GCA_034660895.1|G0000252
split_0270	GCA_038894255.1|G0000291
split_0271	GCA_001273385.1|G0000016
split_0271	GCA_002507245.1|G0000037
split_0271	GCA_003133625.1|G0000046
split_0271	GCA_021158125.1|G0000159
split_0271	GCA_029934005.1|G0000244
split_0271	GCA_038894255.1|G0000291
split_0272	GCA_001273385.1|G0000016
split_0272	GCA_002507245.1|G0000037
split_0272	GCA_003133625.1|G0000046
split_0272	GCA_038894255.1|G0000291
split_0273	GCA_001273385.1|G0000016
split_0273	GCA_002507245.1|G0000037
split_0274	GCA_003133625.1|G0000046
split_0274	GCA_038894255.1|G0000291
split_0275	GCA_021158125.1|G0000159
split_0275	GCA_029934005.1|G0000244
split_0276	GCA_004376295.1|G0000070
split_0276	GCA_034660895.1|G0000252
split_0277	GCA_001399795.1|G0000017
split_0277	GCA_004376645.1|G0000071
split_0277	GCA_019685575.1|G0000150
split_0277	GCA_020352645.1|G0000154
split_0277	GCA_023131225.1|G0000184
split_0277	GCA_026014495.1|G0000203
split_0278	GCA_001399795.1|G0000017
split_0278	GCA_026014495.1|G0000203
split_0279	GCA_004376645.1|G0000071
split_0279	GCA_019685575.1|G0000150
split_0279	GCA_020352645.1|G0000154
split_0279	GCA_023131225.1|G0000184
split_0280	GCA_004376645.1|G0000071
split_0280	GCA_020352645.1|G0000154
split_0280	GCA_023131225.1|G0000184
split_0281	GCA_020352645.1|G0000154
split_0281	GCA_023131225.1|G0000184
split_0282	GCA_016840425.1|G0000121
split_0282	GCA_030615265.1|G0000248
split_0283	GCA_001593935.1|G0000023
split_0283	GCA_003662645.1|G0000062
split_0283	GCA_015520475.1|G0000100
split_0283	GCA_018396405.1|G0000136
split_0283	GCA_025059045.1|G0000197
split_0283	GCA_038846965.1|G0000276
split_0283	GOMC.bin.2843|G0000334
split_0283	GOMC.bin.5642|G0000352
split_0284	GCA_001593935.1|G0000023
split_0284	GCA_003662645.1|G0000062
split_0284	GCA_015520475.1|G0000100
split_0284	GCA_025059045.1|G0000197
split_0284	GCA_038846965.1|G0000276
split_0284	GOMC.bin.2843|G0000334
split_0284	GOMC.bin.5642|G0000352
split_0285	GCA_001593935.1|G0000023
split_0285	GCA_003662645.1|G0000062
split_0285	GCA_025059045.1|G0000197
split_0285	GCA_038846965.1|G0000276
split_0285	GOMC.bin.2843|G0000334
split_0286	GCA_001593935.1|G0000023
split_0286	GCA_025059045.1|G0000197
split_0286	GCA_038846965.1|G0000276
split_0286	GOMC.bin.2843|G0000334
split_0287	GCA_001593935.1|G0000023
split_0287	GCA_038846965.1|G0000276
split_0288	GCA_025059045.1|G0000197
split_0288	GOMC.bin.2843|G0000334
split_0289	GCA_015520475.1|G0000100
split_0289	GOMC.bin.5642|G0000352
split_0290	GCA_020355125.1|G0000156
split_0290	GCA_023128135.1|G0000182
split_0290	GCA_026015035.1|G0000206
split_0290	GCA_029259355.1|G0000238
split_0290	GCA_030673205.1|G0000249
split_0291	GCA_020355125.1|G0000156
split_0291	GCA_023128135.1|G0000182
split_0291	GCA_026015035.1|G0000206
split_0291	GCA_030673205.1|G0000249
split_0292	GCA_020355125.1|G0000156
split_0292	GCA_023128135.1|G0000182
split_0292	GCA_026015035.1|G0000206
split_0293	GCA_020355125.1|G0000156
split_0293	GCA_026015035.1|G0000206
split_0294	GCA_001593865.1|G0000021
split_0294	GCA_018396535.1|G0000138
split_0294	GCA_018396755.1|G0000142
split_0294	GCA_028275385.1|G0000227
split_0294	GCA_038852745.1|G0000280
split_0294	GCA_038883485.1|G0000288
split_0295	GCA_001593865.1|G0000021
split_0295	GCA_018396535.1|G0000138
split_0295	GCA_018396755.1|G0000142
split_0295	GCA_038852745.1|G0000280
split_0295	GCA_038883485.1|G0000288
split_0296	GCA_001593865.1|G0000021
split_0296	GCA_018396755.1|G0000142
split_0296	GCA_038852745.1|G0000280
split_0296	GCA_038883485.1|G0000288
split_0297	GCA_001593865.1|G0000021
split_0297	GCA_018396755.1|G0000142
split_0297	GCA_038852745.1|G0000280
split_0298	GCA_001593865.1|G0000021
split_0298	GCA_018396755.1|G0000142
split_0299	GCA_001593855.1|G0000020
split_0299	GCA_002011035.2|G0000030
split_0299	GCA_052246955.1|G0000301
split_0299	GOMC.bin.1197|G0000319
split_0300	GCA_001593855.1|G0000020
split_0300	GCA_002011035.2|G0000030
split_0301	GCA_052246955.1|G0000301
split_0301	GOMC.bin.1197|G0000319
split_0302	GCA_001768965.1|G0000025
split_0302	GCA_005884195.1|G0000074
split_0302	GCA_005888675.1|G0000076
split_0302	GCA_005888735.1|G0000079
split_0302	GCA_018396725.1|G0000141
split_0302	GCA_018396775.1|G0000143
split_0302	GCA_018397035.1|G0000145
split_0302	GCA_021162925.1|G0000166
split_0302	GCA_022865705.1|G0000180
split_0302	GCA_026015185.1|G0000207
split_0302	GCA_038852135.1|G0000277
split_0302	GCA_038852285.1|G0000278
split_0302	GCA_038873015.1|G0000283
split_0302	GCA_038884875.1|G0000290
split_0303	GCA_001768965.1|G0000025
split_0303	GCA_005884195.1|G0000074
split_0303	GCA_005888675.1|G0000076
split_0303	GCA_005888735.1|G0000079
split_0303	GCA_018396725.1|G0000141
split_0303	GCA_018396775.1|G0000143
split_0303	GCA_022865705.1|G0000180
split_0303	GCA_038852135.1|G0000277
split_0303	GCA_038852285.1|G0000278
split_0303	GCA_038884875.1|G0000290
split_0304	GCA_001768965.1|G0000025
split_0304	GCA_005884195.1|G0000074
split_0304	GCA_005888675.1|G0000076
split_0304	GCA_005888735.1|G0000079
split_0304	GCA_018396725.1|G0000141
split_0304	GCA_018396775.1|G0000143
split_0304	GCA_022865705.1|G0000180
split_0304	GCA_038852285.1|G0000278
split_0304	GCA_038884875.1|G0000290
split_0305	GCA_001768965.1|G0000025
split_0305	GCA_005884195.1|G0000074
split_0305	GCA_005888675.1|G0000076
split_0305	GCA_005888735.1|G0000079
split_0305	GCA_022865705.1|G0000180
split_0306	GCA_001768965.1|G0000025
split_0306	GCA_022865705.1|G0000180
split_0307	GCA_005884195.1|G0000074
split_0307	GCA_005888675.1|G0000076
split_0307	GCA_005888735.1|G0000079
split_0308	GCA_005884195.1|G0000074
split_0308	GCA_005888675.1|G0000076
split_0309	GCA_018396725.1|G0000141
split_0309	GCA_018396775.1|G0000143
split_0309	GCA_038852285.1|G0000278
split_0309	GCA_038884875.1|G0000290
split_0310	GCA_018396725.1|G0000141
split_0310	GCA_038852285.1|G0000278
split_0310	GCA_038884875.1|G0000290
split_0311	GCA_038852285.1|G0000278
split_0311	GCA_038884875.1|G0000290
split_0312	GCA_018397035.1|G0000145
split_0312	GCA_021162925.1|G0000166
split_0312	GCA_026015185.1|G0000207
split_0312	GCA_038873015.1|G0000283
split_0313	GCA_018397035.1|G0000145
split_0313	GCA_021162925.1|G0000166
split_0313	GCA_038873015.1|G0000283
split_0314	GCA_018397035.1|G0000145
split_0314	GCA_038873015.1|G0000283
split_0315	GCA_002011085.2|G0000031
split_0315	GCA_015523545.1|G0000111
split_0315	GCA_030601715.1|G0000246
split_0315	GOMC.bin.18048|G0000325
split_0315	GOMC.bin.18048|G0000326
split_0315	GOMC.bin.2492|G0000328
split_0316	GCA_002011085.2|G0000031
split_0316	GCA_015523545.1|G0000111
split_0316	GOMC.bin.18048|G0000325
split_0316	GOMC.bin.18048|G0000326
split_0316	GOMC.bin.2492|G0000328
split_0317	GCA_002011085.2|G0000031
split_0317	GCA_015523545.1|G0000111
split_0317	GOMC.bin.18048|G0000325
split_0317	GOMC.bin.18048|G0000326
split_0318	GCA_002011085.2|G0000031
split_0318	GOMC.bin.18048|G0000326
split_0319	GCA_015523545.1|G0000111
split_0319	GOMC.bin.18048|G0000325
split_0320	GCA_003164815.1|G0000047
split_0320	GCA_013388925.1|G0000090
split_0320	GCA_021851265.1|G0000177
split_0320	GCA_024256165.1|G0000193
split_0320	GCA_027297425.1|G0000222
split_0320	GCA_032906765.1|G0000250
split_0320	GCA_035622335.1|G0000254
split_0321	GCA_003164815.1|G0000047
split_0321	GCA_021851265.1|G0000177
split_0321	GCA_027297425.1|G0000222
split_0321	GCA_032906765.1|G0000250
split_0321	GCA_035622335.1|G0000254
split_0322	GCA_003164815.1|G0000047
split_0322	GCA_021851265.1|G0000177
split_0322	GCA_032906765.1|G0000250
split_0322	GCA_035622335.1|G0000254
split_0323	GCA_021851265.1|G0000177
split_0323	GCA_032906765.1|G0000250
split_0323	GCA_035622335.1|G0000254
split_0324	GCA_021851265.1|G0000177
split_0324	GCA_035622335.1|G0000254
split_0325	GCA_013388925.1|G0000090
split_0325	GCA_024256165.1|G0000193
split_0326	GCA_009903795.1|G0000083
split_0326	GCA_015522695.1|G0000110
split_0326	GCA_021324115.1|G0000171
split_0326	GCA_029775965.1|G0000239
split_0326	GCA_035543015.1|G0000253
split_0326	GCA_038728585.1|G0000266
split_0326	GCF_013340765.1|G0000316
split_0327	GCA_015522695.1|G0000110
split_0327	GCA_021324115.1|G0000171
split_0327	GCA_029775965.1|G0000239
split_0327	GCA_035543015.1|G0000253
split_0327	GCA_038728585.1|G0000266
split_0327	GCF_013340765.1|G0000316
split_0328	GCA_015522695.1|G0000110
split_0328	GCF_013340765.1|G0000316
split_0329	GCA_021324115.1|G0000171
split_0329	GCA_029775965.1|G0000239
split_0329	GCA_035543015.1|G0000253
split_0329	GCA_038728585.1|G0000266
split_0330	GCA_021324115.1|G0000171
split_0330	GCA_029775965.1|G0000239
split_0330	GCA_038728585.1|G0000266
split_0331	GCA_021324115.1|G0000171
split_0331	GCA_029775965.1|G0000239
split_0332	GCA_021162925.1|G0000167
split_0332	GCA_029850555.1|G0000242
split_0332	GCA_902812485.1|G0000303
split_0333	GCA_029850555.1|G0000242
split_0333	GCA_902812485.1|G0000303
split_0334	GCA_002495315.1|G0000036
split_0334	GCA_011605775.1|G0000088
split_0334	GCA_016180375.1|G0000115
split_0334	GCA_016184315.1|G0000116
split_0334	GCA_016840425.1|G0000122
split_0334	GCA_016871995.1|G0000128
split_0334	GCA_023266955.1|G0000187
split_0334	GCA_023379805.1|G0000191
split_0334	GCA_025058425.1|G0000195
split_0334	GCA_029775995.1|G0000240
split_0334	GCA_029776125.1|G0000241
split_0334	GCA_036012225.1|G0000255
split_0334	GCA_036514475.1|G0000258
split_0334	GOMC.bin.10546|G0000318
split_0335	GCA_011605775.1|G0000088
split_0335	GCA_016180375.1|G0000115
split_0335	GCA_016184315.1|G0000116
split_0335	GCA_016840425.1|G0000122
split_0335	GCA_016871995.1|G0000128
split_0335	GCA_023266955.1|G0000187
split_0335	GCA_023379805.1|G0000191
split_0335	GCA_025058425.1|G0000195
split_0335	GCA_029775995.1|G0000240
split_0335	GCA_029776125.1|G0000241
split_0335	GCA_036012225.1|G0000255
split_0335	GCA_036514475.1|G0000258
split_0335	GOMC.bin.10546|G0000318
split_0336	GCA_011605775.1|G0000088
split_0336	GCA_016180375.1|G0000115
split_0336	GCA_016184315.1|G0000116
split_0336	GCA_016871995.1|G0000128
split_0336	GCA_023266955.1|G0000187
split_0336	GCA_023379805.1|G0000191
split_0336	GCA_025058425.1|G0000195
split_0336	GCA_036012225.1|G0000255
split_0336	GCA_036514475.1|G0000258
split_0336	GOMC.bin.10546|G0000318
split_0337	GCA_011605775.1|G0000088
split_0337	GCA_016184315.1|G0000116
split_0337	GCA_023266955.1|G0000187
split_0337	GCA_025058425.1|G0000195
split_0338	GCA_011605775.1|G0000088
split_0338	GCA_023266955.1|G0000187
split_0338	GCA_025058425.1|G0000195
split_0339	GCA_023266955.1|G0000187
split_0339	GCA_025058425.1|G0000195
split_0340	GCA_016180375.1|G0000115
split_0340	GCA_016871995.1|G0000128
split_0340	GCA_023379805.1|G0000191
split_0340	GCA_036012225.1|G0000255
split_0340	GCA_036514475.1|G0000258
split_0340	GOMC.bin.10546|G0000318
split_0341	GCA_016180375.1|G0000115
split_0341	GCA_016871995.1|G0000128
split_0341	GCA_036012225.1|G0000255
split_0341	GCA_036514475.1|G0000258
split_0341	GOMC.bin.10546|G0000318
split_0342	GCA_016180375.1|G0000115
split_0342	GCA_016871995.1|G0000128
split_0342	GCA_036012225.1|G0000255
split_0342	GCA_036514475.1|G0000258
split_0343	GCA_016180375.1|G0000115
split_0343	GCA_016871995.1|G0000128
split_0344	GCA_036012225.1|G0000255
split_0344	GCA_036514475.1|G0000258
split_0345	GCA_016840425.1|G0000122
split_0345	GCA_029775995.1|G0000240
split_0345	GCA_029776125.1|G0000241
split_0346	GCA_016840425.1|G0000122
split_0346	GCA_029775995.1|G0000240
split_0347	GCA_013538675.1|G0000091
split_0347	GCA_037442405.1|G0000260
split_0348	GCA_013538715.1|G0000092
split_0348	GCA_038868495.1|G0000282
split_0348	GCA_973788585.1|G0000305
split_0349	GCA_038868495.1|G0000282
split_0349	GCA_973788585.1|G0000305
split_0350	GCA_007571135.1|G0000081
split_0350	GCA_021414365.1|G0000174
split_0350	GCA_023252335.1|G0000185
split_0350	GCA_973787075.1|G0000304
split_0351	GCA_007571135.1|G0000081
split_0351	GCA_021414365.1|G0000174
split_0351	GCA_973787075.1|G0000304
split_0352	GCA_007571135.1|G0000081
split_0352	GCA_021414365.1|G0000174
