split_id	gene_id
split_0001	ERR2282092_bin.34|G0000001
split_0001	GCA_964297655.1|G0000252
split_0002	ERR2282092_bin.34|G0000001
split_0002	GCA_017395275.1|G0000118
split_0002	GCA_964297655.1|G0000252
split_0003	ERR2282092_bin.34|G0000001
split_0003	GCA_009780575.1|G0000069
split_0003	GCA_017395275.1|G0000118
split_0003	GCA_964297655.1|G0000252
split_0004	ERR4283445_bin.66|G0000002
split_0004	GCA_002508545.1|G0000042
split_0004	GCA_046539605.1|G0000242
split_0004	GCA_905202485.1|G0000249
split_0004	GCF_000308215.1|G0000261
split_0005	ERR4283445_bin.66|G0000002
split_0005	GCA_002508545.1|G0000042
split_0005	GCA_046539605.1|G0000242
split_0005	GCA_905202485.1|G0000249
split_0006	ERR4283445_bin.66|G0000002
split_0006	GCA_002508545.1|G0000042
split_0006	GCA_046539605.1|G0000242
split_0007	GCA_002508545.1|G0000042
split_0007	GCA_046539605.1|G0000242
split_0008	ERR2282092_bin.34|G0000001
split_0008	ERR4283445_bin.66|G0000002
split_0008	GCA_002508545.1|G0000042
split_0008	GCA_009780575.1|G0000069
split_0008	GCA_017395275.1|G0000118
split_0008	GCA_046539605.1|G0000242
split_0008	GCA_905202485.1|G0000249
split_0008	GCA_964297655.1|G0000252
split_0008	GCF_000308215.1|G0000261
split_0009	ERR2282092_bin.34|G0000001
split_0009	ERR4283445_bin.66|G0000002
split_0009	GCA_002508545.1|G0000042
split_0009	GCA_009780575.1|G0000069
split_0009	GCA_014859835.1|G0000085
split_0009	GCA_017395275.1|G0000118
split_0009	GCA_035529455.1|G0000217
split_0009	GCA_046539605.1|G0000242
split_0009	GCA_905202485.1|G0000249
split_0009	GCA_964297655.1|G0000252
split_0009	GCF_000308215.1|G0000261
split_0010	ERR2282092_bin.34|G0000001
split_0010	ERR4283445_bin.66|G0000002
split_0010	GCA_002067865.1|G0000027
split_0010	GCA_002497075.1|G0000035
split_0010	GCA_002508545.1|G0000042
split_0010	GCA_003135935.1|G0000049
split_0010	GCA_003552585.1|G0000051
split_0010	GCA_009780575.1|G0000069
split_0010	GCA_014859835.1|G0000085
split_0010	GCA_017395275.1|G0000118
split_0010	GCA_026394375.1|G0000163
split_0010	GCA_028679985.1|G0000184
split_0010	GCA_035529455.1|G0000217
split_0010	GCA_046539605.1|G0000242
split_0010	GCA_905202485.1|G0000249
split_0010	GCA_964297655.1|G0000252
split_0010	GCF_000308215.1|G0000261
split_0011	ERR2282092_bin.34|G0000001
split_0011	ERR4283445_bin.66|G0000002
split_0011	GCA_002067865.1|G0000027
split_0011	GCA_002497075.1|G0000035
split_0011	GCA_002508545.1|G0000042
split_0011	GCA_003135935.1|G0000049
split_0011	GCA_003552585.1|G0000051
split_0011	GCA_009780575.1|G0000069
split_0011	GCA_014859835.1|G0000085
split_0011	GCA_017395275.1|G0000118
split_0011	GCA_026394375.1|G0000163
split_0011	GCA_028679985.1|G0000184
split_0011	GCA_029858465.1|G0000198
split_0011	GCA_035529455.1|G0000217
split_0011	GCA_046539605.1|G0000242
split_0011	GCA_905202485.1|G0000249
split_0011	GCA_964297655.1|G0000252
split_0011	GCF_000308215.1|G0000261
split_0012	ERR2282092_bin.34|G0000001
split_0012	ERR4283445_bin.66|G0000002
split_0012	GCA_002067865.1|G0000027
split_0012	GCA_002497075.1|G0000035
split_0012	GCA_002508545.1|G0000042
split_0012	GCA_003135935.1|G0000049
split_0012	GCA_003552585.1|G0000051
split_0012	GCA_009780575.1|G0000069
split_0012	GCA_014859835.1|G0000085
split_0012	GCA_017395275.1|G0000118
split_0012	GCA_026394375.1|G0000163
split_0012	GCA_028679985.1|G0000184
split_0012	GCA_029858465.1|G0000198
split_0012	GCA_035529455.1|G0000217
split_0012	GCA_046539605.1|G0000242
split_0012	GCA_905202485.1|G0000249
split_0012	GCA_964297655.1|G0000252
split_0012	GCF_000308215.1|G0000261
split_0012	GOMC.bin.8344|G0000297
split_0013	ERR2282092_bin.34|G0000001
split_0013	ERR4283445_bin.66|G0000002
split_0013	GCA_002067865.1|G0000027
split_0013	GCA_002497075.1|G0000035
split_0013	GCA_002508545.1|G0000042
split_0013	GCA_003135935.1|G0000049
split_0013	GCA_003552585.1|G0000051
split_0013	GCA_009780575.1|G0000069
split_0013	GCA_014859835.1|G0000085
split_0013	GCA_017395275.1|G0000118
split_0013	GCA_021161865.1|G0000145
split_0013	GCA_026394375.1|G0000163
split_0013	GCA_028679985.1|G0000184
split_0013	GCA_029858465.1|G0000198
split_0013	GCA_029907465.1|G0000199
split_0013	GCA_035529455.1|G0000217
split_0013	GCA_046539605.1|G0000242
split_0013	GCA_905202485.1|G0000249
split_0013	GCA_964297655.1|G0000252
split_0013	GCF_000308215.1|G0000261
split_0013	GOMC.bin.8344|G0000297
split_0014	ERR2282092_bin.34|G0000001
split_0014	ERR4283445_bin.66|G0000002
split_0014	GCA_001717025.1|G0000022
split_0014	GCA_002067865.1|G0000027
split_0014	GCA_002494765.1|G0000032
split_0014	GCA_002497075.1|G0000035
split_0014	GCA_002508545.1|G0000042
split_0014	GCA_003135935.1|G0000049
split_0014	GCA_003552585.1|G0000051
split_0014	GCA_003660605.1|G0000057
split_0014	GCA_003661125.1|G0000059
split_0014	GCA_009780575.1|G0000069
split_0014	GCA_011049295.1|G0000077
split_0014	GCA_011052825.1|G0000078
split_0014	GCA_014859835.1|G0000085
split_0014	GCA_017395275.1|G0000118
split_0014	GCA_020350825.1|G0000134
split_0014	GCA_021159125.1|G0000141
split_0014	GCA_021161865.1|G0000145
split_0014	GCA_026394375.1|G0000163
split_0014	GCA_028679985.1|G0000184
split_0014	GCA_029762575.1|G0000195
split_0014	GCA_029858465.1|G0000198
split_0014	GCA_029907465.1|G0000199
split_0014	GCA_030604065.1|G0000201
split_0014	GCA_030606525.1|G0000202
split_0014	GCA_030612095.1|G0000204
split_0014	GCA_034190325.1|G0000210
split_0014	GCA_034659995.1|G0000212
split_0014	GCA_034660695.1|G0000213
split_0014	GCA_035529455.1|G0000217
split_0014	GCA_046539605.1|G0000242
split_0014	GCA_054798775.1|G0000246
split_0014	GCA_905202485.1|G0000249
split_0014	GCA_964297655.1|G0000252
split_0014	GCF_000308215.1|G0000261
split_0014	GOMC.bin.2408|G0000274
split_0014	GOMC.bin.8344|G0000297
split_0014	SRR22580806_bin.15|G0000300
split_0015	ERR2282092_bin.34|G0000001
split_0015	ERR4283445_bin.66|G0000002
split_0015	GCA_001717025.1|G0000022
split_0015	GCA_002067865.1|G0000027
split_0015	GCA_002494765.1|G0000032
split_0015	GCA_002497075.1|G0000035
split_0015	GCA_002508545.1|G0000042
split_0015	GCA_003135935.1|G0000049
split_0015	GCA_003552585.1|G0000051
split_0015	GCA_003660605.1|G0000057
split_0015	GCA_003661125.1|G0000059
split_0015	GCA_009780575.1|G0000069
split_0015	GCA_011049295.1|G0000077
split_0015	GCA_011052825.1|G0000078
split_0015	GCA_014361195.1|G0000084
split_0015	GCA_014859835.1|G0000085
split_0015	GCA_017395275.1|G0000118
split_0015	GCA_020350825.1|G0000134
split_0015	GCA_021159125.1|G0000141
split_0015	GCA_021161865.1|G0000145
split_0015	GCA_026394375.1|G0000163
split_0015	GCA_028679985.1|G0000184
split_0015	GCA_029762575.1|G0000195
split_0015	GCA_029858465.1|G0000198
split_0015	GCA_029907465.1|G0000199
split_0015	GCA_030604065.1|G0000201
split_0015	GCA_030606525.1|G0000202
split_0015	GCA_030612095.1|G0000204
split_0015	GCA_034190325.1|G0000210
split_0015	GCA_034659995.1|G0000212
split_0015	GCA_034660695.1|G0000213
split_0015	GCA_035529455.1|G0000217
split_0015	GCA_046539605.1|G0000242
split_0015	GCA_054798775.1|G0000246
split_0015	GCA_905202485.1|G0000249
split_0015	GCA_964297655.1|G0000252
split_0015	GCF_000308215.1|G0000261
split_0015	GOMC.bin.2408|G0000274
split_0015	GOMC.bin.8344|G0000297
split_0015	SRR22580806_bin.15|G0000300
split_0016	ERR2282092_bin.34|G0000001
split_0016	ERR4283445_bin.66|G0000002
split_0016	GCA_001717025.1|G0000022
split_0016	GCA_002067865.1|G0000027
split_0016	GCA_002494765.1|G0000032
split_0016	GCA_002497075.1|G0000035
split_0016	GCA_002508545.1|G0000042
split_0016	GCA_003135935.1|G0000049
split_0016	GCA_003552585.1|G0000051
split_0016	GCA_003660605.1|G0000057
split_0016	GCA_003661125.1|G0000059
split_0016	GCA_009780575.1|G0000069
split_0016	GCA_011049295.1|G0000077
split_0016	GCA_011052825.1|G0000078
split_0016	GCA_014361195.1|G0000084
split_0016	GCA_014859835.1|G0000085
split_0016	GCA_017395275.1|G0000118
split_0016	GCA_018992685.1|G0000130
split_0016	GCA_020350825.1|G0000134
split_0016	GCA_021159125.1|G0000141
split_0016	GCA_021161865.1|G0000145
split_0016	GCA_026394375.1|G0000163
split_0016	GCA_028679985.1|G0000184
split_0016	GCA_029762575.1|G0000195
split_0016	GCA_029858465.1|G0000198
split_0016	GCA_029907465.1|G0000199
split_0016	GCA_030604065.1|G0000201
split_0016	GCA_030606525.1|G0000202
split_0016	GCA_030612095.1|G0000204
split_0016	GCA_034190325.1|G0000210
split_0016	GCA_034659995.1|G0000212
split_0016	GCA_034660695.1|G0000213
split_0016	GCA_035529455.1|G0000217
split_0016	GCA_046539605.1|G0000242
split_0016	GCA_054798775.1|G0000246
split_0016	GCA_905202485.1|G0000249
split_0016	GCA_964297655.1|G0000252
split_0016	GCF_000308215.1|G0000261
split_0016	GOMC.bin.2408|G0000274
split_0016	GOMC.bin.4375|G0000293
split_0016	GOMC.bin.4375|G0000295
split_0016	GOMC.bin.8344|G0000297
split_0016	SRR22580806_bin.15|G0000300
split_0017	ERR2282092_bin.34|G0000001
split_0017	ERR4283445_bin.66|G0000002
split_0017	GCA_001717025.1|G0000022
split_0017	GCA_002009975.1|G0000024
split_0017	GCA_002011085.2|G0000026
split_0017	GCA_002067865.1|G0000027
split_0017	GCA_002494765.1|G0000032
split_0017	GCA_002497075.1|G0000035
split_0017	GCA_002508545.1|G0000042
split_0017	GCA_003135935.1|G0000049
split_0017	GCA_003552585.1|G0000051
split_0017	GCA_003660605.1|G0000057
split_0017	GCA_003661125.1|G0000059
split_0017	GCA_009780575.1|G0000069
split_0017	GCA_011049295.1|G0000077
split_0017	GCA_011052825.1|G0000078
split_0017	GCA_014361195.1|G0000084
split_0017	GCA_014859835.1|G0000085
split_0017	GCA_015520705.1|G0000092
split_0017	GCA_015520705.1|G0000093
split_0017	GCA_015523545.1|G0000109
split_0017	GCA_017395275.1|G0000118
split_0017	GCA_018992685.1|G0000130
split_0017	GCA_020350825.1|G0000134
split_0017	GCA_021159125.1|G0000141
split_0017	GCA_021161865.1|G0000145
split_0017	GCA_026394375.1|G0000163
split_0017	GCA_028679985.1|G0000184
split_0017	GCA_029259245.1|G0000194
split_0017	GCA_029762575.1|G0000195
split_0017	GCA_029858465.1|G0000198
split_0017	GCA_029907465.1|G0000199
split_0017	GCA_030604065.1|G0000201
split_0017	GCA_030606525.1|G0000202
split_0017	GCA_030612095.1|G0000204
split_0017	GCA_034190325.1|G0000210
split_0017	GCA_034659995.1|G0000212
split_0017	GCA_034660695.1|G0000213
split_0017	GCA_035529455.1|G0000217
split_0017	GCA_046539605.1|G0000242
split_0017	GCA_054798775.1|G0000246
split_0017	GCA_905202485.1|G0000249
split_0017	GCA_964297655.1|G0000252
split_0017	GCF_000007305.1|G0000255
split_0017	GCF_000308215.1|G0000261
split_0017	GOMC.bin.18048|G0000271
split_0017	GOMC.bin.2408|G0000274
split_0017	GOMC.bin.4375|G0000293
split_0017	GOMC.bin.4375|G0000295
split_0017	GOMC.bin.8344|G0000297
split_0017	SRR22580806_bin.15|G0000300
split_0018	GCA_000145985.1|G0000003
split_0018	GCA_000145985.1|G0000004
split_0018	GCA_000270325.1|G0000008
split_0018	GCA_001593865.1|G0000020
split_0018	GCA_001595885.1|G0000021
split_0018	GCA_002255045.1|G0000029
split_0018	GCA_002490245.1|G0000030
split_0018	GCA_002495025.1|G0000033
split_0018	GCA_002495025.1|G0000034
split_0018	GCA_002507245.1|G0000041
split_0018	GCA_003601775.1|G0000052
split_0018	GCA_003649155.1|G0000053
split_0018	GCA_003661775.1|G0000060
split_0018	GCA_003661775.1|G0000061
split_0018	GCA_003663585.1|G0000062
split_0018	GCA_004028775.1|G0000064
split_0018	GCA_004347965.1|G0000066
split_0018	GCA_004376295.1|G0000067
split_0018	GCA_004376645.1|G0000068
split_0018	GCA_009889585.1|G0000071
split_0018	GCA_009903825.1|G0000075
split_0018	GCA_011605725.1|G0000079
split_0018	GCA_013791785.1|G0000083
split_0018	GCA_015520425.1|G0000090
split_0018	GCA_015520475.1|G0000091
split_0018	GCA_015521295.1|G0000102
split_0018	GCA_015521325.1|G0000104
split_0018	GCA_015521735.1|G0000107
split_0018	GCA_016214785.1|G0000111
split_0018	GCA_016840465.1|G0000112
split_0018	GCA_016840485.1|G0000113
split_0018	GCA_016874675.1|G0000115
split_0018	GCA_016930055.1|G0000116
split_0018	GCA_017885655.1|G0000122
split_0018	GCA_018396405.1|G0000123
split_0018	GCA_018396535.1|G0000124
split_0018	GCA_018396695.1|G0000125
split_0018	GCA_018396755.1|G0000126
split_0018	GCA_018396865.1|G0000127
split_0018	GCA_019685575.1|G0000132
split_0018	GCA_020352645.1|G0000135
split_0018	GCA_020696385.1|G0000137
split_0018	GCA_020833005.1|G0000138
split_0018	GCA_021158125.1|G0000140
split_0018	GCA_021160575.1|G0000142
split_0018	GCA_021161045.1|G0000143
split_0018	GCA_021161825.1|G0000144
split_0018	GCA_021323375.2|G0000147
split_0018	GCA_022759365.1|G0000150
split_0018	GCA_023131225.1|G0000151
split_0018	GCA_023254095.1|G0000153
split_0018	GCA_025059045.1|G0000155
split_0018	GCA_025059075.1|G0000156
split_0018	GCA_025061095.1|G0000158
split_0018	GCA_025517465.1|G0000160
split_0018	GCA_026014815.1|G0000161
split_0018	GCA_026015035.1|G0000162
split_0018	GCA_026414225.1|G0000164
split_0018	GCA_026993975.1|G0000170
split_0018	GCA_027030065.1|G0000172
split_0018	GCA_027491415.1|G0000183
split_0018	GCA_029258915.1|G0000190
split_0018	GCA_029258925.1|G0000191
split_0018	GCA_029259155.1|G0000192
split_0018	GCA_029856055.1|G0000196
split_0018	GCA_029856635.1|G0000197
split_0018	GCA_029934005.1|G0000200
split_0018	GCA_030673205.1|G0000205
split_0018	GCA_034660895.1|G0000215
split_0018	GCA_035292305.1|G0000216
split_0018	GCA_035543015.1|G0000218
split_0018	GCA_036795795.1|G0000221
split_0018	GCA_038817485.1|G0000226
split_0018	GCA_038825625.1|G0000227
split_0018	GCA_038840055.1|G0000228
split_0018	GCA_038840355.1|G0000229
split_0018	GCA_038846965.1|G0000230
split_0018	GCA_038851035.1|G0000231
split_0018	GCA_038852745.1|G0000232
split_0018	GCA_038894255.1|G0000239
split_0018	GCA_041657955.1|G0000241
split_0018	GCA_052626455.1|G0000243
split_0018	GCA_054385655.1|G0000244
split_0018	GCA_054385735.1|G0000245
split_0018	GCA_937892815.1|G0000250
split_0018	GCA_974391215.1|G0000253
split_0018	GCF_000015145.1|G0000257
split_0018	GCF_003369835.1|G0000262
split_0018	GOMC.bin.16560|G0000266
split_0018	GOMC.bin.16766|G0000269
split_0018	GOMC.bin.17021|G0000270
split_0018	GOMC.bin.2492|G0000275
split_0018	GOMC.bin.2843|G0000279
split_0018	GOMC.bin.2866|G0000282
split_0018	GOMC.bin.2875|G0000283
split_0018	GOMC.bin.2890|G0000284
split_0018	GOMC.bin.2895|G0000286
split_0018	GOMC.bin.2900|G0000288
split_0018	GOMC.bin.3028|G0000289
split_0018	GOMC.bin.3195|G0000290
split_0018	GOMC.bin.5632|G0000296
split_0018	GOMC.bin.891|G0000299
split_0019	GCA_000145985.1|G0000003
split_0019	GCA_000270325.1|G0000008
split_0019	GCA_001595885.1|G0000021
split_0019	GCA_003663585.1|G0000062
split_0019	GCA_004347965.1|G0000066
split_0019	GCA_013791785.1|G0000083
split_0019	GCA_015520425.1|G0000090
split_0019	GCA_016214785.1|G0000111
split_0019	GCA_016840465.1|G0000112
split_0019	GCA_016840485.1|G0000113
split_0019	GCA_016874675.1|G0000115
split_0019	GCA_017885655.1|G0000122
split_0019	GCA_018396865.1|G0000127
split_0019	GCA_020696385.1|G0000137
split_0019	GCA_021161045.1|G0000143
split_0019	GCA_021323375.2|G0000147
split_0019	GCA_023254095.1|G0000153
split_0019	GCA_025059075.1|G0000156
split_0019	GCA_025517465.1|G0000160
split_0019	GCA_026414225.1|G0000164
split_0019	GCA_026993975.1|G0000170
split_0019	GCA_029259155.1|G0000192
split_0019	GCA_029856055.1|G0000196
split_0019	GCA_029856635.1|G0000197
split_0019	GCA_030673205.1|G0000205
split_0019	GCA_035292305.1|G0000216
split_0019	GCA_036795795.1|G0000221
split_0019	GCA_038851035.1|G0000231
split_0019	GCA_041657955.1|G0000241
split_0019	GCA_052626455.1|G0000243
split_0019	GCA_054385655.1|G0000244
split_0019	GCA_054385735.1|G0000245
split_0019	GCA_974391215.1|G0000253
split_0019	GCF_003369835.1|G0000262
split_0019	GOMC.bin.16560|G0000266
split_0019	GOMC.bin.17021|G0000270
split_0019	GOMC.bin.891|G0000299
split_0020	GCA_000145985.1|G0000003
split_0020	GCA_016840465.1|G0000112
split_0020	GCA_016840485.1|G0000113
split_0020	GCA_025059075.1|G0000156
split_0020	GCA_026993975.1|G0000170
split_0020	GCA_029259155.1|G0000192
split_0020	GCA_029856055.1|G0000196
split_0020	GCA_029856635.1|G0000197
split_0020	GCA_052626455.1|G0000243
split_0020	GCA_054385655.1|G0000244
split_0020	GCA_054385735.1|G0000245
split_0020	GOMC.bin.16560|G0000266
split_0021	GCA_000145985.1|G0000003
split_0021	GCA_016840485.1|G0000113
split_0021	GCA_025059075.1|G0000156
split_0021	GCA_026993975.1|G0000170
split_0021	GCA_029856055.1|G0000196
split_0021	GCA_029856635.1|G0000197
split_0021	GCA_052626455.1|G0000243
split_0021	GCA_054385655.1|G0000244
split_0021	GCA_054385735.1|G0000245
split_0021	GOMC.bin.16560|G0000266
split_0022	GCA_000145985.1|G0000003
split_0022	GCA_016840485.1|G0000113
split_0022	GCA_025059075.1|G0000156
split_0022	GCA_029856635.1|G0000197
split_0022	GOMC.bin.16560|G0000266
split_0023	GCA_000145985.1|G0000003
split_0023	GCA_016840485.1|G0000113
split_0023	GCA_025059075.1|G0000156
split_0024	GCA_000145985.1|G0000003
split_0024	GCA_025059075.1|G0000156
split_0025	GCA_029856635.1|G0000197
split_0025	GOMC.bin.16560|G0000266
split_0026	GCA_026993975.1|G0000170
split_0026	GCA_029856055.1|G0000196
split_0026	GCA_052626455.1|G0000243
split_0026	GCA_054385655.1|G0000244
split_0026	GCA_054385735.1|G0000245
split_0027	GCA_026993975.1|G0000170
split_0027	GCA_029856055.1|G0000196
split_0027	GCA_052626455.1|G0000243
split_0027	GCA_054385735.1|G0000245
split_0028	GCA_026993975.1|G0000170
split_0028	GCA_029856055.1|G0000196
split_0028	GCA_052626455.1|G0000243
split_0029	GCA_026993975.1|G0000170
split_0029	GCA_029856055.1|G0000196
split_0030	GCA_016840465.1|G0000112
split_0030	GCA_029259155.1|G0000192
split_0031	GCA_000270325.1|G0000008
split_0031	GCA_001595885.1|G0000021
split_0031	GCA_003663585.1|G0000062
split_0031	GCA_004347965.1|G0000066
split_0031	GCA_013791785.1|G0000083
split_0031	GCA_015520425.1|G0000090
split_0031	GCA_016214785.1|G0000111
split_0031	GCA_016874675.1|G0000115
split_0031	GCA_017885655.1|G0000122
split_0031	GCA_018396865.1|G0000127
split_0031	GCA_020696385.1|G0000137
split_0031	GCA_021161045.1|G0000143
split_0031	GCA_021323375.2|G0000147
split_0031	GCA_023254095.1|G0000153
split_0031	GCA_025517465.1|G0000160
split_0031	GCA_026414225.1|G0000164
split_0031	GCA_030673205.1|G0000205
split_0031	GCA_035292305.1|G0000216
split_0031	GCA_036795795.1|G0000221
split_0031	GCA_038851035.1|G0000231
split_0031	GCA_041657955.1|G0000241
split_0031	GCA_974391215.1|G0000253
split_0031	GCF_003369835.1|G0000262
split_0031	GOMC.bin.17021|G0000270
split_0031	GOMC.bin.891|G0000299
split_0032	GCA_000270325.1|G0000008
split_0032	GCA_004347965.1|G0000066
split_0032	GCA_015520425.1|G0000090
split_0032	GCA_021323375.2|G0000147
split_0032	GCA_023254095.1|G0000153
split_0032	GOMC.bin.17021|G0000270
split_0032	GOMC.bin.891|G0000299
split_0033	GCA_000270325.1|G0000008
split_0033	GCA_015520425.1|G0000090
split_0033	GCA_021323375.2|G0000147
split_0033	GCA_023254095.1|G0000153
split_0034	GCA_015520425.1|G0000090
split_0034	GCA_021323375.2|G0000147
split_0034	GCA_023254095.1|G0000153
split_0035	GCA_021323375.2|G0000147
split_0035	GCA_023254095.1|G0000153
split_0036	GCA_004347965.1|G0000066
split_0036	GOMC.bin.17021|G0000270
split_0036	GOMC.bin.891|G0000299
split_0037	GCA_004347965.1|G0000066
split_0037	GOMC.bin.891|G0000299
split_0038	GCA_001595885.1|G0000021
split_0038	GCA_003663585.1|G0000062
split_0038	GCA_013791785.1|G0000083
split_0038	GCA_016214785.1|G0000111
split_0038	GCA_016874675.1|G0000115
split_0038	GCA_017885655.1|G0000122
split_0038	GCA_018396865.1|G0000127
split_0038	GCA_020696385.1|G0000137
split_0038	GCA_021161045.1|G0000143
split_0038	GCA_025517465.1|G0000160
split_0038	GCA_026414225.1|G0000164
split_0038	GCA_030673205.1|G0000205
split_0038	GCA_035292305.1|G0000216
split_0038	GCA_036795795.1|G0000221
split_0038	GCA_038851035.1|G0000231
split_0038	GCA_041657955.1|G0000241
split_0038	GCA_974391215.1|G0000253
split_0038	GCF_003369835.1|G0000262
split_0039	GCA_001595885.1|G0000021
split_0039	GCA_013791785.1|G0000083
split_0039	GCA_016214785.1|G0000111
split_0039	GCA_016874675.1|G0000115
split_0039	GCA_017885655.1|G0000122
split_0039	GCA_018396865.1|G0000127
split_0039	GCA_020696385.1|G0000137
split_0039	GCA_021161045.1|G0000143
split_0039	GCA_025517465.1|G0000160
split_0039	GCA_026414225.1|G0000164
split_0039	GCA_030673205.1|G0000205
split_0039	GCA_035292305.1|G0000216
split_0039	GCA_036795795.1|G0000221
split_0039	GCA_038851035.1|G0000231
split_0039	GCA_041657955.1|G0000241
split_0039	GCA_974391215.1|G0000253
split_0039	GCF_003369835.1|G0000262
split_0040	GCA_001595885.1|G0000021
split_0040	GCA_013791785.1|G0000083
split_0040	GCA_016214785.1|G0000111
split_0040	GCA_016874675.1|G0000115
split_0040	GCA_017885655.1|G0000122
split_0040	GCA_020696385.1|G0000137
split_0040	GCA_025517465.1|G0000160
split_0040	GCA_026414225.1|G0000164
split_0040	GCA_035292305.1|G0000216
split_0040	GCA_036795795.1|G0000221
split_0040	GCA_038851035.1|G0000231
split_0040	GCA_041657955.1|G0000241
split_0040	GCA_974391215.1|G0000253
split_0040	GCF_003369835.1|G0000262
split_0041	GCA_001595885.1|G0000021
split_0041	GCA_013791785.1|G0000083
split_0041	GCA_020696385.1|G0000137
split_0041	GCA_025517465.1|G0000160
split_0041	GCA_041657955.1|G0000241
split_0041	GCF_003369835.1|G0000262
split_0042	GCA_001595885.1|G0000021
split_0042	GCA_013791785.1|G0000083
split_0042	GCA_020696385.1|G0000137
split_0042	GCA_025517465.1|G0000160
split_0042	GCF_003369835.1|G0000262
split_0043	GCA_001595885.1|G0000021
split_0043	GCA_013791785.1|G0000083
split_0043	GCA_020696385.1|G0000137
split_0044	GCA_013791785.1|G0000083
split_0044	GCA_020696385.1|G0000137
split_0045	GCA_025517465.1|G0000160
split_0045	GCF_003369835.1|G0000262
split_0046	GCA_016214785.1|G0000111
split_0046	GCA_016874675.1|G0000115
split_0046	GCA_017885655.1|G0000122
split_0046	GCA_026414225.1|G0000164
split_0046	GCA_035292305.1|G0000216
split_0046	GCA_036795795.1|G0000221
split_0046	GCA_038851035.1|G0000231
split_0046	GCA_974391215.1|G0000253
split_0047	GCA_016214785.1|G0000111
split_0047	GCA_016874675.1|G0000115
split_0047	GCA_026414225.1|G0000164
split_0047	GCA_035292305.1|G0000216
split_0047	GCA_036795795.1|G0000221
split_0047	GCA_038851035.1|G0000231
split_0047	GCA_974391215.1|G0000253
split_0048	GCA_016214785.1|G0000111
split_0048	GCA_016874675.1|G0000115
split_0048	GCA_035292305.1|G0000216
split_0048	GCA_036795795.1|G0000221
split_0048	GCA_038851035.1|G0000231
split_0048	GCA_974391215.1|G0000253
split_0049	GCA_016214785.1|G0000111
split_0049	GCA_035292305.1|G0000216
split_0049	GCA_036795795.1|G0000221
split_0049	GCA_974391215.1|G0000253
split_0050	GCA_016214785.1|G0000111
split_0050	GCA_036795795.1|G0000221
split_0051	GCA_035292305.1|G0000216
split_0051	GCA_974391215.1|G0000253
split_0052	GCA_016874675.1|G0000115
split_0052	GCA_038851035.1|G0000231
split_0053	GCA_018396865.1|G0000127
split_0053	GCA_021161045.1|G0000143
split_0053	GCA_030673205.1|G0000205
split_0054	GCA_018396865.1|G0000127
split_0054	GCA_021161045.1|G0000143
split_0055	GCA_000145985.1|G0000004
split_0055	GCA_001593865.1|G0000020
split_0055	GCA_002255045.1|G0000029
split_0055	GCA_002490245.1|G0000030
split_0055	GCA_002495025.1|G0000033
split_0055	GCA_002495025.1|G0000034
split_0055	GCA_002507245.1|G0000041
split_0055	GCA_003601775.1|G0000052
split_0055	GCA_003649155.1|G0000053
split_0055	GCA_003661775.1|G0000060
split_0055	GCA_003661775.1|G0000061
split_0055	GCA_004028775.1|G0000064
split_0055	GCA_004376295.1|G0000067
split_0055	GCA_004376645.1|G0000068
split_0055	GCA_009889585.1|G0000071
split_0055	GCA_009903825.1|G0000075
split_0055	GCA_011605725.1|G0000079
split_0055	GCA_015520475.1|G0000091
split_0055	GCA_015521295.1|G0000102
split_0055	GCA_015521325.1|G0000104
split_0055	GCA_015521735.1|G0000107
split_0055	GCA_016930055.1|G0000116
split_0055	GCA_018396405.1|G0000123
split_0055	GCA_018396535.1|G0000124
split_0055	GCA_018396695.1|G0000125
split_0055	GCA_018396755.1|G0000126
split_0055	GCA_019685575.1|G0000132
split_0055	GCA_020352645.1|G0000135
split_0055	GCA_020833005.1|G0000138
split_0055	GCA_021158125.1|G0000140
split_0055	GCA_021160575.1|G0000142
split_0055	GCA_021161825.1|G0000144
split_0055	GCA_022759365.1|G0000150
split_0055	GCA_023131225.1|G0000151
split_0055	GCA_025059045.1|G0000155
split_0055	GCA_025061095.1|G0000158
split_0055	GCA_026014815.1|G0000161
split_0055	GCA_026015035.1|G0000162
split_0055	GCA_027030065.1|G0000172
split_0055	GCA_027491415.1|G0000183
split_0055	GCA_029258915.1|G0000190
split_0055	GCA_029258925.1|G0000191
split_0055	GCA_029934005.1|G0000200
split_0055	GCA_034660895.1|G0000215
split_0055	GCA_035543015.1|G0000218
split_0055	GCA_038817485.1|G0000226
split_0055	GCA_038825625.1|G0000227
split_0055	GCA_038840055.1|G0000228
split_0055	GCA_038840355.1|G0000229
split_0055	GCA_038846965.1|G0000230
split_0055	GCA_038852745.1|G0000232
split_0055	GCA_038894255.1|G0000239
split_0055	GCA_937892815.1|G0000250
split_0055	GCF_000015145.1|G0000257
split_0055	GOMC.bin.16766|G0000269
split_0055	GOMC.bin.2492|G0000275
split_0055	GOMC.bin.2843|G0000279
split_0055	GOMC.bin.2866|G0000282
split_0055	GOMC.bin.2875|G0000283
split_0055	GOMC.bin.2890|G0000284
split_0055	GOMC.bin.2895|G0000286
split_0055	GOMC.bin.2900|G0000288
split_0055	GOMC.bin.3028|G0000289
split_0055	GOMC.bin.3195|G0000290
split_0055	GOMC.bin.5632|G0000296
split_0056	GCA_000145985.1|G0000004
split_0056	GCA_002495025.1|G0000033
split_0056	GCA_002507245.1|G0000041
split_0056	GCA_003601775.1|G0000052
split_0056	GCA_003649155.1|G0000053
split_0056	GCA_003661775.1|G0000061
split_0056	GCA_004028775.1|G0000064
split_0056	GCA_004376295.1|G0000067
split_0056	GCA_004376645.1|G0000068
split_0056	GCA_009903825.1|G0000075
split_0056	GCA_015521735.1|G0000107
split_0056	GCA_016930055.1|G0000116
split_0056	GCA_018396405.1|G0000123
split_0056	GCA_018396535.1|G0000124
split_0056	GCA_018396695.1|G0000125
split_0056	GCA_019685575.1|G0000132
split_0056	GCA_020352645.1|G0000135
split_0056	GCA_021158125.1|G0000140
split_0056	GCA_021160575.1|G0000142
split_0056	GCA_022759365.1|G0000150
split_0056	GCA_023131225.1|G0000151
split_0056	GCA_025059045.1|G0000155
split_0056	GCA_025061095.1|G0000158
split_0056	GCA_026014815.1|G0000161
split_0056	GCA_026015035.1|G0000162
split_0056	GCA_027030065.1|G0000172
split_0056	GCA_027491415.1|G0000183
split_0056	GCA_029258925.1|G0000191
split_0056	GCA_029934005.1|G0000200
split_0056	GCA_034660895.1|G0000215
split_0056	GCA_035543015.1|G0000218
split_0056	GCA_038846965.1|G0000230
split_0056	GCA_038894255.1|G0000239
split_0056	GCF_000015145.1|G0000257
split_0056	GOMC.bin.16766|G0000269
split_0056	GOMC.bin.2492|G0000275
split_0056	GOMC.bin.2895|G0000286
split_0056	GOMC.bin.3028|G0000289
split_0056	GOMC.bin.3195|G0000290
split_0056	GOMC.bin.5632|G0000296
split_0057	GCA_000145985.1|G0000004
split_0057	GCA_002495025.1|G0000033
split_0057	GCA_002507245.1|G0000041
split_0057	GCA_003601775.1|G0000052
split_0057	GCA_003649155.1|G0000053
split_0057	GCA_003661775.1|G0000061
split_0057	GCA_004028775.1|G0000064
split_0057	GCA_004376295.1|G0000067
split_0057	GCA_004376645.1|G0000068
split_0057	GCA_009903825.1|G0000075
split_0057	GCA_015521735.1|G0000107
split_0057	GCA_018396405.1|G0000123
split_0057	GCA_018396535.1|G0000124
split_0057	GCA_019685575.1|G0000132
split_0057	GCA_020352645.1|G0000135
split_0057	GCA_021158125.1|G0000140
split_0057	GCA_021160575.1|G0000142
split_0057	GCA_022759365.1|G0000150
split_0057	GCA_023131225.1|G0000151
split_0057	GCA_025061095.1|G0000158
split_0057	GCA_026015035.1|G0000162
split_0057	GCA_027030065.1|G0000172
split_0057	GCA_027491415.1|G0000183
split_0057	GCA_029934005.1|G0000200
split_0057	GCA_034660895.1|G0000215
split_0057	GCA_038894255.1|G0000239
split_0057	GCF_000015145.1|G0000257
split_0057	GOMC.bin.16766|G0000269
split_0057	GOMC.bin.2492|G0000275
split_0057	GOMC.bin.2895|G0000286
split_0057	GOMC.bin.3028|G0000289
split_0057	GOMC.bin.3195|G0000290
split_0057	GOMC.bin.5632|G0000296
split_0058	GCA_000145985.1|G0000004
split_0058	GCA_002495025.1|G0000033
split_0058	GCA_002507245.1|G0000041
split_0058	GCA_003649155.1|G0000053
split_0058	GCA_003661775.1|G0000061
split_0058	GCA_004028775.1|G0000064
split_0058	GCA_004376295.1|G0000067
split_0058	GCA_004376645.1|G0000068
split_0058	GCA_009903825.1|G0000075
split_0058	GCA_015521735.1|G0000107
split_0058	GCA_018396405.1|G0000123
split_0058	GCA_019685575.1|G0000132
split_0058	GCA_020352645.1|G0000135
split_0058	GCA_021158125.1|G0000140
split_0058	GCA_021160575.1|G0000142
split_0058	GCA_022759365.1|G0000150
split_0058	GCA_023131225.1|G0000151
split_0058	GCA_025061095.1|G0000158
split_0058	GCA_026015035.1|G0000162
split_0058	GCA_027030065.1|G0000172
split_0058	GCA_029934005.1|G0000200
split_0058	GCA_034660895.1|G0000215
split_0058	GCA_038894255.1|G0000239
split_0058	GCF_000015145.1|G0000257
split_0058	GOMC.bin.16766|G0000269
split_0058	GOMC.bin.2492|G0000275
split_0058	GOMC.bin.3028|G0000289
split_0058	GOMC.bin.3195|G0000290
split_0059	GCA_000145985.1|G0000004
split_0059	GCA_002495025.1|G0000033
split_0059	GCA_002507245.1|G0000041
split_0059	GCA_003661775.1|G0000061
split_0059	GCA_004028775.1|G0000064
split_0059	GCA_004376295.1|G0000067
split_0059	GCA_004376645.1|G0000068
split_0059	GCA_009903825.1|G0000075
split_0059	GCA_015521735.1|G0000107
split_0059	GCA_018396405.1|G0000123
split_0059	GCA_019685575.1|G0000132
split_0059	GCA_020352645.1|G0000135
split_0059	GCA_021158125.1|G0000140
split_0059	GCA_021160575.1|G0000142
split_0059	GCA_022759365.1|G0000150
split_0059	GCA_023131225.1|G0000151
split_0059	GCA_025061095.1|G0000158
split_0059	GCA_026015035.1|G0000162
split_0059	GCA_027030065.1|G0000172
split_0059	GCA_029934005.1|G0000200
split_0059	GCA_034660895.1|G0000215
split_0059	GCA_038894255.1|G0000239
split_0059	GCF_000015145.1|G0000257
split_0059	GOMC.bin.16766|G0000269
split_0059	GOMC.bin.3028|G0000289
split_0060	GCA_000145985.1|G0000004
split_0060	GCA_002495025.1|G0000033
split_0060	GCA_003661775.1|G0000061
split_0060	GCA_004028775.1|G0000064
split_0060	GCA_009903825.1|G0000075
split_0060	GCA_015521735.1|G0000107
split_0060	GCA_021160575.1|G0000142
split_0060	GCA_022759365.1|G0000150
split_0060	GCA_027030065.1|G0000172
split_0060	GCF_000015145.1|G0000257
split_0060	GOMC.bin.16766|G0000269
split_0060	GOMC.bin.3028|G0000289
split_0061	GCA_000145985.1|G0000004
split_0061	GCA_002495025.1|G0000033
split_0061	GCA_003661775.1|G0000061
split_0061	GCA_009903825.1|G0000075
split_0061	GCA_015521735.1|G0000107
split_0061	GCA_021160575.1|G0000142
split_0061	GCA_022759365.1|G0000150
split_0061	GCA_027030065.1|G0000172
split_0061	GCF_000015145.1|G0000257
split_0062	GCA_000145985.1|G0000004
split_0062	GCA_002495025.1|G0000033
split_0062	GCA_003661775.1|G0000061
split_0062	GCA_009903825.1|G0000075
split_0062	GCA_015521735.1|G0000107
split_0062	GCA_021160575.1|G0000142
split_0062	GCA_022759365.1|G0000150
split_0062	GCF_000015145.1|G0000257
split_0063	GCA_000145985.1|G0000004
split_0063	GCA_002495025.1|G0000033
split_0063	GCA_009903825.1|G0000075
split_0063	GCA_015521735.1|G0000107
split_0063	GCA_022759365.1|G0000150
split_0063	GCF_000015145.1|G0000257
split_0064	GCA_000145985.1|G0000004
split_0064	GCA_002495025.1|G0000033
split_0064	GCA_009903825.1|G0000075
split_0064	GCA_022759365.1|G0000150
split_0064	GCF_000015145.1|G0000257
split_0065	GCA_000145985.1|G0000004
split_0065	GCA_002495025.1|G0000033
split_0065	GCA_009903825.1|G0000075
split_0065	GCA_022759365.1|G0000150
split_0066	GCA_002495025.1|G0000033
split_0066	GCA_009903825.1|G0000075
split_0066	GCA_022759365.1|G0000150
split_0067	GCA_002495025.1|G0000033
split_0067	GCA_022759365.1|G0000150
split_0068	GCA_003661775.1|G0000061
split_0068	GCA_021160575.1|G0000142
split_0069	GCA_004028775.1|G0000064
split_0069	GOMC.bin.16766|G0000269
split_0069	GOMC.bin.3028|G0000289
split_0070	GOMC.bin.16766|G0000269
split_0070	GOMC.bin.3028|G0000289
split_0071	GCA_002507245.1|G0000041
split_0071	GCA_004376295.1|G0000067
split_0071	GCA_004376645.1|G0000068
split_0071	GCA_018396405.1|G0000123
split_0071	GCA_019685575.1|G0000132
split_0071	GCA_020352645.1|G0000135
split_0071	GCA_021158125.1|G0000140
split_0071	GCA_023131225.1|G0000151
split_0071	GCA_025061095.1|G0000158
split_0071	GCA_026015035.1|G0000162
split_0071	GCA_029934005.1|G0000200
split_0071	GCA_034660895.1|G0000215
split_0071	GCA_038894255.1|G0000239
split_0072	GCA_002507245.1|G0000041
split_0072	GCA_004376295.1|G0000067
split_0072	GCA_004376645.1|G0000068
split_0072	GCA_018396405.1|G0000123
split_0072	GCA_019685575.1|G0000132
split_0072	GCA_020352645.1|G0000135
split_0072	GCA_021158125.1|G0000140
split_0072	GCA_023131225.1|G0000151
split_0072	GCA_026015035.1|G0000162
split_0072	GCA_029934005.1|G0000200
split_0072	GCA_034660895.1|G0000215
split_0072	GCA_038894255.1|G0000239
split_0073	GCA_002507245.1|G0000041
split_0073	GCA_004376295.1|G0000067
split_0073	GCA_004376645.1|G0000068
split_0073	GCA_019685575.1|G0000132
split_0073	GCA_020352645.1|G0000135
split_0073	GCA_021158125.1|G0000140
split_0073	GCA_023131225.1|G0000151
split_0073	GCA_026015035.1|G0000162
split_0073	GCA_029934005.1|G0000200
split_0073	GCA_034660895.1|G0000215
split_0073	GCA_038894255.1|G0000239
split_0074	GCA_002507245.1|G0000041
split_0074	GCA_004376295.1|G0000067
split_0074	GCA_004376645.1|G0000068
split_0074	GCA_019685575.1|G0000132
split_0074	GCA_020352645.1|G0000135
split_0074	GCA_023131225.1|G0000151
split_0074	GCA_026015035.1|G0000162
split_0074	GCA_034660895.1|G0000215
split_0074	GCA_038894255.1|G0000239
split_0075	GCA_002507245.1|G0000041
split_0075	GCA_004376295.1|G0000067
split_0075	GCA_026015035.1|G0000162
split_0075	GCA_034660895.1|G0000215
split_0076	GCA_002507245.1|G0000041
split_0076	GCA_034660895.1|G0000215
split_0077	GCA_004376295.1|G0000067
split_0077	GCA_026015035.1|G0000162
split_0078	GCA_004376645.1|G0000068
split_0078	GCA_019685575.1|G0000132
split_0078	GCA_020352645.1|G0000135
split_0078	GCA_023131225.1|G0000151
split_0078	GCA_038894255.1|G0000239
split_0079	GCA_004376645.1|G0000068
split_0079	GCA_019685575.1|G0000132
split_0079	GCA_020352645.1|G0000135
split_0079	GCA_023131225.1|G0000151
split_0080	GCA_004376645.1|G0000068
split_0080	GCA_020352645.1|G0000135
split_0080	GCA_023131225.1|G0000151
split_0081	GCA_020352645.1|G0000135
split_0081	GCA_023131225.1|G0000151
split_0082	GCA_021158125.1|G0000140
split_0082	GCA_029934005.1|G0000200
split_0083	GCA_003649155.1|G0000053
split_0083	GOMC.bin.2492|G0000275
split_0083	GOMC.bin.3195|G0000290
split_0084	GCA_003649155.1|G0000053
split_0084	GOMC.bin.3195|G0000290
split_0085	GCA_003601775.1|G0000052
split_0085	GCA_018396535.1|G0000124
split_0085	GCA_027491415.1|G0000183
split_0085	GOMC.bin.2895|G0000286
split_0085	GOMC.bin.5632|G0000296
split_0086	GCA_003601775.1|G0000052
split_0086	GCA_018396535.1|G0000124
split_0086	GOMC.bin.2895|G0000286
split_0086	GOMC.bin.5632|G0000296
split_0087	GCA_003601775.1|G0000052
split_0087	GOMC.bin.5632|G0000296
split_0088	GCA_018396535.1|G0000124
split_0088	GOMC.bin.2895|G0000286
split_0089	GCA_016930055.1|G0000116
split_0089	GCA_018396695.1|G0000125
split_0089	GCA_025059045.1|G0000155
split_0089	GCA_026014815.1|G0000161
split_0089	GCA_029258925.1|G0000191
split_0089	GCA_035543015.1|G0000218
split_0089	GCA_038846965.1|G0000230
split_0090	GCA_016930055.1|G0000116
split_0090	GCA_018396695.1|G0000125
split_0090	GCA_025059045.1|G0000155
split_0090	GCA_029258925.1|G0000191
split_0090	GCA_035543015.1|G0000218
split_0090	GCA_038846965.1|G0000230
split_0091	GCA_016930055.1|G0000116
split_0091	GCA_018396695.1|G0000125
split_0092	GCA_025059045.1|G0000155
split_0092	GCA_029258925.1|G0000191
split_0092	GCA_035543015.1|G0000218
split_0092	GCA_038846965.1|G0000230
split_0093	GCA_025059045.1|G0000155
split_0093	GCA_035543015.1|G0000218
split_0093	GCA_038846965.1|G0000230
split_0094	GCA_025059045.1|G0000155
split_0094	GCA_035543015.1|G0000218
split_0095	GCA_001593865.1|G0000020
split_0095	GCA_002255045.1|G0000029
split_0095	GCA_002490245.1|G0000030
split_0095	GCA_002495025.1|G0000034
split_0095	GCA_003661775.1|G0000060
split_0095	GCA_009889585.1|G0000071
split_0095	GCA_011605725.1|G0000079
split_0095	GCA_015520475.1|G0000091
split_0095	GCA_015521295.1|G0000102
split_0095	GCA_015521325.1|G0000104
split_0095	GCA_018396755.1|G0000126
split_0095	GCA_020833005.1|G0000138
split_0095	GCA_021161825.1|G0000144
split_0095	GCA_029258915.1|G0000190
split_0095	GCA_038817485.1|G0000226
split_0095	GCA_038825625.1|G0000227
split_0095	GCA_038840055.1|G0000228
split_0095	GCA_038840355.1|G0000229
split_0095	GCA_038852745.1|G0000232
split_0095	GCA_937892815.1|G0000250
split_0095	GOMC.bin.2843|G0000279
split_0095	GOMC.bin.2866|G0000282
split_0095	GOMC.bin.2875|G0000283
split_0095	GOMC.bin.2890|G0000284
split_0095	GOMC.bin.2900|G0000288
split_0096	GCA_001593865.1|G0000020
split_0096	GCA_002255045.1|G0000029
split_0096	GCA_002490245.1|G0000030
split_0096	GCA_003661775.1|G0000060
split_0096	GCA_009889585.1|G0000071
split_0096	GCA_011605725.1|G0000079
split_0096	GCA_015520475.1|G0000091
split_0096	GCA_018396755.1|G0000126
split_0096	GCA_020833005.1|G0000138
split_0096	GCA_021161825.1|G0000144
split_0096	GCA_038817485.1|G0000226
split_0096	GCA_038825625.1|G0000227
split_0096	GCA_038840055.1|G0000228
split_0096	GCA_038840355.1|G0000229
split_0096	GCA_038852745.1|G0000232
split_0096	GCA_937892815.1|G0000250
split_0096	GOMC.bin.2843|G0000279
split_0096	GOMC.bin.2866|G0000282
split_0096	GOMC.bin.2875|G0000283
split_0097	GCA_001593865.1|G0000020
split_0097	GCA_002490245.1|G0000030
split_0097	GCA_003661775.1|G0000060
split_0097	GCA_009889585.1|G0000071
split_0097	GCA_011605725.1|G0000079
split_0097	GCA_015520475.1|G0000091
split_0097	GCA_018396755.1|G0000126
split_0097	GCA_021161825.1|G0000144
split_0097	GCA_038817485.1|G0000226
split_0097	GCA_038840355.1|G0000229
split_0097	GCA_038852745.1|G0000232
split_0097	GCA_937892815.1|G0000250
split_0097	GOMC.bin.2843|G0000279
split_0098	GCA_001593865.1|G0000020
split_0098	GCA_002490245.1|G0000030
split_0098	GCA_018396755.1|G0000126
split_0098	GCA_021161825.1|G0000144
split_0099	GCA_001593865.1|G0000020
split_0099	GCA_002490245.1|G0000030
split_0099	GCA_018396755.1|G0000126
split_0100	GCA_001593865.1|G0000020
split_0100	GCA_002490245.1|G0000030
split_0101	GCA_003661775.1|G0000060
split_0101	GCA_009889585.1|G0000071
split_0101	GCA_011605725.1|G0000079
split_0101	GCA_015520475.1|G0000091
split_0101	GCA_038817485.1|G0000226
split_0101	GCA_038840355.1|G0000229
split_0101	GCA_038852745.1|G0000232
split_0101	GCA_937892815.1|G0000250
split_0101	GOMC.bin.2843|G0000279
split_0102	GCA_003661775.1|G0000060
split_0102	GCA_009889585.1|G0000071
split_0102	GCA_011605725.1|G0000079
split_0102	GCA_015520475.1|G0000091
split_0102	GCA_038840355.1|G0000229
split_0102	GCA_038852745.1|G0000232
split_0102	GCA_937892815.1|G0000250
split_0102	GOMC.bin.2843|G0000279
split_0103	GCA_003661775.1|G0000060
split_0103	GCA_009889585.1|G0000071
split_0103	GCA_011605725.1|G0000079
split_0103	GCA_015520475.1|G0000091
split_0103	GCA_038840355.1|G0000229
split_0103	GCA_038852745.1|G0000232
split_0103	GOMC.bin.2843|G0000279
split_0104	GCA_003661775.1|G0000060
split_0104	GCA_011605725.1|G0000079
split_0104	GCA_038840355.1|G0000229
split_0105	GCA_003661775.1|G0000060
split_0105	GCA_011605725.1|G0000079
split_0106	GCA_009889585.1|G0000071
split_0106	GCA_015520475.1|G0000091
split_0106	GCA_038852745.1|G0000232
split_0106	GOMC.bin.2843|G0000279
split_0107	GCA_009889585.1|G0000071
split_0107	GCA_038852745.1|G0000232
split_0107	GOMC.bin.2843|G0000279
split_0108	GCA_009889585.1|G0000071
split_0108	GOMC.bin.2843|G0000279
split_0109	GCA_002255045.1|G0000029
split_0109	GCA_020833005.1|G0000138
split_0109	GCA_038825625.1|G0000227
split_0109	GCA_038840055.1|G0000228
split_0109	GOMC.bin.2866|G0000282
split_0109	GOMC.bin.2875|G0000283
split_0110	GCA_002255045.1|G0000029
split_0110	GCA_038840055.1|G0000228
split_0110	GOMC.bin.2875|G0000283
split_0111	GCA_038840055.1|G0000228
split_0111	GOMC.bin.2875|G0000283
split_0112	GCA_020833005.1|G0000138
split_0112	GCA_038825625.1|G0000227
split_0112	GOMC.bin.2866|G0000282
split_0113	GCA_020833005.1|G0000138
split_0113	GCA_038825625.1|G0000227
split_0114	GCA_002495025.1|G0000034
split_0114	GCA_015521295.1|G0000102
split_0114	GCA_015521325.1|G0000104
split_0114	GCA_029258915.1|G0000190
split_0114	GOMC.bin.2890|G0000284
split_0114	GOMC.bin.2900|G0000288
split_0115	GCA_002495025.1|G0000034
split_0115	GCA_015521295.1|G0000102
split_0115	GOMC.bin.2890|G0000284
split_0116	GCA_015521295.1|G0000102
split_0116	GOMC.bin.2890|G0000284
split_0117	GCA_015521325.1|G0000104
split_0117	GCA_029258915.1|G0000190
split_0117	GOMC.bin.2900|G0000288
split_0118	GCA_029258915.1|G0000190
split_0118	GOMC.bin.2900|G0000288
split_0119	GCA_000166095.1|G0000005
split_0119	GCA_000246735.1|G0000006
split_0119	GCA_000247545.1|G0000007
split_0119	GCA_000309865.1|G0000009
split_0119	GCA_000380705.1|G0000010
split_0119	GCA_000380705.1|G0000011
split_0119	GCA_000389735.1|G0000012
split_0119	GCA_000495735.1|G0000013
split_0119	GCA_000508305.1|G0000014
split_0119	GCA_000565255.1|G0000015
split_0119	GCA_001507955.1|G0000016
split_0119	GCA_001563335.1|G0000017
split_0119	GCA_001587575.1|G0000018
split_0119	GCA_001587575.1|G0000019
split_0119	GCA_002009975.1|G0000023
split_0119	GCA_002010065.2|G0000025
split_0119	GCA_002254595.1|G0000028
split_0119	GCA_002494725.1|G0000031
split_0119	GCA_002497075.1|G0000036
split_0119	GCA_002499195.1|G0000037
split_0119	GCA_002502625.1|G0000038
split_0119	GCA_002505405.1|G0000039
split_0119	GCA_002506015.1|G0000040
split_0119	GCA_002897955.1|G0000043
split_0119	GCA_002898395.1|G0000044
split_0119	GCA_003019595.1|G0000045
split_0119	GCA_003104905.1|G0000046
split_0119	GCA_003116855.1|G0000047
split_0119	GCA_003116855.1|G0000048
split_0119	GCA_003194445.1|G0000050
split_0119	GCA_003650785.1|G0000054
split_0119	GCA_003660555.1|G0000055
split_0119	GCA_003660605.1|G0000056
split_0119	GCA_003660975.1|G0000058
split_0119	GCA_003695745.1|G0000063
split_0119	GCA_004347965.1|G0000065
split_0119	GCA_009889585.1|G0000070
split_0119	GCA_009889585.1|G0000072
split_0119	GCA_009903795.1|G0000073
split_0119	GCA_009903825.1|G0000074
split_0119	GCA_009904015.1|G0000076
split_0119	GCA_013306035.1|G0000080
split_0119	GCA_013331375.1|G0000081
split_0119	GCA_013426015.1|G0000082
split_0119	GCA_015520145.1|G0000086
split_0119	GCA_015520265.1|G0000087
split_0119	GCA_015520265.1|G0000088
split_0119	GCA_015520395.1|G0000089
split_0119	GCA_015520705.1|G0000094
split_0119	GCA_015520705.1|G0000095
split_0119	GCA_015520735.1|G0000096
split_0119	GCA_015521085.1|G0000097
split_0119	GCA_015521085.1|G0000098
split_0119	GCA_015521115.1|G0000099
split_0119	GCA_015521115.1|G0000100
split_0119	GCA_015521295.1|G0000101
split_0119	GCA_015521325.1|G0000103
split_0119	GCA_015521685.1|G0000105
split_0119	GCA_015521685.1|G0000106
split_0119	GCA_015521735.1|G0000108
split_0119	GCA_015661855.1|G0000110
split_0119	GCA_016841265.1|G0000114
split_0119	GCA_016931555.1|G0000117
split_0119	GCA_017609985.1|G0000119
split_0119	GCA_017610205.1|G0000120
split_0119	GCA_017883965.1|G0000121
split_0119	GCA_018650285.1|G0000128
split_0119	GCA_018819225.1|G0000129
split_0119	GCA_019429385.1|G0000131
split_0119	GCA_019704295.1|G0000133
split_0119	GCA_020356005.1|G0000136
split_0119	GCA_021108405.1|G0000139
split_0119	GCA_021163245.1|G0000146
split_0119	GCA_021813385.1|G0000148
split_0119	GCA_022759365.1|G0000149
split_0119	GCA_023252215.1|G0000152
split_0119	GCA_023269735.1|G0000154
split_0119	GCA_025059075.1|G0000157
split_0119	GCA_025340205.1|G0000159
split_0119	GCA_026414265.1|G0000165
split_0119	GCA_026989875.1|G0000166
split_0119	GCA_026989875.1|G0000167
split_0119	GCA_026990885.1|G0000168
split_0119	GCA_026990885.1|G0000169
split_0119	GCA_027002815.1|G0000171
split_0119	GCA_027030065.1|G0000173
split_0119	GCA_027030065.1|G0000174
split_0119	GCA_027036135.1|G0000175
split_0119	GCA_027036135.1|G0000176
split_0119	GCA_027046265.1|G0000177
split_0119	GCA_027046265.1|G0000178
split_0119	GCA_027083135.1|G0000179
split_0119	GCA_027083135.1|G0000180
split_0119	GCA_027083135.1|G0000181
split_0119	GCA_027083135.1|G0000182
split_0119	GCA_028713935.1|G0000185
split_0119	GCA_028714235.1|G0000186
split_0119	GCA_028821815.1|G0000187
split_0119	GCA_029258885.1|G0000188
split_0119	GCA_029258915.1|G0000189
split_0119	GCA_029259245.1|G0000193
split_0119	GCA_030611265.1|G0000203
split_0119	GCA_030740765.1|G0000206
split_0119	GCA_030750015.1|G0000207
split_0119	GCA_030750015.1|G0000208
split_0119	GCA_030750015.1|G0000209
split_0119	GCA_034659995.1|G0000211
split_0119	GCA_034660795.1|G0000214
split_0119	GCA_036444275.1|G0000219
split_0119	GCA_036446635.1|G0000220
split_0119	GCA_038727395.1|G0000222
split_0119	GCA_038727495.1|G0000223
split_0119	GCA_038727495.1|G0000224
split_0119	GCA_038741495.1|G0000225
split_0119	GCA_038871515.1|G0000233
split_0119	GCA_038874215.1|G0000234
split_0119	GCA_038878695.1|G0000235
split_0119	GCA_038881895.1|G0000236
split_0119	GCA_038883055.1|G0000237
split_0119	GCA_038884715.1|G0000238
split_0119	GCA_041306075.1|G0000240
split_0119	GCA_903884505.1|G0000247
split_0119	GCA_905171695.1|G0000248
split_0119	GCA_963582685.1|G0000251
split_0119	GCF_000007305.1|G0000254
split_0119	GCF_000008645.1|G0000256
split_0119	GCF_000015145.1|G0000258
split_0119	GCF_000214415.1|G0000259
split_0119	GCF_000258425.1|G0000260
split_0119	GOMC.bin.10546|G0000263
split_0119	GOMC.bin.1205|G0000264
split_0119	GOMC.bin.14286|G0000265
split_0119	GOMC.bin.16739|G0000267
split_0119	GOMC.bin.16739|G0000268
split_0119	GOMC.bin.18048|G0000272
split_0119	GOMC.bin.18829|G0000273
split_0119	GOMC.bin.2724|G0000276
split_0119	GOMC.bin.2724|G0000277
split_0119	GOMC.bin.2765|G0000278
split_0119	GOMC.bin.2847|G0000280
split_0119	GOMC.bin.2857|G0000281
split_0119	GOMC.bin.2890|G0000285
split_0119	GOMC.bin.2900|G0000287
split_0119	GOMC.bin.3217|G0000291
split_0119	GOMC.bin.3628|G0000292
split_0119	GOMC.bin.4375|G0000294
split_0119	GOMC.bin.874|G0000298
split_0120	GCA_000166095.1|G0000005
split_0120	GCA_000246735.1|G0000006
split_0120	GCA_000309865.1|G0000009
split_0120	GCA_000389735.1|G0000012
split_0120	GCA_000495735.1|G0000013
split_0120	GCA_000508305.1|G0000014
split_0120	GCA_000565255.1|G0000015
split_0120	GCA_001507955.1|G0000016
split_0120	GCA_001563335.1|G0000017
split_0120	GCA_001587575.1|G0000018
split_0120	GCA_001587575.1|G0000019
split_0120	GCA_002009975.1|G0000023
split_0120	GCA_002010065.2|G0000025
split_0120	GCA_002494725.1|G0000031
split_0120	GCA_002497075.1|G0000036
split_0120	GCA_002499195.1|G0000037
split_0120	GCA_002502625.1|G0000038
split_0120	GCA_002505405.1|G0000039
split_0120	GCA_002506015.1|G0000040
split_0120	GCA_002897955.1|G0000043
split_0120	GCA_002898395.1|G0000044
split_0120	GCA_003019595.1|G0000045
split_0120	GCA_003104905.1|G0000046
split_0120	GCA_003116855.1|G0000048
split_0120	GCA_003194445.1|G0000050
split_0120	GCA_003650785.1|G0000054
split_0120	GCA_003660555.1|G0000055
split_0120	GCA_003660605.1|G0000056
split_0120	GCA_003660975.1|G0000058
split_0120	GCA_003695745.1|G0000063
split_0120	GCA_004347965.1|G0000065
split_0120	GCA_009903825.1|G0000074
split_0120	GCA_013306035.1|G0000080
split_0120	GCA_013331375.1|G0000081
split_0120	GCA_013426015.1|G0000082
split_0120	GCA_015520145.1|G0000086
split_0120	GCA_015520265.1|G0000087
split_0120	GCA_015520265.1|G0000088
split_0120	GCA_015520395.1|G0000089
split_0120	GCA_015520705.1|G0000094
split_0120	GCA_015520705.1|G0000095
split_0120	GCA_015520735.1|G0000096
split_0120	GCA_015521085.1|G0000097
split_0120	GCA_015521085.1|G0000098
split_0120	GCA_015521115.1|G0000099
split_0120	GCA_015521115.1|G0000100
split_0120	GCA_015521295.1|G0000101
split_0120	GCA_015521325.1|G0000103
split_0120	GCA_015521685.1|G0000105
split_0120	GCA_015521685.1|G0000106
split_0120	GCA_015521735.1|G0000108
split_0120	GCA_015661855.1|G0000110
split_0120	GCA_016841265.1|G0000114
split_0120	GCA_016931555.1|G0000117
split_0120	GCA_017609985.1|G0000119
split_0120	GCA_017610205.1|G0000120
split_0120	GCA_017883965.1|G0000121
split_0120	GCA_018650285.1|G0000128
split_0120	GCA_018819225.1|G0000129
split_0120	GCA_019429385.1|G0000131
split_0120	GCA_019704295.1|G0000133
split_0120	GCA_020356005.1|G0000136
split_0120	GCA_021108405.1|G0000139
split_0120	GCA_021813385.1|G0000148
split_0120	GCA_022759365.1|G0000149
split_0120	GCA_023252215.1|G0000152
split_0120	GCA_025059075.1|G0000157
split_0120	GCA_025340205.1|G0000159
split_0120	GCA_026414265.1|G0000165
split_0120	GCA_026989875.1|G0000166
split_0120	GCA_026989875.1|G0000167
split_0120	GCA_026990885.1|G0000169
split_0120	GCA_027030065.1|G0000173
split_0120	GCA_027030065.1|G0000174
split_0120	GCA_027036135.1|G0000176
split_0120	GCA_027046265.1|G0000178
split_0120	GCA_027083135.1|G0000179
split_0120	GCA_027083135.1|G0000180
split_0120	GCA_027083135.1|G0000181
split_0120	GCA_027083135.1|G0000182
split_0120	GCA_028713935.1|G0000185
split_0120	GCA_028714235.1|G0000186
split_0120	GCA_028821815.1|G0000187
split_0120	GCA_029258915.1|G0000189
split_0120	GCA_029259245.1|G0000193
split_0120	GCA_030611265.1|G0000203
split_0120	GCA_030740765.1|G0000206
split_0120	GCA_030750015.1|G0000207
split_0120	GCA_030750015.1|G0000208
split_0120	GCA_030750015.1|G0000209
split_0120	GCA_034659995.1|G0000211
split_0120	GCA_034660795.1|G0000214
split_0120	GCA_036444275.1|G0000219
split_0120	GCA_036446635.1|G0000220
split_0120	GCA_038727495.1|G0000224
split_0120	GCA_038871515.1|G0000233
split_0120	GCA_038874215.1|G0000234
split_0120	GCA_038878695.1|G0000235
split_0120	GCA_038881895.1|G0000236
split_0120	GCA_038883055.1|G0000237
split_0120	GCA_038884715.1|G0000238
split_0120	GCA_041306075.1|G0000240
split_0120	GCA_903884505.1|G0000247
split_0120	GCA_905171695.1|G0000248
split_0120	GCA_963582685.1|G0000251
split_0120	GCF_000007305.1|G0000254
split_0120	GCF_000008645.1|G0000256
split_0120	GCF_000015145.1|G0000258
split_0120	GCF_000214415.1|G0000259
split_0120	GOMC.bin.10546|G0000263
split_0120	GOMC.bin.1205|G0000264
split_0120	GOMC.bin.14286|G0000265
split_0120	GOMC.bin.16739|G0000267
split_0120	GOMC.bin.18048|G0000272
split_0120	GOMC.bin.18829|G0000273
split_0120	GOMC.bin.2724|G0000276
split_0120	GOMC.bin.2765|G0000278
split_0120	GOMC.bin.2890|G0000285
split_0120	GOMC.bin.2900|G0000287
split_0120	GOMC.bin.3217|G0000291
split_0120	GOMC.bin.4375|G0000294
split_0120	GOMC.bin.874|G0000298
split_0121	GCA_000166095.1|G0000005
split_0121	GCA_000246735.1|G0000006
split_0121	GCA_000309865.1|G0000009
split_0121	GCA_000495735.1|G0000013
split_0121	GCA_001507955.1|G0000016
split_0121	GCA_001563335.1|G0000017
split_0121	GCA_001587575.1|G0000018
split_0121	GCA_001587575.1|G0000019
split_0121	GCA_002009975.1|G0000023
split_0121	GCA_002010065.2|G0000025
split_0121	GCA_002494725.1|G0000031
split_0121	GCA_002499195.1|G0000037
split_0121	GCA_002502625.1|G0000038
split_0121	GCA_002505405.1|G0000039
split_0121	GCA_002506015.1|G0000040
split_0121	GCA_002897955.1|G0000043
split_0121	GCA_002898395.1|G0000044
split_0121	GCA_003019595.1|G0000045
split_0121	GCA_003104905.1|G0000046
split_0121	GCA_003194445.1|G0000050
split_0121	GCA_003650785.1|G0000054
split_0121	GCA_003660555.1|G0000055
split_0121	GCA_003660605.1|G0000056
split_0121	GCA_003660975.1|G0000058
split_0121	GCA_003695745.1|G0000063
split_0121	GCA_004347965.1|G0000065
split_0121	GCA_013306035.1|G0000080
split_0121	GCA_013331375.1|G0000081
split_0121	GCA_013426015.1|G0000082
split_0121	GCA_015520145.1|G0000086
split_0121	GCA_015520265.1|G0000087
split_0121	GCA_015520265.1|G0000088
split_0121	GCA_015520705.1|G0000094
split_0121	GCA_015520705.1|G0000095
split_0121	GCA_015520735.1|G0000096
split_0121	GCA_015521085.1|G0000097
split_0121	GCA_015521085.1|G0000098
split_0121	GCA_015521115.1|G0000099
split_0121	GCA_015521115.1|G0000100
split_0121	GCA_015521295.1|G0000101
split_0121	GCA_015521325.1|G0000103
split_0121	GCA_015521685.1|G0000105
split_0121	GCA_015521685.1|G0000106
split_0121	GCA_015521735.1|G0000108
split_0121	GCA_016841265.1|G0000114
split_0121	GCA_016931555.1|G0000117
split_0121	GCA_017609985.1|G0000119
split_0121	GCA_017610205.1|G0000120
split_0121	GCA_017883965.1|G0000121
split_0121	GCA_018650285.1|G0000128
split_0121	GCA_018819225.1|G0000129
split_0121	GCA_019429385.1|G0000131
split_0121	GCA_020356005.1|G0000136
split_0121	GCA_021108405.1|G0000139
split_0121	GCA_021813385.1|G0000148
split_0121	GCA_022759365.1|G0000149
split_0121	GCA_023252215.1|G0000152
split_0121	GCA_025059075.1|G0000157
split_0121	GCA_026414265.1|G0000165
split_0121	GCA_026989875.1|G0000166
split_0121	GCA_026989875.1|G0000167
split_0121	GCA_027030065.1|G0000173
split_0121	GCA_027030065.1|G0000174
split_0121	GCA_027036135.1|G0000176
split_0121	GCA_027046265.1|G0000178
split_0121	GCA_028713935.1|G0000185
split_0121	GCA_028714235.1|G0000186
split_0121	GCA_028821815.1|G0000187
split_0121	GCA_029259245.1|G0000193
split_0121	GCA_030611265.1|G0000203
split_0121	GCA_030740765.1|G0000206
split_0121	GCA_030750015.1|G0000207
split_0121	GCA_030750015.1|G0000208
split_0121	GCA_030750015.1|G0000209
split_0121	GCA_034659995.1|G0000211
split_0121	GCA_034660795.1|G0000214
split_0121	GCA_036444275.1|G0000219
split_0121	GCA_036446635.1|G0000220
split_0121	GCA_038727495.1|G0000224
split_0121	GCA_038871515.1|G0000233
split_0121	GCA_038874215.1|G0000234
split_0121	GCA_038878695.1|G0000235
split_0121	GCA_038883055.1|G0000237
split_0121	GCA_038884715.1|G0000238
split_0121	GCA_041306075.1|G0000240
split_0121	GCA_903884505.1|G0000247
split_0121	GCA_905171695.1|G0000248
split_0121	GCA_963582685.1|G0000251
split_0121	GCF_000007305.1|G0000254
split_0121	GCF_000008645.1|G0000256
split_0121	GCF_000015145.1|G0000258
split_0121	GCF_000214415.1|G0000259
split_0121	GOMC.bin.10546|G0000263
split_0121	GOMC.bin.1205|G0000264
split_0121	GOMC.bin.14286|G0000265
split_0121	GOMC.bin.16739|G0000267
split_0121	GOMC.bin.2724|G0000276
split_0121	GOMC.bin.2765|G0000278
split_0121	GOMC.bin.2890|G0000285
split_0121	GOMC.bin.2900|G0000287
split_0121	GOMC.bin.4375|G0000294
split_0121	GOMC.bin.874|G0000298
split_0122	GCA_000166095.1|G0000005
split_0122	GCA_000246735.1|G0000006
split_0122	GCA_000309865.1|G0000009
split_0122	GCA_000495735.1|G0000013
split_0122	GCA_001507955.1|G0000016
split_0122	GCA_001563335.1|G0000017
split_0122	GCA_001587575.1|G0000018
split_0122	GCA_001587575.1|G0000019
split_0122	GCA_002009975.1|G0000023
split_0122	GCA_002010065.2|G0000025
split_0122	GCA_002494725.1|G0000031
split_0122	GCA_002499195.1|G0000037
split_0122	GCA_002502625.1|G0000038
split_0122	GCA_002505405.1|G0000039
split_0122	GCA_002506015.1|G0000040
split_0122	GCA_002897955.1|G0000043
split_0122	GCA_002898395.1|G0000044
split_0122	GCA_003019595.1|G0000045
split_0122	GCA_003104905.1|G0000046
split_0122	GCA_003194445.1|G0000050
split_0122	GCA_003650785.1|G0000054
split_0122	GCA_003660555.1|G0000055
split_0122	GCA_003660605.1|G0000056
split_0122	GCA_003660975.1|G0000058
split_0122	GCA_003695745.1|G0000063
split_0122	GCA_004347965.1|G0000065
split_0122	GCA_013306035.1|G0000080
split_0122	GCA_013331375.1|G0000081
split_0122	GCA_013426015.1|G0000082
split_0122	GCA_015520145.1|G0000086
split_0122	GCA_015520265.1|G0000087
split_0122	GCA_015520265.1|G0000088
split_0122	GCA_015520705.1|G0000094
split_0122	GCA_015520705.1|G0000095
split_0122	GCA_015520735.1|G0000096
split_0122	GCA_015521085.1|G0000097
split_0122	GCA_015521085.1|G0000098
split_0122	GCA_015521115.1|G0000099
split_0122	GCA_015521115.1|G0000100
split_0122	GCA_015521295.1|G0000101
split_0122	GCA_015521325.1|G0000103
split_0122	GCA_015521685.1|G0000105
split_0122	GCA_015521685.1|G0000106
split_0122	GCA_016841265.1|G0000114
split_0122	GCA_016931555.1|G0000117
split_0122	GCA_017609985.1|G0000119
split_0122	GCA_017610205.1|G0000120
split_0122	GCA_017883965.1|G0000121
split_0122	GCA_018650285.1|G0000128
split_0122	GCA_018819225.1|G0000129
split_0122	GCA_019429385.1|G0000131
split_0122	GCA_020356005.1|G0000136
split_0122	GCA_021108405.1|G0000139
split_0122	GCA_021813385.1|G0000148
split_0122	GCA_022759365.1|G0000149
split_0122	GCA_023252215.1|G0000152
split_0122	GCA_025059075.1|G0000157
split_0122	GCA_026414265.1|G0000165
split_0122	GCA_026989875.1|G0000166
split_0122	GCA_026989875.1|G0000167
split_0122	GCA_027036135.1|G0000176
split_0122	GCA_027046265.1|G0000178
split_0122	GCA_028713935.1|G0000185
split_0122	GCA_028714235.1|G0000186
split_0122	GCA_028821815.1|G0000187
split_0122	GCA_029259245.1|G0000193
split_0122	GCA_030611265.1|G0000203
split_0122	GCA_030740765.1|G0000206
split_0122	GCA_030750015.1|G0000207
split_0122	GCA_030750015.1|G0000208
split_0122	GCA_030750015.1|G0000209
split_0122	GCA_034659995.1|G0000211
split_0122	GCA_034660795.1|G0000214
split_0122	GCA_036444275.1|G0000219
split_0122	GCA_036446635.1|G0000220
split_0122	GCA_038727495.1|G0000224
split_0122	GCA_038871515.1|G0000233
split_0122	GCA_038874215.1|G0000234
split_0122	GCA_038878695.1|G0000235
split_0122	GCA_038883055.1|G0000237
split_0122	GCA_038884715.1|G0000238
split_0122	GCA_041306075.1|G0000240
split_0122	GCA_903884505.1|G0000247
split_0122	GCA_905171695.1|G0000248
split_0122	GCA_963582685.1|G0000251
split_0122	GCF_000007305.1|G0000254
split_0122	GCF_000008645.1|G0000256
split_0122	GCF_000015145.1|G0000258
split_0122	GCF_000214415.1|G0000259
split_0122	GOMC.bin.10546|G0000263
split_0122	GOMC.bin.1205|G0000264
split_0122	GOMC.bin.14286|G0000265
split_0122	GOMC.bin.16739|G0000267
split_0122	GOMC.bin.2724|G0000276
split_0122	GOMC.bin.2765|G0000278
split_0122	GOMC.bin.2890|G0000285
split_0122	GOMC.bin.2900|G0000287
split_0122	GOMC.bin.4375|G0000294
split_0122	GOMC.bin.874|G0000298
split_0123	GCA_000166095.1|G0000005
split_0123	GCA_000246735.1|G0000006
split_0123	GCA_000309865.1|G0000009
split_0123	GCA_000495735.1|G0000013
split_0123	GCA_001507955.1|G0000016
split_0123	GCA_001563335.1|G0000017
split_0123	GCA_001587575.1|G0000018
split_0123	GCA_001587575.1|G0000019
split_0123	GCA_002009975.1|G0000023
split_0123	GCA_002010065.2|G0000025
split_0123	GCA_002494725.1|G0000031
split_0123	GCA_002499195.1|G0000037
split_0123	GCA_002502625.1|G0000038
split_0123	GCA_002505405.1|G0000039
split_0123	GCA_002506015.1|G0000040
split_0123	GCA_002897955.1|G0000043
split_0123	GCA_003019595.1|G0000045
split_0123	GCA_003104905.1|G0000046
split_0123	GCA_003194445.1|G0000050
split_0123	GCA_003650785.1|G0000054
split_0123	GCA_003660555.1|G0000055
split_0123	GCA_003660605.1|G0000056
split_0123	GCA_003660975.1|G0000058
split_0123	GCA_003695745.1|G0000063
split_0123	GCA_004347965.1|G0000065
split_0123	GCA_013306035.1|G0000080
split_0123	GCA_013331375.1|G0000081
split_0123	GCA_013426015.1|G0000082
split_0123	GCA_015520145.1|G0000086
split_0123	GCA_015520705.1|G0000094
split_0123	GCA_015520705.1|G0000095
split_0123	GCA_015521085.1|G0000098
split_0123	GCA_015521115.1|G0000100
split_0123	GCA_015521295.1|G0000101
split_0123	GCA_015521325.1|G0000103
split_0123	GCA_015521685.1|G0000105
split_0123	GCA_015521685.1|G0000106
split_0123	GCA_016841265.1|G0000114
split_0123	GCA_016931555.1|G0000117
split_0123	GCA_017609985.1|G0000119
split_0123	GCA_017610205.1|G0000120
split_0123	GCA_017883965.1|G0000121
split_0123	GCA_018650285.1|G0000128
split_0123	GCA_018819225.1|G0000129
split_0123	GCA_019429385.1|G0000131
split_0123	GCA_020356005.1|G0000136
split_0123	GCA_021108405.1|G0000139
split_0123	GCA_021813385.1|G0000148
split_0123	GCA_023252215.1|G0000152
split_0123	GCA_026414265.1|G0000165
split_0123	GCA_026989875.1|G0000166
split_0123	GCA_026989875.1|G0000167
split_0123	GCA_027036135.1|G0000176
split_0123	GCA_027046265.1|G0000178
split_0123	GCA_028713935.1|G0000185
split_0123	GCA_028714235.1|G0000186
split_0123	GCA_028821815.1|G0000187
split_0123	GCA_029259245.1|G0000193
split_0123	GCA_030611265.1|G0000203
split_0123	GCA_030740765.1|G0000206
split_0123	GCA_030750015.1|G0000207
split_0123	GCA_030750015.1|G0000208
split_0123	GCA_030750015.1|G0000209
split_0123	GCA_034659995.1|G0000211
split_0123	GCA_034660795.1|G0000214
split_0123	GCA_036444275.1|G0000219
split_0123	GCA_036446635.1|G0000220
split_0123	GCA_038727495.1|G0000224
split_0123	GCA_038871515.1|G0000233
split_0123	GCA_038874215.1|G0000234
split_0123	GCA_038878695.1|G0000235
split_0123	GCA_038883055.1|G0000237
split_0123	GCA_038884715.1|G0000238
split_0123	GCA_041306075.1|G0000240
split_0123	GCA_903884505.1|G0000247
split_0123	GCA_905171695.1|G0000248
split_0123	GCA_963582685.1|G0000251
split_0123	GCF_000007305.1|G0000254
split_0123	GCF_000008645.1|G0000256
split_0123	GCF_000015145.1|G0000258
split_0123	GCF_000214415.1|G0000259
split_0123	GOMC.bin.10546|G0000263
split_0123	GOMC.bin.1205|G0000264
split_0123	GOMC.bin.14286|G0000265
split_0123	GOMC.bin.16739|G0000267
split_0123	GOMC.bin.2724|G0000276
split_0123	GOMC.bin.2765|G0000278
split_0123	GOMC.bin.2890|G0000285
split_0123	GOMC.bin.2900|G0000287
split_0123	GOMC.bin.4375|G0000294
split_0123	GOMC.bin.874|G0000298
split_0124	GCA_000166095.1|G0000005
split_0124	GCA_000246735.1|G0000006
split_0124	GCA_000309865.1|G0000009
split_0124	GCA_001507955.1|G0000016
split_0124	GCA_001563335.1|G0000017
split_0124	GCA_001587575.1|G0000018
split_0124	GCA_001587575.1|G0000019
split_0124	GCA_002009975.1|G0000023
split_0124	GCA_002010065.2|G0000025
split_0124	GCA_002494725.1|G0000031
split_0124	GCA_002499195.1|G0000037
split_0124	GCA_002502625.1|G0000038
split_0124	GCA_002505405.1|G0000039
split_0124	GCA_002506015.1|G0000040
split_0124	GCA_002897955.1|G0000043
split_0124	GCA_003104905.1|G0000046
split_0124	GCA_003194445.1|G0000050
split_0124	GCA_003650785.1|G0000054
split_0124	GCA_003660555.1|G0000055
split_0124	GCA_003660605.1|G0000056
split_0124	GCA_003660975.1|G0000058
split_0124	GCA_003695745.1|G0000063
split_0124	GCA_004347965.1|G0000065
split_0124	GCA_013306035.1|G0000080
split_0124	GCA_013331375.1|G0000081
split_0124	GCA_013426015.1|G0000082
split_0124	GCA_015520145.1|G0000086
split_0124	GCA_015520705.1|G0000094
split_0124	GCA_015520705.1|G0000095
split_0124	GCA_015521295.1|G0000101
split_0124	GCA_015521325.1|G0000103
split_0124	GCA_016841265.1|G0000114
split_0124	GCA_016931555.1|G0000117
split_0124	GCA_017609985.1|G0000119
split_0124	GCA_017610205.1|G0000120
split_0124	GCA_017883965.1|G0000121
split_0124	GCA_018650285.1|G0000128
split_0124	GCA_018819225.1|G0000129
split_0124	GCA_019429385.1|G0000131
split_0124	GCA_020356005.1|G0000136
split_0124	GCA_021108405.1|G0000139
split_0124	GCA_021813385.1|G0000148
split_0124	GCA_023252215.1|G0000152
split_0124	GCA_026414265.1|G0000165
split_0124	GCA_026989875.1|G0000166
split_0124	GCA_026989875.1|G0000167
split_0124	GCA_028713935.1|G0000185
split_0124	GCA_028714235.1|G0000186
split_0124	GCA_028821815.1|G0000187
split_0124	GCA_029259245.1|G0000193
split_0124	GCA_030611265.1|G0000203
split_0124	GCA_030740765.1|G0000206
split_0124	GCA_030750015.1|G0000207
split_0124	GCA_030750015.1|G0000208
split_0124	GCA_030750015.1|G0000209
split_0124	GCA_034659995.1|G0000211
split_0124	GCA_034660795.1|G0000214
split_0124	GCA_036444275.1|G0000219
split_0124	GCA_036446635.1|G0000220
split_0124	GCA_038727495.1|G0000224
split_0124	GCA_038871515.1|G0000233
split_0124	GCA_038874215.1|G0000234
split_0124	GCA_038884715.1|G0000238
split_0124	GCA_041306075.1|G0000240
split_0124	GCA_903884505.1|G0000247
split_0124	GCA_905171695.1|G0000248
split_0124	GCA_963582685.1|G0000251
split_0124	GCF_000007305.1|G0000254
split_0124	GCF_000008645.1|G0000256
split_0124	GCF_000214415.1|G0000259
split_0124	GOMC.bin.10546|G0000263
split_0124	GOMC.bin.1205|G0000264
split_0124	GOMC.bin.14286|G0000265
split_0124	GOMC.bin.16739|G0000267
split_0124	GOMC.bin.2724|G0000276
split_0124	GOMC.bin.2765|G0000278
split_0124	GOMC.bin.2890|G0000285
split_0124	GOMC.bin.2900|G0000287
split_0124	GOMC.bin.4375|G0000294
split_0124	GOMC.bin.874|G0000298
split_0125	GCA_000166095.1|G0000005
split_0125	GCA_000246735.1|G0000006
split_0125	GCA_000309865.1|G0000009
split_0125	GCA_001507955.1|G0000016
split_0125	GCA_001563335.1|G0000017
split_0125	GCA_001587575.1|G0000018
split_0125	GCA_001587575.1|G0000019
split_0125	GCA_002009975.1|G0000023
split_0125	GCA_002010065.2|G0000025
split_0125	GCA_002494725.1|G0000031
split_0125	GCA_002499195.1|G0000037
split_0125	GCA_002502625.1|G0000038
split_0125	GCA_002505405.1|G0000039
split_0125	GCA_002506015.1|G0000040
split_0125	GCA_002897955.1|G0000043
split_0125	GCA_003104905.1|G0000046
split_0125	GCA_003194445.1|G0000050
split_0125	GCA_003650785.1|G0000054
split_0125	GCA_003660555.1|G0000055
split_0125	GCA_003660605.1|G0000056
split_0125	GCA_003660975.1|G0000058
split_0125	GCA_003695745.1|G0000063
split_0125	GCA_004347965.1|G0000065
split_0125	GCA_013306035.1|G0000080
split_0125	GCA_013331375.1|G0000081
split_0125	GCA_013426015.1|G0000082
split_0125	GCA_015520145.1|G0000086
split_0125	GCA_015520705.1|G0000094
split_0125	GCA_015520705.1|G0000095
split_0125	GCA_015521295.1|G0000101
split_0125	GCA_016841265.1|G0000114
split_0125	GCA_016931555.1|G0000117
split_0125	GCA_017609985.1|G0000119
split_0125	GCA_017610205.1|G0000120
split_0125	GCA_017883965.1|G0000121
split_0125	GCA_018650285.1|G0000128
split_0125	GCA_018819225.1|G0000129
split_0125	GCA_019429385.1|G0000131
split_0125	GCA_020356005.1|G0000136
split_0125	GCA_021108405.1|G0000139
split_0125	GCA_021813385.1|G0000148
split_0125	GCA_023252215.1|G0000152
split_0125	GCA_026414265.1|G0000165
split_0125	GCA_026989875.1|G0000166
split_0125	GCA_026989875.1|G0000167
split_0125	GCA_028713935.1|G0000185
split_0125	GCA_028714235.1|G0000186
split_0125	GCA_028821815.1|G0000187
split_0125	GCA_029259245.1|G0000193
split_0125	GCA_030611265.1|G0000203
split_0125	GCA_030740765.1|G0000206
split_0125	GCA_030750015.1|G0000207
split_0125	GCA_030750015.1|G0000208
split_0125	GCA_030750015.1|G0000209
split_0125	GCA_034659995.1|G0000211
split_0125	GCA_034660795.1|G0000214
split_0125	GCA_036444275.1|G0000219
split_0125	GCA_036446635.1|G0000220
split_0125	GCA_038871515.1|G0000233
split_0125	GCA_038874215.1|G0000234
split_0125	GCA_038884715.1|G0000238
split_0125	GCA_041306075.1|G0000240
split_0125	GCA_903884505.1|G0000247
split_0125	GCA_905171695.1|G0000248
split_0125	GCA_963582685.1|G0000251
split_0125	GCF_000007305.1|G0000254
split_0125	GCF_000008645.1|G0000256
split_0125	GCF_000214415.1|G0000259
split_0125	GOMC.bin.10546|G0000263
split_0125	GOMC.bin.1205|G0000264
split_0125	GOMC.bin.14286|G0000265
split_0125	GOMC.bin.16739|G0000267
split_0125	GOMC.bin.2724|G0000276
split_0125	GOMC.bin.2765|G0000278
split_0125	GOMC.bin.2890|G0000285
split_0125	GOMC.bin.2900|G0000287
split_0125	GOMC.bin.4375|G0000294
split_0125	GOMC.bin.874|G0000298
split_0126	GCA_000166095.1|G0000005
split_0126	GCA_000246735.1|G0000006
split_0126	GCA_000309865.1|G0000009
split_0126	GCA_001507955.1|G0000016
split_0126	GCA_001563335.1|G0000017
split_0126	GCA_001587575.1|G0000018
split_0126	GCA_001587575.1|G0000019
split_0126	GCA_002009975.1|G0000023
split_0126	GCA_002010065.2|G0000025
split_0126	GCA_002494725.1|G0000031
split_0126	GCA_002499195.1|G0000037
split_0126	GCA_002502625.1|G0000038
split_0126	GCA_002505405.1|G0000039
split_0126	GCA_002506015.1|G0000040
split_0126	GCA_002897955.1|G0000043
split_0126	GCA_003104905.1|G0000046
split_0126	GCA_003194445.1|G0000050
split_0126	GCA_003650785.1|G0000054
split_0126	GCA_003660555.1|G0000055
split_0126	GCA_003660605.1|G0000056
split_0126	GCA_003660975.1|G0000058
split_0126	GCA_003695745.1|G0000063
split_0126	GCA_004347965.1|G0000065
split_0126	GCA_013306035.1|G0000080
split_0126	GCA_013331375.1|G0000081
split_0126	GCA_013426015.1|G0000082
split_0126	GCA_015520145.1|G0000086
split_0126	GCA_015520705.1|G0000094
split_0126	GCA_015520705.1|G0000095
split_0126	GCA_016841265.1|G0000114
split_0126	GCA_016931555.1|G0000117
split_0126	GCA_017609985.1|G0000119
split_0126	GCA_017610205.1|G0000120
split_0126	GCA_017883965.1|G0000121
split_0126	GCA_018650285.1|G0000128
split_0126	GCA_018819225.1|G0000129
split_0126	GCA_019429385.1|G0000131
split_0126	GCA_020356005.1|G0000136
split_0126	GCA_021108405.1|G0000139
split_0126	GCA_021813385.1|G0000148
split_0126	GCA_023252215.1|G0000152
split_0126	GCA_026414265.1|G0000165
split_0126	GCA_026989875.1|G0000166
split_0126	GCA_026989875.1|G0000167
split_0126	GCA_028713935.1|G0000185
split_0126	GCA_028714235.1|G0000186
split_0126	GCA_028821815.1|G0000187
split_0126	GCA_029259245.1|G0000193
split_0126	GCA_030611265.1|G0000203
split_0126	GCA_030740765.1|G0000206
split_0126	GCA_030750015.1|G0000207
split_0126	GCA_030750015.1|G0000208
split_0126	GCA_030750015.1|G0000209
split_0126	GCA_034659995.1|G0000211
split_0126	GCA_034660795.1|G0000214
split_0126	GCA_036444275.1|G0000219
split_0126	GCA_036446635.1|G0000220
split_0126	GCA_038871515.1|G0000233
split_0126	GCA_038874215.1|G0000234
split_0126	GCA_038884715.1|G0000238
split_0126	GCA_041306075.1|G0000240
split_0126	GCA_903884505.1|G0000247
split_0126	GCA_905171695.1|G0000248
split_0126	GCA_963582685.1|G0000251
split_0126	GCF_000007305.1|G0000254
split_0126	GCF_000008645.1|G0000256
split_0126	GCF_000214415.1|G0000259
split_0126	GOMC.bin.10546|G0000263
split_0126	GOMC.bin.1205|G0000264
split_0126	GOMC.bin.14286|G0000265
split_0126	GOMC.bin.16739|G0000267
split_0126	GOMC.bin.2724|G0000276
split_0126	GOMC.bin.2765|G0000278
split_0126	GOMC.bin.2900|G0000287
split_0126	GOMC.bin.4375|G0000294
split_0126	GOMC.bin.874|G0000298
split_0127	GCA_000166095.1|G0000005
split_0127	GCA_000246735.1|G0000006
split_0127	GCA_000309865.1|G0000009
split_0127	GCA_001507955.1|G0000016
split_0127	GCA_001563335.1|G0000017
split_0127	GCA_001587575.1|G0000018
split_0127	GCA_001587575.1|G0000019
split_0127	GCA_002009975.1|G0000023
split_0127	GCA_002010065.2|G0000025
split_0127	GCA_002494725.1|G0000031
split_0127	GCA_002499195.1|G0000037
split_0127	GCA_002502625.1|G0000038
split_0127	GCA_002505405.1|G0000039
split_0127	GCA_002506015.1|G0000040
split_0127	GCA_002897955.1|G0000043
split_0127	GCA_003104905.1|G0000046
split_0127	GCA_003194445.1|G0000050
split_0127	GCA_003650785.1|G0000054
split_0127	GCA_003660555.1|G0000055
split_0127	GCA_003660605.1|G0000056
split_0127	GCA_003660975.1|G0000058
split_0127	GCA_003695745.1|G0000063
split_0127	GCA_013306035.1|G0000080
split_0127	GCA_013331375.1|G0000081
split_0127	GCA_013426015.1|G0000082
split_0127	GCA_015520145.1|G0000086
split_0127	GCA_015520705.1|G0000094
split_0127	GCA_015520705.1|G0000095
split_0127	GCA_016841265.1|G0000114
split_0127	GCA_016931555.1|G0000117
split_0127	GCA_017609985.1|G0000119
split_0127	GCA_017610205.1|G0000120
split_0127	GCA_017883965.1|G0000121
split_0127	GCA_018650285.1|G0000128
split_0127	GCA_018819225.1|G0000129
split_0127	GCA_019429385.1|G0000131
split_0127	GCA_020356005.1|G0000136
split_0127	GCA_021108405.1|G0000139
split_0127	GCA_021813385.1|G0000148
split_0127	GCA_023252215.1|G0000152
split_0127	GCA_026414265.1|G0000165
split_0127	GCA_026989875.1|G0000166
split_0127	GCA_026989875.1|G0000167
split_0127	GCA_028713935.1|G0000185
split_0127	GCA_028714235.1|G0000186
split_0127	GCA_028821815.1|G0000187
split_0127	GCA_029259245.1|G0000193
split_0127	GCA_030611265.1|G0000203
split_0127	GCA_030740765.1|G0000206
split_0127	GCA_030750015.1|G0000207
split_0127	GCA_030750015.1|G0000208
split_0127	GCA_030750015.1|G0000209
split_0127	GCA_034659995.1|G0000211
split_0127	GCA_034660795.1|G0000214
split_0127	GCA_036444275.1|G0000219
split_0127	GCA_036446635.1|G0000220
split_0127	GCA_038871515.1|G0000233
split_0127	GCA_038874215.1|G0000234
split_0127	GCA_038884715.1|G0000238
split_0127	GCA_041306075.1|G0000240
split_0127	GCA_903884505.1|G0000247
split_0127	GCA_905171695.1|G0000248
split_0127	GCA_963582685.1|G0000251
split_0127	GCF_000007305.1|G0000254
split_0127	GCF_000008645.1|G0000256
split_0127	GCF_000214415.1|G0000259
split_0127	GOMC.bin.10546|G0000263
split_0127	GOMC.bin.1205|G0000264
split_0127	GOMC.bin.14286|G0000265
split_0127	GOMC.bin.16739|G0000267
split_0127	GOMC.bin.2724|G0000276
split_0127	GOMC.bin.2765|G0000278
split_0127	GOMC.bin.2900|G0000287
split_0127	GOMC.bin.4375|G0000294
split_0127	GOMC.bin.874|G0000298
split_0128	GCA_000166095.1|G0000005
split_0128	GCA_000246735.1|G0000006
split_0128	GCA_000309865.1|G0000009
split_0128	GCA_001507955.1|G0000016
split_0128	GCA_001563335.1|G0000017
split_0128	GCA_001587575.1|G0000018
split_0128	GCA_001587575.1|G0000019
split_0128	GCA_002009975.1|G0000023
split_0128	GCA_002010065.2|G0000025
split_0128	GCA_002494725.1|G0000031
split_0128	GCA_002499195.1|G0000037
split_0128	GCA_002502625.1|G0000038
split_0128	GCA_002505405.1|G0000039
split_0128	GCA_002506015.1|G0000040
split_0128	GCA_002897955.1|G0000043
split_0128	GCA_003104905.1|G0000046
split_0128	GCA_003194445.1|G0000050
split_0128	GCA_003660555.1|G0000055
split_0128	GCA_003660605.1|G0000056
split_0128	GCA_003660975.1|G0000058
split_0128	GCA_003695745.1|G0000063
split_0128	GCA_013306035.1|G0000080
split_0128	GCA_013331375.1|G0000081
split_0128	GCA_013426015.1|G0000082
split_0128	GCA_015520145.1|G0000086
split_0128	GCA_015520705.1|G0000094
split_0128	GCA_015520705.1|G0000095
split_0128	GCA_016841265.1|G0000114
split_0128	GCA_016931555.1|G0000117
split_0128	GCA_017609985.1|G0000119
split_0128	GCA_017610205.1|G0000120
split_0128	GCA_017883965.1|G0000121
split_0128	GCA_018650285.1|G0000128
split_0128	GCA_018819225.1|G0000129
split_0128	GCA_019429385.1|G0000131
split_0128	GCA_020356005.1|G0000136
split_0128	GCA_021108405.1|G0000139
split_0128	GCA_021813385.1|G0000148
split_0128	GCA_023252215.1|G0000152
split_0128	GCA_026414265.1|G0000165
split_0128	GCA_026989875.1|G0000166
split_0128	GCA_026989875.1|G0000167
split_0128	GCA_028713935.1|G0000185
split_0128	GCA_028714235.1|G0000186
split_0128	GCA_028821815.1|G0000187
split_0128	GCA_029259245.1|G0000193
split_0128	GCA_030611265.1|G0000203
split_0128	GCA_030740765.1|G0000206
split_0128	GCA_030750015.1|G0000207
split_0128	GCA_030750015.1|G0000208
split_0128	GCA_030750015.1|G0000209
split_0128	GCA_034659995.1|G0000211
split_0128	GCA_034660795.1|G0000214
split_0128	GCA_036444275.1|G0000219
split_0128	GCA_036446635.1|G0000220
split_0128	GCA_038871515.1|G0000233
split_0128	GCA_038874215.1|G0000234
split_0128	GCA_038884715.1|G0000238
split_0128	GCA_041306075.1|G0000240
split_0128	GCA_903884505.1|G0000247
split_0128	GCA_905171695.1|G0000248
split_0128	GCA_963582685.1|G0000251
split_0128	GCF_000007305.1|G0000254
split_0128	GCF_000008645.1|G0000256
split_0128	GCF_000214415.1|G0000259
split_0128	GOMC.bin.10546|G0000263
split_0128	GOMC.bin.14286|G0000265
split_0128	GOMC.bin.2765|G0000278
split_0128	GOMC.bin.4375|G0000294
split_0128	GOMC.bin.874|G0000298
split_0129	GCA_000166095.1|G0000005
split_0129	GCA_000246735.1|G0000006
split_0129	GCA_000309865.1|G0000009
split_0129	GCA_001507955.1|G0000016
split_0129	GCA_001587575.1|G0000018
split_0129	GCA_001587575.1|G0000019
split_0129	GCA_002010065.2|G0000025
split_0129	GCA_002494725.1|G0000031
split_0129	GCA_002499195.1|G0000037
split_0129	GCA_002502625.1|G0000038
split_0129	GCA_002505405.1|G0000039
split_0129	GCA_002506015.1|G0000040
split_0129	GCA_002897955.1|G0000043
split_0129	GCA_003104905.1|G0000046
split_0129	GCA_003194445.1|G0000050
split_0129	GCA_003660555.1|G0000055
split_0129	GCA_003660605.1|G0000056
split_0129	GCA_003660975.1|G0000058
split_0129	GCA_003695745.1|G0000063
split_0129	GCA_013306035.1|G0000080
split_0129	GCA_013331375.1|G0000081
split_0129	GCA_013426015.1|G0000082
split_0129	GCA_015520145.1|G0000086
split_0129	GCA_016841265.1|G0000114
split_0129	GCA_016931555.1|G0000117
split_0129	GCA_017609985.1|G0000119
split_0129	GCA_017610205.1|G0000120
split_0129	GCA_017883965.1|G0000121
split_0129	GCA_018650285.1|G0000128
split_0129	GCA_018819225.1|G0000129
split_0129	GCA_019429385.1|G0000131
split_0129	GCA_020356005.1|G0000136
split_0129	GCA_021108405.1|G0000139
split_0129	GCA_021813385.1|G0000148
split_0129	GCA_023252215.1|G0000152
split_0129	GCA_026414265.1|G0000165
split_0129	GCA_026989875.1|G0000166
split_0129	GCA_026989875.1|G0000167
split_0129	GCA_028713935.1|G0000185
split_0129	GCA_028714235.1|G0000186
split_0129	GCA_028821815.1|G0000187
split_0129	GCA_030611265.1|G0000203
split_0129	GCA_030740765.1|G0000206
split_0129	GCA_030750015.1|G0000207
split_0129	GCA_030750015.1|G0000208
split_0129	GCA_030750015.1|G0000209
split_0129	GCA_034659995.1|G0000211
split_0129	GCA_034660795.1|G0000214
split_0129	GCA_036444275.1|G0000219
split_0129	GCA_036446635.1|G0000220
split_0129	GCA_038871515.1|G0000233
split_0129	GCA_038874215.1|G0000234
split_0129	GCA_038884715.1|G0000238
split_0129	GCA_041306075.1|G0000240
split_0129	GCA_903884505.1|G0000247
split_0129	GCA_905171695.1|G0000248
split_0129	GCA_963582685.1|G0000251
split_0129	GCF_000008645.1|G0000256
split_0129	GCF_000214415.1|G0000259
split_0129	GOMC.bin.10546|G0000263
split_0129	GOMC.bin.14286|G0000265
split_0129	GOMC.bin.2765|G0000278
split_0129	GOMC.bin.4375|G0000294
split_0129	GOMC.bin.874|G0000298
split_0130	GCA_000166095.1|G0000005
split_0130	GCA_000309865.1|G0000009
split_0130	GCA_001507955.1|G0000016
split_0130	GCA_001587575.1|G0000018
split_0130	GCA_001587575.1|G0000019
split_0130	GCA_002010065.2|G0000025
split_0130	GCA_002494725.1|G0000031
split_0130	GCA_002506015.1|G0000040
split_0130	GCA_002897955.1|G0000043
split_0130	GCA_003104905.1|G0000046
split_0130	GCA_003194445.1|G0000050
split_0130	GCA_003660555.1|G0000055
split_0130	GCA_003660605.1|G0000056
split_0130	GCA_003660975.1|G0000058
split_0130	GCA_003695745.1|G0000063
split_0130	GCA_013306035.1|G0000080
split_0130	GCA_013331375.1|G0000081
split_0130	GCA_013426015.1|G0000082
split_0130	GCA_015520145.1|G0000086
split_0130	GCA_016841265.1|G0000114
split_0130	GCA_016931555.1|G0000117
split_0130	GCA_017609985.1|G0000119
split_0130	GCA_017610205.1|G0000120
split_0130	GCA_017883965.1|G0000121
split_0130	GCA_018819225.1|G0000129
split_0130	GCA_019429385.1|G0000131
split_0130	GCA_020356005.1|G0000136
split_0130	GCA_021108405.1|G0000139
split_0130	GCA_021813385.1|G0000148
split_0130	GCA_023252215.1|G0000152
split_0130	GCA_026414265.1|G0000165
split_0130	GCA_026989875.1|G0000166
split_0130	GCA_026989875.1|G0000167
split_0130	GCA_028713935.1|G0000185
split_0130	GCA_028714235.1|G0000186
split_0130	GCA_030611265.1|G0000203
split_0130	GCA_030740765.1|G0000206
split_0130	GCA_030750015.1|G0000207
split_0130	GCA_030750015.1|G0000208
split_0130	GCA_030750015.1|G0000209
split_0130	GCA_034659995.1|G0000211
split_0130	GCA_034660795.1|G0000214
split_0130	GCA_036444275.1|G0000219
split_0130	GCA_036446635.1|G0000220
split_0130	GCA_038871515.1|G0000233
split_0130	GCA_038874215.1|G0000234
split_0130	GCA_038884715.1|G0000238
split_0130	GCA_041306075.1|G0000240
split_0130	GCA_903884505.1|G0000247
split_0130	GCA_905171695.1|G0000248
split_0130	GCF_000008645.1|G0000256
split_0130	GCF_000214415.1|G0000259
split_0130	GOMC.bin.10546|G0000263
split_0130	GOMC.bin.2765|G0000278
split_0130	GOMC.bin.4375|G0000294
split_0130	GOMC.bin.874|G0000298
split_0131	GCA_000166095.1|G0000005
split_0131	GCA_000309865.1|G0000009
split_0131	GCA_001507955.1|G0000016
split_0131	GCA_001587575.1|G0000018
split_0131	GCA_001587575.1|G0000019
split_0131	GCA_002010065.2|G0000025
split_0131	GCA_002494725.1|G0000031
split_0131	GCA_002506015.1|G0000040
split_0131	GCA_002897955.1|G0000043
split_0131	GCA_003104905.1|G0000046
split_0131	GCA_003194445.1|G0000050
split_0131	GCA_003660555.1|G0000055
split_0131	GCA_003660605.1|G0000056
split_0131	GCA_003660975.1|G0000058
split_0131	GCA_003695745.1|G0000063
split_0131	GCA_013331375.1|G0000081
split_0131	GCA_013426015.1|G0000082
split_0131	GCA_015520145.1|G0000086
split_0131	GCA_016841265.1|G0000114
split_0131	GCA_016931555.1|G0000117
split_0131	GCA_017609985.1|G0000119
split_0131	GCA_017610205.1|G0000120
split_0131	GCA_017883965.1|G0000121
split_0131	GCA_018819225.1|G0000129
split_0131	GCA_019429385.1|G0000131
split_0131	GCA_021108405.1|G0000139
split_0131	GCA_021813385.1|G0000148
split_0131	GCA_023252215.1|G0000152
split_0131	GCA_026414265.1|G0000165
split_0131	GCA_026989875.1|G0000166
split_0131	GCA_026989875.1|G0000167
split_0131	GCA_028713935.1|G0000185
split_0131	GCA_028714235.1|G0000186
split_0131	GCA_030611265.1|G0000203
split_0131	GCA_030750015.1|G0000207
split_0131	GCA_030750015.1|G0000208
split_0131	GCA_030750015.1|G0000209
split_0131	GCA_034659995.1|G0000211
split_0131	GCA_036444275.1|G0000219
split_0131	GCA_036446635.1|G0000220
split_0131	GCA_038871515.1|G0000233
split_0131	GCA_038874215.1|G0000234
split_0131	GCA_038884715.1|G0000238
split_0131	GCA_041306075.1|G0000240
split_0131	GCA_903884505.1|G0000247
split_0131	GCA_905171695.1|G0000248
split_0131	GCF_000008645.1|G0000256
split_0131	GCF_000214415.1|G0000259
split_0131	GOMC.bin.2765|G0000278
split_0131	GOMC.bin.4375|G0000294
split_0131	GOMC.bin.874|G0000298
split_0132	GCA_000166095.1|G0000005
split_0132	GCA_000309865.1|G0000009
split_0132	GCA_001507955.1|G0000016
split_0132	GCA_001587575.1|G0000018
split_0132	GCA_002010065.2|G0000025
split_0132	GCA_002897955.1|G0000043
split_0132	GCA_003660605.1|G0000056
split_0132	GCA_003695745.1|G0000063
split_0132	GCA_013426015.1|G0000082
split_0132	GCA_015520145.1|G0000086
split_0132	GCA_018819225.1|G0000129
split_0132	GCA_021813385.1|G0000148
split_0132	GCA_026414265.1|G0000165
split_0132	GCA_026989875.1|G0000167
split_0132	GCA_034659995.1|G0000211
split_0132	GCA_036444275.1|G0000219
split_0132	GCA_036446635.1|G0000220
split_0132	GCA_038871515.1|G0000233
split_0132	GCA_038874215.1|G0000234
split_0132	GCF_000008645.1|G0000256
split_0132	GOMC.bin.2765|G0000278
split_0132	GOMC.bin.4375|G0000294
split_0132	GOMC.bin.874|G0000298
split_0133	GCA_000166095.1|G0000005
split_0133	GCA_000309865.1|G0000009
split_0133	GCA_001507955.1|G0000016
split_0133	GCA_001587575.1|G0000018
split_0133	GCA_002010065.2|G0000025
split_0133	GCA_002897955.1|G0000043
split_0133	GCA_003660605.1|G0000056
split_0133	GCA_003695745.1|G0000063
split_0133	GCA_013426015.1|G0000082
split_0133	GCA_015520145.1|G0000086
split_0133	GCA_018819225.1|G0000129
split_0133	GCA_021813385.1|G0000148
split_0133	GCA_026414265.1|G0000165
split_0133	GCA_034659995.1|G0000211
split_0133	GCA_036444275.1|G0000219
split_0133	GCA_036446635.1|G0000220
split_0133	GCA_038871515.1|G0000233
split_0133	GCA_038874215.1|G0000234
split_0133	GCF_000008645.1|G0000256
split_0133	GOMC.bin.2765|G0000278
split_0133	GOMC.bin.4375|G0000294
split_0133	GOMC.bin.874|G0000298
split_0134	GCA_000166095.1|G0000005
split_0134	GCA_000309865.1|G0000009
split_0134	GCA_001507955.1|G0000016
split_0134	GCA_001587575.1|G0000018
split_0134	GCA_002010065.2|G0000025
split_0134	GCA_002897955.1|G0000043
split_0134	GCA_003660605.1|G0000056
split_0134	GCA_003695745.1|G0000063
split_0134	GCA_015520145.1|G0000086
split_0134	GCA_034659995.1|G0000211
split_0134	GCA_036444275.1|G0000219
split_0134	GCA_036446635.1|G0000220
split_0134	GCF_000008645.1|G0000256
split_0134	GOMC.bin.2765|G0000278
split_0134	GOMC.bin.4375|G0000294
split_0134	GOMC.bin.874|G0000298
split_0135	GCA_000166095.1|G0000005
split_0135	GCA_000309865.1|G0000009
split_0135	GCA_001507955.1|G0000016
split_0135	GCA_001587575.1|G0000018
split_0135	GCA_003660605.1|G0000056
split_0135	GCA_034659995.1|G0000211
split_0135	GCF_000008645.1|G0000256
split_0135	GOMC.bin.4375|G0000294
split_0136	GCA_000166095.1|G0000005
split_0136	GCA_000309865.1|G0000009
split_0136	GCA_001507955.1|G0000016
split_0136	GCF_000008645.1|G0000256
split_0137	GCA_000309865.1|G0000009
split_0137	GCA_001507955.1|G0000016
split_0137	GCF_000008645.1|G0000256
split_0138	GCA_001507955.1|G0000016
split_0138	GCF_000008645.1|G0000256
split_0139	GCA_001587575.1|G0000018
split_0139	GCA_003660605.1|G0000056
split_0139	GCA_034659995.1|G0000211
split_0139	GOMC.bin.4375|G0000294
split_0140	GCA_001587575.1|G0000018
split_0140	GCA_003660605.1|G0000056
split_0140	GCA_034659995.1|G0000211
split_0141	GCA_003660605.1|G0000056
split_0141	GCA_034659995.1|G0000211
split_0142	GCA_002010065.2|G0000025
split_0142	GCA_002897955.1|G0000043
split_0142	GCA_003695745.1|G0000063
split_0142	GCA_015520145.1|G0000086
split_0142	GCA_036444275.1|G0000219
split_0142	GCA_036446635.1|G0000220
split_0142	GOMC.bin.2765|G0000278
split_0142	GOMC.bin.874|G0000298
split_0143	GCA_002010065.2|G0000025
split_0143	GCA_002897955.1|G0000043
split_0144	GCA_003695745.1|G0000063
split_0144	GCA_015520145.1|G0000086
split_0144	GCA_036444275.1|G0000219
split_0144	GCA_036446635.1|G0000220
split_0144	GOMC.bin.2765|G0000278
split_0144	GOMC.bin.874|G0000298
split_0145	GCA_003695745.1|G0000063
split_0145	GCA_015520145.1|G0000086
split_0145	GCA_036444275.1|G0000219
split_0145	GCA_036446635.1|G0000220
split_0145	GOMC.bin.2765|G0000278
split_0146	GCA_003695745.1|G0000063
split_0146	GCA_036446635.1|G0000220
split_0147	GCA_015520145.1|G0000086
split_0147	GCA_036444275.1|G0000219
split_0147	GOMC.bin.2765|G0000278
split_0148	GCA_015520145.1|G0000086
split_0148	GCA_036444275.1|G0000219
split_0149	GCA_013426015.1|G0000082
split_0149	GCA_018819225.1|G0000129
split_0149	GCA_021813385.1|G0000148
split_0149	GCA_026414265.1|G0000165
split_0149	GCA_038871515.1|G0000233
split_0149	GCA_038874215.1|G0000234
split_0150	GCA_013426015.1|G0000082
split_0150	GCA_018819225.1|G0000129
split_0150	GCA_021813385.1|G0000148
split_0150	GCA_038871515.1|G0000233
split_0150	GCA_038874215.1|G0000234
split_0151	GCA_013426015.1|G0000082
split_0151	GCA_018819225.1|G0000129
split_0151	GCA_038871515.1|G0000233
split_0152	GCA_013426015.1|G0000082
split_0152	GCA_038871515.1|G0000233
split_0153	GCA_021813385.1|G0000148
split_0153	GCA_038874215.1|G0000234
split_0154	GCA_001587575.1|G0000019
split_0154	GCA_002494725.1|G0000031
split_0154	GCA_002506015.1|G0000040
split_0154	GCA_003104905.1|G0000046
split_0154	GCA_003194445.1|G0000050
split_0154	GCA_003660555.1|G0000055
split_0154	GCA_003660975.1|G0000058
split_0154	GCA_013331375.1|G0000081
split_0154	GCA_016841265.1|G0000114
split_0154	GCA_016931555.1|G0000117
split_0154	GCA_017609985.1|G0000119
split_0154	GCA_017610205.1|G0000120
split_0154	GCA_017883965.1|G0000121
split_0154	GCA_019429385.1|G0000131
split_0154	GCA_021108405.1|G0000139
split_0154	GCA_023252215.1|G0000152
split_0154	GCA_026989875.1|G0000166
split_0154	GCA_028713935.1|G0000185
split_0154	GCA_028714235.1|G0000186
split_0154	GCA_030611265.1|G0000203
split_0154	GCA_030750015.1|G0000207
split_0154	GCA_030750015.1|G0000208
split_0154	GCA_030750015.1|G0000209
split_0154	GCA_038884715.1|G0000238
split_0154	GCA_041306075.1|G0000240
split_0154	GCA_903884505.1|G0000247
split_0154	GCA_905171695.1|G0000248
split_0154	GCF_000214415.1|G0000259
split_0155	GCA_001587575.1|G0000019
split_0155	GCA_002494725.1|G0000031
split_0155	GCA_002506015.1|G0000040
split_0155	GCA_003104905.1|G0000046
split_0155	GCA_003194445.1|G0000050
split_0155	GCA_013331375.1|G0000081
split_0155	GCA_016841265.1|G0000114
split_0155	GCA_016931555.1|G0000117
split_0155	GCA_017609985.1|G0000119
split_0155	GCA_017610205.1|G0000120
split_0155	GCA_017883965.1|G0000121
split_0155	GCA_019429385.1|G0000131
split_0155	GCA_021108405.1|G0000139
split_0155	GCA_023252215.1|G0000152
split_0155	GCA_026989875.1|G0000166
split_0155	GCA_028713935.1|G0000185
split_0155	GCA_028714235.1|G0000186
split_0155	GCA_030611265.1|G0000203
split_0155	GCA_030750015.1|G0000207
split_0155	GCA_030750015.1|G0000209
split_0155	GCA_038884715.1|G0000238
split_0155	GCA_903884505.1|G0000247
split_0155	GCA_905171695.1|G0000248
split_0155	GCF_000214415.1|G0000259
split_0156	GCA_001587575.1|G0000019
split_0156	GCA_002494725.1|G0000031
split_0156	GCA_002506015.1|G0000040
split_0156	GCA_003104905.1|G0000046
split_0156	GCA_003194445.1|G0000050
split_0156	GCA_013331375.1|G0000081
split_0156	GCA_016841265.1|G0000114
split_0156	GCA_016931555.1|G0000117
split_0156	GCA_017609985.1|G0000119
split_0156	GCA_017610205.1|G0000120
split_0156	GCA_017883965.1|G0000121
split_0156	GCA_019429385.1|G0000131
split_0156	GCA_021108405.1|G0000139
split_0156	GCA_023252215.1|G0000152
split_0156	GCA_028713935.1|G0000185
split_0156	GCA_028714235.1|G0000186
split_0156	GCA_030611265.1|G0000203
split_0156	GCA_030750015.1|G0000207
split_0156	GCA_030750015.1|G0000209
split_0156	GCA_038884715.1|G0000238
split_0156	GCA_903884505.1|G0000247
split_0156	GCA_905171695.1|G0000248
split_0156	GCF_000214415.1|G0000259
split_0157	GCA_001587575.1|G0000019
split_0157	GCA_016931555.1|G0000117
split_0157	GCA_028713935.1|G0000185
split_0157	GCA_030750015.1|G0000207
split_0157	GCF_000214415.1|G0000259
split_0158	GCA_016931555.1|G0000117
split_0158	GCA_028713935.1|G0000185
split_0158	GCA_030750015.1|G0000207
split_0158	GCF_000214415.1|G0000259
split_0159	GCA_016931555.1|G0000117
split_0159	GCA_028713935.1|G0000185
split_0159	GCF_000214415.1|G0000259
split_0160	GCA_016931555.1|G0000117
split_0160	GCA_028713935.1|G0000185
split_0161	GCA_002494725.1|G0000031
split_0161	GCA_002506015.1|G0000040
split_0161	GCA_003104905.1|G0000046
split_0161	GCA_003194445.1|G0000050
split_0161	GCA_013331375.1|G0000081
split_0161	GCA_016841265.1|G0000114
split_0161	GCA_017609985.1|G0000119
split_0161	GCA_017610205.1|G0000120
split_0161	GCA_017883965.1|G0000121
split_0161	GCA_019429385.1|G0000131
split_0161	GCA_021108405.1|G0000139
split_0161	GCA_023252215.1|G0000152
split_0161	GCA_028714235.1|G0000186
split_0161	GCA_030611265.1|G0000203
split_0161	GCA_030750015.1|G0000209
split_0161	GCA_038884715.1|G0000238
split_0161	GCA_903884505.1|G0000247
split_0161	GCA_905171695.1|G0000248
split_0162	GCA_002506015.1|G0000040
split_0162	GCA_003104905.1|G0000046
split_0162	GCA_003194445.1|G0000050
split_0162	GCA_013331375.1|G0000081
split_0162	GCA_016841265.1|G0000114
split_0162	GCA_017609985.1|G0000119
split_0162	GCA_017610205.1|G0000120
split_0162	GCA_017883965.1|G0000121
split_0162	GCA_019429385.1|G0000131
split_0162	GCA_021108405.1|G0000139
split_0162	GCA_023252215.1|G0000152
split_0162	GCA_028714235.1|G0000186
split_0162	GCA_030611265.1|G0000203
split_0162	GCA_030750015.1|G0000209
split_0162	GCA_038884715.1|G0000238
split_0162	GCA_903884505.1|G0000247
split_0162	GCA_905171695.1|G0000248
split_0163	GCA_002506015.1|G0000040
split_0163	GCA_003104905.1|G0000046
split_0163	GCA_003194445.1|G0000050
split_0163	GCA_013331375.1|G0000081
split_0163	GCA_016841265.1|G0000114
split_0163	GCA_017609985.1|G0000119
split_0163	GCA_017610205.1|G0000120
split_0163	GCA_017883965.1|G0000121
split_0163	GCA_019429385.1|G0000131
split_0163	GCA_021108405.1|G0000139
split_0163	GCA_023252215.1|G0000152
split_0163	GCA_030611265.1|G0000203
split_0163	GCA_030750015.1|G0000209
split_0163	GCA_038884715.1|G0000238
split_0163	GCA_905171695.1|G0000248
split_0164	GCA_002506015.1|G0000040
split_0164	GCA_003104905.1|G0000046
split_0164	GCA_003194445.1|G0000050
split_0164	GCA_013331375.1|G0000081
split_0164	GCA_017609985.1|G0000119
split_0164	GCA_017610205.1|G0000120
split_0164	GCA_017883965.1|G0000121
split_0164	GCA_023252215.1|G0000152
split_0164	GCA_030750015.1|G0000209
split_0164	GCA_905171695.1|G0000248
split_0165	GCA_002506015.1|G0000040
split_0165	GCA_003104905.1|G0000046
split_0165	GCA_003194445.1|G0000050
split_0165	GCA_017609985.1|G0000119
split_0165	GCA_017610205.1|G0000120
split_0165	GCA_017883965.1|G0000121
split_0165	GCA_023252215.1|G0000152
split_0165	GCA_030750015.1|G0000209
split_0165	GCA_905171695.1|G0000248
split_0166	GCA_002506015.1|G0000040
split_0166	GCA_003104905.1|G0000046
split_0166	GCA_003194445.1|G0000050
split_0166	GCA_017609985.1|G0000119
split_0166	GCA_017883965.1|G0000121
split_0166	GCA_023252215.1|G0000152
split_0166	GCA_030750015.1|G0000209
split_0166	GCA_905171695.1|G0000248
split_0167	GCA_002506015.1|G0000040
split_0167	GCA_003194445.1|G0000050
split_0167	GCA_017609985.1|G0000119
split_0167	GCA_017883965.1|G0000121
split_0167	GCA_023252215.1|G0000152
split_0167	GCA_030750015.1|G0000209
split_0168	GCA_002506015.1|G0000040
split_0168	GCA_003194445.1|G0000050
split_0168	GCA_017609985.1|G0000119
split_0168	GCA_017883965.1|G0000121
split_0169	GCA_002506015.1|G0000040
split_0169	GCA_003194445.1|G0000050
split_0169	GCA_017883965.1|G0000121
split_0170	GCA_002506015.1|G0000040
split_0170	GCA_003194445.1|G0000050
split_0171	GCA_023252215.1|G0000152
split_0171	GCA_030750015.1|G0000209
split_0172	GCA_003104905.1|G0000046
split_0172	GCA_905171695.1|G0000248
split_0173	GCA_016841265.1|G0000114
split_0173	GCA_019429385.1|G0000131
split_0173	GCA_021108405.1|G0000139
split_0173	GCA_030611265.1|G0000203
split_0173	GCA_038884715.1|G0000238
split_0174	GCA_016841265.1|G0000114
split_0174	GCA_019429385.1|G0000131
split_0174	GCA_021108405.1|G0000139
split_0174	GCA_030611265.1|G0000203
split_0175	GCA_019429385.1|G0000131
split_0175	GCA_021108405.1|G0000139
split_0175	GCA_030611265.1|G0000203
split_0176	GCA_019429385.1|G0000131
split_0176	GCA_030611265.1|G0000203
split_0177	GCA_028714235.1|G0000186
split_0177	GCA_903884505.1|G0000247
split_0178	GCA_003660555.1|G0000055
split_0178	GCA_003660975.1|G0000058
split_0178	GCA_030750015.1|G0000208
split_0178	GCA_041306075.1|G0000240
split_0179	GCA_003660555.1|G0000055
split_0179	GCA_030750015.1|G0000208
split_0180	GCA_003660975.1|G0000058
split_0180	GCA_041306075.1|G0000240
split_0181	GCA_013306035.1|G0000080
split_0181	GCA_020356005.1|G0000136
split_0181	GCA_030740765.1|G0000206
split_0181	GCA_034660795.1|G0000214
split_0181	GOMC.bin.10546|G0000263
split_0182	GCA_013306035.1|G0000080
split_0182	GCA_020356005.1|G0000136
split_0182	GOMC.bin.10546|G0000263
split_0183	GCA_013306035.1|G0000080
split_0183	GOMC.bin.10546|G0000263
split_0184	GCA_030740765.1|G0000206
split_0184	GCA_034660795.1|G0000214
split_0185	GCA_000246735.1|G0000006
split_0185	GCA_002499195.1|G0000037
split_0185	GCA_002502625.1|G0000038
split_0185	GCA_002505405.1|G0000039
split_0185	GCA_018650285.1|G0000128
split_0185	GCA_028821815.1|G0000187
split_0185	GCA_963582685.1|G0000251
split_0185	GOMC.bin.14286|G0000265
split_0186	GCA_000246735.1|G0000006
split_0186	GCA_002499195.1|G0000037
split_0186	GCA_002502625.1|G0000038
split_0186	GCA_002505405.1|G0000039
split_0186	GCA_018650285.1|G0000128
split_0186	GCA_028821815.1|G0000187
split_0186	GCA_963582685.1|G0000251
split_0187	GCA_000246735.1|G0000006
split_0187	GCA_002499195.1|G0000037
split_0187	GCA_002505405.1|G0000039
split_0187	GCA_018650285.1|G0000128
split_0187	GCA_028821815.1|G0000187
split_0187	GCA_963582685.1|G0000251
split_0188	GCA_000246735.1|G0000006
split_0188	GCA_002499195.1|G0000037
split_0188	GCA_002505405.1|G0000039
split_0189	GCA_000246735.1|G0000006
split_0189	GCA_002505405.1|G0000039
split_0190	GCA_018650285.1|G0000128
split_0190	GCA_028821815.1|G0000187
split_0190	GCA_963582685.1|G0000251
split_0191	GCA_028821815.1|G0000187
split_0191	GCA_963582685.1|G0000251
split_0192	GCA_001563335.1|G0000017
split_0192	GCA_002009975.1|G0000023
split_0192	GCA_015520705.1|G0000094
split_0192	GCA_015520705.1|G0000095
split_0192	GCA_029259245.1|G0000193
split_0192	GCF_000007305.1|G0000254
split_0193	GCA_001563335.1|G0000017
split_0193	GCA_002009975.1|G0000023
split_0193	GCA_015520705.1|G0000094
split_0193	GCA_015520705.1|G0000095
split_0193	GCA_029259245.1|G0000193
split_0194	GCA_001563335.1|G0000017
split_0194	GCA_002009975.1|G0000023
split_0194	GCA_015520705.1|G0000094
split_0194	GCA_015520705.1|G0000095
split_0195	GCA_001563335.1|G0000017
split_0195	GCA_002009975.1|G0000023
split_0196	GCA_015520705.1|G0000094
split_0196	GCA_015520705.1|G0000095
split_0197	GCA_003650785.1|G0000054
split_0197	GOMC.bin.1205|G0000264
split_0197	GOMC.bin.16739|G0000267
split_0197	GOMC.bin.2724|G0000276
split_0197	GOMC.bin.2900|G0000287
split_0198	GCA_003650785.1|G0000054
split_0198	GOMC.bin.16739|G0000267
split_0198	GOMC.bin.2724|G0000276
split_0198	GOMC.bin.2900|G0000287
split_0199	GCA_003650785.1|G0000054
split_0199	GOMC.bin.2724|G0000276
split_0199	GOMC.bin.2900|G0000287
split_0200	GCA_003650785.1|G0000054
split_0200	GOMC.bin.2900|G0000287
split_0201	GCA_015521295.1|G0000101
split_0201	GOMC.bin.2890|G0000285
split_0202	GCA_015521325.1|G0000103
split_0202	GCA_038727495.1|G0000224
split_0203	GCA_000495735.1|G0000013
split_0203	GCA_003019595.1|G0000045
split_0203	GCA_015521085.1|G0000098
split_0203	GCA_015521115.1|G0000100
split_0203	GCA_015521685.1|G0000105
split_0203	GCA_015521685.1|G0000106
split_0203	GCA_027036135.1|G0000176
split_0203	GCA_027046265.1|G0000178
split_0203	GCA_038878695.1|G0000235
split_0203	GCA_038883055.1|G0000237
split_0203	GCF_000015145.1|G0000258
split_0204	GCA_000495735.1|G0000013
split_0204	GCA_003019595.1|G0000045
split_0204	GCA_015521085.1|G0000098
split_0204	GCA_015521115.1|G0000100
split_0204	GCA_015521685.1|G0000105
split_0204	GCA_027036135.1|G0000176
split_0204	GCA_027046265.1|G0000178
split_0204	GCA_038883055.1|G0000237
split_0204	GCF_000015145.1|G0000258
split_0205	GCA_000495735.1|G0000013
split_0205	GCA_015521085.1|G0000098
split_0205	GCA_015521115.1|G0000100
split_0205	GCA_015521685.1|G0000105
split_0205	GCA_027036135.1|G0000176
split_0205	GCA_027046265.1|G0000178
split_0205	GCF_000015145.1|G0000258
split_0206	GCA_000495735.1|G0000013
split_0206	GCA_015521085.1|G0000098
split_0206	GCA_015521115.1|G0000100
split_0206	GCA_015521685.1|G0000105
split_0207	GCA_000495735.1|G0000013
split_0207	GCA_015521085.1|G0000098
split_0207	GCA_015521685.1|G0000105
split_0208	GCA_000495735.1|G0000013
split_0208	GCA_015521085.1|G0000098
split_0209	GCA_027036135.1|G0000176
split_0209	GCA_027046265.1|G0000178
split_0209	GCF_000015145.1|G0000258
split_0210	GCA_027046265.1|G0000178
split_0210	GCF_000015145.1|G0000258
split_0211	GCA_003019595.1|G0000045
split_0211	GCA_038883055.1|G0000237
split_0212	GCA_015521685.1|G0000106
split_0212	GCA_038878695.1|G0000235
split_0213	GCA_002898395.1|G0000044
split_0213	GCA_015520265.1|G0000087
split_0213	GCA_015520265.1|G0000088
split_0213	GCA_015520735.1|G0000096
split_0213	GCA_015521085.1|G0000097
split_0213	GCA_015521115.1|G0000099
split_0213	GCA_022759365.1|G0000149
split_0213	GCA_025059075.1|G0000157
split_0214	GCA_002898395.1|G0000044
split_0214	GCA_015520265.1|G0000087
split_0214	GCA_015521085.1|G0000097
split_0214	GCA_015521115.1|G0000099
split_0215	GCA_002898395.1|G0000044
split_0215	GCA_015520265.1|G0000087
split_0216	GCA_015521085.1|G0000097
split_0216	GCA_015521115.1|G0000099
split_0217	GCA_015520265.1|G0000088
split_0217	GCA_015520735.1|G0000096
split_0217	GCA_022759365.1|G0000149
split_0217	GCA_025059075.1|G0000157
split_0218	GCA_015520265.1|G0000088
split_0218	GCA_022759365.1|G0000149
split_0219	GCA_015520735.1|G0000096
split_0219	GCA_025059075.1|G0000157
split_0220	GCA_015521735.1|G0000108
split_0220	GCA_027030065.1|G0000173
split_0220	GCA_027030065.1|G0000174
split_0221	GCA_015521735.1|G0000108
split_0221	GCA_027030065.1|G0000173
split_0222	GCA_000389735.1|G0000012
split_0222	GCA_000508305.1|G0000014
split_0222	GCA_000565255.1|G0000015
split_0222	GCA_002497075.1|G0000036
split_0222	GCA_003116855.1|G0000048
split_0222	GCA_009903825.1|G0000074
split_0222	GCA_015520395.1|G0000089
split_0222	GCA_015661855.1|G0000110
split_0222	GCA_019704295.1|G0000133
split_0222	GCA_025340205.1|G0000159
split_0222	GCA_026990885.1|G0000169
split_0222	GCA_027083135.1|G0000179
split_0222	GCA_027083135.1|G0000180
split_0222	GCA_027083135.1|G0000181
split_0222	GCA_027083135.1|G0000182
split_0222	GCA_029258915.1|G0000189
split_0222	GCA_038881895.1|G0000236
split_0222	GOMC.bin.18048|G0000272
split_0222	GOMC.bin.18829|G0000273
split_0222	GOMC.bin.3217|G0000291
split_0223	GCA_000389735.1|G0000012
split_0223	GCA_000508305.1|G0000014
split_0223	GCA_000565255.1|G0000015
split_0223	GCA_002497075.1|G0000036
split_0223	GCA_015661855.1|G0000110
split_0223	GCA_019704295.1|G0000133
split_0223	GOMC.bin.18048|G0000272
split_0224	GCA_000389735.1|G0000012
split_0224	GCA_000508305.1|G0000014
split_0224	GCA_000565255.1|G0000015
split_0224	GCA_019704295.1|G0000133
split_0224	GOMC.bin.18048|G0000272
split_0225	GCA_000389735.1|G0000012
split_0225	GCA_000508305.1|G0000014
split_0225	GCA_000565255.1|G0000015
split_0225	GOMC.bin.18048|G0000272
split_0226	GCA_000508305.1|G0000014
split_0226	GCA_000565255.1|G0000015
split_0226	GOMC.bin.18048|G0000272
split_0227	GCA_000565255.1|G0000015
split_0227	GOMC.bin.18048|G0000272
split_0228	GCA_002497075.1|G0000036
split_0228	GCA_015661855.1|G0000110
split_0229	GCA_003116855.1|G0000048
split_0229	GCA_009903825.1|G0000074
split_0229	GCA_015520395.1|G0000089
split_0229	GCA_025340205.1|G0000159
split_0229	GCA_026990885.1|G0000169
split_0229	GCA_027083135.1|G0000179
split_0229	GCA_027083135.1|G0000180
split_0229	GCA_027083135.1|G0000181
split_0229	GCA_027083135.1|G0000182
split_0229	GCA_029258915.1|G0000189
split_0229	GCA_038881895.1|G0000236
split_0229	GOMC.bin.18829|G0000273
split_0229	GOMC.bin.3217|G0000291
split_0230	GCA_003116855.1|G0000048
split_0230	GCA_009903825.1|G0000074
split_0230	GCA_025340205.1|G0000159
split_0230	GCA_026990885.1|G0000169
split_0230	GCA_029258915.1|G0000189
split_0230	GOMC.bin.3217|G0000291
split_0231	GCA_003116855.1|G0000048
split_0231	GCA_009903825.1|G0000074
split_0231	GCA_026990885.1|G0000169
split_0232	GCA_009903825.1|G0000074
split_0232	GCA_026990885.1|G0000169
split_0233	GCA_025340205.1|G0000159
split_0233	GCA_029258915.1|G0000189
split_0233	GOMC.bin.3217|G0000291
split_0234	GCA_029258915.1|G0000189
split_0234	GOMC.bin.3217|G0000291
split_0235	GCA_015520395.1|G0000089
split_0235	GCA_027083135.1|G0000179
split_0235	GCA_027083135.1|G0000180
split_0235	GCA_027083135.1|G0000181
split_0235	GCA_027083135.1|G0000182
split_0235	GCA_038881895.1|G0000236
split_0235	GOMC.bin.18829|G0000273
split_0236	GCA_015520395.1|G0000089
split_0236	GCA_027083135.1|G0000179
split_0236	GCA_027083135.1|G0000180
split_0236	GCA_027083135.1|G0000181
split_0236	GCA_027083135.1|G0000182
split_0236	GOMC.bin.18829|G0000273
split_0237	GCA_015520395.1|G0000089
split_0237	GOMC.bin.18829|G0000273
split_0238	GCA_027083135.1|G0000179
split_0238	GCA_027083135.1|G0000180
split_0238	GCA_027083135.1|G0000181
split_0238	GCA_027083135.1|G0000182
split_0239	GCA_027083135.1|G0000179
split_0239	GCA_027083135.1|G0000180
split_0239	GCA_027083135.1|G0000182
split_0240	GCA_027083135.1|G0000179
split_0240	GCA_027083135.1|G0000182
split_0241	GCA_000247545.1|G0000007
split_0241	GCA_000380705.1|G0000010
split_0241	GCA_000380705.1|G0000011
split_0241	GCA_002254595.1|G0000028
split_0241	GCA_003116855.1|G0000047
split_0241	GCA_009889585.1|G0000070
split_0241	GCA_009889585.1|G0000072
split_0241	GCA_009903795.1|G0000073
split_0241	GCA_009904015.1|G0000076
split_0241	GCA_021163245.1|G0000146
split_0241	GCA_023269735.1|G0000154
split_0241	GCA_026990885.1|G0000168
split_0241	GCA_027002815.1|G0000171
split_0241	GCA_027036135.1|G0000175
split_0241	GCA_027046265.1|G0000177
split_0241	GCA_029258885.1|G0000188
split_0241	GCA_038727395.1|G0000222
split_0241	GCA_038727495.1|G0000223
split_0241	GCA_038741495.1|G0000225
split_0241	GCF_000258425.1|G0000260
split_0241	GOMC.bin.16739|G0000268
split_0241	GOMC.bin.2724|G0000277
split_0241	GOMC.bin.2847|G0000280
split_0241	GOMC.bin.2857|G0000281
split_0241	GOMC.bin.3628|G0000292
split_0242	GCA_000247545.1|G0000007
split_0242	GCA_027002815.1|G0000171
split_0243	GCA_000380705.1|G0000010
split_0243	GCA_000380705.1|G0000011
split_0243	GCA_002254595.1|G0000028
split_0243	GCA_003116855.1|G0000047
split_0243	GCA_009889585.1|G0000070
split_0243	GCA_009889585.1|G0000072
split_0243	GCA_009903795.1|G0000073
split_0243	GCA_009904015.1|G0000076
split_0243	GCA_021163245.1|G0000146
split_0243	GCA_023269735.1|G0000154
split_0243	GCA_026990885.1|G0000168
split_0243	GCA_027036135.1|G0000175
split_0243	GCA_027046265.1|G0000177
split_0243	GCA_029258885.1|G0000188
split_0243	GCA_038727395.1|G0000222
split_0243	GCA_038727495.1|G0000223
split_0243	GCA_038741495.1|G0000225
split_0243	GCF_000258425.1|G0000260
split_0243	GOMC.bin.16739|G0000268
split_0243	GOMC.bin.2724|G0000277
split_0243	GOMC.bin.2847|G0000280
split_0243	GOMC.bin.2857|G0000281
split_0243	GOMC.bin.3628|G0000292
split_0244	GCA_000380705.1|G0000010
split_0244	GCA_000380705.1|G0000011
split_0244	GCA_002254595.1|G0000028
split_0244	GCA_003116855.1|G0000047
split_0244	GCA_009889585.1|G0000070
split_0244	GCA_009889585.1|G0000072
split_0244	GCA_009903795.1|G0000073
split_0244	GCA_021163245.1|G0000146
split_0244	GCA_023269735.1|G0000154
split_0244	GCA_026990885.1|G0000168
split_0244	GCA_027036135.1|G0000175
split_0244	GCA_027046265.1|G0000177
split_0244	GCA_029258885.1|G0000188
split_0244	GCA_038727395.1|G0000222
split_0244	GCA_038741495.1|G0000225
split_0244	GOMC.bin.16739|G0000268
split_0244	GOMC.bin.2724|G0000277
split_0244	GOMC.bin.2847|G0000280
split_0244	GOMC.bin.2857|G0000281
split_0244	GOMC.bin.3628|G0000292
split_0245	GCA_000380705.1|G0000010
split_0245	GCA_000380705.1|G0000011
split_0245	GCA_002254595.1|G0000028
split_0245	GCA_003116855.1|G0000047
split_0245	GCA_009889585.1|G0000070
split_0245	GCA_009889585.1|G0000072
split_0245	GCA_021163245.1|G0000146
split_0245	GCA_023269735.1|G0000154
split_0245	GCA_026990885.1|G0000168
split_0245	GCA_029258885.1|G0000188
split_0245	GCA_038727395.1|G0000222
split_0245	GCA_038741495.1|G0000225
split_0245	GOMC.bin.16739|G0000268
split_0245	GOMC.bin.2724|G0000277
split_0245	GOMC.bin.2847|G0000280
split_0245	GOMC.bin.2857|G0000281
split_0245	GOMC.bin.3628|G0000292
split_0246	GCA_000380705.1|G0000010
split_0246	GCA_000380705.1|G0000011
split_0246	GCA_002254595.1|G0000028
split_0246	GCA_021163245.1|G0000146
split_0246	GCA_023269735.1|G0000154
split_0246	GCA_029258885.1|G0000188
split_0246	GCA_038727395.1|G0000222
split_0246	GCA_038741495.1|G0000225
split_0246	GOMC.bin.16739|G0000268
split_0246	GOMC.bin.2724|G0000277
split_0246	GOMC.bin.2847|G0000280
split_0246	GOMC.bin.2857|G0000281
split_0246	GOMC.bin.3628|G0000292
split_0247	GCA_000380705.1|G0000010
split_0247	GCA_000380705.1|G0000011
split_0247	GCA_002254595.1|G0000028
split_0247	GCA_021163245.1|G0000146
split_0247	GCA_023269735.1|G0000154
split_0247	GCA_029258885.1|G0000188
split_0247	GCA_038727395.1|G0000222
split_0247	GCA_038741495.1|G0000225
split_0247	GOMC.bin.16739|G0000268
split_0247	GOMC.bin.2847|G0000280
split_0247	GOMC.bin.2857|G0000281
split_0247	GOMC.bin.3628|G0000292
split_0248	GCA_000380705.1|G0000010
split_0248	GCA_000380705.1|G0000011
split_0248	GCA_002254595.1|G0000028
split_0248	GCA_021163245.1|G0000146
split_0248	GCA_023269735.1|G0000154
split_0248	GCA_029258885.1|G0000188
split_0248	GCA_038727395.1|G0000222
split_0248	GCA_038741495.1|G0000225
split_0248	GOMC.bin.16739|G0000268
split_0248	GOMC.bin.2847|G0000280
split_0248	GOMC.bin.2857|G0000281
split_0249	GCA_000380705.1|G0000010
split_0249	GCA_000380705.1|G0000011
split_0249	GOMC.bin.2857|G0000281
split_0250	GCA_000380705.1|G0000010
split_0250	GCA_000380705.1|G0000011
split_0251	GCA_002254595.1|G0000028
split_0251	GCA_021163245.1|G0000146
split_0251	GCA_023269735.1|G0000154
split_0251	GCA_029258885.1|G0000188
split_0251	GCA_038727395.1|G0000222
split_0251	GCA_038741495.1|G0000225
split_0251	GOMC.bin.16739|G0000268
split_0251	GOMC.bin.2847|G0000280
split_0252	GCA_002254595.1|G0000028
split_0252	GCA_021163245.1|G0000146
split_0252	GCA_023269735.1|G0000154
split_0252	GCA_038727395.1|G0000222
split_0252	GCA_038741495.1|G0000225
split_0252	GOMC.bin.2847|G0000280
split_0253	GCA_002254595.1|G0000028
split_0253	GCA_023269735.1|G0000154
split_0253	GCA_038727395.1|G0000222
split_0253	GCA_038741495.1|G0000225
split_0253	GOMC.bin.2847|G0000280
split_0254	GCA_023269735.1|G0000154
split_0254	GCA_038727395.1|G0000222
split_0254	GCA_038741495.1|G0000225
split_0254	GOMC.bin.2847|G0000280
split_0255	GCA_023269735.1|G0000154
split_0255	GCA_038727395.1|G0000222
split_0255	GCA_038741495.1|G0000225
split_0256	GCA_038727395.1|G0000222
split_0256	GCA_038741495.1|G0000225
split_0257	GCA_029258885.1|G0000188
split_0257	GOMC.bin.16739|G0000268
split_0258	GCA_003116855.1|G0000047
split_0258	GCA_009889585.1|G0000070
split_0258	GCA_009889585.1|G0000072
split_0258	GCA_026990885.1|G0000168
split_0259	GCA_003116855.1|G0000047
split_0259	GCA_026990885.1|G0000168
split_0260	GCA_009889585.1|G0000070
split_0260	GCA_009889585.1|G0000072
split_0261	GCA_009903795.1|G0000073
split_0261	GCA_027036135.1|G0000175
split_0261	GCA_027046265.1|G0000177
split_0262	GCA_027036135.1|G0000175
split_0262	GCA_027046265.1|G0000177
split_0263	GCA_009904015.1|G0000076
split_0263	GCA_038727495.1|G0000223
split_0263	GCF_000258425.1|G0000260
split_0264	GCA_009904015.1|G0000076
split_0264	GCF_000258425.1|G0000260
split_0265	GCA_002009975.1|G0000024
split_0265	GCA_002011085.2|G0000026
split_0265	GCA_015520705.1|G0000092
split_0265	GCA_015520705.1|G0000093
split_0265	GCA_015523545.1|G0000109
split_0265	GCA_029259245.1|G0000194
split_0265	GCF_000007305.1|G0000255
split_0265	GOMC.bin.18048|G0000271
split_0266	GCA_002009975.1|G0000024
split_0266	GCA_015520705.1|G0000092
split_0266	GCA_015520705.1|G0000093
split_0266	GCA_029259245.1|G0000194
split_0266	GCF_000007305.1|G0000255
split_0267	GCA_002009975.1|G0000024
split_0267	GCA_015520705.1|G0000093
split_0267	GCA_029259245.1|G0000194
split_0267	GCF_000007305.1|G0000255
split_0268	GCA_002009975.1|G0000024
split_0268	GCF_000007305.1|G0000255
split_0269	GCA_015520705.1|G0000093
split_0269	GCA_029259245.1|G0000194
split_0270	GCA_002011085.2|G0000026
split_0270	GCA_015523545.1|G0000109
split_0270	GOMC.bin.18048|G0000271
split_0271	GCA_002011085.2|G0000026
split_0271	GOMC.bin.18048|G0000271
split_0272	GCA_018992685.1|G0000130
split_0272	GOMC.bin.4375|G0000293
split_0272	GOMC.bin.4375|G0000295
split_0273	GCA_018992685.1|G0000130
split_0273	GOMC.bin.4375|G0000295
split_0274	GCA_001717025.1|G0000022
split_0274	GCA_002494765.1|G0000032
split_0274	GCA_003660605.1|G0000057
split_0274	GCA_003661125.1|G0000059
split_0274	GCA_011049295.1|G0000077
split_0274	GCA_011052825.1|G0000078
split_0274	GCA_020350825.1|G0000134
split_0274	GCA_021159125.1|G0000141
split_0274	GCA_029762575.1|G0000195
split_0274	GCA_030604065.1|G0000201
split_0274	GCA_030606525.1|G0000202
split_0274	GCA_030612095.1|G0000204
split_0274	GCA_034190325.1|G0000210
split_0274	GCA_034659995.1|G0000212
split_0274	GCA_034660695.1|G0000213
split_0274	GCA_054798775.1|G0000246
split_0274	GOMC.bin.2408|G0000274
split_0274	SRR22580806_bin.15|G0000300
split_0275	GCA_001717025.1|G0000022
split_0275	GCA_002494765.1|G0000032
split_0275	GCA_003660605.1|G0000057
split_0275	GCA_011049295.1|G0000077
split_0275	GCA_011052825.1|G0000078
split_0275	GCA_020350825.1|G0000134
split_0275	GCA_021159125.1|G0000141
split_0275	GCA_029762575.1|G0000195
split_0275	GCA_030604065.1|G0000201
split_0275	GCA_030606525.1|G0000202
split_0275	GCA_030612095.1|G0000204
split_0275	GCA_034659995.1|G0000212
split_0275	GCA_034660695.1|G0000213
split_0275	GCA_054798775.1|G0000246
split_0275	GOMC.bin.2408|G0000274
split_0275	SRR22580806_bin.15|G0000300
split_0276	GCA_001717025.1|G0000022
split_0276	GCA_002494765.1|G0000032
split_0276	GCA_003660605.1|G0000057
split_0276	GCA_011049295.1|G0000077
split_0276	GCA_011052825.1|G0000078
split_0276	GCA_020350825.1|G0000134
split_0276	GCA_021159125.1|G0000141
split_0276	GCA_029762575.1|G0000195
split_0276	GCA_030604065.1|G0000201
split_0276	GCA_030606525.1|G0000202
split_0276	GCA_030612095.1|G0000204
split_0276	GCA_034659995.1|G0000212
split_0276	GCA_034660695.1|G0000213
split_0276	GOMC.bin.2408|G0000274
split_0276	SRR22580806_bin.15|G0000300
split_0277	GCA_001717025.1|G0000022
split_0277	GCA_002494765.1|G0000032
split_0277	GCA_003660605.1|G0000057
split_0277	GCA_011049295.1|G0000077
split_0277	GCA_011052825.1|G0000078
split_0277	GCA_020350825.1|G0000134
split_0277	GCA_021159125.1|G0000141
split_0277	GCA_029762575.1|G0000195
split_0277	GCA_030604065.1|G0000201
split_0277	GCA_030612095.1|G0000204
split_0277	GCA_034659995.1|G0000212
split_0277	GCA_034660695.1|G0000213
split_0277	GOMC.bin.2408|G0000274
split_0278	GCA_001717025.1|G0000022
split_0278	GCA_003660605.1|G0000057
split_0278	GCA_020350825.1|G0000134
split_0278	GCA_029762575.1|G0000195
split_0278	GCA_030604065.1|G0000201
split_0278	GCA_030612095.1|G0000204
split_0278	GCA_034659995.1|G0000212
split_0278	GOMC.bin.2408|G0000274
split_0279	GCA_001717025.1|G0000022
split_0279	GCA_003660605.1|G0000057
split_0279	GCA_020350825.1|G0000134
split_0279	GCA_029762575.1|G0000195
split_0279	GCA_030604065.1|G0000201
split_0279	GCA_030612095.1|G0000204
split_0279	GCA_034659995.1|G0000212
split_0280	GCA_001717025.1|G0000022
split_0280	GCA_003660605.1|G0000057
split_0280	GCA_020350825.1|G0000134
split_0280	GCA_029762575.1|G0000195
split_0280	GCA_030612095.1|G0000204
split_0280	GCA_034659995.1|G0000212
split_0281	GCA_001717025.1|G0000022
split_0281	GCA_003660605.1|G0000057
split_0281	GCA_034659995.1|G0000212
split_0282	GCA_003660605.1|G0000057
split_0282	GCA_034659995.1|G0000212
split_0283	GCA_020350825.1|G0000134
split_0283	GCA_029762575.1|G0000195
split_0283	GCA_030612095.1|G0000204
split_0284	GCA_020350825.1|G0000134
split_0284	GCA_030612095.1|G0000204
split_0285	GCA_002494765.1|G0000032
split_0285	GCA_011049295.1|G0000077
split_0285	GCA_011052825.1|G0000078
split_0285	GCA_021159125.1|G0000141
split_0285	GCA_034660695.1|G0000213
split_0286	GCA_011049295.1|G0000077
split_0286	GCA_011052825.1|G0000078
split_0286	GCA_021159125.1|G0000141
split_0286	GCA_034660695.1|G0000213
split_0287	GCA_011049295.1|G0000077
split_0287	GCA_021159125.1|G0000141
split_0287	GCA_034660695.1|G0000213
split_0288	GCA_011049295.1|G0000077
split_0288	GCA_021159125.1|G0000141
split_0289	GCA_030606525.1|G0000202
split_0289	SRR22580806_bin.15|G0000300
split_0290	GCA_003661125.1|G0000059
split_0290	GCA_034190325.1|G0000210
split_0291	GCA_021161865.1|G0000145
split_0291	GCA_029907465.1|G0000199
split_0292	GCA_002067865.1|G0000027
split_0292	GCA_002497075.1|G0000035
split_0292	GCA_003135935.1|G0000049
split_0292	GCA_003552585.1|G0000051
split_0292	GCA_026394375.1|G0000163
split_0292	GCA_028679985.1|G0000184
split_0293	GCA_002067865.1|G0000027
split_0293	GCA_002497075.1|G0000035
split_0293	GCA_003135935.1|G0000049
split_0293	GCA_003552585.1|G0000051
split_0293	GCA_026394375.1|G0000163
split_0294	GCA_002067865.1|G0000027
split_0294	GCA_002497075.1|G0000035
split_0294	GCA_003552585.1|G0000051
split_0294	GCA_026394375.1|G0000163
split_0295	GCA_002067865.1|G0000027
split_0295	GCA_003552585.1|G0000051
split_0296	GCA_002497075.1|G0000035
split_0296	GCA_026394375.1|G0000163
split_0297	GCA_014859835.1|G0000085
split_0297	GCA_035529455.1|G0000217
