seq	mag_id	profile	source	branch_label	edge_num	top_lwr	second_lwr	top_loglik
ERR6430833_bin.2_S.2_64	ERR6430833_bin.2	dALP	reference	ambiguous				
ERR6430833_bin.2_S.55_4	ERR6430833_bin.2	cALP	reference	ambiguous				
GCA_000247545.1_S.1_316	GCA_000247545.1	dALP	reference	dALP_enriched				
GCA_000270325.1_S.1_795	GCA_000270325.1	dALP	reference	dALP_enriched				
GCA_000405685.1_S.6_30	GCA_000405685.1	dALP	reference	dALP_enriched				
GCA_000494145.1_S.71_10	GCA_000494145.1	dALP	reference	dALP_enriched				
GCA_000960885.1_S.175_11	GCA_000960885.1	dALP	reference	dALP_enriched				
GCA_001189275.1_S.1_1525	GCA_001189275.1	dALP	reference	dALP_enriched				
GCA_001516585.1_S.1_5	GCA_001516585.1	dALP	reference	dALP_enriched				
GCA_001563335.1_S.109_28	GCA_001563335.1	cALP	reference	cALP_enriched				
GCA_001717005.1_S.56_2	GCA_001717005.1	dALP	reference	dALP_enriched				
GCA_001717025.1_S.70_4	GCA_001717025.1	dALP	reference	dALP_enriched				
GCA_001768965.1_S.30_12	GCA_001768965.1	dALP	reference	dALP_enriched				
GCA_001940655.1_S.19_20	GCA_001940655.1	dALP	reference	cALP_enriched				
GCA_001940655.1_S.82_1	GCA_001940655.1	cALP	reference	cALP_enriched				
GCA_001940665.2_S.1_525	GCA_001940665.2	cALP	reference	cALP_enriched				
GCA_001940705.1_S.178_2	GCA_001940705.1	cALP	reference	cALP_enriched				
GOMC.bin.32939_S.20_5	GOMC.bin.32939	cALP	reference	cALP_enriched				
GOMC.bin.3004_S.10_7	GOMC.bin.3004	dALP	reference	dALP_enriched				
GCA_002255025.1_S.73_11	GCA_002255025.1	cALP	reference	ambiguous				
GCA_002255025.1_S.83_4	GCA_002255025.1	dALP	reference	dALP_enriched				
GCA_002255045.1_S.80_7	GCA_002255045.1	dALP	reference	dALP_enriched				
GCA_002496475.1_S.4_6	GCA_002496475.1	dALP	reference	dALP_enriched				
GCA_002508315.1_S.12_9	GCA_002508315.1	dALP	reference	dALP_enriched				
GCA_002898395.1_S.1_29	GCA_002898395.1	dALP	reference	dALP_enriched				
GCA_003056285.1_S.19_10	GCA_003056285.1	dALP	reference	dALP_enriched				
GCA_003144275.1_S.100_6	GCA_003144275.1	cALP	reference	cALP_enriched				
GCA_003345545.1_S.12_97	GCA_003345545.1	cALP	reference	cALP_enriched				
GCA_003345555.1_S.57_45	GCA_003345555.1	cALP	reference	cALP_enriched				
GCA_003345595.1_S.26_4	GCA_003345595.1	cALP	reference	cALP_enriched				
GCA_003649155.1_S.127_4	GCA_003649155.1	dALP	reference	dALP_enriched				
GOMC.bin.2873_S.3_14	GOMC.bin.2873	dALP	reference	dALP_enriched				
GOMC.bin.3202_S.82_32	GOMC.bin.3202	dALP	reference	dALP_enriched				
GOMC.bin.2851_S.185_5	GOMC.bin.2851	dALP	reference	dALP_enriched				
GOMC.bin.2724_S.128_6	GOMC.bin.2724	dALP	reference	dALP_enriched				
GOMC.bin.2866_S.40_11	GOMC.bin.2866	dALP	reference	dALP_enriched				
GOMC.bin.2857_S.72_14	GOMC.bin.2857	dALP	reference	dALP_enriched				
GOMC.bin.2899_S.155_13	GOMC.bin.2899	dALP	reference	dALP_enriched				
GCA_003650815.1_S.121_4	GCA_003650815.1	dALP	reference	dALP_enriched				
GCA_003650925.1_S.1_65	GCA_003650925.1	dALP	reference	dALP_enriched				
GOMC.bin.3227_S.24_3	GOMC.bin.3227	dALP	reference	dALP_enriched				
GOMC.bin.2897_S.86_3	GOMC.bin.2897	dALP	reference	dALP_enriched				
GOMC.bin.2807_S.267_7	GOMC.bin.2807	dALP	reference	dALP_enriched				
GCA_003661385.1_S.54_10	GCA_003661385.1	dALP	reference	dALP_enriched				
GOMC.bin.2762_S.108_5	GOMC.bin.2762	dALP	reference	dALP_enriched				
GCA_054387815.1_S.35_7	GCA_054387815.1	cALP	reference	cALP_enriched				
GCA_004375715.1_S.211_15	GCA_004375715.1	dALP	reference	ambiguous				
GCA_004375715.1_S.262_18	GCA_004375715.1	cALP	reference	ambiguous				
GOMC.bin.14008_S.75_8	GOMC.bin.14008	cALP	reference	cALP_enriched				
GCA_004524365.1_S.93_11	GCA_004524365.1	cALP	reference	ambiguous				
GCA_004524385.1_S.73_4	GCA_004524385.1	cALP	reference	cALP_enriched				
GCA_004524385.1_S.96_8	GCA_004524385.1	dALP	reference	cALP_enriched				
GCA_004524435.1_S.196_4	GCA_004524435.1	cALP	reference	cALP_enriched				
GCA_004524445.1_S.24_129	GCA_004524445.1	cALP	reference	cALP_enriched				
GCA_004524535.1_S.36_26	GCA_004524535.1	dALP	reference	ambiguous				
GCA_004524535.1_S.50_9	GCA_004524535.1	cALP	reference	cALP_enriched				
GCA_004524545.1_S.48_28	GCA_004524545.1	cALP	reference	cALP_enriched				
GCA_004524725.1_S.52_9	GCA_004524725.1	cALP	reference	ambiguous				
GCA_004524725.1_S.153_40	GCA_004524725.1	dALP	reference	ambiguous				
GCA_005191415.1_S.102_25	GCA_005191415.1	cALP	reference	cALP_enriched				
GCA_054387055.1_S.168_4	GCA_054387055.1	cALP	reference	cALP_enriched				
GCA_005223125.1_S.2_37	GCA_005223125.1	dALP	reference	dALP_enriched				
GCA_005223125.1_S.56_12	GCA_005223125.1	cALP	reference	cALP_enriched				
GCA_008080735.1_S.2_116	GCA_008080735.1	cALP	reference	cALP_enriched				
GCA_008080735.1_S.26_26	GCA_008080735.1	dALP	reference	ambiguous				
GCA_008080745.1_S.10_72	GCA_008080745.1	cALP	reference	cALP_enriched				
GOMC.bin.7564_S.88_1	GOMC.bin.7564	cALP	reference	cALP_enriched				
GOMC.bin.7564_S.387_4	GOMC.bin.7564	dALP	reference	ambiguous				
GOMC.bin.2212_S.58_1	GOMC.bin.2212	dALP	reference	dALP_enriched				
GOMC.bin.2212_S.199_4	GOMC.bin.2212	cALP	reference	ambiguous				
GCA_011364905.1_S.35_6	GCA_011364905.1	cALP	reference	cALP_enriched				
GCA_011364925.1_S.90_9	GCA_011364925.1	cALP	reference	cALP_enriched				
GCA_011364925.1_S.22_47	GCA_011364925.1	dALP	reference	ambiguous				
GOMC.bin.8267_S.33_17	GOMC.bin.8267	cALP	reference	cALP_enriched				
GCA_016840655.1_S.14_38	GCA_016840655.1	dALP	reference	ambiguous				
GCA_016840655.1_S.57_27	GCA_016840655.1	cALP	reference	cALP_enriched				
GCA_011364985.1_S.11_380	GCA_011364985.1	cALP	reference	cALP_enriched				
GCA_011605715.1_S.123_3	GCA_011605715.1	dALP	reference	dALP_enriched				
GCA_011605725.1_S.7_62	GCA_011605725.1	dALP	reference	dALP_enriched				
GCA_013138615.1_S.150_2	GCA_013138615.1	cALP	reference	cALP_enriched				
GCA_013153275.1_S.26_16	GCA_013153275.1	dALP	reference	dALP_enriched				
GCA_013153895.1_S.137_17	GCA_013153895.1	dALP	reference	dALP_enriched				
GCA_013154355.1_S.86_16	GCA_013154355.1	dALP	reference	dALP_enriched				
GCA_013166775.1_S.97_128	GCA_013166775.1	cALP	reference	cALP_enriched				
GCA_013166775.1_S.80_10	GCA_013166775.1	dALP	reference	ambiguous				
GCA_013166835.1_S.149_7	GCA_013166835.1	dALP	reference	ambiguous				
GCA_013166835.1_S.176_39	GCA_013166835.1	cALP	reference	cALP_enriched				
GCA_013375475.1_S.20_2	GCA_013375475.1	cALP	reference	cALP_enriched				
GCA_013375475.1_S.133_5	GCA_013375475.1	dALP	reference	ambiguous				
GCA_013375485.1_S.225_3	GCA_013375485.1	cALP	reference	cALP_enriched				
GCA_013375485.1_S.235_5	GCA_013375485.1	dALP	reference	dALP_enriched				
GCA_013388835.1_S.24_29	GCA_013388835.1	cALP	reference	cALP_enriched				
GCA_014728035.1_S.34_25	GCA_014728035.1	cALP	reference	ambiguous				
GCA_014729055.1_S.818_9	GCA_014729055.1	dALP	reference	ambiguous				
GCA_014729935.1_S.42_6	GCA_014729935.1	dALP	reference	ambiguous				
GCA_014729935.1_S.201_1	GCA_014729935.1	cALP	reference	cALP_enriched				
GCA_014730165.1_S.336_5	GCA_014730165.1	cALP	reference	ambiguous				
GCA_014730165.1_S.347_46	GCA_014730165.1	dALP	reference	ambiguous				
GCA_014730275.1_S.141_91	GCA_014730275.1	cALP	reference	cALP_enriched				
GCA_015520425.1_S.39_7	GCA_015520425.1	dALP	reference	dALP_enriched				
GCA_015520475.1_S.60_9	GCA_015520475.1	dALP	reference	dALP_enriched				
GCA_015520535.1_S.540_18	GCA_015520535.1	cALP	reference	cALP_enriched				
GCA_015521385.1_S.138_17	GCA_015521385.1	dALP	reference	dALP_enriched				
GCA_015521775.1_S.12_102	GCA_015521775.1	dALP	reference	dALP_enriched				
GCA_015522685.1_S.35_50	GCA_015522685.1	dALP	reference	dALP_enriched				
GCA_015523565.1_S.57_7	GCA_015523565.1	cALP	reference	cALP_enriched				
GOMC.bin.781_S.279_2	GOMC.bin.781	dALP	reference	dALP_enriched				
GCA_048939415.1_S.38_9	GCA_048939415.1	dALP	reference	ambiguous				
GCA_016839265.1_S.1_417	GCA_016839265.1	cALP	reference	cALP_enriched				
GCA_016839275.1_S.84_1	GCA_016839275.1	dALP	reference	cALP_enriched				
GCA_016839275.1_S.115_1	GCA_016839275.1	cALP	reference	cALP_enriched				
GCA_016839365.1_S.21_41	GCA_016839365.1	cALP	reference	cALP_enriched				
GCA_016839365.1_S.71_16	GCA_016839365.1	dALP	reference	ambiguous				
GCA_016839445.1_S.182_26	GCA_016839445.1	cALP	reference	cALP_enriched				
GCA_016839515.1_S.41_73	GCA_016839515.1	cALP	reference	cALP_enriched				
GCA_016839545.1_S.346_4	GCA_016839545.1	cALP	reference	cALP_enriched				
GCA_016839555.1_S.1_415	GCA_016839555.1	cALP	reference	cALP_enriched				
GCA_016839555.1_S.4_175	GCA_016839555.1	dALP	reference	ambiguous				
GCA_016839585.1_S.47_41	GCA_016839585.1	cALP	reference	cALP_enriched				
GCA_016839585.1_S.60_47	GCA_016839585.1	dALP	reference	dALP_enriched				
GCA_016839605.1_S.255_12	GCA_016839605.1	cALP	reference	cALP_enriched				
GCA_016839625.1_S.287_1	GCA_016839625.1	cALP	reference	cALP_enriched				
GCA_016839705.1_S.27_16	GCA_016839705.1	dALP	reference	dALP_enriched				
GCA_016839705.1_S.32_91	GCA_016839705.1	cALP	reference	cALP_enriched				
GCA_016839745.1_S.167_17	GCA_016839745.1	cALP	reference	cALP_enriched				
GCA_016839745.1_S.93_40	GCA_016839745.1	dALP	reference	ambiguous				
GCA_016839765.1_S.55_6	GCA_016839765.1	cALP	reference	cALP_enriched				
GCA_016839765.1_S.82_7	GCA_016839765.1	dALP	reference	ambiguous				
GCA_054390975.1_S.51_1	GCA_054390975.1	cALP	reference	cALP_enriched				
GCA_016839805.1_S.49_19	GCA_016839805.1	dALP	reference	ambiguous				
GCA_016839815.1_S.20_26	GCA_016839815.1	cALP	reference	cALP_enriched				
GCA_016839815.1_S.66_76	GCA_016839815.1	dALP	reference	ambiguous				
GCA_016839915.1_S.81_42	GCA_016839915.1	dALP	reference	dALP_enriched				
GCA_016839915.1_S.162_4	GCA_016839915.1	cALP	reference	cALP_enriched				
GCA_016839945.1_S.119_6	GCA_016839945.1	dALP	reference	ambiguous				
GCA_016839995.1_S.137_2	GCA_016839995.1	dALP	reference	ambiguous				
GCA_016840035.1_S.289_24	GCA_016840035.1	cALP	reference	cALP_enriched				
GCA_016840065.1_S.69_22	GCA_016840065.1	dALP	reference	ambiguous				
GCA_016840085.1_S.83_165	GCA_016840085.1	cALP	reference	cALP_enriched				
GCA_016840085.1_S.79_36	GCA_016840085.1	dALP	reference	dALP_enriched				
GCA_016840095.1_S.107_8	GCA_016840095.1	dALP	reference	ambiguous				
GCA_016840095.1_S.119_1	GCA_016840095.1	cALP	reference	cALP_enriched				
GCA_016840135.1_S.100_19	GCA_016840135.1	dALP	reference	ambiguous				
GCA_016840165.1_S.4_79	GCA_016840165.1	dALP	reference	ambiguous				
GCA_016840165.1_S.54_237	GCA_016840165.1	cALP	reference	cALP_enriched				
GCA_016840585.1_S.138_7	GCA_016840585.1	dALP	reference	ambiguous				
GCA_016840425.1_S.185_6	GCA_016840425.1	cALP	reference	cALP_enriched				
GOMC.bin.16881_S.86_2	GOMC.bin.16881	cALP	reference	ambiguous				
GCA_016840485.1_S.230_3	GCA_016840485.1	cALP	reference	ambiguous				
GCA_016840545.1_S.163_9	GCA_016840545.1	cALP	reference	cALP_enriched				
GCA_016840545.1_S.162_1	GCA_016840545.1	dALP	reference	ambiguous				
GCA_016840795.1_S.27_4	GCA_016840795.1	cALP	reference	cALP_enriched				
GCA_016840585.1_S.83_21	GCA_016840585.1	cALP	reference	cALP_enriched				
GCA_016840625.1_S.36_8	GCA_016840625.1	cALP	reference	cALP_enriched				
GCA_016840745.1_S.279_4	GCA_016840745.1	cALP	reference	cALP_enriched				
GCA_016840725.1_S.222_1	GCA_016840725.1	dALP	reference	dALP_enriched				
GCA_016840745.1_S.337_2	GCA_016840745.1	dALP	reference	ambiguous				
GCA_016840855.1_S.220_8	GCA_016840855.1	cALP	reference	cALP_enriched				
GCA_016926735.1_S.202_5	GCA_016926735.1	cALP	reference	cALP_enriched				
GCA_016926735.1_S.100_42	GCA_016926735.1	dALP	reference	ambiguous				
GCA_016930515.1_S.148_6	GCA_016930515.1	cALP	reference	cALP_enriched				
GCA_016930515.1_S.130_12	GCA_016930515.1	dALP	reference	ambiguous				
GCA_016932935.1_S.275_4	GCA_016932935.1	dALP	reference	ambiguous				
GCA_016933055.1_S.6_279	GCA_016933055.1	cALP	reference	cALP_enriched				
GCA_016933055.1_S.27_38	GCA_016933055.1	dALP	reference	ambiguous				
GCA_016933575.1_S.57_155	GCA_016933575.1	cALP	reference	cALP_enriched				
GCA_038882635.1_S.7_15	GCA_038882635.1	dALP	reference	dALP_enriched				
GCA_038885155.1_S.4_101	GCA_038885155.1	dALP	reference	dALP_enriched				
GCA_038867495.1_S.37_4	GCA_038867495.1	dALP	reference	dALP_enriched				
GCA_017601395.1_S.82_14	GCA_017601395.1	dALP	reference	dALP_enriched				
GCA_017601345.1_S.4_17	GCA_017601345.1	dALP	reference	dALP_enriched				
GCA_018238155.1_S.20_25	GCA_018238155.1	dALP	reference	ambiguous				
GCA_018238155.1_S.45_36	GCA_018238155.1	cALP	reference	cALP_enriched				
GCA_018238205.1_S.64_4	GCA_018238205.1	cALP	reference	cALP_enriched				
GCA_018238375.1_S.258_31	GCA_018238375.1	cALP	reference	cALP_enriched				
GCA_018238545.1_S.52_11	GCA_018238545.1	cALP	reference	cALP_enriched				
GCA_018238545.1_S.42_19	GCA_018238545.1	dALP	reference	ambiguous				
GCA_018238625.1_S.77_31	GCA_018238625.1	cALP	reference	cALP_enriched				
GCA_018238625.1_S.74_37	GCA_018238625.1	dALP	reference	ambiguous				
GCA_018238825.1_S.181_3	GCA_018238825.1	cALP	reference	cALP_enriched				
GCA_018238965.1_S.189_17	GCA_018238965.1	dALP	reference	ambiguous				
GCA_018238965.1_S.27_2	GCA_018238965.1	cALP	reference	cALP_enriched				
GCA_018335335.1_S.25_8	GCA_018335335.1	cALP	reference	cALP_enriched				
GCA_018383895.1_S.108_10	GCA_018383895.1	cALP	reference	cALP_enriched				
GCA_038861695.1_S.3_128	GCA_038861695.1	cALP	reference	cALP_enriched				
GCA_038884295.1_S.20_24	GCA_038884295.1	dALP	reference	dALP_enriched				
GCA_038852005.1_S.14_18	GCA_038852005.1	dALP	reference	dALP_enriched				
GCA_038883075.1_S.1_7	GCA_038883075.1	dALP	reference	dALP_enriched				
GCA_054386155.1_S.89_17	GCA_054386155.1	dALP	reference	ambiguous				
GCA_054385915.1_S.95_89	GCA_054385915.1	cALP	reference	cALP_enriched				
GCA_019056805.1_S.17_108	GCA_019056805.1	cALP	reference	ambiguous				
GCA_019056875.1_S.352_7	GCA_019056875.1	cALP	reference	cALP_enriched				
GCA_019056875.1_S.391_2	GCA_019056875.1	dALP	reference	ambiguous				
GCA_019057355.1_S.53_4	GCA_019057355.1	cALP	reference	cALP_enriched				
GCA_019057355.1_S.202_6	GCA_019057355.1	dALP	reference	ambiguous				
GCA_019057375.1_S.14_4	GCA_019057375.1	dALP	reference	ambiguous				
GOMC.bin.9621_S.343_16	GOMC.bin.9621	cALP	reference	cALP_enriched				
GCA_019057385.1_S.5_139	GCA_019057385.1	cALP	reference	cALP_enriched				
GCA_019057475.1_S.27_18	GCA_019057475.1	cALP	reference	cALP_enriched				
GCA_019057635.1_S.138_2	GCA_019057635.1	cALP	reference	cALP_enriched				
GCA_019057795.1_S.65_140	GCA_019057795.1	cALP	reference	cALP_enriched				
GCA_019057795.1_S.68_56	GCA_019057795.1	dALP	reference	ambiguous				
GCA_019057815.1_S.27_29	GCA_019057815.1	dALP	reference	ambiguous				
GCA_019057815.1_S.35_47	GCA_019057815.1	cALP	reference	ambiguous				
GOMC.bin.9735_S.24_55	GOMC.bin.9735	cALP	reference	cALP_enriched				
GOMC.bin.9735_S.103_3	GOMC.bin.9735	dALP	reference	dALP_enriched				
GCA_019058015.1_S.35_5	GCA_019058015.1	dALP	reference	ambiguous				
GCA_019058015.1_S.83_57	GCA_019058015.1	cALP	reference	cALP_enriched				
GCA_019058135.1_S.336_3	GCA_019058135.1	dALP	reference	ambiguous				
GCA_019058135.1_S.541_6	GCA_019058135.1	cALP	reference	cALP_enriched				
GCA_019058165.1_S.209_10	GCA_019058165.1	cALP	reference	cALP_enriched				
GCA_019058165.1_S.216_3	GCA_019058165.1	dALP	reference	ambiguous				
GCA_019058245.1_S.10_45	GCA_019058245.1	cALP	reference	cALP_enriched				
GCA_019058245.1_S.20_28	GCA_019058245.1	dALP	reference	dALP_enriched				
GCA_019058275.1_S.41_61	GCA_019058275.1	cALP	reference	cALP_enriched				
GCA_019058275.1_S.54_80	GCA_019058275.1	dALP	reference	ambiguous				
GCA_019058295.1_S.2_161	GCA_019058295.1	cALP	reference	cALP_enriched				
GCA_019058295.1_S.26_17	GCA_019058295.1	dALP	reference	ambiguous				
GCA_019058315.1_S.2_91	GCA_019058315.1	dALP	reference	ambiguous				
GCA_019058315.1_S.5_297	GCA_019058315.1	cALP	reference	cALP_enriched				
GCA_019058365.1_S.12_51	GCA_019058365.1	dALP	reference	dALP_enriched				
GCA_019058365.1_S.40_67	GCA_019058365.1	cALP	reference	cALP_enriched				
GCA_019058425.1_S.37_30	GCA_019058425.1	dALP	reference	dALP_enriched				
GCA_019058425.1_S.93_26	GCA_019058425.1	cALP	reference	cALP_enriched				
GCA_019058445.1_S.9_505	GCA_019058445.1	cALP	reference	cALP_enriched				
GCA_019058445.1_S.10_44	GCA_019058445.1	dALP	reference	ambiguous				
GCA_019058495.1_S.265_35	GCA_019058495.1	cALP	reference	cALP_enriched				
GCA_019894715.1_S.220_14	GCA_019894715.1	cALP	reference	cALP_enriched				
GCA_019894715.1_S.177_23	GCA_019894715.1	dALP	reference	ambiguous				
GCA_019894795.1_S.88_6	GCA_019894795.1	cALP	reference	cALP_enriched				
GCA_019894795.1_S.175_1	GCA_019894795.1	dALP	reference	ambiguous				
GCA_019894815.1_S.217_11	GCA_019894815.1	cALP	reference	cALP_enriched				
GCA_019894815.1_S.257_9	GCA_019894815.1	dALP	reference	ambiguous				
GCA_019894855.1_S.4_4	GCA_019894855.1	cALP	reference	cALP_enriched				
GCA_019894855.1_S.98_16	GCA_019894855.1	dALP	reference	ambiguous				
GCA_019894885.1_S.175_2	GCA_019894885.1	cALP	reference	ambiguous				
GCA_019894885.1_S.206_6	GCA_019894885.1	dALP	reference	ambiguous				
GCA_019894955.1_S.187_10	GCA_019894955.1	dALP	reference	ambiguous				
GCA_019894955.1_S.198_6	GCA_019894955.1	cALP	reference	cALP_enriched				
GCA_019894975.1_S.137_6	GCA_019894975.1	cALP	reference	cALP_enriched				
GCA_019894975.1_S.55_46	GCA_019894975.1	dALP	reference	dALP_enriched				
GCA_020343655.1_S.1_217	GCA_020343655.1	cALP	reference	cALP_enriched				
GCA_020343655.1_S.1_1947	GCA_020343655.1	dALP	reference	dALP_enriched				
GCA_020344955.1_S.1_582	GCA_020344955.1	cALP	reference	cALP_enriched				
GCA_020344955.1_S.1_2669	GCA_020344955.1	dALP	reference	dALP_enriched				
GCA_020348985.1_S.1_1030	GCA_020348985.1	cALP	reference	cALP_enriched				
GCA_020353515.1_S.1_2688	GCA_020353515.1	cALP	reference	cALP_enriched				
GCA_020355105.1_S.1_23	GCA_020355105.1	cALP	reference	cALP_enriched				
GCA_020833025.1_S.61_48	GCA_020833025.1	dALP	reference	dALP_enriched				
GCA_020833055.1_S.13_55	GCA_020833055.1	dALP	reference	dALP_enriched				
GCA_020833575.1_S.68_4	GCA_020833575.1	dALP	reference	dALP_enriched				
GCA_021157985.1_S.32_8	GCA_021157985.1	dALP	reference	dALP_enriched				
GCA_021158805.1_S.120_7	GCA_021158805.1	dALP	reference	dALP_enriched				
GCA_021159365.1_S.4_58	GCA_021159365.1	dALP	reference	dALP_enriched				
GCA_021161825.1_S.120_42	GCA_021161825.1	dALP	reference	dALP_enriched				
GCA_021162845.1_S.25_10	GCA_021162845.1	dALP	reference	dALP_enriched				
GCA_021163245.1_S.19_7	GCA_021163245.1	dALP	reference	dALP_enriched				
GOMC.bin.4304_S.93_5	GOMC.bin.4304	dALP	reference	dALP_enriched				
GCA_021323375.2_S.5_26	GCA_021323375.2	dALP	reference	dALP_enriched				
GOMC.bin.12592_S.14_29	GOMC.bin.12592	cALP	reference	cALP_enriched				
GCA_021399345.1_S.125_51	GCA_021399345.1	dALP	reference	ambiguous				
GCA_021399395.1_S.48_4	GCA_021399395.1	cALP	reference	cALP_enriched				
GCA_021399395.1_S.149_12	GCA_021399395.1	dALP	reference	ambiguous				
GCA_021414365.1_S.26_30	GCA_021414365.1	dALP	reference	dALP_enriched				
GCA_021498095.1_S.1_313	GCA_021498095.1	cALP	reference	cALP_enriched				
GCA_021498125.1_S.3_120	GCA_021498125.1	cALP	reference	cALP_enriched				
GCA_021513695.1_S.1_988	GCA_021513695.1	cALP	reference	ambiguous				
GCA_021513715.1_S.1_1072	GCA_021513715.1	cALP	reference	ambiguous				
GCA_021650775.1_S.92_1	GCA_021650775.1	dALP	reference	dALP_enriched				
GCA_021819105.1_S.1_45	GCA_021819105.1	dALP	reference	dALP_enriched				
GCA_021822995.1_S.47_8	GCA_021822995.1	dALP	reference	dALP_enriched				
GCA_021827865.1_S.13_283	GCA_021827865.1	dALP	reference	dALP_enriched				
GCA_021851265.1_S.42_9	GCA_021851265.1	dALP	reference	dALP_enriched				
GCA_022014875.1_S.50_8	GCA_022014875.1	dALP	reference	dALP_enriched				
GCA_022574115.1_S.65_1	GCA_022574115.1	cALP	reference	cALP_enriched				
GCA_022865705.1_S.58_8	GCA_022865705.1	dALP	reference	dALP_enriched				
GCA_023134215.1_S.104_1	GCA_023134215.1	dALP	reference	cALP_enriched				
GCA_023136245.1_S.124_6	GCA_023136245.1	cALP	reference	cALP_enriched				
GCA_054384955.1_S.212_3	GCA_054384955.1	dALP	reference	ambiguous				
GCA_054384955.1_S.63_3	GCA_054384955.1	cALP	reference	cALP_enriched				
GCA_023252335.1_S.116_2	GCA_023252335.1	dALP	reference	dALP_enriched				
GCA_038880875.1_S.30_9	GCA_038880875.1	dALP	reference	dALP_enriched				
GCA_023256215.1_S.10_16	GCA_023256215.1	dALP	reference	dALP_enriched				
GCA_038897935.1_S.2_82	GCA_038897935.1	dALP	reference	dALP_enriched				
GCA_038897555.1_S.8_48	GCA_038897555.1	dALP	reference	dALP_enriched				
GCA_038897415.1_S.2_32	GCA_038897415.1	dALP	reference	dALP_enriched				
GCA_038870235.1_S.21_16	GCA_038870235.1	dALP	reference	dALP_enriched				
GCA_023269735.1_S.10_48	GCA_023269735.1	dALP	reference	dALP_enriched				
GCA_023269855.1_S.16_43	GCA_023269855.1	dALP	reference	dALP_enriched				
GCA_023269865.1_S.28_30	GCA_023269865.1	dALP	reference	dALP_enriched				
GCA_023270155.1_S.116_5	GCA_023270155.1	dALP	reference	ambiguous				
GCA_023270155.1_S.174_9	GCA_023270155.1	cALP	reference	cALP_enriched				
GCA_023539395.1_S.81_51	GCA_023539395.1	dALP	reference	dALP_enriched				
GCA_023539445.1_S.35_75	GCA_023539445.1	dALP	reference	dALP_enriched				
GCA_023539495.1_S.89_33	GCA_023539495.1	dALP	reference	dALP_enriched				
GCA_023705905.1_S.143_7	GCA_023705905.1	cALP	reference	cALP_enriched				
GCA_023705905.1_S.254_5	GCA_023705905.1	dALP	reference	ambiguous				
GCA_023705945.1_S.178_1	GCA_023705945.1	dALP	reference	ambiguous				
GCA_023705945.1_S.192_9	GCA_023705945.1	cALP	reference	cALP_enriched				
GCA_023705985.1_S.10_26	GCA_023705985.1	dALP	reference	ambiguous				
GCA_023705985.1_S.173_1	GCA_023705985.1	cALP	reference	ambiguous				
GCA_024275415.1_S.73_106	GCA_024275415.1	cALP	reference	cALP_enriched				
GCA_024276395.1_S.707_4	GCA_024276395.1	cALP	reference	cALP_enriched				
GCA_024276825.1_S.24_55	GCA_024276825.1	cALP	reference	cALP_enriched				
GCA_038894835.1_S.23_4	GCA_038894835.1	cALP	reference	ambiguous				
GCA_026413695.1_S.253_3	GCA_026413695.1	dALP	reference	dALP_enriched				
GCA_025058055.1_S.6_2	GCA_025058055.1	dALP	reference	dALP_enriched				
GCA_025058225.1_S.5_109	GCA_025058225.1	dALP	reference	dALP_enriched				
GCA_026413845.1_S.44_66	GCA_026413845.1	dALP	reference	dALP_enriched				
GCA_025059205.1_S.29_68	GCA_025059205.1	dALP	reference	dALP_enriched				
GCA_025059415.1_S.22_12	GCA_025059415.1	dALP	reference	dALP_enriched				
GCA_025059595.1_S.22_81	GCA_025059595.1	dALP	reference	dALP_enriched				
GOMC.bin.18465_S.161_4	GOMC.bin.18465	dALP	reference	dALP_enriched				
GOMC.bin.3209_S.30_5	GOMC.bin.3209	dALP	reference	dALP_enriched				
GOMC.bin.3195_S.26_3	GOMC.bin.3195	dALP	reference	dALP_enriched				
GCA_025839675.1_S.1_3334	GCA_025839675.1	cALP	reference	cALP_enriched				
GCA_025839675.1_S.1_1003	GCA_025839675.1	dALP	reference	ambiguous				
GCA_026015185.1_S.95_42	GCA_026015185.1	dALP	reference	dALP_enriched				
GCA_026015225.1_S.104_3	GCA_026015225.1	dALP	reference	dALP_enriched				
GCF_000007225.1_S.1_1577	GCF_000007225.1	dALP	reference	dALP_enriched				
GOMC.bin.3970_S.67_3	GOMC.bin.3970	dALP	reference	dALP_enriched				
GCA_026990885.1_S.187_5	GCA_026990885.1	dALP	reference	dALP_enriched				
GCA_026993975.1_S.165_4	GCA_026993975.1	cALP	reference	ambiguous				
GCA_027001645.1_S.420_1	GCA_027001645.1	cALP	reference	cALP_enriched				
GCA_027002815.1_S.31_14	GCA_027002815.1	dALP	reference	dALP_enriched				
GCA_027016475.1_S.193_4	GCA_027016475.1	cALP	reference	cALP_enriched				
GCA_027017025.1_S.3_2	GCA_027017025.1	dALP	reference	dALP_enriched				
GCA_027017165.1_S.50_2	GCA_027017165.1	dALP	reference	dALP_enriched				
GCA_027031765.1_S.97_5	GCA_027031765.1	cALP	reference	cALP_enriched				
GCA_027031765.1_S.111_5	GCA_027031765.1	dALP	reference	ambiguous				
GCA_027036495.1_S.69_105	GCA_027036495.1	dALP	reference	dALP_enriched				
GOMC.bin.3445_S.63_47	GOMC.bin.3445	dALP	reference	dALP_enriched				
GOMC.bin.3447_S.209_2	GOMC.bin.3447	cALP	reference	cALP_enriched				
GOMC.bin.3488_S.28_2	GOMC.bin.3488	cALP	reference	ambiguous				
GCA_027068725.1_S.467_13	GCA_027068725.1	dALP	reference	dALP_enriched				
GCA_027077875.1_S.276_1	GCA_027077875.1	cALP	reference	cALP_enriched				
GCA_027078475.1_S.72_18	GCA_027078475.1	dALP	reference	dALP_enriched				
GCA_027491395.1_S.26_143	GCA_027491395.1	dALP	reference	dALP_enriched				
GCA_027491415.1_S.30_129	GCA_027491415.1	dALP	reference	dALP_enriched				
GCA_027491435.1_S.5_120	GCA_027491435.1	dALP	reference	dALP_enriched				
GCA_027491455.1_S.119_13	GCA_027491455.1	dALP	reference	dALP_enriched				
GCA_027491485.1_S.2_353	GCA_027491485.1	dALP	reference	dALP_enriched				
GCA_027491735.1_S.16_19	GCA_027491735.1	dALP	reference	dALP_enriched				
GCA_027491785.1_S.47_149	GCA_027491785.1	dALP	reference	dALP_enriched				
GCA_027491845.1_S.115_2	GCA_027491845.1	dALP	reference	dALP_enriched				
GCA_027491915.1_S.4_125	GCA_027491915.1	dALP	reference	dALP_enriched				
GCA_027491935.1_S.5_21	GCA_027491935.1	dALP	reference	dALP_enriched				
GCA_027492035.1_S.9_180	GCA_027492035.1	dALP	reference	dALP_enriched				
GCA_027492205.1_S.6_110	GCA_027492205.1	dALP	reference	dALP_enriched				
GCA_027886795.1_S.190_4	GCA_027886795.1	dALP	reference	dALP_enriched				
GCA_028275385.1_S.23_9	GCA_028275385.1	dALP	reference	dALP_enriched				
GOMC.bin.6596_S.28_12	GOMC.bin.6596	dALP	reference	dALP_enriched				
GCA_029210805.1_S.90_2	GCA_029210805.1	cALP	reference	cALP_enriched				
GCA_054385715.1_S.103_83	GCA_054385715.1	cALP	reference	cALP_enriched				
GCA_029258885.1_S.2_432	GCA_029258885.1	dALP	reference	dALP_enriched				
GOMC.bin.2898_S.150_4	GOMC.bin.2898	dALP	reference	dALP_enriched				
GCA_029259355.1_S.2_96	GCA_029259355.1	dALP	reference	dALP_enriched				
GCA_029785615.1_S.8_14	GCA_029785615.1	dALP	reference	dALP_enriched				
GCA_029785825.1_S.1_1036	GCA_029785825.1	dALP	reference	dALP_enriched				
GCA_054387035.1_S.15_4	GCA_054387035.1	cALP	reference	cALP_enriched				
GCA_029838195.1_S.70_34	GCA_029838195.1	dALP	reference	ambiguous				
GCA_054384155.1_S.1_33	GCA_054384155.1	dALP	reference	ambiguous				
GCA_054384155.1_S.46_28	GCA_054384155.1	cALP	reference	cALP_enriched				
GCA_029850555.1_S.152_10	GCA_029850555.1	dALP	reference	dALP_enriched				
GCA_029855935.1_S.8_112	GCA_029855935.1	cALP	reference	cALP_enriched				
GCA_029856045.1_S.36_142	GCA_029856045.1	cALP	reference	cALP_enriched				
GCA_029856055.1_S.144_2	GCA_029856055.1	cALP	reference	ambiguous				
GCA_029856085.1_S.126_27	GCA_029856085.1	cALP	reference	cALP_enriched				
GCA_029856085.1_S.163_14	GCA_029856085.1	dALP	reference	dALP_enriched				
GOMC.bin.19169_S.43_46	GOMC.bin.19169	dALP	reference	ambiguous				
GOMC.bin.19169_S.96_4	GOMC.bin.19169	cALP	reference	cALP_enriched				
GOMC.bin.27746_S.467_1	GOMC.bin.27746	cALP	reference	cALP_enriched				
GOMC.bin.4504_S.130_10	GOMC.bin.4504	dALP	reference	ambiguous				
GCA_029856145.1_S.3_101	GCA_029856145.1	cALP	reference	cALP_enriched				
GCA_029856145.1_S.24_64	GCA_029856145.1	dALP	reference	dALP_enriched				
GCA_029856155.1_S.87_4	GCA_029856155.1	cALP	reference	cALP_enriched				
GCA_029856155.1_S.52_130	GCA_029856155.1	dALP	reference	dALP_enriched				
GCA_029856235.1_S.216_4	GCA_029856235.1	cALP	reference	cALP_enriched				
GCA_029856235.1_S.105_6	GCA_029856235.1	dALP	reference	ambiguous				
GCA_029856295.1_S.127_6	GCA_029856295.1	dALP	reference	ambiguous				
GCA_029856295.1_S.295_5	GCA_029856295.1	cALP	reference	cALP_enriched				
GOMC.bin.10982_S.278_20	GOMC.bin.10982	cALP	reference	cALP_enriched				
GOMC.bin.12197_S.475_2	GOMC.bin.12197	cALP	reference	cALP_enriched				
GCA_029856435.1_S.65_5	GCA_029856435.1	cALP	reference	cALP_enriched				
GCA_029856445.1_S.60_4	GCA_029856445.1	dALP	reference	dALP_enriched				
GCA_029856445.1_S.326_6	GCA_029856445.1	cALP	reference	cALP_enriched				
GCA_029856635.1_S.44_5	GCA_029856635.1	cALP	reference	ambiguous				
GOMC.bin.2861_S.60_25	GOMC.bin.2861	cALP	reference	ambiguous				
GCA_029858305.1_S.185_60	GCA_029858305.1	cALP	reference	cALP_enriched				
GCA_029882335.1_S.555_23	GCA_029882335.1	cALP	reference	ambiguous				
GCA_029882335.1_S.458_2	GCA_029882335.1	dALP	reference	ambiguous				
GCA_030037995.1_S.186_18	GCA_030037995.1	dALP	reference	dALP_enriched				
GCA_038991975.1_S.4_29	GCA_038991975.1	dALP	reference	dALP_enriched				
GCA_030059675.1_S.16_88	GCA_030059675.1	dALP	reference	dALP_enriched				
GCA_030130125.1_S.43_18	GCA_030130125.1	dALP	reference	dALP_enriched				
GCA_030149205.1_S.2_207	GCA_030149205.1	cALP	reference	cALP_enriched				
GCA_038885955.1_S.25_2	GCA_038885955.1	dALP	reference	dALP_enriched				
GCA_038896855.1_S.5_56	GCA_038896855.1	dALP	reference	dALP_enriched				
GCA_030587365.2_S.537_1	GCA_030587365.2	dALP	reference	cALP_enriched				
GCA_030587475.2_S.59_11	GCA_030587475.2	dALP	reference	ambiguous				
GCA_030587475.2_S.144_20	GCA_030587475.2	cALP	reference	cALP_enriched				
GCA_030587585.2_S.353_7	GCA_030587585.2	cALP	reference	ambiguous				
GCA_030589605.1_S.385_2	GCA_030589605.1	cALP	reference	cALP_enriched				
GCA_030593165.1_S.366_7	GCA_030593165.1	cALP	reference	cALP_enriched				
GCA_030599585.1_S.8_36	GCA_030599585.1	cALP	reference	cALP_enriched				
GCA_030599585.1_S.35_29	GCA_030599585.1	dALP	reference	ambiguous				
GCA_030602675.1_S.282_6	GCA_030602675.1	cALP	reference	cALP_enriched				
GCA_030602675.1_S.427_12	GCA_030602675.1	dALP	reference	ambiguous				
GCA_030603365.1_S.13_52	GCA_030603365.1	cALP	reference	cALP_enriched				
GCA_030603365.1_S.2_65	GCA_030603365.1	dALP	reference	ambiguous				
GCA_030603385.1_S.9_12	GCA_030603385.1	dALP	reference	dALP_enriched				
GCA_030603385.1_S.30_103	GCA_030603385.1	cALP	reference	cALP_enriched				
GCA_030605895.1_S.12_6	GCA_030605895.1	dALP	reference	dALP_enriched				
GCA_030605895.1_S.265_4	GCA_030605895.1	cALP	reference	cALP_enriched				
GCA_030606095.1_S.336_7	GCA_030606095.1	cALP	reference	ambiguous				
GCA_030606095.1_S.319_4	GCA_030606095.1	dALP	reference	ambiguous				
GCA_030606485.1_S.7_36	GCA_030606485.1	cALP	reference	cALP_enriched				
GCA_030606485.1_S.10_569	GCA_030606485.1	dALP	reference	ambiguous				
GCA_030607575.1_S.180_18	GCA_030607575.1	cALP	reference	cALP_enriched				
GCA_030608385.1_S.204_2	GCA_030608385.1	cALP	reference	cALP_enriched				
GCA_030610785.1_S.85_1	GCA_030610785.1	dALP	reference	ambiguous				
GCA_030610785.1_S.199_18	GCA_030610785.1	cALP	reference	cALP_enriched				
GCA_030611625.1_S.194_10	GCA_030611625.1	cALP	reference	cALP_enriched				
GCA_030611625.1_S.316_4	GCA_030611625.1	dALP	reference	dALP_enriched				
GCA_030611665.1_S.25_7	GCA_030611665.1	cALP	reference	cALP_enriched				
GCA_030611665.1_S.92_6	GCA_030611665.1	dALP	reference	ambiguous				
GCA_030612005.1_S.244_8	GCA_030612005.1	cALP	reference	cALP_enriched				
GCA_030612265.1_S.43_3	GCA_030612265.1	cALP	reference	cALP_enriched				
GCA_030612265.1_S.131_4	GCA_030612265.1	dALP	reference	dALP_enriched				
GCA_030612365.1_S.133_11	GCA_030612365.1	cALP	reference	cALP_enriched				
GCA_030612905.1_S.1_4	GCA_030612905.1	cALP	reference	cALP_enriched				
GCA_030612905.1_S.255_7	GCA_030612905.1	dALP	reference	ambiguous				
GCA_030613185.1_S.143_4	GCA_030613185.1	dALP	reference	dALP_enriched				
GCA_030613185.1_S.394_5	GCA_030613185.1	cALP	reference	ambiguous				
GCA_030614005.1_S.82_43	GCA_030614005.1	dALP	reference	cALP_enriched				
GCA_030615145.1_S.104_12	GCA_030615145.1	dALP	reference	ambiguous				
GCA_030615145.1_S.170_3	GCA_030615145.1	cALP	reference	cALP_enriched				
GCA_030615235.1_S.225_4	GCA_030615235.1	cALP	reference	cALP_enriched				
GCA_030615235.1_S.168_3	GCA_030615235.1	dALP	reference	ambiguous				
GCA_054381535.1_S.352_12	GCA_054381535.1	dALP	reference	ambiguous				
GCA_030631995.1_S.116_7	GCA_030631995.1	cALP	reference	cALP_enriched				
GCA_030638685.1_S.137_8	GCA_030638685.1	dALP	reference	ambiguous				
GCA_030638785.1_S.191_14	GCA_030638785.1	dALP	reference	cALP_enriched				
GCA_030667705.1_S.2_2	GCA_030667705.1	cALP	reference	cALP_enriched				
GCA_030667705.1_S.119_2	GCA_030667705.1	dALP	reference	ambiguous				
GCA_030668165.1_S.32_3	GCA_030668165.1	cALP	reference	cALP_enriched				
GCA_030668825.1_S.108_21	GCA_030668825.1	cALP	reference	cALP_enriched				
GCA_030668875.1_S.16_4	GCA_030668875.1	cALP	reference	cALP_enriched				
GCA_030668875.1_S.29_39	GCA_030668875.1	dALP	reference	ambiguous				
GCA_030669595.1_S.132_7	GCA_030669595.1	cALP	reference	cALP_enriched				
GCA_030671945.1_S.59_8	GCA_030671945.1	dALP	reference	ambiguous				
GCA_032159055.1_S.7_5	GCA_032159055.1	dALP	reference	dALP_enriched				
GCA_032249095.1_S.10_6	GCA_032249095.1	dALP	reference	dALP_enriched				
GCA_038895415.1_S.21_27	GCA_038895415.1	dALP	reference	dALP_enriched				
GCA_032249575.1_S.32_6	GCA_032249575.1	dALP	reference	dALP_enriched				
GCA_032906765.1_S.5_156	GCA_032906765.1	dALP	reference	dALP_enriched				
GCA_033581555.1_S.5_81	GCA_033581555.1	dALP	reference	dALP_enriched				
GCA_034660795.1_S.87_16	GCA_034660795.1	cALP	reference	cALP_enriched				
GOMC.bin.4175_S.31_22	GOMC.bin.4175	dALP	reference	dALP_enriched				
GCA_035517955.1_S.125_21	GCA_035517955.1	dALP	reference	dALP_enriched				
GCA_035524675.1_S.86_7	GCA_035524675.1	dALP	reference	dALP_enriched				
GCA_035528035.1_S.13_54	GCA_035528035.1	cALP	reference	cALP_enriched				
GCA_035530895.1_S.28_25	GCA_035530895.1	cALP	reference	cALP_enriched				
GCA_035530895.1_S.100_8	GCA_035530895.1	dALP	reference	ambiguous				
GCA_035531115.1_S.170_29	GCA_035531115.1	cALP	reference	cALP_enriched				
GCA_035531115.1_S.231_2	GCA_035531115.1	dALP	reference	cALP_enriched				
GCA_035638535.1_S.62_5	GCA_035638535.1	dALP	reference	dALP_enriched				
GCA_036478875.1_S.104_9	GCA_036478875.1	cALP	reference	cALP_enriched				
GCA_036478875.1_S.78_21	GCA_036478875.1	dALP	reference	dALP_enriched				
GCA_036833835.1_S.12_39	GCA_036833835.1	dALP	reference	dALP_enriched				
GCA_037305845.1_S.1_1652	GCA_037305845.1	cALP	reference	cALP_enriched				
GCA_037308085.1_S.1_591	GCA_037308085.1	cALP	reference	cALP_enriched				
GCA_037310415.1_S.1_520	GCA_037310415.1	cALP	reference	cALP_enriched				
GCA_037386725.1_S.72_7	GCA_037386725.1	dALP	reference	ambiguous				
GCA_037386725.1_S.126_6	GCA_037386725.1	cALP	reference	cALP_enriched				
GCA_037917675.1_S.41_31	GCA_037917675.1	dALP	reference	dALP_enriched				
GCA_037917685.1_S.6_285	GCA_037917685.1	dALP	reference	dALP_enriched				
GCA_037917695.1_S.154_3	GCA_037917695.1	dALP	reference	dALP_enriched				
GCA_038893495.1_S.1_1140	GCA_038893495.1	dALP	reference	dALP_enriched				
GCA_038854015.1_S.191_58	GCA_038854015.1	dALP	reference	dALP_enriched				
GCA_038888615.1_S.1_470	GCA_038888615.1	dALP	reference	dALP_enriched				
GCF_038883215.1_S.2_123	GCF_038883215.1	dALP	reference	dALP_enriched				
GCA_038895095.1_S.2_102	GCA_038895095.1	dALP	reference	dALP_enriched				
GCA_038898035.1_S.15_24	GCA_038898035.1	dALP	reference	dALP_enriched				
GCF_038893935.1_S.10_12	GCF_038893935.1	dALP	reference	dALP_enriched				
GCA_041641305.1_S.2_133	GCA_041641305.1	dALP	reference	dALP_enriched				
GCA_038886635.1_S.7_49	GCA_038886635.1	dALP	reference	dALP_enriched				
GCA_038741355.1_S.27_3	GCA_038741355.1	dALP	reference	dALP_enriched				
GCA_038893295.1_S.6_74	GCA_038893295.1	dALP	reference	dALP_enriched				
GCA_038868895.1_S.12_7	GCA_038868895.1	dALP	reference	dALP_enriched				
GCA_038867695.1_S.19_10	GCA_038867695.1	dALP	reference	dALP_enriched				
GCA_038874235.1_S.21_2	GCA_038874235.1	dALP	reference	dALP_enriched				
GCA_038867595.1_S.17_29	GCA_038867595.1	dALP	reference	dALP_enriched				
GCA_038897395.1_S.1_456	GCA_038897395.1	cALP	reference	cALP_enriched				
GCA_038894895.1_S.23_7	GCA_038894895.1	dALP	reference	dALP_enriched				
GCA_038893995.1_S.33_18	GCA_038893995.1	cALP	reference	cALP_enriched				
GCA_038825355.1_S.75_5	GCA_038825355.1	dALP	reference	dALP_enriched				
GCA_038869875.1_S.13_31	GCA_038869875.1	dALP	reference	dALP_enriched				
GCA_038825615.1_S.36_2	GCA_038825615.1	cALP	reference	cALP_enriched				
GCA_038826135.1_S.59_9	GCA_038826135.1	cALP	reference	cALP_enriched				
GCA_038834185.1_S.150_6	GCA_038834185.1	dALP	reference	cALP_enriched				
GCA_038867575.1_S.2_67	GCA_038867575.1	dALP	reference	dALP_enriched				
GCA_038851865.1_S.10_34	GCA_038851865.1	dALP	reference	dALP_enriched				
GCA_038870495.1_S.2_128	GCA_038870495.1	dALP	reference	dALP_enriched				
GCA_038850115.1_S.17_8	GCA_038850115.1	dALP	reference	dALP_enriched				
GCA_038874475.1_S.10_40	GCA_038874475.1	dALP	reference	dALP_enriched				
GCA_038852135.1_S.78_6	GCA_038852135.1	dALP	reference	dALP_enriched				
GCA_038852745.1_S.5_68	GCA_038852745.1	dALP	reference	dALP_enriched				
GCA_038864975.1_S.139_2	GCA_038864975.1	cALP	reference	cALP_enriched				
GCA_038882795.1_S.116_5	GCA_038882795.1	dALP	reference	dALP_enriched				
GCA_038883055.1_S.50_8	GCA_038883055.1	dALP	reference	dALP_enriched				
GCA_039630055.1_S.34_52	GCA_039630055.1	dALP	reference	dALP_enriched				
GCA_039630085.1_S.56_19	GCA_039630085.1	dALP	reference	dALP_enriched				
GCA_039793485.1_S.21_33	GCA_039793485.1	dALP	reference	dALP_enriched				
GCA_054384775.1_S.36_13	GCA_054384775.1	cALP	reference	cALP_enriched				
GCA_041287325.1_S.86_6	GCA_041287325.1	dALP	reference	dALP_enriched				
GCA_041305945.1_S.1_2685	GCA_041305945.1	dALP	reference	ambiguous				
GCA_041305945.1_S.1_3192	GCA_041305945.1	cALP	reference	cALP_enriched				
GCA_041479945.1_S.33_15	GCA_041479945.1	dALP	reference	dALP_enriched				
GCA_041641295.1_S.1_399	GCA_041641295.1	dALP	reference	dALP_enriched				
GCA_054386435.1_S.135_1	GCA_054386435.1	cALP	reference	ambiguous				
GCA_052626455.1_S.9_58	GCA_052626455.1	dALP	reference	cALP_enriched				
GCA_902812485.1_S.31_14	GCA_902812485.1	dALP	reference	dALP_enriched				
GCA_937921685.1_S.6_29	GCA_937921685.1	dALP	reference	dALP_enriched				
GCA_937974645.1_S.31_6	GCA_937974645.1	dALP	reference	dALP_enriched				
GCA_938017985.1_S.38_29	GCA_938017985.1	dALP	reference	dALP_enriched				
GCA_938027595.1_S.7_150	GCA_938027595.1	dALP	reference	dALP_enriched				
GCA_938042195.1_S.15_59	GCA_938042195.1	dALP	reference	dALP_enriched				
GCA_938045545.1_S.24_50	GCA_938045545.1	dALP	reference	dALP_enriched				
GCA_938083505.1_S.4_49	GCA_938083505.1	dALP	reference	dALP_enriched				
GOMC.bin.37746_S.68_1	GOMC.bin.37746	dALP	reference	dALP_enriched				
GCF_000015205.1_S.1_936	GCF_000015205.1	dALP	reference	dALP_enriched				
GCF_000015225.1_S.1_528	GCF_000015225.1	dALP	reference	dALP_enriched				
GCF_000015805.1_S.1_1722	GCF_000015805.1	dALP	reference	dALP_enriched				
GCF_000018305.1_S.1_888	GCF_000018305.1	dALP	reference	dALP_enriched				
GCF_000019605.1_S.1_1332	GCF_000019605.1	dALP	reference	dALP_enriched				
GCF_000019805.1_S.1_1435	GCF_000019805.1	dALP	reference	dALP_enriched				
GCF_000148385.1_S.1_1184	GCF_000148385.1	dALP	reference	dALP_enriched				
GCF_000190315.1_S.1_2142	GCF_000190315.1	dALP	reference	dALP_enriched				
GCF_000193375.1_S.1_471	GCF_000193375.1	dALP	reference	dALP_enriched				
GCF_000234805.1_S.1_514	GCF_000234805.1	dALP	reference	dALP_enriched				
GCF_000993805.1_S.1_1375	GCF_000993805.1	dALP	reference	dALP_enriched				
GCF_001316265.1_S.1_244	GCF_001316265.1	dALP	reference	dALP_enriched				
GCF_001663375.1_S.60_4	GCF_001663375.1	dALP	reference	dALP_enriched				
GCF_001748385.1_S.1_276	GCF_001748385.1	dALP	reference	dALP_enriched				
GCF_002077075.2_S.62_14	GCF_002077075.2	dALP	reference	dALP_enriched				
GCF_002506515.1_S.53_2	GCF_002506515.1	dALP	reference	dALP_enriched				
GCF_003947435.1_S.105_26	GCF_003947435.1	dALP	reference	dALP_enriched				
GCF_008000775.2_S.1_423	GCF_008000775.2	cALP	reference	cALP_enriched				
GCF_008000775.2_S.1_2371	GCF_008000775.2	dALP	reference	dALP_enriched				
GCF_014876775.1_S.1_904	GCF_014876775.1	dALP	reference	dALP_enriched				
GCF_021083305.1_S.18_1	GCF_021083305.1	cALP	reference	ambiguous				
GCF_022693705.1_S.1_1067	GCF_022693705.1	dALP	reference	dALP_enriched				
GCF_023256255.1_S.47_21	GCF_023256255.1	dALP	reference	dALP_enriched				
GCF_025641885.1_S.1_253	GCF_025641885.1	dALP	reference	dALP_enriched				
GCF_026000775.1_S.1_830	GCF_026000775.1	dALP	reference	dALP_enriched				
GOMC.bin.16906_S.63_7	GOMC.bin.16906	cALP	reference	ambiguous				
GOMC.bin.16970_S.170_1	GOMC.bin.16970	cALP	reference	ambiguous				
GOMC.bin.2203_S.10_3	GOMC.bin.2203	dALP	reference	dALP_enriched				
GOMC.bin.2599_S.181_13	GOMC.bin.2599	dALP	reference	cALP_enriched				
GOMC.bin.1960_S.46_8	GOMC.bin.1960	dALP	reference	dALP_enriched				
GOMC.bin.2762_S.358_1	GOMC.bin.2762	cALP	reference	ambiguous				
GOMC.bin.2843_S.162_11	GOMC.bin.2843	dALP	reference	dALP_enriched				
GOMC.bin.2973_S.33_30	GOMC.bin.2973	cALP	reference	ambiguous				
GOMC.bin.2988_S.69_1	GOMC.bin.2988	dALP	reference	ambiguous				
GOMC.bin.8271_S.62_1	GOMC.bin.8271	dALP	reference	cALP_enriched				
GCA_054381595.1_S.364_2	GCA_054381595.1	cALP	reference	cALP_enriched				
GCA_054386375.1_S.83_6	GCA_054386375.1	dALP	reference	cALP_enriched				
GOMC.bin.7971_S.230_4	GOMC.bin.7971	dALP	query	ambiguous	3	0.766015	0.233945	-75975.467492
GCF_038878795.1_S.1_178	GCF_038878795.1	dALP	query	dALP_enriched	5	0.845124	0.154876	-85504.165326
GCA_038741575.1_S.7_27	GCA_038741575.1	dALP	query	dALP_enriched	5	0.845124	0.154876	-85504.165326
GCF_038733985.1_S.6_164	GCF_038733985.1	dALP	query	dALP_enriched	5	0.845124	0.154876	-85504.165326
GCA_038741535.1_S.1_47	GCA_038741535.1	dALP	query	dALP_enriched	11	1.000000	0.000000	-85480.409562
GCA_038997855.1_S.20_7	GCA_038997855.1	dALP	query	dALP_enriched	13	1.000000	0.000000	-85479.085849
GCA_038896035.1_S.21_12	GCA_038896035.1	dALP	query	dALP_enriched	13	1.000000	0.000000	-85482.807128
GCA_038815115.1_S.1_170	GCA_038815115.1	dALP	query	dALP_enriched	25	0.994113	0.000000	-85474.300653
GCA_038877435.1_S.5_8	GCA_038877435.1	dALP	query	dALP_enriched	36	1.000000	0.000000	-85487.247508
GOMC.bin.4134_S.6_10	GOMC.bin.4134	dALP	query	dALP_enriched	75	0.513209	0.243711	-85520.869027
GOMC.bin.4131_S.141_5	GOMC.bin.4131	dALP	query	dALP_enriched	78	0.999998	0.000000	-85480.388929
GCA_003649205.1_S.7_7	GCA_003649205.1	dALP	query	dALP_enriched	85	1.000000	0.000000	-85469.151027
GOMC.bin.17330_S.437_5	GOMC.bin.17330	dALP	query	dALP_enriched	87	1.000000	0.000000	-85465.016845
GCA_038836495.1_S.1_23	GCA_038836495.1	dALP	query	dALP_enriched	90	0.531968	0.468032	-85503.273048
GCA_038728105.1_S.7_11	GCA_038728105.1	dALP	query	dALP_enriched	90	0.532003	0.467997	-85506.563270
GCA_038837015.1_S.1_198	GCA_038837015.1	dALP	query	dALP_enriched	90	0.532270	0.467730	-85505.581882
GCA_038891755.1_S.11_29	GCA_038891755.1	dALP	query	dALP_enriched	90	0.532270	0.467730	-85505.581882
GCA_038727095.1_S.1_119	GCA_038727095.1	dALP	query	dALP_enriched	90	0.999952	0.000000	-85513.810355
GCA_038819995.1_S.2_44	GCA_038819995.1	dALP	query	dALP_enriched	90	0.999958	0.000000	-85503.973076
GCA_038893585.1_S.1_194	GCA_038893585.1	dALP	query	dALP_enriched	90	0.531968	0.468032	-85503.273048
GCA_038728565.1_S.3_42	GCA_038728565.1	dALP	query	dALP_enriched	90	0.999952	0.000000	-85513.810355
GCA_038733015.1_S.5_26	GCA_038733015.1	dALP	query	dALP_enriched	90	0.999952	0.000000	-85513.810355
GCA_038897675.1_S.14_10	GCA_038897675.1	dALP	query	dALP_enriched	90	0.531968	0.468032	-85503.273048
GCA_038741495.1_S.2_109	GCA_038741495.1	dALP	query	dALP_enriched	98	1.000000	0.000000	-85499.044554
GCA_038844245.1_S.1_125	GCA_038844245.1	dALP	query	dALP_enriched	98	1.000000	0.000000	-85530.047334
GCA_038892515.1_S.11_6	GCA_038892515.1	dALP	query	dALP_enriched	98	1.000000	0.000000	-85524.029424
GCF_038872975.1_S.1_1740	GCF_038872975.1	dALP	query	dALP_enriched	100	1.000000	0.000000	-85481.655894
GCF_038873655.1_S.9_44	GCF_038873655.1	dALP	query	dALP_enriched	100	1.000000	0.000000	-85481.655894
GOMC.bin.2731_S.168_4	GOMC.bin.2731	dALP	query	dALP_enriched	113	0.711052	0.273026	-85607.751649
GCA_003650675.1_S.7_16	GCA_003650675.1	dALP	query	dALP_enriched	116	1.000000	0.000000	-85497.621081
GOMC.bin.18164_S.76_2	GOMC.bin.18164	dALP	query	dALP_enriched	118	1.000000	0.000000	-85512.207898
GOMC.bin.2964_S.91_14	GOMC.bin.2964	dALP	query	dALP_enriched	118	1.000000	0.000000	-85514.775589
GOMC.bin.16587_S.45_1	GOMC.bin.16587	dALP	query	dALP_enriched	131	0.659855	0.170901	-85002.239490
GOMC.bin.2983_S.64_4	GOMC.bin.2983	dALP	query	dALP_enriched	131	0.656131	0.170591	-85624.310477
GOMC.bin.16408_S.91_7	GOMC.bin.16408	dALP	query	dALP_enriched	121	1.000000	0.000000	-85451.817260
GOMC.bin.3235_S.315_2	GOMC.bin.3235	dALP	query	dALP_enriched	124	0.687894	0.241442	-85237.807752
GOMC.bin.16828_S.46_2	GOMC.bin.16828	dALP	query	dALP_enriched	128	1.000000	0.000000	-85520.388293
GOMC.bin.18072_S.103_4	GOMC.bin.18072	dALP	query	dALP_enriched	131	0.656131	0.170591	-85624.310477
GOMC.bin.17737_S.249_5	GOMC.bin.17737	dALP	query	dALP_enriched	131	0.656131	0.170591	-85624.310477
GOMC.bin.16897_S.311_4	GOMC.bin.16897	dALP	query	dALP_enriched	131	0.656131	0.170591	-85624.310477
GOMC.bin.18511_S.53_4	GOMC.bin.18511	dALP	query	dALP_enriched	131	0.656131	0.170591	-85624.310477
GOMC.bin.17480_S.60_5	GOMC.bin.17480	dALP	query	dALP_enriched	131	0.656131	0.170591	-85624.310477
GOMC.bin.1937_S.203_4	GOMC.bin.1937	dALP	query	dALP_enriched	131	0.656131	0.170591	-85624.310477
GOMC.bin.16398_S.110_6	GOMC.bin.16398	dALP	query	dALP_enriched	131	0.656131	0.170591	-85624.310477
GOMC.bin.17031_S.127_4	GOMC.bin.17031	dALP	query	dALP_enriched	131	0.656131	0.170591	-85624.310477
GOMC.bin.1203_S.157_3	GOMC.bin.1203	dALP	query	dALP_enriched	167	1.000000	0.000000	-85235.738445
GCA_026986575.1_S.4_327	GCA_026986575.1	dALP	query	dALP_enriched	178	0.992007	0.000000	-85486.268012
GCA_038734835.1_S.19_23	GCA_038734835.1	dALP	query	dALP_enriched	195	1.000000	0.000000	-84663.554025
GCA_038840125.1_S.17_4	GCA_038840125.1	dALP	query	dALP_enriched	195	1.000000	0.000000	-84674.126427
GOMC.bin.16759_S.53_13	GOMC.bin.16759	dALP	query	dALP_enriched	219	1.000000	0.000000	-85575.040038
GOMC.bin.4336_S.286_7	GOMC.bin.4336	dALP	query	dALP_enriched	235	0.965810	0.032009	-84082.138215
GOMC.bin.2987_S.194_1	GOMC.bin.2987	dALP	query	dALP_enriched	238	0.999792	0.000000	-85524.232403
GOMC.bin.2968_S.148_1	GOMC.bin.2968	dALP	query	dALP_enriched	240	0.970187	0.029153	-85570.089288
GCA_025061095.1_S.42_2	GCA_025061095.1	dALP	query	dALP_enriched	245	1.000000	0.000000	-85444.758272
GOMC.bin.17756_S.205_3	GOMC.bin.17756	dALP	query	dALP_enriched	250	1.000000	0.000000	-73454.336757
GCA_038843675.1_S.1_66	GCA_038843675.1	dALP	query	dALP_enriched	267	0.999767	0.000000	-85162.247633
GCA_038871695.1_S.2_5	GCA_038871695.1	dALP	query	dALP_enriched	267	0.999767	0.000000	-85162.247633
GCA_038870165.1_S.2_64	GCA_038870165.1	dALP	query	dALP_enriched	274	0.525544	0.474456	-85468.452147
GCA_038883535.1_S.1_8	GCA_038883535.1	dALP	query	dALP_enriched	278	1.000000	0.000000	-85220.817112
GCA_038895255.1_S.4_5	GCA_038895255.1	dALP	query	dALP_enriched	278	1.000000	0.000000	-85216.918234
GCA_038817275.1_S.41_5	GCA_038817275.1	dALP	query	dALP_enriched	278	1.000000	0.000000	-85216.918234
GCA_038872815.1_S.17_1	GCA_038872815.1	dALP	query	dALP_enriched	284	1.000000	0.000000	-79785.513142
GCA_038733095.1_S.6_14	GCA_038733095.1	dALP	query	dALP_enriched	293	1.000000	0.000000	-85426.436037
GCA_038727905.1_S.5_4	GCA_038727905.1	dALP	query	dALP_enriched	293	1.000000	0.000000	-85426.436037
GCA_038863925.1_S.9_48	GCA_038863925.1	dALP	query	dALP_enriched	297	0.813846	0.186154	-85142.567264
GCA_038871875.1_S.47_7	GCA_038871875.1	dALP	query	dALP_enriched	298	1.000000	0.000000	-85157.371685
GCA_038860295.1_S.11_7	GCA_038860295.1	dALP	query	dALP_enriched	297	0.813846	0.186154	-85142.567264
GCA_038886405.1_S.2_130	GCA_038886405.1	dALP	query	dALP_enriched	308	0.999924	0.000000	-85455.701607
GCA_038831385.1_S.5_41	GCA_038831385.1	dALP	query	dALP_enriched	308	0.999924	0.000000	-85455.701607
GCA_038890215.1_S.14_7	GCA_038890215.1	dALP	query	dALP_enriched	308	0.999924	0.000000	-85455.701607
GCA_038869395.1_S.6_21	GCA_038869395.1	dALP	query	dALP_enriched	308	0.999935	0.000000	-85449.785759
GCA_038895535.1_S.11_18	GCA_038895535.1	dALP	query	dALP_enriched	308	0.999924	0.000000	-85455.701607
GCA_038885875.1_S.20_2	GCA_038885875.1	dALP	query	dALP_enriched	308	0.999924	0.000000	-85455.701607
GCA_038829325.1_S.1_113	GCA_038829325.1	dALP	query	dALP_enriched	308	0.999924	0.000000	-85455.701607
GCA_038891375.1_S.10_19	GCA_038891375.1	dALP	query	dALP_enriched	308	0.999924	0.000000	-85455.701607
GCA_038884995.1_S.9_9	GCA_038884995.1	dALP	query	dALP_enriched	308	0.999935	0.000000	-85449.785759
GCA_025054515.1_S.44_6	GCA_025054515.1	dALP	query	dALP_enriched	312	1.000000	0.000000	-85463.326392
GCA_038885335.1_S.1_34	GCA_038885335.1	dALP	query	dALP_enriched	313	1.000000	0.000000	-85443.336543
GCA_038845135.1_S.1_190	GCA_038845135.1	dALP	query	dALP_enriched	325	1.000000	0.000000	-85165.420743
GCA_038868555.1_S.45_9	GCA_038868555.1	dALP	query	dALP_enriched	325	1.000000	0.000000	-85165.420743
GCA_038891575.1_S.3_116	GCA_038891575.1	dALP	query	dALP_enriched	345	1.000000	0.000000	-85465.837251
GCA_038828535.1_S.12_14	GCA_038828535.1	dALP	query	dALP_enriched	345	1.000000	0.000000	-85465.837251
GCA_038819045.1_S.1_84	GCA_038819045.1	dALP	query	dALP_enriched	345	1.000000	0.000000	-85471.015720
GCA_038828015.1_S.2_235	GCA_038828015.1	dALP	query	dALP_enriched	347	1.000000	0.000000	-85430.398387
GCA_038829405.1_S.8_44	GCA_038829405.1	dALP	query	dALP_enriched	351	1.000000	0.000000	-77952.048679
GCA_038855195.1_S.1_40	GCA_038855195.1	dALP	query	dALP_enriched	351	1.000000	0.000000	-85455.163242
GCA_038728165.1_S.89_3	GCA_038728165.1	dALP	query	dALP_enriched	357	1.000000	0.000000	-85463.180103
GCA_038881105.1_S.1_377	GCA_038881105.1	dALP	query	dALP_enriched	357	1.000000	0.000000	-85463.666283
GCA_038856095.1_S.35_4	GCA_038856095.1	dALP	query	dALP_enriched	357	1.000000	0.000000	-85463.666283
GCA_038887235.1_S.1_815	GCA_038887235.1	dALP	query	dALP_enriched	357	1.000000	0.000000	-85459.663845
GCA_038874635.1_S.4_31	GCA_038874635.1	dALP	query	dALP_enriched	373	1.000000	0.000000	-85461.682816
GCA_038840955.1_S.9_51	GCA_038840955.1	dALP	query	dALP_enriched	373	1.000000	0.000000	-85464.835182
GCA_038864815.1_S.1_122	GCA_038864815.1	dALP	query	dALP_enriched	379	1.000000	0.000000	-85441.903550
GCA_038742095.1_S.1_183	GCA_038742095.1	dALP	query	dALP_enriched	379	1.000000	0.000000	-85441.903550
GCA_038879115.1_S.2_34	GCA_038879115.1	dALP	query	dALP_enriched	379	1.000000	0.000000	-85441.903550
GCA_038865505.1_S.1_86	GCA_038865505.1	dALP	query	dALP_enriched	379	1.000000	0.000000	-85441.903550
GOMC.bin.17810_S.89_2	GOMC.bin.17810	dALP	query	dALP_enriched	383	0.565349	0.296995	-85578.518177
GOMC.bin.3222_S.14_6	GOMC.bin.3222	dALP	query	dALP_enriched	383	0.561446	0.305130	-85575.244585
GCA_038888685.1_S.147_3	GCA_038888685.1	dALP	query	dALP_enriched	388	1.000000	0.000000	-85473.625701
GCA_038735245.1_S.42_6	GCA_038735245.1	dALP	query	dALP_enriched	388	1.000000	0.000000	-85455.071176
GCA_038822315.1_S.2_75	GCA_038822315.1	dALP	query	dALP_enriched	388	1.000000	0.000000	-85455.071176
GOMC.bin.17831_S.265_1	GOMC.bin.17831	dALP	query	dALP_enriched	392	1.000000	0.000000	-77440.075565
GOMC.bin.1206_S.3_5	GOMC.bin.1206	dALP	query	dALP_enriched	397	0.520478	0.229420	-85571.195709
GCA_017601305.1_S.96_23	GCA_017601305.1	dALP	query	dALP_enriched	405	0.801114	0.057267	-85466.754718
GCA_017601365.1_S.13_7	GCA_017601365.1	dALP	query	dALP_enriched	407	0.990392	0.000000	-84635.647187
GCA_038870375.1_S.111_4	GCA_038870375.1	dALP	query	dALP_enriched	404	0.997081	0.000000	-84647.134558
GCA_017601325.1_S.215_43	GCA_017601325.1	dALP	query	dALP_enriched	405	0.801114	0.057267	-85466.754718
GCA_017601225.1_S.34_72	GCA_017601225.1	dALP	query	dALP_enriched	404	0.999234	0.000000	-85471.540132
GCA_038850585.1_S.8_41	GCA_038850585.1	dALP	query	dALP_enriched	404	0.655555	0.170119	-85470.983019
GCA_038862835.1_S.3_91	GCA_038862835.1	dALP	query	dALP_enriched	404	0.655555	0.170119	-85470.983019
GCA_038874495.1_S.48_15	GCA_038874495.1	dALP	query	dALP_enriched	404	0.885270	0.033898	-84649.064753
GCA_038880515.1_S.20_33	GCA_038880515.1	dALP	query	dALP_enriched	404	0.655555	0.170119	-85470.983019
GCA_038820095.1_S.27_5	GCA_038820095.1	dALP	query	dALP_enriched	415	0.789770	0.112572	-85459.601934
GCA_038854205.1_S.30_5	GCA_038854205.1	dALP	query	dALP_enriched	415	0.789770	0.112572	-85459.601934
GCA_038845195.1_S.7_37	GCA_038845195.1	dALP	query	dALP_enriched	415	0.789770	0.112572	-85459.601934
GCA_038840735.1_S.33_4	GCA_038840735.1	dALP	query	dALP_enriched	418	0.361505	0.329060	-85469.601654
GCA_017601245.1_S.37_133	GCA_017601245.1	dALP	query	dALP_enriched	418	0.361505	0.329060	-85469.601654
GCA_038862245.1_S.10_10	GCA_038862245.1	dALP	query	dALP_enriched	419	1.000000	0.000000	-85458.958738
GCA_038841985.1_S.43_4	GCA_038841985.1	dALP	query	dALP_enriched	418	0.361505	0.329060	-85469.601654
GCA_054384835.1_S.25_2	GCA_054384835.1	dALP	query	dALP_enriched	431	1.000000	0.000000	-85720.407351
GOMC.bin.6463_S.61_4	GOMC.bin.6463	dALP	query	dALP_enriched	435	1.000000	0.000000	-84211.446149
GOMC.bin.17905_S.269_1	GOMC.bin.17905	cALP	query	ambiguous	948	1.000000	0.000000	-85792.164420
GCA_054386635.1_S.33_20	GCA_054386635.1	dALP	query	dALP_enriched	439	0.870230	0.129770	-84632.664527
GCA_014729935.1_S.103_2	GCA_014729935.1	dALP	query	dALP_enriched	439	1.000000	0.000000	-86013.625269
GCA_054387875.1_S.226_16	GCA_054387875.1	dALP	query	dALP_enriched	439	0.993873	0.000000	-85947.524584
GCA_030613185.1_S.62_17	GCA_030613185.1	dALP	query	cALP_enriched	535	0.858673	0.141097	-85928.294114
GCA_016932935.1_S.335_8	GCA_016932935.1	dALP	query	dALP_enriched	439	0.997072	0.000000	-85953.167342
GCA_054384915.1_S.231_3	GCA_054384915.1	dALP	query	dALP_enriched	439	0.997905	0.000000	-85925.951589
GOMC.bin.985_S.401_2	GOMC.bin.985	cALP	query	cALP_enriched	443	1.000000	0.000000	-85689.790652
GCA_048885285.1_S.39_4	GCA_048885285.1	cALP	query	cALP_enriched	445	0.830817	0.092600	-85650.914881
GCA_019058245.1_S.29_7	GCA_019058245.1	cALP	query	cALP_enriched	445	0.805431	0.104548	-85664.250958
GCA_048938225.1_S.74_167	GCA_048938225.1	cALP	query	cALP_enriched	454	0.884910	0.101618	-85634.661565
GCA_048941625.1_S.70_7	GCA_048941625.1	cALP	query	cALP_enriched	464	0.461131	0.264593	-85590.198089
GOMC.bin.7985_S.190_7	GOMC.bin.7985	cALP	query	cALP_enriched	458	0.753529	0.240491	-85593.292862
GCA_048887205.1_S.3_18	GCA_048887205.1	cALP	query	cALP_enriched	459	0.998178	0.000000	-85595.142197
GCA_048940505.1_S.12_10	GCA_048940505.1	cALP	query	cALP_enriched	463	0.996938	0.000000	-85625.617455
GCA_048941535.1_S.337_3	GCA_048941535.1	cALP	query	cALP_enriched	462	1.000000	0.000000	-85582.140323
GCA_048885925.1_S.28_19	GCA_048885925.1	cALP	query	cALP_enriched	462	0.513208	0.255590	-85649.523469
GCA_048885765.1_S.57_10	GCA_048885765.1	cALP	query	cALP_enriched	463	0.925264	0.073387	-85619.324842
GCA_048940305.1_S.16_3	GCA_048940305.1	cALP	query	cALP_enriched	462	0.513208	0.255590	-85649.523469
GCA_048940245.1_S.416_5	GCA_048940245.1	cALP	query	cALP_enriched	465	0.745545	0.121337	-85604.663299
GCA_054389775.1_S.292_3	GCA_054389775.1	cALP	query	cALP_enriched	471	0.581532	0.220066	-85741.111004
GCA_048940605.1_S.169_10	GCA_048940605.1	cALP	query	cALP_enriched	469	0.940652	0.031587	-85613.748237
GCA_048883265.1_S.103_2	GCA_048883265.1	cALP	query	cALP_enriched	469	0.973589	0.013275	-85624.823005
GCA_048938685.1_S.520_4	GCA_048938685.1	dALP	query	cALP_enriched	472	0.948199	0.051801	-83221.195247
GCA_048938005.1_S.100_5	GCA_048938005.1	cALP	query	cALP_enriched	465	0.745545	0.121337	-85604.663299
GCA_054389655.1_S.299_2	GCA_054389655.1	cALP	query	cALP_enriched	472	1.000000	0.000000	-85646.040454
GCA_048886305.1_S.20_5	GCA_048886305.1	cALP	query	cALP_enriched	475	0.589614	0.410386	-85607.339767
GCA_048886165.1_S.146_5	GCA_048886165.1	cALP	query	cALP_enriched	500	0.552465	0.252553	-85659.061517
GCA_016840345.1_S.214_10	GCA_016840345.1	cALP	query	cALP_enriched	482	0.460965	0.316047	-85534.167230
GCA_054384795.1_S.215_4	GCA_054384795.1	cALP	query	cALP_enriched	482	0.834764	0.094647	-85550.981916
GCA_054384815.1_S.148_6	GCA_054384815.1	dALP	query	cALP_enriched	488	0.372456	0.303264	-83600.014199
GOMC.bin.17206_S.92_3	GOMC.bin.17206	cALP	query	cALP_enriched	483	0.956163	0.033317	-85566.520876
GCA_054384435.1_S.284_1	GCA_054384435.1	dALP	query	cALP_enriched	484	0.725631	0.121556	-77440.599523
GCA_054383015.1_S.111_1	GCA_054383015.1	dALP	query	cALP_enriched	484	0.856439	0.068571	-55614.707429
GCA_030606095.1_S.224_2	GCA_030606095.1	cALP	query	cALP_enriched	495	0.716659	0.140370	-85570.736958
ERR6430833_bin.2_S.77_40	ERR6430833_bin.2	cALP	query	cALP_enriched	496	0.305748	0.303811	-85540.037183
GCA_054384125.1_S.3_8	GCA_054384125.1	cALP	query	cALP_enriched	510	0.441615	0.215633	-85679.245307
GCA_048885535.1_S.27_23	GCA_048885535.1	cALP	query	cALP_enriched	502	1.000000	0.000000	-85631.379186
GCA_048939995.1_S.28_201	GCA_048939995.1	cALP	query	cALP_enriched	502	1.000000	0.000000	-85622.965247
GCA_048939785.1_S.36_2	GCA_048939785.1	cALP	query	cALP_enriched	502	0.948063	0.038969	-85681.650692
GCA_054387435.1_S.37_5	GCA_054387435.1	cALP	query	cALP_enriched	506	0.667764	0.169104	-85658.908700
GCA_054385975.1_S.129_5	GCA_054385975.1	cALP	query	cALP_enriched	506	0.667764	0.169104	-85658.908700
GOMC.bin.16389_S.289_5	GOMC.bin.16389	cALP	query	cALP_enriched	510	0.422725	0.208546	-85677.490863
GCA_048883245.1_S.251_3	GCA_048883245.1	cALP	query	cALP_enriched	502	0.946408	0.040125	-85675.645327
GCA_054386255.1_S.72_2	GCA_054386255.1	cALP	query	cALP_enriched	510	0.441615	0.215633	-85679.245307
GCA_054383155.1_S.9_5	GCA_054383155.1	cALP	query	cALP_enriched	510	0.441615	0.215633	-85679.245307
GCA_030610785.1_S.88_4	GCA_030610785.1	cALP	query	cALP_enriched	522	0.275681	0.220565	-85721.824847
GCA_054383735.1_S.18_5	GCA_054383735.1	cALP	query	cALP_enriched	510	0.441615	0.215633	-85679.245307
GCA_054386175.1_S.103_12	GCA_054386175.1	cALP	query	cALP_enriched	522	0.746869	0.153954	-85735.040462
GCA_014730165.1_S.290_5	GCA_014730165.1	cALP	query	cALP_enriched	525	0.887639	0.112361	-85641.036068
GCA_054384595.1_S.67_9	GCA_054384595.1	cALP	query	cALP_enriched	522	0.746869	0.153954	-85735.040462
GCA_054386595.1_S.79_14	GCA_054386595.1	cALP	query	cALP_enriched	531	1.000000	0.000000	-85607.212020
GCA_054384975.1_S.366_1	GCA_054384975.1	dALP	query	cALP_enriched	532	1.000000	0.000000	-85744.075746
GCA_054383495.1_S.17_5	GCA_054383495.1	cALP	query	cALP_enriched	510	0.441615	0.215633	-85679.245307
GCA_054386635.1_S.177_12	GCA_054386635.1	cALP	query	cALP_enriched	533	1.000000	0.000000	-85883.846207
GCF_008000775.2_S.1_2634	GCF_008000775.2	dALP	query	cALP_enriched	535	0.745122	0.225084	-85716.913677
GOMC.bin.10302_S.631_4	GOMC.bin.10302	dALP	query	ambiguous	543	0.834991	0.096606	-85614.722449
GCA_054386275.1_S.124_15	GCA_054386275.1	dALP	query	ambiguous	550	0.999504	0.000000	-85753.221655
GCA_016839405.1_S.132_2	GCA_016839405.1	dALP	query	ambiguous	551	0.749780	0.212668	-85761.074942
GOMC.bin.2462_S.182_1	GOMC.bin.2462	dALP	query	ambiguous	552	1.000000	0.000000	-77516.239784
GCA_054384495.1_S.5_61	GCA_054384495.1	dALP	query	ambiguous	553	1.000000	0.000000	-85762.335716
GCA_054384075.1_S.374_1	GCA_054384075.1	dALP	query	ambiguous	550	0.588532	0.410257	-83102.125625
GCA_048885965.1_S.58_2	GCA_048885965.1	dALP	query	ambiguous	555	1.000000	0.000000	-85753.998729
GCA_048938385.1_S.47_5	GCA_048938385.1	dALP	query	ambiguous	556	0.996711	0.000000	-82477.248125
GCA_048939245.1_S.97_1	GCA_048939245.1	dALP	query	ambiguous	558	0.355614	0.333960	-68663.490451
GCA_048939625.1_S.45_28	GCA_048939625.1	dALP	query	ambiguous	559	0.597404	0.397507	-81794.270589
GCA_048939405.1_S.34_13	GCA_048939405.1	dALP	query	ambiguous	565	1.000000	0.000000	-83870.165728
GCA_048885965.1_S.58_3	GCA_048885965.1	dALP	query	ambiguous	565	1.000000	0.000000	-83932.945663
GCA_048938385.1_S.47_4	GCA_048938385.1	dALP	query	ambiguous	565	1.000000	0.000000	-83964.597160
GCA_016839365.1_S.71_17	GCA_016839365.1	dALP	query	ambiguous	566	1.000000	0.000000	-84011.973963
GCA_048882025.1_S.6_5	GCA_048882025.1	dALP	query	ambiguous	566	1.000000	0.000000	-80620.002141
GCA_011040545.1_S.46_1	GCA_011040545.1	cALP	query	ambiguous	570	1.000000	0.000000	-85830.456101
GCA_054382835.1_S.137_1	GCA_054382835.1	dALP	query	ambiguous	577	0.295024	0.265218	-54913.059798
GOMC.bin.9621_S.444_32	GOMC.bin.9621	cALP	query	ambiguous	580	0.972583	0.013712	-85791.582601
GCA_054384855.1_S.304_1	GCA_054384855.1	dALP	query	ambiguous	597	0.787911	0.143124	-85688.905601
GCA_054386955.1_S.1_41	GCA_054386955.1	dALP	query	ambiguous	600	0.459306	0.270361	-85708.387066
GCA_054383515.1_S.185_1	GCA_054383515.1	dALP	query	ambiguous	600	0.366092	0.316964	-44582.153282
GCA_054387335.1_S.258_4	GCA_054387335.1	dALP	query	ambiguous	600	0.459306	0.270361	-85708.387066
GCA_048886485.1_S.20_4	GCA_048886485.1	dALP	query	ambiguous	608	1.000000	0.000000	-85839.101211
GCA_054386675.1_S.227_15	GCA_054386675.1	dALP	query	dALP_enriched	439	0.993873	0.000000	-85947.524584
GCA_054389435.1_S.50_24	GCA_054389435.1	dALP	query	ambiguous	608	1.000000	0.000000	-85628.858536
GOMC.bin.3039_S.165_4	GOMC.bin.3039	cALP	query	ambiguous	1023	0.951322	0.048554	-85823.268154
GCA_054389435.1_S.70_21	GCA_054389435.1	dALP	query	ambiguous	1023	0.999677	0.000000	-85924.826585
GCA_016839815.1_S.66_75	GCA_016839815.1	dALP	query	ambiguous	1023	0.999952	0.000000	-85916.652042
GOMC.bin.3019_S.123_3	GOMC.bin.3019	cALP	query	ambiguous	631	0.704765	0.271116	-85823.528178
GOMC.bin.4345_S.356_2	GOMC.bin.4345	dALP	query	ambiguous	631	0.563902	0.404832	-85821.515416
GCA_019058365.1_S.29_14	GCA_019058365.1	cALP	query	ambiguous	616	0.989497	0.010406	-85812.924920
GCA_048886485.1_S.1153_2	GCA_048886485.1	cALP	query	ambiguous	623	0.709816	0.290184	-84938.845016
GCA_048886485.1_S.115_3	GCA_048886485.1	cALP	query	cALP_enriched	946	0.746036	0.116972	-85739.044722
GCA_016840465.1_S.70_3	GCA_016840465.1	cALP	query	ambiguous	948	1.000000	0.000000	-85792.164420
GCA_054387635.1_S.129_9	GCA_054387635.1	cALP	query	ambiguous	630	1.000000	0.000000	-85571.583561
GCA_054383575.1_S.187_3	GCA_054383575.1	cALP	query	ambiguous	635	1.000000	0.000000	-85797.372278
GCA_048882745.1_S.2_68	GCA_048882745.1	cALP	query	cALP_enriched	664	0.967693	0.000000	-85469.493479
GCA_048940325.1_S.262_8	GCA_048940325.1	cALP	query	cALP_enriched	639	0.998133	0.000000	-85476.301443
GCA_054389715.1_S.13_33	GCA_054389715.1	cALP	query	cALP_enriched	640	0.556343	0.260045	-85469.790694
GCA_016839245.1_S.34_45	GCA_016839245.1	cALP	query	cALP_enriched	664	0.960717	0.000000	-85472.896719
GOMC.bin.8294_S.48_14	GOMC.bin.8294	cALP	query	cALP_enriched	664	0.960717	0.000000	-85472.896719
GCA_054384235.1_S.68_1	GCA_054384235.1	cALP	query	cALP_enriched	651	0.838879	0.075609	-85509.856571
GOMC.bin.17180_S.321_11	GOMC.bin.17180	dALP	query	cALP_enriched	655	0.329976	0.329973	-66231.380151
SRR17658284_bin.5_S.254_16	SRR17658284_bin.5	dALP	query	cALP_enriched	646	0.212831	0.212831	-64229.396376
GCA_048882325.1_S.3_113	GCA_048882325.1	cALP	query	cALP_enriched	647	0.160465	0.160465	-85466.226461
GCA_054389955.1_S.25_21	GCA_054389955.1	cALP	query	cALP_enriched	640	0.359014	0.195539	-83531.113567
GCA_054388435.1_S.23_37	GCA_054388435.1	cALP	query	cALP_enriched	639	0.999943	0.000000	-85476.994906
GOMC.bin.9814_S.15_1	GOMC.bin.9814	cALP	query	cALP_enriched	646	0.198838	0.198838	-84483.147144
GCA_054381495.1_S.137_44	GCA_054381495.1	cALP	query	cALP_enriched	651	0.838879	0.075609	-85509.856571
GCA_048882565.1_S.1_149	GCA_048882565.1	cALP	query	cALP_enriched	646	0.160465	0.160465	-85466.226461
GCA_048881725.1_S.23_26	GCA_048881725.1	cALP	query	cALP_enriched	646	0.160465	0.160465	-85466.226461
GOMC.bin.1540_S.214_2	GOMC.bin.1540	cALP	query	cALP_enriched	650	0.240236	0.238537	-85470.456576
GCA_048940045.1_S.188_7	GCA_048940045.1	cALP	query	cALP_enriched	639	0.998133	0.000000	-85476.301443
SRR17658257_bin.2_S.37_9	SRR17658257_bin.2	cALP	query	cALP_enriched	646	0.198701	0.198701	-85462.246880
GCA_054384655.1_S.69_9	GCA_054384655.1	cALP	query	cALP_enriched	651	0.838879	0.075609	-85509.856571
GCA_048882285.1_S.3_21	GCA_048882285.1	cALP	query	cALP_enriched	664	0.967693	0.000000	-85469.493479
GCA_048882805.1_S.87_2	GCA_048882805.1	cALP	query	cALP_enriched	659	0.336240	0.233244	-85470.403452
GCA_048882545.1_S.167_2	GCA_048882545.1	cALP	query	cALP_enriched	649	0.542663	0.097291	-85483.512581
GCA_048882165.1_S.25_1	GCA_048882165.1	dALP	query	cALP_enriched	659	0.984608	0.000000	-64179.206366
GCA_054389635.1_S.348_3	GCA_054389635.1	cALP	query	cALP_enriched	639	0.999943	0.000000	-85476.994906
SRR17658283_bin.2_S.63_59	SRR17658283_bin.2	cALP	query	cALP_enriched	646	0.198701	0.198701	-85462.246880
GCA_048882385.1_S.21_47	GCA_048882385.1	cALP	query	cALP_enriched	659	0.336240	0.233244	-85470.403452
GCA_054390815.1_S.115_3	GCA_054390815.1	cALP	query	cALP_enriched	639	0.999991	0.000000	-85471.181193
SRR17658268_bin.3_S.316_2	SRR17658268_bin.3	cALP	query	cALP_enriched	647	0.198701	0.198701	-85462.246880
GCA_048882045.1_S.1_120	GCA_048882045.1	cALP	query	cALP_enriched	664	0.967693	0.000000	-85469.493479
GCA_054385875.1_S.129_1	GCA_054385875.1	cALP	query	cALP_enriched	651	0.838879	0.075609	-85509.856571
GCA_054389695.1_S.49_1	GCA_054389695.1	cALP	query	cALP_enriched	640	0.712443	0.133581	-85469.907743
GCA_048883545.1_S.96_1	GCA_048883545.1	dALP	query	cALP_enriched	690	0.837346	0.027555	-68357.070607
GCA_054383915.1_S.80_1	GCA_054383915.1	cALP	query	cALP_enriched	651	0.838879	0.075609	-85509.856571
GCA_054388415.1_S.36_14	GCA_054388415.1	dALP	query	cALP_enriched	701	0.279731	0.279718	-66212.073516
GCA_054390135.1_S.15_21	GCA_054390135.1	cALP	query	cALP_enriched	640	0.556343	0.260045	-85469.790694
GCA_054388595.1_S.22_32	GCA_054388595.1	cALP	query	cALP_enriched	640	0.556343	0.260045	-85469.790694
GCA_048883605.1_S.329_4	GCA_048883605.1	dALP	query	cALP_enriched	690	0.785396	0.035934	-70389.009627
GCA_048884965.1_S.3_192	GCA_048884965.1	cALP	query	cALP_enriched	690	0.737207	0.043584	-85463.931402
GCA_054389835.1_S.6_31	GCA_054389835.1	cALP	query	cALP_enriched	640	0.556343	0.260045	-85469.790694
GOMC.bin.9875_S.739_1	GOMC.bin.9875	cALP	query	cALP_enriched	647	0.198701	0.198701	-85462.246880
GOMC.bin.9834_S.125_1	GOMC.bin.9834	cALP	query	cALP_enriched	690	0.431180	0.058510	-83946.912257
GCA_054391095.1_S.35_1	GCA_054391095.1	cALP	query	cALP_enriched	639	0.922478	0.043966	-74287.890482
GCA_054387075.1_S.22_82	GCA_054387075.1	cALP	query	cALP_enriched	651	0.973388	0.010565	-85469.791251
GCA_052584815.1_S.7_10	GCA_052584815.1	cALP	query	cALP_enriched	651	0.973388	0.010565	-85469.791251
GCA_054390955.1_S.13_32	GCA_054390955.1	cALP	query	cALP_enriched	640	0.556343	0.260045	-85469.790694
GCA_004376265.1_S.352_20	GCA_004376265.1	cALP	query	cALP_enriched	654	0.330233	0.330230	-85460.937839
GCA_048939935.1_S.205_36	GCA_048939935.1	cALP	query	cALP_enriched	664	0.625713	0.372170	-85479.521626
GCA_054389255.1_S.11_13	GCA_054389255.1	cALP	query	cALP_enriched	639	0.999943	0.000000	-85476.994906
GCA_054389535.1_S.24_32	GCA_054389535.1	cALP	query	cALP_enriched	640	0.556343	0.260045	-85469.790694
GCA_048884945.1_S.129_4	GCA_048884945.1	cALP	query	cALP_enriched	638	0.325290	0.324218	-85462.371475
GCA_048883425.1_S.38_9	GCA_048883425.1	cALP	query	cALP_enriched	640	0.950618	0.024066	-85466.843164
GOMC.bin.17069_S.160_43	GOMC.bin.17069	dALP	query	cALP_enriched	655	0.329976	0.329973	-66231.380151
GOMC.bin.1240_S.90_30	GOMC.bin.1240	dALP	query	cALP_enriched	659	0.999927	0.000000	-66231.378199
GCA_016840385.1_S.104_73	GCA_016840385.1	cALP	query	cALP_enriched	664	0.864443	0.038324	-85482.199843
GCA_054390255.1_S.11_33	GCA_054390255.1	cALP	query	cALP_enriched	640	0.556343	0.260045	-85469.790694
GCA_048884785.1_S.21_4	GCA_048884785.1	cALP	query	cALP_enriched	685	0.429314	0.091722	-85471.107123
GCA_038825165.1_S.114_2	GCA_038825165.1	cALP	query	cALP_enriched	687	0.920250	0.039929	-85460.973506
GCA_054385555.1_S.206_6	GCA_054385555.1	cALP	query	cALP_enriched	671	0.197646	0.197646	-85426.220833
GOMC.bin.1438_S.68_9	GOMC.bin.1438	cALP	query	cALP_enriched	669	0.329775	0.329768	-85426.146799
GCA_054385695.1_S.57_11	GCA_054385695.1	cALP	query	ambiguous	948	1.000000	0.000000	-85792.164420
GOMC.bin.27075_S.11_5	GOMC.bin.27075	cALP	query	cALP_enriched	667	1.000000	0.000000	-85460.367267
GCA_054390835.1_S.68_1	GCA_054390835.1	dALP	query	cALP_enriched	701	0.246575	0.246559	-81560.197928
GCA_054387955.1_S.102_17	GCA_054387955.1	cALP	query	cALP_enriched	715	0.470859	0.125408	-85482.090358
GCA_054391315.1_S.41_22	GCA_054391315.1	cALP	query	cALP_enriched	701	0.291393	0.291390	-85475.987109
GCA_054389415.1_S.5_101	GCA_054389415.1	cALP	query	cALP_enriched	694	0.333860	0.333484	-85447.302119
GCA_054386195.1_S.117_9	GCA_054386195.1	cALP	query	cALP_enriched	715	0.470859	0.125408	-85482.090358
GCA_054389195.1_S.120_1	GCA_054389195.1	dALP	query	cALP_enriched	703	0.197750	0.195074	-64789.680960
GCA_054390695.1_S.58_16	GCA_054390695.1	dALP	query	cALP_enriched	700	0.213237	0.213231	-79280.646953
GCA_048882485.1_S.4_23	GCA_048882485.1	cALP	query	cALP_enriched	704	0.194598	0.194598	-85462.039498
GCA_054390655.1_S.22_21	GCA_054390655.1	cALP	query	cALP_enriched	705	0.194598	0.194598	-85462.039498
GCA_048885865.1_S.4_118	GCA_048885865.1	cALP	query	cALP_enriched	704	0.194598	0.194598	-85462.039498
GCA_054391035.1_S.90_2	GCA_054391035.1	cALP	query	cALP_enriched	701	0.291393	0.291390	-85475.987109
GCA_048938765.1_S.27_49	GCA_048938765.1	cALP	query	cALP_enriched	704	0.194598	0.194598	-85462.039498
GCA_048940825.1_S.168_11	GCA_048940825.1	cALP	query	cALP_enriched	704	0.194598	0.194598	-85462.039498
GCA_048883405.1_S.200_3	GCA_048883405.1	cALP	query	cALP_enriched	705	0.194598	0.194598	-85462.039498
GCA_048884925.1_S.31_20	GCA_048884925.1	cALP	query	cALP_enriched	709	0.139799	0.139799	-85462.104482
GCA_054390095.1_S.18_21	GCA_054390095.1	cALP	query	cALP_enriched	704	0.194598	0.194598	-85462.039498
GCA_048937605.1_S.166_2	GCA_048937605.1	cALP	query	cALP_enriched	704	0.194598	0.194598	-85462.039498
GCA_054390995.1_S.125_4	GCA_054390995.1	cALP	query	cALP_enriched	701	0.291393	0.291390	-85475.987109
GCA_016840565.1_S.113_4	GCA_016840565.1	cALP	query	cALP_enriched	704	0.194598	0.194598	-85462.039498
GCA_054390875.1_S.69_1	GCA_054390875.1	cALP	query	cALP_enriched	705	0.186213	0.186213	-85557.584567
GCA_048885065.1_S.102_6	GCA_048885065.1	dALP	query	cALP_enriched	705	0.196542	0.196542	-70277.162834
GCA_048937485.1_S.300_22	GCA_048937485.1	cALP	query	cALP_enriched	701	0.309633	0.309633	-85464.812105
GCA_054383095.1_S.22_44	GCA_054383095.1	cALP	query	cALP_enriched	717	0.999909	0.000000	-85472.638905
GCA_038822405.1_S.1_455	GCA_038822405.1	cALP	query	cALP_enriched	729	0.334568	0.334504	-85463.477801
GCA_038820475.1_S.1_448	GCA_038820475.1	cALP	query	cALP_enriched	729	0.334568	0.334504	-85463.477801
GCA_038889235.1_S.1_1003	GCA_038889235.1	cALP	query	cALP_enriched	729	0.334568	0.334504	-85463.477801
GCA_048885925.1_S.13_48	GCA_048885925.1	cALP	query	cALP_enriched	741	0.110265	0.110265	-85466.344158
GCA_048941285.1_S.26_49	GCA_048941285.1	cALP	query	cALP_enriched	742	0.110265	0.110265	-85466.344158
GCA_048887205.1_S.4_1	GCA_048887205.1	dALP	query	cALP_enriched	739	0.114014	0.109497	-76243.667103
GCA_019057865.1_S.31_57	GCA_019057865.1	cALP	query	cALP_enriched	735	0.201350	0.201347	-85478.962781
GCA_048938045.1_S.56_23	GCA_048938045.1	cALP	query	cALP_enriched	735	0.201341	0.201339	-85475.706484
GCA_048937805.1_S.163_1	GCA_048937805.1	dALP	query	cALP_enriched	745	0.127974	0.095503	-64945.298862
GCA_019058365.1_S.39_109	GCA_019058365.1	cALP	query	cALP_enriched	742	0.110265	0.110265	-85466.344158
GCA_005223125.1_S.38_38	GCA_005223125.1	cALP	query	cALP_enriched	741	0.110265	0.110265	-85466.344158
GCA_013375485.1_S.353_21	GCA_013375485.1	cALP	query	cALP_enriched	741	0.109244	0.109244	-85547.145081
GOMC.bin.9735_S.108_4	GOMC.bin.9735	cALP	query	cALP_enriched	735	0.201350	0.201347	-85478.962781
GOMC.bin.15130_S.4_44	GOMC.bin.15130	cALP	query	cALP_enriched	741	0.110265	0.110265	-85466.344158
GCA_054384595.1_S.92_19	GCA_054384595.1	cALP	query	cALP_enriched	739	0.748910	0.030973	-85472.958021
GCA_048940805.1_S.143_16	GCA_048940805.1	cALP	query	cALP_enriched	741	0.110265	0.110265	-85466.344158
GCA_054384175.1_S.22_12	GCA_054384175.1	cALP	query	cALP_enriched	742	0.110176	0.110176	-85468.956653
GCA_048883045.1_S.133_3	GCA_048883045.1	cALP	query	cALP_enriched	742	0.110265	0.110265	-85466.344158
GCA_029856155.1_S.4_42	GCA_029856155.1	cALP	query	cALP_enriched	742	0.110265	0.110265	-85466.344158
GCA_019894715.1_S.14_2	GCA_019894715.1	cALP	query	cALP_enriched	742	0.109449	0.109449	-85470.879573
GCA_029856375.1_S.243_3	GCA_029856375.1	cALP	query	cALP_enriched	742	0.108640	0.108640	-85488.906566
GCA_048941625.1_S.2_50	GCA_048941625.1	cALP	query	cALP_enriched	742	0.110265	0.110265	-85466.344158
GCA_048939005.1_S.394_11	GCA_048939005.1	cALP	query	cALP_enriched	745	0.129853	0.095006	-85470.094731
GCA_048939445.1_S.280_8	GCA_048939445.1	cALP	query	cALP_enriched	745	0.129853	0.095006	-85470.094731
GCA_048941265.1_S.89_9	GCA_048941265.1	dALP	query	cALP_enriched	739	0.115568	0.110053	-75674.063528
GCA_054388735.1_S.15_47	GCA_054388735.1	cALP	query	cALP_enriched	741	0.110177	0.110177	-85470.560394
GCA_019057355.1_S.125_4	GCA_019057355.1	cALP	query	cALP_enriched	741	0.110265	0.110265	-85466.344158
GCA_048938825.1_S.206_2	GCA_048938825.1	cALP	query	cALP_enriched	753	0.533926	0.094965	-85467.713808
GCA_054388515.1_S.438_1	GCA_054388515.1	dALP	query	cALP_enriched	739	0.114550	0.109350	-80026.730822
GCA_048886165.1_S.159_5	GCA_048886165.1	cALP	query	cALP_enriched	753	0.533926	0.094965	-85467.713808
GCA_054381395.1_S.13_7	GCA_054381395.1	cALP	query	cALP_enriched	742	0.110177	0.110177	-85468.390347
GCA_016839585.1_S.10_17	GCA_016839585.1	cALP	query	cALP_enriched	735	0.201341	0.201339	-85475.706484
GCA_019057795.1_S.31_19	GCA_019057795.1	cALP	query	cALP_enriched	761	0.113827	0.110136	-85466.364259
GCA_014730165.1_S.63_4	GCA_014730165.1	cALP	query	cALP_enriched	761	0.113827	0.110136	-85466.364259
GCA_048940605.1_S.99_31	GCA_048940605.1	cALP	query	cALP_enriched	745	0.323778	0.323773	-85466.328978
GCA_016840345.1_S.270_2	GCA_016840345.1	cALP	query	cALP_enriched	755	0.101539	0.101539	-85469.887715
GCA_048937415.1_S.1_9	GCA_048937415.1	cALP	query	cALP_enriched	741	0.110265	0.110265	-85466.344158
GCA_029856105.1_S.74_19	GCA_029856105.1	cALP	query	cALP_enriched	761	0.113827	0.110136	-85466.364259
GCA_052626505.1_S.2_94	GCA_052626505.1	cALP	query	cALP_enriched	755	0.108914	0.108913	-85477.282174
GOMC.bin.17308_S.706_4	GOMC.bin.17308	cALP	query	cALP_enriched	741	0.110265	0.110265	-85466.344158
GCA_030612905.1_S.527_4	GCA_030612905.1	cALP	query	cALP_enriched	761	0.113827	0.110136	-85466.364259
GCA_048941605.1_S.45_1	GCA_048941605.1	cALP	query	cALP_enriched	741	0.110265	0.110265	-85466.344158
GCA_054390415.1_S.59_18	GCA_054390415.1	cALP	query	cALP_enriched	741	0.110265	0.110265	-85466.344158
GCA_054388015.1_S.89_50	GCA_054388015.1	cALP	query	cALP_enriched	761	0.110820	0.110353	-85477.072586
GCA_048886345.1_S.3_97	GCA_048886345.1	cALP	query	cALP_enriched	745	0.323778	0.323773	-85466.328978
GCA_054387035.1_S.221_26	GCA_054387035.1	cALP	query	cALP_enriched	761	0.211670	0.095143	-85483.899504
GCA_048883265.1_S.12_35	GCA_048883265.1	cALP	query	cALP_enriched	745	0.323778	0.323773	-85466.328978
GOMC.bin.1254_S.76_1	GOMC.bin.1254	cALP	query	cALP_enriched	742	0.110265	0.110265	-85466.344158
GCA_048885765.1_S.4_69	GCA_048885765.1	cALP	query	cALP_enriched	742	0.110265	0.110265	-85466.344158
GCA_054386175.1_S.405_6	GCA_054386175.1	cALP	query	cALP_enriched	739	0.748910	0.030973	-85472.958021
GCA_019058245.1_S.6_150	GCA_019058245.1	cALP	query	cALP_enriched	742	0.110265	0.110265	-85466.344158
GOMC.bin.3147_S.539_10	GOMC.bin.3147	cALP	query	cALP_enriched	761	0.182055	0.108946	-85489.386968
GCA_048887225.1_S.5_129	GCA_048887225.1	cALP	query	cALP_enriched	742	0.109015	0.109015	-85471.547920
GCA_016840695.1_S.241_5	GCA_016840695.1	cALP	query	cALP_enriched	746	0.988821	0.000000	-85466.871959
GCA_048886785.1_S.162_6	GCA_048886785.1	cALP	query	cALP_enriched	753	0.533926	0.094965	-85467.713808
GCA_054384795.1_S.239_3	GCA_054384795.1	cALP	query	cALP_enriched	755	0.101539	0.101539	-85469.887715
GCA_030603385.1_S.18_13	GCA_030603385.1	cALP	query	cALP_enriched	745	0.323778	0.323773	-85466.328978
ERR6430833_bin.2_S.80_8	ERR6430833_bin.2	cALP	query	cALP_enriched	761	0.113827	0.110136	-85466.364259
GCA_048886685.1_S.16_4	GCA_048886685.1	cALP	query	cALP_enriched	745	0.323778	0.323773	-85466.328978
GCA_005222975.1_S.75_63	GCA_005222975.1	cALP	query	cALP_enriched	761	0.113827	0.110136	-85466.364259
GCA_048938005.1_S.63_90	GCA_048938005.1	cALP	query	cALP_enriched	741	0.110178	0.110178	-85470.322990
GOMC.bin.19169_S.21_21	GOMC.bin.19169	cALP	query	cALP_enriched	761	0.113827	0.110136	-85466.364259
GCA_048938895.1_S.58_10	GCA_048938895.1	dALP	query	cALP_enriched	741	0.109832	0.109832	-72671.512721
GCA_054389655.1_S.652_1	GCA_054389655.1	dALP	query	cALP_enriched	741	0.108198	0.108198	-76218.697829
GCA_016840655.1_S.103_1	GCA_016840655.1	cALP	query	cALP_enriched	753	0.533926	0.094965	-85467.713808
GCA_048940925.1_S.40_93	GCA_048940925.1	cALP	query	cALP_enriched	745	0.963122	0.017657	-85466.308027
GCA_029856445.1_S.214_2	GCA_029856445.1	cALP	query	cALP_enriched	745	0.323778	0.323773	-85466.328978
GCA_048885575.1_S.18_5	GCA_048885575.1	cALP	query	cALP_enriched	761	0.113827	0.110136	-85466.364259
GCA_048938245.1_S.260_1	GCA_048938245.1	cALP	query	cALP_enriched	753	0.533926	0.094965	-85467.713808
GCA_030615145.1_S.185_3	GCA_030615145.1	cALP	query	cALP_enriched	761	0.113827	0.110136	-85466.364259
GCA_048885535.1_S.8_72	GCA_048885535.1	cALP	query	cALP_enriched	753	0.533926	0.094965	-85467.713808
GOMC.bin.16116_S.71_12	GOMC.bin.16116	cALP	query	cALP_enriched	742	0.110265	0.110265	-85466.344158
GOMC.bin.16641_S.111_1	GOMC.bin.16641	cALP	query	cALP_enriched	761	0.182055	0.108946	-85489.386968
GCA_048883105.1_S.61_3	GCA_048883105.1	cALP	query	cALP_enriched	742	0.110265	0.110265	-85466.344158
GCA_054386535.1_S.62_1	GCA_054386535.1	cALP	query	cALP_enriched	755	0.117259	0.117259	-82983.385460
GOMC.bin.17206_S.436_1	GOMC.bin.17206	dALP	query	cALP_enriched	754	0.112096	0.110013	-84018.719266
GCA_004375715.1_S.208_3	GCA_004375715.1	dALP	query	cALP_enriched	754	0.114176	0.110074	-71229.599426
GCA_054383875.1_S.86_8	GCA_054383875.1	cALP	query	cALP_enriched	761	0.110820	0.110353	-85477.072586
GCA_030615235.1_S.296_1	GCA_030615235.1	cALP	query	cALP_enriched	755	0.110324	0.110323	-79252.748090
GCA_019058445.1_S.2_104	GCA_019058445.1	cALP	query	cALP_enriched	742	0.110265	0.110265	-85466.344158
GCA_016840165.1_S.77_26	GCA_016840165.1	cALP	query	cALP_enriched	753	0.533926	0.094965	-85467.713808
GCA_030667705.1_S.121_12	GCA_030667705.1	cALP	query	cALP_enriched	755	0.110306	0.110306	-85480.894317
GCA_029838195.1_S.91_18	GCA_029838195.1	cALP	query	cALP_enriched	761	0.211670	0.095143	-85483.899504
GCA_048941015.1_S.3_44	GCA_048941015.1	cALP	query	cALP_enriched	753	0.533926	0.094965	-85467.713808
GCA_048941535.1_S.295_1	GCA_048941535.1	dALP	query	cALP_enriched	742	0.110975	0.110975	-57321.057247
GCA_029856085.1_S.129_2	GCA_029856085.1	cALP	query	cALP_enriched	745	0.323778	0.323773	-85466.328978
GCA_048941475.1_S.360_4	GCA_048941475.1	cALP	query	cALP_enriched	761	0.113827	0.110136	-85466.364259
GCA_048886225.1_S.14_38	GCA_048886225.1	cALP	query	cALP_enriched	742	0.110265	0.110265	-85466.344158
GCA_054383615.1_S.13_1	GCA_054383615.1	cALP	query	cALP_enriched	742	0.110176	0.110176	-85468.956653
GCA_048938155.1_S.64_72	GCA_048938155.1	cALP	query	cALP_enriched	745	0.323778	0.323773	-85466.328978
GOMC.bin.4504_S.205_24	GOMC.bin.4504	cALP	query	cALP_enriched	761	0.113827	0.110136	-85466.364259
GCA_048939995.1_S.19_141	GCA_048939995.1	cALP	query	cALP_enriched	753	0.533926	0.094965	-85467.713808
GCA_054390335.1_S.453_2	GCA_054390335.1	cALP	query	cALP_enriched	761	0.113827	0.110136	-85466.364259
GCA_029856125.1_S.63_4	GCA_029856125.1	cALP	query	cALP_enriched	761	0.113827	0.110136	-85466.364259
GCA_008080735.1_S.109_3	GCA_008080735.1	cALP	query	cALP_enriched	753	0.381002	0.284461	-85472.246161
GCA_048939985.1_S.112_2	GCA_048939985.1	cALP	query	cALP_enriched	741	0.110265	0.110265	-85466.344158
GCA_019894855.1_S.58_4	GCA_019894855.1	dALP	query	cALP_enriched	753	0.101677	0.101163	-55581.753713
GCA_048937405.1_S.25_209	GCA_048937405.1	cALP	query	cALP_enriched	742	0.110265	0.110265	-85466.344158
GCA_054387435.1_S.81_9	GCA_054387435.1	cALP	query	cALP_enriched	761	0.110820	0.110353	-85477.072586
GCA_048883245.1_S.18_21	GCA_048883245.1	cALP	query	cALP_enriched	753	0.533926	0.094965	-85467.713808
GCA_029838175.1_S.143_30	GCA_029838175.1	cALP	query	cALP_enriched	761	0.211670	0.095143	-85483.899504
GCA_011364925.1_S.16_84	GCA_011364925.1	cALP	query	cALP_enriched	761	0.113827	0.110136	-85466.364259
GCA_054381435.1_S.201_7	GCA_054381435.1	cALP	query	cALP_enriched	761	0.110820	0.110353	-85477.072586
GCA_020344955.1_S.1_889	GCA_020344955.1	cALP	query	cALP_enriched	742	0.110265	0.110265	-85466.344158
GCA_048939785.1_S.21_15	GCA_048939785.1	cALP	query	cALP_enriched	753	0.533926	0.094965	-85467.713808
GCA_035530895.1_S.106_53	GCA_035530895.1	cALP	query	cALP_enriched	761	0.113827	0.110136	-85466.364259
GCA_054385955.1_S.198_4	GCA_054385955.1	cALP	query	cALP_enriched	761	0.182055	0.108946	-85489.386968
GCA_048887165.1_S.18_14	GCA_048887165.1	cALP	query	cALP_enriched	753	0.533926	0.094965	-85467.713808
GCA_016926735.1_S.4_44	GCA_016926735.1	cALP	query	cALP_enriched	742	0.109449	0.109449	-85470.879573
GCA_048937825.1_S.58_7	GCA_048937825.1	cALP	query	cALP_enriched	753	0.533926	0.094965	-85467.713808
GCA_016930515.1_S.111_99	GCA_016930515.1	cALP	query	cALP_enriched	746	0.329246	0.074102	-85470.086041
GCA_048938025.1_S.25_1	GCA_048938025.1	dALP	query	cALP_enriched	737	0.231334	0.192689	-65443.800317
GCA_029856145.1_S.7_25	GCA_029856145.1	cALP	query	cALP_enriched	741	0.110265	0.110265	-85466.344158
GCA_054384125.1_S.299_5	GCA_054384125.1	cALP	query	cALP_enriched	761	0.127658	0.120074	-85455.988676
GCA_036478875.1_S.65_30	GCA_036478875.1	cALP	query	cALP_enriched	741	0.110175	0.110175	-85471.484428
GCA_016839905.1_S.107_8	GCA_016839905.1	cALP	query	cALP_enriched	749	0.964597	0.014421	-85488.026647
GCA_030606095.1_S.129_2	GCA_030606095.1	cALP	query	cALP_enriched	755	0.110494	0.110494	-85470.371500
GCA_054384695.1_S.393_2	GCA_054384695.1	cALP	query	cALP_enriched	755	0.116301	0.116301	-84927.643366
GCA_018238625.1_S.138_20	GCA_018238625.1	cALP	query	cALP_enriched	761	0.114332	0.109996	-85470.083338
GCA_029856045.1_S.27_364	GCA_029856045.1	cALP	query	cALP_enriched	751	0.783425	0.196637	-85473.623192
GCA_048938985.1_S.24_3	GCA_048938985.1	cALP	query	cALP_enriched	749	0.998957	0.000000	-85466.288542
GCA_054383235.1_S.11_18	GCA_054383235.1	cALP	query	cALP_enriched	755	0.108914	0.108913	-85477.282174
GCA_048941185.1_S.83_36	GCA_048941185.1	cALP	query	cALP_enriched	741	0.110265	0.110265	-85466.344158
GOMC.bin.1369_S.12_7	GOMC.bin.1369	cALP	query	cALP_enriched	761	0.113827	0.110136	-85466.364259
GCA_048885785.1_S.41_20	GCA_048885785.1	cALP	query	cALP_enriched	749	0.998957	0.000000	-85466.288542
GCA_048940645.1_S.50_10	GCA_048940645.1	cALP	query	cALP_enriched	749	0.998525	0.000000	-79252.710460
GCA_030615235.1_S.252_3	GCA_030615235.1	dALP	query	cALP_enriched	761	0.790368	0.126050	-76279.012628
GCA_054385975.1_S.89_1	GCA_054385975.1	cALP	query	cALP_enriched	755	0.116445	0.116445	-82986.987955
GCA_048885705.1_S.168_3	GCA_048885705.1	cALP	query	cALP_enriched	741	0.110265	0.110265	-85466.344158
GCA_048882885.1_S.171_6	GCA_048882885.1	cALP	query	cALP_enriched	741	0.110265	0.110265	-85466.344158
GCA_048938445.1_S.136_1	GCA_048938445.1	cALP	query	cALP_enriched	739	0.114526	0.109351	-83933.675344
GCA_030615145.1_S.191_10	GCA_030615145.1	dALP	query	cALP_enriched	761	0.954878	0.022231	-78455.521095
GCA_048940445.1_S.72_33	GCA_048940445.1	cALP	query	cALP_enriched	753	0.533926	0.094965	-85467.713808
GCA_048938675.1_S.84_5	GCA_048938675.1	cALP	query	cALP_enriched	761	0.114876	0.110013	-80258.347943
GCA_054387935.1_S.71_7	GCA_054387935.1	cALP	query	cALP_enriched	761	0.110820	0.110353	-85477.072586
GOMC.bin.985_S.612_3	GOMC.bin.985	cALP	query	cALP_enriched	761	0.988565	0.000000	-85520.804511
GCA_016840745.1_S.181_6	GCA_016840745.1	cALP	query	cALP_enriched	761	0.535157	0.322935	-85561.491584
GCA_048886785.1_S.243_3	GCA_048886785.1	cALP	query	cALP_enriched	759	1.000000	0.000000	-85521.149985
GCA_014730165.1_S.61_13	GCA_014730165.1	cALP	query	cALP_enriched	759	1.000000	0.000000	-85547.406956
GCA_048937645.1_S.17_15	GCA_048937645.1	cALP	query	cALP_enriched	761	0.881327	0.088367	-85552.320855
GCA_048941065.1_S.312_19	GCA_048941065.1	cALP	query	cALP_enriched	759	0.896758	0.100632	-84685.317421
GOMC.bin.19169_S.191_4	GOMC.bin.19169	cALP	query	cALP_enriched	760	0.740852	0.244019	-85531.754242
GOMC.bin.1376_S.139_6	GOMC.bin.1376	cALP	query	cALP_enriched	760	1.000000	0.000000	-84689.234453
GCA_048886305.1_S.122_6	GCA_048886305.1	cALP	query	cALP_enriched	760	1.000000	0.000000	-84914.683536
GOMC.bin.15130_S.7_45	GOMC.bin.15130	cALP	query	cALP_enriched	760	1.000000	0.000000	-84977.295435
GCA_019058365.1_S.34_337	GCA_019058365.1	cALP	query	cALP_enriched	760	1.000000	0.000000	-85566.876543
GCA_018238625.1_S.47_18	GCA_018238625.1	cALP	query	cALP_enriched	760	0.996858	0.000000	-85529.518256
GCA_054386535.1_S.51_11	GCA_054386535.1	cALP	query	cALP_enriched	760	0.776268	0.193586	-85550.199339
GCA_054389855.1_S.1_7	GCA_054389855.1	cALP	query	cALP_enriched	760	0.989007	0.010993	-84971.469862
GCA_048885575.1_S.75_10	GCA_048885575.1	dALP	query	cALP_enriched	760	0.556835	0.272745	-84256.675905
GOMC.bin.10054_S.289_6	GOMC.bin.10054	cALP	query	cALP_enriched	760	0.740852	0.244019	-85531.754242
GCA_018238625.1_S.16_3	GCA_018238625.1	cALP	query	cALP_enriched	760	0.932220	0.063841	-85537.742697
GCA_048938855.1_S.79_25	GCA_048938855.1	cALP	query	cALP_enriched	741	0.110265	0.110265	-85466.344158
GOMC.bin.9181_S.196_1	GOMC.bin.9181	cALP	query	cALP_enriched	762	0.361097	0.079805	-79528.663612
GCA_054387735.1_S.271_1	GCA_054387735.1	cALP	query	cALP_enriched	769	0.999958	0.000000	-85503.652995
GCA_016839865.1_S.24_4	GCA_016839865.1	dALP	query	cALP_enriched	769	0.666606	0.166697	-72883.748346
GCA_054387455.1_S.46_2	GCA_054387455.1	cALP	query	cALP_enriched	769	0.999958	0.000000	-85503.652995
GCA_054386735.1_S.100_5	GCA_054386735.1	cALP	query	cALP_enriched	770	0.506683	0.203557	-85467.377051
GCA_054384375.1_S.338_3	GCA_054384375.1	cALP	query	cALP_enriched	775	0.743272	0.128981	-85442.523128
GCA_054387995.1_S.86_4	GCA_054387995.1	cALP	query	cALP_enriched	772	0.546496	0.220722	-85468.702913
GCA_054386715.1_S.135_8	GCA_054386715.1	dALP	query	cALP_enriched	770	0.384396	0.354358	-56798.481141
GCA_054388235.1_S.145_9	GCA_054388235.1	cALP	query	cALP_enriched	775	0.743272	0.128981	-85442.523128
GOMC.bin.1479_S.143_11	GOMC.bin.1479	cALP	query	cALP_enriched	770	0.934047	0.024954	-85461.763738
GCA_054384835.1_S.58_17	GCA_054384835.1	cALP	query	cALP_enriched	772	0.382007	0.249005	-85439.223267
GCA_054387695.1_S.208_1	GCA_054387695.1	cALP	query	cALP_enriched	771	0.781178	0.065576	-85453.298058
GCA_054384475.1_S.304_6	GCA_054384475.1	cALP	query	cALP_enriched	775	0.673800	0.163774	-83911.325625
GCA_054387475.1_S.174_1	GCA_054387475.1	cALP	query	cALP_enriched	775	0.743272	0.128981	-85442.523128
GCA_054388115.1_S.114_6	GCA_054388115.1	cALP	query	cALP_enriched	788	0.893096	0.106904	-85489.686514
GCA_016840405.1_S.30_1	GCA_016840405.1	dALP	query	cALP_enriched	791	0.999322	0.000000	-57340.210479
GOMC.bin.1965_S.280_52	GOMC.bin.1965	dALP	query	cALP_enriched	792	0.557496	0.420723	-68425.376753
GCA_048939465.1_S.38_18	GCA_048939465.1	cALP	query	cALP_enriched	798	0.991736	0.000000	-85500.583839
GCA_054387915.1_S.124_1	GCA_054387915.1	dALP	query	cALP_enriched	806	0.494252	0.297830	-68407.588827
GCA_054383855.1_S.53_29	GCA_054383855.1	cALP	query	cALP_enriched	801	0.751297	0.062658	-85477.752638
GCA_054383315.1_S.4_27	GCA_054383315.1	cALP	query	cALP_enriched	801	0.797686	0.051098	-85463.995450
GCA_054384115.1_S.35_75	GCA_054384115.1	cALP	query	cALP_enriched	801	0.751297	0.062658	-85477.752638
GCA_054383655.1_S.35_3	GCA_054383655.1	cALP	query	cALP_enriched	801	0.797686	0.051098	-85463.995450
GCA_054386835.1_S.278_27	GCA_054386835.1	dALP	query	cALP_enriched	806	0.545896	0.263310	-66930.891616
GOMC.bin.7984_S.830_2	GOMC.bin.7984	cALP	query	cALP_enriched	801	0.722680	0.069776	-85485.212331
GCA_054386495.1_S.68_11	GCA_054386495.1	cALP	query	cALP_enriched	809	1.000000	0.000000	-85461.455332
GOMC.bin.5617_S.18_243	GOMC.bin.5617	cALP	query	cALP_enriched	818	0.839194	0.078422	-85479.580645
GCA_054385675.1_S.288_10	GCA_054385675.1	cALP	query	cALP_enriched	822	0.379639	0.076948	-85472.859903
GCA_018383875.1_S.142_30	GCA_018383875.1	cALP	query	cALP_enriched	813	0.110801	0.110801	-85469.797373
GCA_038849455.1_S.1_75	GCA_038849455.1	cALP	query	cALP_enriched	813	0.110801	0.110801	-85469.797373
GCA_054383935.1_S.1_39	GCA_054383935.1	cALP	query	cALP_enriched	822	0.392936	0.075287	-85476.332469
GCA_018383815.1_S.40_48	GCA_018383815.1	cALP	query	cALP_enriched	812	0.110801	0.110801	-85469.797373
GCA_054383175.1_S.1_8	GCA_054383175.1	cALP	query	cALP_enriched	822	0.392936	0.075287	-85476.332469
GCA_054391155.1_S.166_3	GCA_054391155.1	dALP	query	cALP_enriched	839	0.602449	0.298333	-56149.240689
GCA_038871565.1_S.25_8	GCA_038871565.1	cALP	query	cALP_enriched	813	0.110801	0.110801	-85469.797373
GOMC.bin.16288_S.201_2	GOMC.bin.16288	cALP	query	cALP_enriched	822	0.392936	0.075287	-85476.332469
GCA_054383975.1_S.21_39	GCA_054383975.1	cALP	query	cALP_enriched	822	0.392936	0.075287	-85476.332469
GCA_038840315.1_S.3_55	GCA_038840315.1	cALP	query	cALP_enriched	824	0.334634	0.334634	-85462.887868
GCA_038846665.1_S.3_130	GCA_038846665.1	cALP	query	cALP_enriched	825	0.334634	0.334634	-85462.887868
GCA_018383855.1_S.30_10	GCA_018383855.1	cALP	query	cALP_enriched	825	0.334634	0.334634	-85462.887868
GCA_038883015.1_S.1_49	GCA_038883015.1	cALP	query	cALP_enriched	825	0.334634	0.334634	-85462.887868
GCA_038884015.1_S.1_285	GCA_038884015.1	cALP	query	cALP_enriched	825	0.334634	0.334634	-85462.887868
GOMC.bin.2831_S.70_6	GOMC.bin.2831	cALP	query	cALP_enriched	827	0.998432	0.000000	-85462.733961
GCA_054386075.1_S.10_4	GCA_054386075.1	cALP	query	ambiguous	948	1.000000	0.000000	-85792.164420
GCA_054389615.1_S.94_2	GCA_054389615.1	cALP	query	cALP_enriched	839	1.000000	0.000000	-85596.319851
GCA_030668875.1_S.78_9	GCA_030668875.1	cALP	query	cALP_enriched	863	0.991701	0.000000	-85435.738614
GCA_001940755.1_S.144_1	GCA_001940755.1	cALP	query	cALP_enriched	865	0.077312	0.077275	-84508.112449
GCA_054383575.1_S.435_4	GCA_054383575.1	cALP	query	cALP_enriched	864	0.234216	0.225456	-85479.319227
GOMC.bin.10032_S.69_1	GOMC.bin.10032	cALP	query	cALP_enriched	841	0.090348	0.090348	-85421.362088
GCA_054383115.1_S.139_1	GCA_054383115.1	cALP	query	cALP_enriched	864	0.210736	0.203036	-85479.945586
GCA_030603365.1_S.1_329	GCA_030603365.1	cALP	query	cALP_enriched	877	0.135155	0.113542	-85427.543930
GCA_054383515.1_S.254_1	GCA_054383515.1	cALP	query	cALP_enriched	863	0.976268	0.000000	-85478.140486
GCA_054383835.1_S.198_1	GCA_054383835.1	cALP	query	cALP_enriched	864	0.210736	0.203036	-85479.945586
GCA_023705905.1_S.15_29	GCA_023705905.1	cALP	query	cALP_enriched	863	0.999345	0.000000	-85433.545809
GOMC.bin.14973_S.350_3	GOMC.bin.14973	cALP	query	cALP_enriched	871	0.142356	0.142356	-85421.360967
GCA_054385015.1_S.64_4	GCA_054385015.1	cALP	query	cALP_enriched	863	0.993324	0.000000	-85430.906922
GCA_054382855.1_S.177_1	GCA_054382855.1	dALP	query	cALP_enriched	865	0.078016	0.077970	-74052.780488
GCA_054384295.1_S.18_4	GCA_054384295.1	cALP	query	cALP_enriched	864	0.210736	0.203036	-85479.945586
GCA_054387635.1_S.219_6	GCA_054387635.1	cALP	query	cALP_enriched	864	0.207163	0.199605	-85484.160357
GCA_030611665.1_S.5_11	GCA_030611665.1	cALP	query	cALP_enriched	863	0.993324	0.000000	-85430.906922
GCA_054384855.1_S.209_3	GCA_054384855.1	dALP	query	cALP_enriched	863	0.817727	0.025834	-71976.469691
GCA_054386755.1_S.152_5	GCA_054386755.1	cALP	query	cALP_enriched	842	0.088645	0.088645	-85465.198256
GCA_054387415.1_S.215_7	GCA_054387415.1	cALP	query	cALP_enriched	864	0.207163	0.199605	-85484.160357
GCA_054390515.1_S.248_4	GCA_054390515.1	cALP	query	cALP_enriched	872	0.142356	0.142356	-85421.360967
GCA_023705985.1_S.262_2	GCA_023705985.1	dALP	query	cALP_enriched	871	0.141396	0.141396	-72007.093982
GCA_023139025.1_S.624_8	GCA_023139025.1	cALP	query	cALP_enriched	842	0.090348	0.090348	-85421.362088
GCA_048883065.1_S.21_1	GCA_048883065.1	cALP	query	cALP_enriched	841	0.090348	0.090348	-85421.362088
GCA_054384575.1_S.1_42	GCA_054384575.1	cALP	query	cALP_enriched	842	0.090257	0.090257	-85427.842757
GOMC.bin.19673_S.267_4	GOMC.bin.19673	cALP	query	cALP_enriched	841	0.090348	0.090348	-85421.362088
GCA_054385575.1_S.143_5	GCA_054385575.1	cALP	query	cALP_enriched	863	0.993324	0.000000	-85430.906922
GCA_054386955.1_S.19_20	GCA_054386955.1	cALP	query	cALP_enriched	863	0.993324	0.000000	-85430.906922
GCA_019057375.1_S.132_46	GCA_019057375.1	cALP	query	cALP_enriched	868	0.993320	0.000000	-85421.376148
GCA_030668825.1_S.31_1	GCA_030668825.1	cALP	query	cALP_enriched	876	0.334536	0.334166	-85421.313316
GCA_054384015.1_S.367_1	GCA_054384015.1	cALP	query	cALP_enriched	871	0.142217	0.142217	-83865.772568
GCA_054382835.1_S.55_9	GCA_054382835.1	cALP	query	cALP_enriched	871	0.142356	0.142356	-85421.360967
GCA_054382895.1_S.7_29	GCA_054382895.1	cALP	query	cALP_enriched	863	0.993324	0.000000	-85430.906922
GCA_054386015.1_S.82_49	GCA_054386015.1	cALP	query	cALP_enriched	862	0.651005	0.170884	-85532.832746
GCA_054384015.1_S.366_2	GCA_054384015.1	cALP	query	cALP_enriched	862	0.708392	0.127164	-85548.015094
GCA_054383295.1_S.70_2	GCA_054383295.1	cALP	query	cALP_enriched	862	0.649923	0.171430	-85533.485611
GCA_054384055.1_S.10_31	GCA_054384055.1	cALP	query	cALP_enriched	860	0.477185	0.436068	-85484.564023
GCA_054386955.1_S.66_13	GCA_054386955.1	cALP	query	cALP_enriched	860	0.477185	0.436068	-85484.564023
GCA_021513715.1_S.1_1459	GCA_021513715.1	cALP	query	cALP_enriched	864	0.212641	0.204861	-85480.835239
GCA_054387175.1_S.43_6	GCA_054387175.1	cALP	query	cALP_enriched	864	0.207163	0.199605	-85484.160357
GCA_054381415.1_S.60_30	GCA_054381415.1	cALP	query	cALP_enriched	864	0.210736	0.203036	-85479.945586
GOMC.bin.30581_S.440_3	GOMC.bin.30581	cALP	query	cALP_enriched	842	0.090348	0.090348	-85421.362088
GCA_019057815.1_S.38_204	GCA_019057815.1	cALP	query	cALP_enriched	871	0.133492	0.133492	-85476.166501
GCA_018238545.1_S.21_52	GCA_018238545.1	cALP	query	cALP_enriched	863	0.993324	0.000000	-85430.906922
GCA_013166775.1_S.1_282	GCA_013166775.1	cALP	query	cALP_enriched	872	0.142356	0.142356	-85421.360967
GCA_054383895.1_S.105_11	GCA_054383895.1	cALP	query	cALP_enriched	872	0.142356	0.142356	-85421.360967
GCA_054387335.1_S.55_7	GCA_054387335.1	cALP	query	cALP_enriched	863	0.993324	0.000000	-85430.906922
GCA_021513695.1_S.1_1370	GCA_021513695.1	cALP	query	cALP_enriched	864	0.210736	0.203036	-85479.945586
GCA_054385855.1_S.93_7	GCA_054385855.1	cALP	query	cALP_enriched	863	0.993324	0.000000	-85430.906922
GCA_054388515.1_S.131_3	GCA_054388515.1	cALP	query	cALP_enriched	872	0.142356	0.142356	-85421.360967
GCA_054387365.1_S.115_7	GCA_054387365.1	cALP	query	cALP_enriched	841	0.088645	0.088645	-85465.198256
GCA_054387835.1_S.61_10	GCA_054387835.1	cALP	query	cALP_enriched	863	0.993324	0.000000	-85430.906922
GCA_054383455.1_S.94_1	GCA_054383455.1	cALP	query	cALP_enriched	864	0.210736	0.203036	-85479.945586
GCA_054386555.1_S.17_7	GCA_054386555.1	cALP	query	cALP_enriched	872	0.142356	0.142356	-85421.360967
GCA_054383295.1_S.265_3	GCA_054383295.1	cALP	query	cALP_enriched	872	0.142356	0.142356	-85421.360967
GCA_054391075.1_S.177_1	GCA_054391075.1	cALP	query	cALP_enriched	872	0.141277	0.141277	-82976.804280
GCA_054384055.1_S.47_1	GCA_054384055.1	cALP	query	cALP_enriched	863	0.993324	0.000000	-85430.906922
GCA_054384535.1_S.128_8	GCA_054384535.1	cALP	query	cALP_enriched	863	0.993324	0.000000	-85430.906922
GOMC.bin.9869_S.311_35	GOMC.bin.9869	cALP	query	cALP_enriched	890	0.993275	0.000000	-85493.698833
GCA_054388035.1_S.77_7	GCA_054388035.1	cALP	query	cALP_enriched	896	0.416055	0.335437	-85552.099744
GCA_048886485.1_S.508_1	GCA_048886485.1	dALP	query	cALP_enriched	918	0.577184	0.079661	-83865.155898
GCA_054390195.1_S.98_10	GCA_054390195.1	cALP	query	cALP_enriched	918	0.896007	0.026863	-85502.095597
GCA_054384995.1_S.227_2	GCA_054384995.1	cALP	query	cALP_enriched	898	0.855161	0.064737	-85457.458566
GCA_048882505.1_S.1_384	GCA_048882505.1	cALP	query	cALP_enriched	908	0.255744	0.254906	-85472.845682
GCA_054388475.1_S.22_27	GCA_054388475.1	cALP	query	cALP_enriched	899	0.200443	0.200443	-85445.865014
GCA_016839785.1_S.4_24	GCA_016839785.1	cALP	query	cALP_enriched	899	0.200443	0.200443	-85445.865014
GCA_054382915.1_S.10_7	GCA_054382915.1	dALP	query	cALP_enriched	907	0.798914	0.054401	-85523.711768
GCA_054390855.1_S.100_5	GCA_054390855.1	cALP	query	cALP_enriched	903	0.384564	0.233880	-85457.735203
GCA_054389205.1_S.26_45	GCA_054389205.1	cALP	query	cALP_enriched	899	0.200443	0.200443	-85445.865014
GCA_054384515.1_S.265_1	GCA_054384515.1	dALP	query	cALP_enriched	918	0.929442	0.067037	-66297.447018
GCA_054383035.1_S.210_5	GCA_054383035.1	cALP	query	cALP_enriched	898	0.435570	0.105808	-83938.055400
GCA_054383075.1_S.126_14	GCA_054383075.1	cALP	query	cALP_enriched	907	0.944471	0.023856	-85446.133478
GCA_054390235.1_S.236_2	GCA_054390235.1	cALP	query	cALP_enriched	900	0.200443	0.200443	-85445.865014
GCA_048887385.1_S.163_12	GCA_048887385.1	cALP	query	cALP_enriched	908	0.296628	0.295505	-85449.543811
GCA_054388535.1_S.16_1	GCA_054388535.1	cALP	query	cALP_enriched	903	0.384564	0.233880	-85457.735203
GCA_054391295.1_S.316_2	GCA_054391295.1	cALP	query	cALP_enriched	918	0.896007	0.026863	-85502.095597
GCA_054390735.1_S.215_2	GCA_054390735.1	cALP	query	cALP_enriched	918	0.869572	0.032881	-85514.537982
GCA_054387795.1_S.288_31	GCA_054387795.1	cALP	query	cALP_enriched	907	0.944471	0.023856	-85446.133478
GCA_054390195.1_S.130_8	GCA_054390195.1	cALP	query	cALP_enriched	918	0.896007	0.026863	-85502.095597
GCA_048938885.1_S.166_25	GCA_048938885.1	cALP	query	cALP_enriched	910	0.198604	0.198604	-85463.521533
GCA_016840305.1_S.17_1	GCA_016840305.1	cALP	query	cALP_enriched	903	0.384196	0.233043	-82632.470038
GCA_048886065.1_S.24_9	GCA_048886065.1	dALP	query	cALP_enriched	908	0.203313	0.203297	-71060.860198
GCA_048886985.1_S.6_60	GCA_048886985.1	cALP	query	cALP_enriched	910	0.198604	0.198604	-85463.521533
GCA_048886485.1_S.428_3	GCA_048886485.1	cALP	query	cALP_enriched	918	0.619052	0.350290	-85599.947223
GCA_054389935.1_S.1_33	GCA_054389935.1	cALP	query	cALP_enriched	907	0.372485	0.253540	-85450.939155
GCA_048886525.1_S.107_4	GCA_048886525.1	cALP	query	cALP_enriched	909	0.322275	0.320892	-85450.768282
GCA_048885365.1_S.57_5	GCA_048885365.1	cALP	query	cALP_enriched	921	0.605427	0.393190	-85521.939296
GCA_054389975.1_S.42_9	GCA_054389975.1	cALP	query	cALP_enriched	911	0.198765	0.198765	-85459.894340
GCA_054389475.1_S.11_4	GCA_054389475.1	cALP	query	cALP_enriched	903	0.384564	0.233880	-85457.735203
GCA_054390215.1_S.26_4	GCA_054390215.1	cALP	query	cALP_enriched	910	0.198765	0.198765	-85459.894340
GCA_029856365.1_S.27_5	GCA_029856365.1	cALP	query	cALP_enriched	910	0.198765	0.198765	-85459.894340
GCA_054389235.1_S.1_6	GCA_054389235.1	cALP	query	cALP_enriched	909	0.313907	0.313719	-84500.904165
GCA_054390775.1_S.588_1	GCA_054390775.1	cALP	query	cALP_enriched	909	0.322275	0.320892	-85450.768282
GCA_048886185.1_S.2_98	GCA_048886185.1	cALP	query	cALP_enriched	910	0.198604	0.198604	-85463.521533
GCA_054390595.1_S.193_4	GCA_054390595.1	cALP	query	cALP_enriched	918	0.621478	0.299416	-85558.912185
GCA_054390475.1_S.256_4	GCA_054390475.1	cALP	query	cALP_enriched	907	0.372485	0.253540	-85450.939155
GCA_048939725.1_S.239_7	GCA_048939725.1	cALP	query	cALP_enriched	911	0.198765	0.198765	-85459.894340
GCA_048941095.1_S.54_157	GCA_048941095.1	cALP	query	cALP_enriched	910	0.198604	0.198604	-85463.521533
GCA_054390755.1_S.18_17	GCA_054390755.1	cALP	query	cALP_enriched	921	0.578956	0.419342	-85525.963650
GCA_054390395.1_S.3_108	GCA_054390395.1	cALP	query	cALP_enriched	911	0.198765	0.198765	-85459.894340
GCA_011364965.1_S.11_386	GCA_011364965.1	cALP	query	cALP_enriched	909	0.933790	0.031634	-85447.330750
GCA_016839295.1_S.71_17	GCA_016839295.1	cALP	query	cALP_enriched	909	0.933790	0.031634	-85447.330750
GCA_048881705.1_S.65_1	GCA_048881705.1	cALP	query	cALP_enriched	908	0.255744	0.254906	-85472.845682
GOMC.bin.9856_S.129_1	GOMC.bin.9856	cALP	query	cALP_enriched	918	0.956878	0.021483	-85545.541506
GCA_048938105.1_S.61_52	GCA_048938105.1	cALP	query	cALP_enriched	911	0.198765	0.198765	-85459.894340
GCA_048940395.1_S.154_145	GCA_048940395.1	cALP	query	cALP_enriched	910	0.198604	0.198604	-85463.521533
GCA_054383555.1_S.77_1	GCA_054383555.1	cALP	query	cALP_enriched	907	0.944471	0.023856	-85446.133478
GCA_054389735.1_S.167_5	GCA_054389735.1	dALP	query	cALP_enriched	903	0.359934	0.162089	-74673.245785
GCA_054388255.1_S.10_4	GCA_054388255.1	dALP	query	cALP_enriched	909	0.317950	0.317942	-72693.883708
GCA_016840265.1_S.296_1	GCA_016840265.1	dALP	query	cALP_enriched	918	0.902546	0.013966	-72436.766938
GCA_030629105.1_S.161_1	GCA_030629105.1	dALP	query	cALP_enriched	926	0.123475	0.123475	-66204.019506
GCA_054387755.1_S.40_97	GCA_054387755.1	cALP	query	cALP_enriched	934	0.983858	0.000000	-85469.302988
GCA_048883465.1_S.80_7	GCA_048883465.1	cALP	query	cALP_enriched	936	0.139963	0.139921	-85463.034174
GOMC.bin.2462_S.60_3	GOMC.bin.2462	cALP	query	cALP_enriched	930	1.000000	0.000000	-85463.312147
GCA_054381545.1_S.390_6	GCA_054381545.1	cALP	query	cALP_enriched	934	0.991614	0.000000	-85465.431941
GCA_016840905.1_S.12_1	GCA_016840905.1	cALP	query	cALP_enriched	936	0.139963	0.139921	-85463.034174
GCA_054386995.1_S.64_3	GCA_054386995.1	cALP	query	cALP_enriched	934	0.983858	0.000000	-85469.302988
GCA_054383055.1_S.307_5	GCA_054383055.1	cALP	query	cALP_enriched	934	0.983858	0.000000	-85469.302988
GOMC.bin.3316_S.381_4	GOMC.bin.3316	cALP	query	cALP_enriched	930	1.000000	0.000000	-85463.312147
GCA_054386475.1_S.58_14	GCA_054386475.1	cALP	query	cALP_enriched	930	1.000000	0.000000	-85463.312147
GCA_054384355.1_S.50_8	GCA_054384355.1	cALP	query	cALP_enriched	934	0.983858	0.000000	-85469.302988
GCA_054385035.1_S.106_8	GCA_054385035.1	dALP	query	cALP_enriched	927	0.115857	0.115857	-75306.226367
GCA_054388135.1_S.11_23	GCA_054388135.1	cALP	query	cALP_enriched	934	0.983858	0.000000	-85469.302988
GCA_054381535.1_S.401_1	GCA_054381535.1	dALP	query	cALP_enriched	927	0.110442	0.110442	-74602.967397
GCA_054387395.1_S.92_11	GCA_054387395.1	cALP	query	ambiguous	950	0.772201	0.114556	-85456.885376
GOMC.bin.18203_S.29_22	GOMC.bin.18203	cALP	query	ambiguous	950	0.998226	0.000000	-85452.061857
GOMC.bin.18785_S.208_3	GOMC.bin.18785	cALP	query	ambiguous	989	1.000000	0.000000	-85466.902848
GOMC.bin.2497_S.115_1	GOMC.bin.2497	cALP	query	ambiguous	990	0.994081	0.000000	-85568.850393
GCA_038839555.1_S.3_5	GCA_038839555.1	cALP	query	ambiguous	991	1.000000	0.000000	-85474.977027
GOMC.bin.16247_S.94_13	GOMC.bin.16247	cALP	query	ambiguous	993	0.339559	0.336431	-83773.825876
GCA_029856685.1_S.176_31	GCA_029856685.1	cALP	query	ambiguous	993	0.346172	0.343969	-85448.602148
GOMC.bin.4316_S.107_10	GOMC.bin.4316	cALP	query	ambiguous	999	0.542642	0.260893	-85449.925681
GCA_027068385.1_S.14_11	GCA_027068385.1	cALP	query	ambiguous	1010	1.000000	0.000000	-85556.006506
GCA_048885985.1_S.186_4	GCA_048885985.1	cALP	query	ambiguous	1014	0.812593	0.131180	-85574.986758
GCA_054383715.1_S.130_7	GCA_054383715.1	cALP	query	ambiguous	1014	1.000000	0.000000	-85538.282617
ERR6430833_bin.2_S.38_11	ERR6430833_bin.2	cALP	query	ambiguous	1014	0.933509	0.046464	-85587.758934
GCA_016840655.1_S.17_21	GCA_016840655.1	cALP	query	ambiguous	1016	0.923147	0.034144	-85571.735817
GCA_054384335.1_S.84_3	GCA_054384335.1	cALP	query	ambiguous	1014	0.997834	0.000000	-85545.758105
GOMC.bin.4504_S.48_36	GOMC.bin.4504	cALP	query	ambiguous	1014	0.935499	0.051264	-85559.966914
GOMC.bin.27746_S.176_4	GOMC.bin.27746	cALP	query	ambiguous	1014	0.935499	0.051264	-85559.966914
GOMC.bin.17206_S.411_3	GOMC.bin.17206	cALP	query	ambiguous	1014	0.999296	0.000000	-85534.931499
GOMC.bin.19169_S.70_103	GOMC.bin.19169	cALP	query	ambiguous	1014	0.974276	0.019092	-85587.394485
GCA_048885625.1_S.72_3	GCA_048885625.1	cALP	query	ambiguous	1020	0.669673	0.163137	-85612.279195
GCA_029856105.1_S.227_28	GCA_029856105.1	cALP	query	ambiguous	1014	0.974276	0.019092	-85587.394485
GCA_013375475.1_S.218_5	GCA_013375475.1	cALP	query	ambiguous	1014	0.710308	0.238892	-85547.775505
GCA_030606095.1_S.112_4	GCA_030606095.1	cALP	query	ambiguous	1014	0.914946	0.046463	-85583.697234
GCA_019057795.1_S.71_55	GCA_019057795.1	cALP	query	ambiguous	1014	0.865255	0.067971	-85593.638658
GCA_054383615.1_S.186_12	GCA_054383615.1	cALP	query	ambiguous	1018	0.945040	0.026810	-85603.159151
GCA_048885765.1_S.36_2	GCA_048885765.1	cALP	query	ambiguous	1018	0.671045	0.310865	-85636.805743
GCA_048939795.1_S.130_4	GCA_048939795.1	cALP	query	ambiguous	1020	0.542697	0.457303	-85673.704411
GCA_005223125.1_S.20_18	GCA_005223125.1	cALP	query	ambiguous	1018	0.902303	0.097697	-85666.188163
GCA_048937855.1_S.82_3	GCA_048937855.1	cALP	query	ambiguous	1018	0.741728	0.258272	-85641.504423
GCA_048941185.1_S.42_7	GCA_048941185.1	cALP	query	ambiguous	1020	0.880166	0.119834	-85680.937942
GCA_016839765.1_S.53_37	GCA_016839765.1	cALP	query	ambiguous	1020	0.682980	0.163447	-85615.840198
GCA_048885565.1_S.142_6	GCA_048885565.1	cALP	query	ambiguous	1020	0.930944	0.069056	-85652.081058
GCA_048941225.1_S.85_3	GCA_048941225.1	cALP	query	ambiguous	1020	0.629799	0.178101	-85621.466028
GCA_019058365.1_S.16_178	GCA_019058365.1	cALP	query	ambiguous	1018	0.878474	0.121526	-85649.291052
GCA_054388355.1_S.21_14	GCA_054388355.1	cALP	query	ambiguous	1019	0.548831	0.248388	-85676.365745
GCA_048938985.1_S.56_3	GCA_048938985.1	cALP	query	ambiguous	1020	0.629227	0.178370	-85621.745613
GCA_054381395.1_S.47_34	GCA_054381395.1	cALP	query	ambiguous	1018	1.000000	0.000000	-85654.124804
GCA_019894975.1_S.12_3	GCA_019894975.1	cALP	query	ambiguous	1018	0.736297	0.195406	-85664.447084
GCA_048938025.1_S.10_11	GCA_048938025.1	cALP	query	ambiguous	1018	0.999608	0.000000	-85666.328581
GCA_054390415.1_S.38_21	GCA_054390415.1	cALP	query	ambiguous	1018	0.640109	0.359891	-85671.045466
GCA_048938565.1_S.541_6	GCA_048938565.1	cALP	query	ambiguous	1018	0.524156	0.475844	-85674.094397
GCA_011364925.1_S.91_95	GCA_011364925.1	cALP	query	ambiguous	1016	0.362675	0.300999	-85625.247704
GCA_029856235.1_S.34_15	GCA_029856235.1	cALP	query	ambiguous	1016	0.684205	0.133393	-85588.253946
GCA_019058445.1_S.5_43	GCA_019058445.1	cALP	query	ambiguous	1018	0.984771	0.012975	-85625.201253
GCA_048940605.1_S.23_11	GCA_048940605.1	cALP	query	ambiguous	1019	0.445226	0.363787	-85672.693318
GCA_016840165.1_S.15_73	GCA_016840165.1	cALP	query	ambiguous	1017	0.953835	0.046165	-85592.391791
GCA_029856125.1_S.18_181	GCA_029856125.1	cALP	query	ambiguous	1014	0.935499	0.051264	-85559.966914
GCA_011364975.1_S.142_22	GCA_011364975.1	dALP	query	ambiguous	1016	0.564112	0.215300	-79754.075985
GCA_048885575.1_S.35_12	GCA_048885575.1	cALP	query	ambiguous	1014	0.831374	0.109217	-85569.401730
GCA_048887165.1_S.50_10	GCA_048887165.1	cALP	query	ambiguous	1019	0.477086	0.292313	-85589.407683
GCA_016840085.1_S.51_60	GCA_016840085.1	cALP	query	ambiguous	1018	0.497008	0.401633	-85636.106092
GCA_048937845.1_S.19_10	GCA_048937845.1	cALP	query	ambiguous	1020	0.542697	0.457303	-85673.704411
GCA_048940765.1_S.67_4	GCA_048940765.1	cALP	query	ambiguous	1020	0.542697	0.457303	-85673.704411
GCA_016839905.1_S.460_5	GCA_016839905.1	cALP	query	ambiguous	1018	0.999213	0.000000	-85661.730304
GCA_048882645.1_S.50_21	GCA_048882645.1	cALP	query	ambiguous	1020	1.000000	0.000000	-85676.074735
GCA_048938825.1_S.136_3	GCA_048938825.1	cALP	query	ambiguous	1020	0.911966	0.088034	-85618.620682
GCA_054385955.1_S.170_4	GCA_054385955.1	cALP	query	ambiguous	1020	0.958884	0.041116	-85622.572844
GCA_016926735.1_S.125_9	GCA_016926735.1	cALP	query	ambiguous	1018	0.999880	0.000000	-85707.101218
GCA_048885525.1_S.45_12	GCA_048885525.1	cALP	query	ambiguous	1020	0.926615	0.073385	-85663.615202
GCA_054391215.1_S.133_2	GCA_054391215.1	cALP	query	ambiguous	1020	0.549790	0.304873	-85627.254241
GCA_048941465.1_S.29_5	GCA_048941465.1	cALP	query	ambiguous	1020	0.806310	0.193690	-85604.718854
GCA_019894715.1_S.171_10	GCA_019894715.1	cALP	query	ambiguous	1018	0.941892	0.058108	-85694.729780
GCA_048886345.1_S.9_81	GCA_048886345.1	cALP	query	ambiguous	1019	0.489655	0.277059	-85667.691327
GCA_048938565.1_S.216_2	GCA_048938565.1	cALP	query	ambiguous	1018	0.480777	0.314406	-85681.795604
GCA_048887225.1_S.9_36	GCA_048887225.1	cALP	query	ambiguous	1018	0.999939	0.000000	-85668.920067
GOMC.bin.7564_S.106_3	GOMC.bin.7564	cALP	query	ambiguous	1020	1.000000	0.000000	-85728.095188
GCA_019894855.1_S.82_94	GCA_019894855.1	cALP	query	ambiguous	1015	0.756603	0.172182	-85562.494829
GCA_048940185.1_S.259_3	GCA_048940185.1	cALP	query	ambiguous	1020	0.629227	0.178370	-85621.745613
GCF_008000775.2_S.1_2312	GCF_008000775.2	cALP	query	ambiguous	1021	1.000000	0.000000	-85586.782853
GCA_016839865.1_S.274_3	GCA_016839865.1	cALP	query	ambiguous	1021	0.839451	0.160549	-85776.660481
GCA_016933055.1_S.2_204	GCA_016933055.1	cALP	query	ambiguous	1021	0.975460	0.024540	-85773.057587
GCA_019058015.1_S.118_19	GCA_019058015.1	cALP	query	ambiguous	1020	0.975842	0.017174	-85719.575153
GCA_054384915.1_S.227_3	GCA_054384915.1	cALP	query	ambiguous	1021	1.000000	0.000000	-85592.195399
GOMC.bin.1446_S.71_6	GOMC.bin.1446	cALP	query	ambiguous	1020	0.997230	0.000000	-85687.313800
GCA_004524545.1_S.78_57	GCA_004524545.1	cALP	query	ambiguous	1021	0.979113	0.020887	-85780.114946
GOMC.bin.12197_S.578_7	GOMC.bin.12197	cALP	query	ambiguous	1020	0.909039	0.090961	-85709.261184
GCA_054386035.1_S.528_3	GCA_054386035.1	dALP	query	ambiguous	1023	0.999861	0.000000	-85887.985730
GOMC.bin.2818_S.198_2	GOMC.bin.2818	cALP	query	ambiguous	948	1.000000	0.000000	-85792.164420
GCA_054387355.1_S.190_10	GCA_054387355.1	dALP	query	ambiguous	1026	1.000000	0.000000	-85608.068032
GCA_054383675.1_S.96_10	GCA_054383675.1	dALP	query	ambiguous	1034	0.977553	0.011339	-85715.019854
GCA_016839385.1_S.675_6	GCA_016839385.1	dALP	query	ambiguous	1034	1.000000	0.000000	-85622.219716
GCA_054386715.1_S.362_1	GCA_054386715.1	dALP	query	ambiguous	1036	1.000000	0.000000	-85644.899627
GCA_054384375.1_S.104_6	GCA_054384375.1	dALP	query	ambiguous	1037	0.996321	0.000000	-78930.113441
GOMC.bin.1446_S.83_3	GOMC.bin.1446	dALP	query	ambiguous	1042	0.923453	0.038469	-85504.714661
GCA_054383615.1_S.184_6	GCA_054383615.1	dALP	query	ambiguous	1058	0.998763	0.000000	-85654.795953
GCA_054384175.1_S.6_142	GCA_054384175.1	dALP	query	ambiguous	1058	0.998763	0.000000	-85654.795953
GOMC.bin.985_S.660_1	GOMC.bin.985	dALP	query	ambiguous	1056	0.767504	0.119914	-85543.495575
GCA_048937645.1_S.287_26	GCA_048937645.1	dALP	query	ambiguous	1057	0.993111	0.000000	-85563.193007
GCA_054386795.1_S.726_1	GCA_054386795.1	cALP	query	ambiguous	1058	0.999962	0.000000	-85410.742146
GCA_054384595.1_S.5_37	GCA_054384595.1	dALP	query	ambiguous	1074	0.457668	0.448688	-85667.600842
GCA_048940305.1_S.216_5	GCA_048940305.1	dALP	query	dALP_enriched	1097	0.510856	0.143793	-85585.587501
GCA_048885565.1_S.6_5	GCA_048885565.1	dALP	query	dALP_enriched	1085	0.769195	0.221611	-85577.146318
GCA_048886225.1_S.2_72	GCA_048886225.1	dALP	query	dALP_enriched	1087	0.633778	0.237833	-85656.592432
GCA_048885765.1_S.58_20	GCA_048885765.1	dALP	query	dALP_enriched	1085	0.999941	0.000000	-85564.573132
GCA_048885705.1_S.16_10	GCA_048885705.1	dALP	query	dALP_enriched	1087	0.677422	0.161775	-85665.859728
GCA_048938855.1_S.34_42	GCA_048938855.1	dALP	query	dALP_enriched	1085	0.769195	0.221611	-85577.146318
GCA_048937845.1_S.171_1	GCA_048937845.1	dALP	query	dALP_enriched	1089	0.441259	0.395095	-85575.691930
GCA_048941285.1_S.68_49	GCA_048941285.1	dALP	query	dALP_enriched	1087	0.815865	0.079737	-85584.713372
GCA_048941625.1_S.147_20	GCA_048941625.1	dALP	query	dALP_enriched	1089	0.813662	0.098076	-85556.726221
GCA_048940765.1_S.57_13	GCA_048940765.1	dALP	query	dALP_enriched	1089	0.441259	0.395095	-85575.691930
GCA_048939445.1_S.106_5	GCA_048939445.1	dALP	query	dALP_enriched	1087	0.693636	0.194110	-85594.366026
GCA_048941185.1_S.166_66	GCA_048941185.1	dALP	query	dALP_enriched	1087	0.633778	0.237833	-85656.592432
GCA_048938005.1_S.72_10	GCA_048938005.1	dALP	query	dALP_enriched	1089	0.896327	0.058990	-85559.409331
GCA_048938225.1_S.74_17	GCA_048938225.1	dALP	query	dALP_enriched	1097	0.575514	0.224906	-85553.887081
GCA_048883045.1_S.8_17	GCA_048883045.1	dALP	query	dALP_enriched	1096	0.999874	0.000000	-85562.625798
GCA_048939015.1_S.69_7	GCA_048939015.1	dALP	query	dALP_enriched	1096	0.999826	0.000000	-85552.546711
GCA_048937855.1_S.77_5	GCA_048937855.1	dALP	query	dALP_enriched	1097	0.510856	0.143793	-85585.587501
GOMC.bin.1376_S.147_10	GOMC.bin.1376	dALP	query	dALP_enriched	1110	0.924670	0.058902	-85620.369013
GCA_048886605.1_S.13_39	GCA_048886605.1	dALP	query	dALP_enriched	1097	0.575514	0.224906	-85553.887081
GCA_048882885.1_S.298_2	GCA_048882885.1	dALP	query	dALP_enriched	1099	1.000000	0.000000	-75461.532122
GCA_054390415.1_S.11_21	GCA_054390415.1	dALP	query	dALP_enriched	1099	1.000000	0.000000	-85548.077200
GCA_048938895.1_S.123_33	GCA_048938895.1	dALP	query	dALP_enriched	1106	0.584721	0.245639	-85562.195659
GCA_048940205.1_S.372_5	GCA_048940205.1	dALP	query	dALP_enriched	1106	0.503843	0.329297	-85595.770695
GCA_048886105.1_S.21_4	GCA_048886105.1	dALP	query	dALP_enriched	1100	0.961229	0.019419	-85553.019711
GCA_048886345.1_S.6_34	GCA_048886345.1	dALP	query	dALP_enriched	1103	0.492972	0.240983	-85541.666555
GCA_054389595.1_S.258_6	GCA_054389595.1	dALP	query	dALP_enriched	1106	0.766207	0.174676	-51145.621638
GCA_048940925.1_S.18_101	GCA_048940925.1	dALP	query	dALP_enriched	1109	1.000000	0.000000	-85563.746338
GCA_019057865.1_S.66_91	GCA_019057865.1	dALP	query	dALP_enriched	1112	0.999328	0.000000	-85516.918914
GCA_048938045.1_S.238_2	GCA_048938045.1	dALP	query	dALP_enriched	1113	1.000000	0.000000	-85570.388423
GCA_054386175.1_S.369_7	GCA_054386175.1	dALP	query	ambiguous	1074	0.457668	0.448688	-85667.600842
GCA_048937825.1_S.129_25	GCA_048937825.1	dALP	query	ambiguous	1115	0.535778	0.157815	-85592.812843
GOMC.bin.16389_S.43_10	GOMC.bin.16389	dALP	query	ambiguous	1115	0.615894	0.296848	-85635.351629
GOMC.bin.3147_S.287_2	GOMC.bin.3147	dALP	query	ambiguous	1115	0.635299	0.284409	-85628.674527
GCA_054384695.1_S.67_5	GCA_054384695.1	dALP	query	ambiguous	1118	0.527946	0.244071	-85554.875840
GCA_054383875.1_S.135_5	GCA_054383875.1	dALP	query	ambiguous	1118	0.527946	0.244071	-85554.875840
GCA_054387935.1_S.170_5	GCA_054387935.1	dALP	query	ambiguous	1118	0.527946	0.244071	-85554.875840
GOMC.bin.16641_S.599_2	GOMC.bin.16641	dALP	query	ambiguous	1115	0.642991	0.281645	-85625.370247
GCA_054384125.1_S.9_24	GCA_054384125.1	dALP	query	ambiguous	1115	0.624385	0.292173	-85633.418109
GCA_048887165.1_S.189_5	GCA_048887165.1	dALP	query	ambiguous	1115	0.821526	0.052770	-84955.952376
GCA_048941465.1_S.77_79	GCA_048941465.1	dALP	query	ambiguous	1128	0.999601	0.000000	-85603.587271
GCA_048941015.1_S.46_25	GCA_048941015.1	dALP	query	ambiguous	1115	0.535778	0.157815	-85592.812843
GOMC.bin.3161_S.435_1	GOMC.bin.3161	dALP	query	ambiguous	1115	0.576520	0.310073	-75259.459790
GCA_048883245.1_S.23_19	GCA_048883245.1	dALP	query	ambiguous	1115	0.532899	0.157729	-85595.077431
GCA_048885785.1_S.1_29	GCA_048885785.1	dALP	query	ambiguous	1128	0.711406	0.256885	-85538.459218
GCA_048940185.1_S.190_11	GCA_048940185.1	dALP	query	ambiguous	1128	0.711406	0.256885	-85538.459218
GCA_048941225.1_S.140_22	GCA_048941225.1	dALP	query	ambiguous	1128	0.711406	0.256885	-85538.459218
GCA_048939995.1_S.28_61	GCA_048939995.1	dALP	query	ambiguous	1128	0.684994	0.212687	-85621.625664
GCA_048941205.1_S.223_19	GCA_048941205.1	dALP	query	ambiguous	1128	0.684994	0.212687	-85621.625664
GCA_048886785.1_S.1_55	GCA_048886785.1	dALP	query	ambiguous	1128	0.999601	0.000000	-85603.587271
GCA_054383015.1_S.258_1	GCA_054383015.1	dALP	query	ambiguous	1134	0.668815	0.111227	-85537.191537
GCA_054384335.1_S.36_8	GCA_054384335.1	dALP	query	ambiguous	1134	0.699502	0.080121	-85543.951435
GCA_054384455.1_S.106_7	GCA_054384455.1	dALP	query	ambiguous	1134	0.504739	0.244411	-85541.796244
GCA_054384895.1_S.331_2	GCA_054384895.1	dALP	query	ambiguous	1143	0.487490	0.345735	-85548.064753
GCA_054384435.1_S.186_5	GCA_054384435.1	dALP	query	ambiguous	1134	0.358233	0.223325	-43215.148655
GCA_054383695.1_S.252_3	GCA_054383695.1	dALP	query	ambiguous	1134	0.277940	0.277798	-34528.544777
GOMC.bin.17206_S.212_1	GOMC.bin.17206	dALP	query	ambiguous	1133	0.438223	0.434535	-54604.936447
GCA_048885985.1_S.386_2	GCA_048885985.1	dALP	query	ambiguous	1149	0.372856	0.208417	-78056.846349
GCA_048885575.1_S.41_6	GCA_048885575.1	dALP	query	ambiguous	1152	0.345059	0.323705	-85541.314039
GCA_054384795.1_S.38_7	GCA_054384795.1	dALP	query	ambiguous	1151	0.572428	0.213033	-85543.105147
GCA_048941475.1_S.264_6	GCA_048941475.1	dALP	query	ambiguous	1151	0.333126	0.331488	-85543.616973
GCA_048938675.1_S.288_6	GCA_048938675.1	dALP	query	ambiguous	1151	0.333126	0.331488	-85543.616973
GOMC.bin.10054_S.52_41	GOMC.bin.10054	dALP	query	ambiguous	1164	1.000000	0.000000	-85494.947916
GCF_038889775.1_S.5_25	GCF_038889775.1	dALP	query	dALP_enriched	4	0.959917	0.040083	-85504.114185
GCA_038879155.1_S.3_33	GCA_038879155.1	dALP	query	dALP_enriched	5	0.845124	0.154876	-85504.165326
GCA_038879875.1_S.2_127	GCA_038879875.1	dALP	query	dALP_enriched	5	0.845124	0.154876	-85504.165326
GCA_038888495.1_S.1_52	GCA_038888495.1	dALP	query	dALP_enriched	5	0.845124	0.154876	-85504.165326
GCA_038838135.1_S.44_9	GCA_038838135.1	dALP	query	dALP_enriched	13	1.000000	0.000000	-85479.085849
GCA_038832515.1_S.3_50	GCA_038832515.1	dALP	query	dALP_enriched	13	1.000000	0.000000	-85483.248948
GCA_038893095.1_S.94_3	GCA_038893095.1	dALP	query	dALP_enriched	13	1.000000	0.000000	-85479.085849
GCA_038730335.1_S.3_6	GCA_038730335.1	dALP	query	dALP_enriched	36	1.000000	0.000000	-85487.247508
GOMC.bin.17758_S.209_5	GOMC.bin.17758	dALP	query	dALP_enriched	87	1.000000	0.000000	-85465.016845
GCA_038832465.1_S.1_47	GCA_038832465.1	dALP	query	dALP_enriched	90	0.531968	0.468032	-85503.273048
GCA_038887155.1_S.1_63	GCA_038887155.1	dALP	query	dALP_enriched	90	0.531968	0.468032	-85503.273048
GCA_038841495.1_S.1_45	GCA_038841495.1	dALP	query	dALP_enriched	90	0.999958	0.000000	-85503.973076
GCA_038879275.1_S.1_36	GCA_038879275.1	dALP	query	dALP_enriched	90	0.531968	0.468032	-85503.273048
GCA_038731975.1_S.1_194	GCA_038731975.1	dALP	query	dALP_enriched	90	0.532003	0.467997	-85506.563270
GCA_038879895.1_S.1_96	GCA_038879895.1	dALP	query	dALP_enriched	90	0.532270	0.467730	-85505.581882
GCA_038879235.1_S.1_19	GCA_038879235.1	dALP	query	dALP_enriched	90	0.999952	0.000000	-85513.810355
GCA_038880115.1_S.63_6	GCA_038880115.1	dALP	query	dALP_enriched	90	0.999952	0.000000	-85513.810355
GCA_038836275.1_S.2_19	GCA_038836275.1	dALP	query	dALP_enriched	90	0.999952	0.000000	-85513.810355
GCA_038728045.1_S.3_13	GCA_038728045.1	dALP	query	dALP_enriched	98	1.000000	0.000000	-85499.044554
GCA_038891735.1_S.12_22	GCA_038891735.1	dALP	query	dALP_enriched	98	1.000000	0.000000	-85525.985941
GCA_038727395.1_S.10_47	GCA_038727395.1	dALP	query	dALP_enriched	100	1.000000	0.000000	-85481.655894
GCA_038880035.1_S.10_15	GCA_038880035.1	dALP	query	dALP_enriched	100	1.000000	0.000000	-85481.655894
GCA_038735015.1_S.2_183	GCA_038735015.1	dALP	query	dALP_enriched	100	1.000000	0.000000	-85481.655894
GOMC.bin.4339_S.271_6	GOMC.bin.4339	dALP	query	dALP_enriched	113	0.984702	0.015298	-67193.287189
GOMC.bin.16590_S.109_11	GOMC.bin.16590	dALP	query	dALP_enriched	115	1.000000	0.000000	-85515.769730
GOMC.bin.17135_S.385_1	GOMC.bin.17135	dALP	query	dALP_enriched	118	1.000000	0.000000	-82220.004084
GOMC.bin.17432_S.14_1	GOMC.bin.17432	dALP	query	dALP_enriched	118	1.000000	0.000000	-85588.105456
GOMC.bin.17302_S.396_1	GOMC.bin.17302	dALP	query	dALP_enriched	114	0.332470	0.330247	-57754.430593
GOMC.bin.18227_S.98_2	GOMC.bin.18227	dALP	query	dALP_enriched	131	0.656131	0.170591	-85624.310477
GOMC.bin.17155_S.151_4	GOMC.bin.17155	dALP	query	dALP_enriched	131	0.656131	0.170591	-85624.310477
GOMC.bin.3116_S.586_4	GOMC.bin.3116	dALP	query	dALP_enriched	131	0.511680	0.345653	-85629.745325
GOMC.bin.18600_S.190_5	GOMC.bin.18600	dALP	query	dALP_enriched	131	0.656131	0.170591	-85624.310477
GOMC.bin.16739_S.212_4	GOMC.bin.16739	dALP	query	dALP_enriched	131	0.656131	0.170591	-85624.310477
GCA_035319845.1_S.46_13	GCA_035319845.1	dALP	query	dALP_enriched	172	0.902813	0.048677	-85486.602573
GCA_027061785.1_S.20_33	GCA_027061785.1	dALP	query	dALP_enriched	179	0.929462	0.033350	-85486.302786
GCA_038727295.1_S.2_49	GCA_038727295.1	dALP	query	dALP_enriched	195	1.000000	0.000000	-84677.433179
GCA_038872215.1_S.5_18	GCA_038872215.1	dALP	query	dALP_enriched	195	1.000000	0.000000	-84677.433179
GOMC.bin.2752_S.15_3	GOMC.bin.2752	dALP	query	dALP_enriched	215	0.977582	0.022418	-85506.171793
GOMC.bin.18277_S.249_3	GOMC.bin.18277	dALP	query	dALP_enriched	233	1.000000	0.000000	-85152.363288
GCA_011040545.1_S.42_6	GCA_011040545.1	dALP	query	dALP_enriched	238	1.000000	0.000000	-85452.244787
GOMC.bin.16972_S.39_3	GOMC.bin.16972	dALP	query	dALP_enriched	240	0.970187	0.029153	-85570.089288
GOMC.bin.2737_S.124_3	GOMC.bin.2737	dALP	query	dALP_enriched	240	0.970187	0.029153	-85570.089288
GOMC.bin.2886_S.25_2	GOMC.bin.2886	dALP	query	dALP_enriched	246	1.000000	0.000000	-85553.951524
GOMC.bin.16989_S.60_4	GOMC.bin.16989	dALP	query	dALP_enriched	251	1.000000	0.000000	-85187.282745
GCA_038862305.1_S.7_14	GCA_038862305.1	dALP	query	dALP_enriched	267	0.999767	0.000000	-85162.247633
GCA_038871415.1_S.23_7	GCA_038871415.1	dALP	query	dALP_enriched	274	0.525544	0.474456	-85468.452147
GCA_018396775.1_S.5_24	GCA_018396775.1	dALP	query	dALP_enriched	277	1.000000	0.000000	-85205.312879
GCA_038860355.1_S.12_27	GCA_038860355.1	dALP	query	dALP_enriched	278	1.000000	0.000000	-85216.918234
GCA_038863685.1_S.12_7	GCA_038863685.1	dALP	query	dALP_enriched	278	1.000000	0.000000	-85216.918234
GCA_038872295.1_S.188_4	GCA_038872295.1	dALP	query	dALP_enriched	284	1.000000	0.000000	-85447.321860
GCA_038873255.1_S.5_39	GCA_038873255.1	dALP	query	dALP_enriched	293	1.000000	0.000000	-85426.436037
GCA_038730885.1_S.38_4	GCA_038730885.1	dALP	query	dALP_enriched	293	1.000000	0.000000	-85426.436037
GCA_038843975.1_S.9_21	GCA_038843975.1	dALP	query	dALP_enriched	297	0.813846	0.186154	-85142.567264
GCA_038817485.1_S.6_48	GCA_038817485.1	dALP	query	dALP_enriched	297	0.813846	0.186154	-85142.567264
GOMC.bin.3058_S.177_8	GOMC.bin.3058	dALP	query	dALP_enriched	302	1.000000	0.000000	-85128.645769
GCA_038843955.1_S.2_52	GCA_038843955.1	dALP	query	dALP_enriched	308	0.999924	0.000000	-85455.701607
GCA_038854505.1_S.2_14	GCA_038854505.1	dALP	query	dALP_enriched	308	0.999924	0.000000	-85455.701607
GCA_038831195.1_S.6_62	GCA_038831195.1	dALP	query	dALP_enriched	308	0.999924	0.000000	-85455.701607
GCA_038827665.1_S.26_24	GCA_038827665.1	dALP	query	dALP_enriched	313	1.000000	0.000000	-84005.752699
GCA_015661775.1_S.90_3	GCA_015661775.1	dALP	query	dALP_enriched	316	1.000000	0.000000	-85460.530506
GCA_038740795.1_S.46_1	GCA_038740795.1	dALP	query	dALP_enriched	325	1.000000	0.000000	-84075.010630
GCA_030059665.1_S.3_51	GCA_030059665.1	dALP	query	dALP_enriched	325	1.000000	0.000000	-85173.787107
GCA_038869075.1_S.125_5	GCA_038869075.1	dALP	query	dALP_enriched	345	1.000000	0.000000	-85471.015720
GCA_038845635.1_S.1_86	GCA_038845635.1	dALP	query	dALP_enriched	345	1.000000	0.000000	-85471.015720
GCA_038885775.1_S.37_9	GCA_038885775.1	dALP	query	dALP_enriched	345	1.000000	0.000000	-85465.837251
GCA_038886845.1_S.4_71	GCA_038886845.1	dALP	query	dALP_enriched	347	1.000000	0.000000	-85430.398387
GCA_038872595.1_S.44_2	GCA_038872595.1	dALP	query	dALP_enriched	351	1.000000	0.000000	-85455.163242
GCA_038868855.1_S.2_12	GCA_038868855.1	dALP	query	dALP_enriched	351	1.000000	0.000000	-85455.163242
GCA_038871135.1_S.3_51	GCA_038871135.1	dALP	query	dALP_enriched	357	1.000000	0.000000	-85463.666283
GCA_038823985.1_S.2_17	GCA_038823985.1	dALP	query	dALP_enriched	357	1.000000	0.000000	-85459.663845
GCA_038867145.1_S.68_6	GCA_038867145.1	dALP	query	dALP_enriched	357	1.000000	0.000000	-85463.666283
GCA_023267885.1_S.50_50	GCA_023267885.1	dALP	query	dALP_enriched	365	1.000000	0.000000	-85452.256760
GCA_038863785.1_S.9_25	GCA_038863785.1	dALP	query	dALP_enriched	373	1.000000	0.000000	-85464.835182
GCA_023254095.1_S.17_194	GCA_023254095.1	dALP	query	dALP_enriched	373	1.000000	0.000000	-85464.835182
GCA_038821885.1_S.121_1	GCA_038821885.1	dALP	query	dALP_enriched	379	1.000000	0.000000	-77930.652035
GCA_038838275.1_S.53_4	GCA_038838275.1	dALP	query	dALP_enriched	379	1.000000	0.000000	-85453.454082
GCA_038879615.1_S.162_3	GCA_038879615.1	dALP	query	dALP_enriched	379	1.000000	0.000000	-85441.903550
GCA_038887275.1_S.2_19	GCA_038887275.1	dALP	query	dALP_enriched	379	1.000000	0.000000	-85441.903550
GOMC.bin.18380_S.184_2	GOMC.bin.18380	dALP	query	dALP_enriched	383	0.565349	0.296995	-85578.518177
GCA_038835515.1_S.2_77	GCA_038835515.1	dALP	query	dALP_enriched	388	1.000000	0.000000	-85455.071176
GCA_038878715.1_S.2_54	GCA_038878715.1	dALP	query	dALP_enriched	388	1.000000	0.000000	-85455.071176
GCA_038837735.1_S.4_75	GCA_038837735.1	dALP	query	dALP_enriched	388	1.000000	0.000000	-85455.071176
GOMC.bin.3008_S.121_3	GOMC.bin.3008	dALP	query	dALP_enriched	392	0.960819	0.037981	-85526.220056
GOMC.bin.16244_S.89_1	GOMC.bin.16244	dALP	query	dALP_enriched	399	1.000000	0.000000	-69512.957290
GCA_038884195.1_S.4_6	GCA_038884195.1	dALP	query	dALP_enriched	408	0.819485	0.096716	-84663.310890
GCA_038829445.1_S.1_37	GCA_038829445.1	dALP	query	dALP_enriched	404	0.796536	0.142708	-84643.947914
GCA_038872175.1_S.79_1	GCA_038872175.1	dALP	query	dALP_enriched	404	0.915107	0.025114	-84639.096363
GCA_038884355.1_S.2_329	GCA_038884355.1	dALP	query	dALP_enriched	404	0.999528	0.000000	-85461.564628
GCA_038883235.1_S.8_30	GCA_038883235.1	dALP	query	dALP_enriched	404	0.999528	0.000000	-85461.564628
GCA_038861395.1_S.16_29	GCA_038861395.1	dALP	query	dALP_enriched	415	0.789770	0.112572	-85459.601934
GCA_038818465.1_S.16_10	GCA_038818465.1	dALP	query	dALP_enriched	419	1.000000	0.000000	-85458.958738
GCA_018238965.1_S.4_10	GCA_018238965.1	dALP	query	dALP_enriched	431	1.000000	0.000000	-85706.039601
GOMC.bin.1479_S.113_7	GOMC.bin.1479	dALP	query	dALP_enriched	431	1.000000	0.000000	-85947.002919
GCA_054386035.1_S.334_2	GCA_054386035.1	dALP	query	dALP_enriched	435	1.000000	0.000000	-85926.057860
GCA_048886485.1_S.204_5	GCA_048886485.1	dALP	query	ambiguous	1023	0.367957	0.363880	-77979.833983
GCA_054388055.1_S.92_15	GCA_054388055.1	dALP	query	dALP_enriched	439	0.993873	0.000000	-85947.524584
GCA_029882335.1_S.286_5	GCA_029882335.1	cALP	query	ambiguous	1023	0.997100	0.000000	-85947.138257
GOMC.bin.4340_S.350_8	GOMC.bin.4340	dALP	query	ambiguous	1023	1.000000	0.000000	-85881.583883
GCA_048883105.1_S.38_9	GCA_048883105.1	cALP	query	cALP_enriched	442	0.974140	0.025860	-85694.166555
GCA_048941265.1_S.183_23	GCA_048941265.1	cALP	query	cALP_enriched	443	1.000000	0.000000	-85737.974072
GCA_048937415.1_S.45_86	GCA_048937415.1	cALP	query	cALP_enriched	445	1.000000	0.000000	-85625.685198
GCA_048886605.1_S.1_79	GCA_048886605.1	cALP	query	cALP_enriched	454	0.884910	0.101618	-85634.661565
GCA_048885525.1_S.10_76	GCA_048885525.1	cALP	query	cALP_enriched	454	0.884910	0.101618	-85634.661565
GCA_048937805.1_S.101_5	GCA_048937805.1	cALP	query	cALP_enriched	462	1.000000	0.000000	-85582.140323
GCA_048941285.1_S.66_11	GCA_048941285.1	cALP	query	cALP_enriched	462	0.590832	0.336480	-85618.838475
GCA_048882145.1_S.231_2	GCA_048882145.1	cALP	query	cALP_enriched	463	0.777935	0.217459	-85627.752597
GCA_048885565.1_S.171_2	GCA_048885565.1	cALP	query	cALP_enriched	462	0.732874	0.243428	-85617.731141
GCA_054389595.1_S.107_7	GCA_054389595.1	dALP	query	cALP_enriched	471	0.676530	0.185035	-85719.618176
GCA_048886685.1_S.5_192	GCA_048886685.1	cALP	query	cALP_enriched	469	0.727497	0.254823	-85613.783604
GCA_048938155.1_S.132_6	GCA_048938155.1	cALP	query	cALP_enriched	469	0.940652	0.031587	-85613.748237
GCA_048941385.1_S.43_10	GCA_048941385.1	dALP	query	cALP_enriched	466	0.984972	0.015028	-85666.669106
GCA_054388355.1_S.36_18	GCA_054388355.1	dALP	query	cALP_enriched	471	0.676530	0.185035	-85719.618176
GCA_048938025.1_S.1_9	GCA_048938025.1	cALP	query	cALP_enriched	475	0.928298	0.071702	-85553.596951
GCA_054385955.1_S.32_8	GCA_054385955.1	cALP	query	cALP_enriched	510	0.441615	0.215633	-85679.245307
GCA_048938675.1_S.362_4	GCA_048938675.1	cALP	query	cALP_enriched	482	0.936877	0.041572	-85565.872788
GCA_048941475.1_S.328_4	GCA_048941475.1	cALP	query	cALP_enriched	482	0.925887	0.048852	-85561.943898
GCA_048885575.1_S.113_2	GCA_048885575.1	cALP	query	cALP_enriched	482	0.925887	0.048852	-85561.943898
GOMC.bin.1369_S.152_4	GOMC.bin.1369	cALP	query	cALP_enriched	483	0.955969	0.033423	-85568.391957
GCA_054383715.1_S.41_10	GCA_054383715.1	cALP	query	cALP_enriched	483	0.958706	0.031894	-85559.397481
GCA_005222975.1_S.35_12	GCA_005222975.1	cALP	query	cALP_enriched	494	0.867295	0.108796	-85568.824649
GCA_029856105.1_S.61_29	GCA_029856105.1	cALP	query	cALP_enriched	498	0.999994	0.000000	-85527.095705
GCA_048887165.1_S.129_2	GCA_048887165.1	cALP	query	cALP_enriched	500	0.552465	0.252553	-85659.061517
GCA_048938985.1_S.153_6	GCA_048938985.1	cALP	query	cALP_enriched	502	1.000000	0.000000	-85546.236992
GCA_048941205.1_S.64_21	GCA_048941205.1	cALP	query	cALP_enriched	502	1.000000	0.000000	-85622.965247
GCA_048938825.1_S.277_14	GCA_048938825.1	cALP	query	cALP_enriched	502	1.000000	0.000000	-85622.965247
GCA_054381435.1_S.226_4	GCA_054381435.1	dALP	query	cALP_enriched	506	0.695521	0.134460	-85430.303856
GCA_054383875.1_S.63_9	GCA_054383875.1	cALP	query	cALP_enriched	506	0.657637	0.174315	-85663.372202
GCA_054386535.1_S.6_4	GCA_054386535.1	cALP	query	cALP_enriched	506	0.908330	0.070281	-85660.833300
GCA_054384415.1_S.526_6	GCA_054384415.1	dALP	query	cALP_enriched	443	0.339983	0.243534	-67864.761406
GCA_054384175.1_S.39_19	GCA_054384175.1	cALP	query	cALP_enriched	516	1.000000	0.000000	-85752.388879
GCA_016839425.1_S.3_5	GCA_016839425.1	cALP	query	cALP_enriched	520	1.000000	0.000000	-85623.552988
GCA_029838175.1_S.105_2	GCA_029838175.1	cALP	query	cALP_enriched	531	1.000000	0.000000	-85593.233518
GCA_052626505.1_S.47_10	GCA_052626505.1	cALP	query	cALP_enriched	517	0.972528	0.027472	-85735.196376
GOMC.bin.1369_S.478_3	GOMC.bin.1369	dALP	query	cALP_enriched	535	1.000000	0.000000	-84318.411090
GCA_030629105.1_S.44_16	GCA_030629105.1	dALP	query	ambiguous	544	0.740137	0.142969	-85600.471497
GCA_021498085.1_S.2_375	GCA_021498085.1	dALP	query	ambiguous	552	1.000000	0.000000	-85639.525502
GCA_054383995.1_S.22_20	GCA_054383995.1	dALP	query	ambiguous	553	1.000000	0.000000	-85762.335716
GCA_054387755.1_S.116_3	GCA_054387755.1	dALP	query	ambiguous	550	0.999504	0.000000	-85753.221655
GCA_016550395.1_S.119_10	GCA_016550395.1	dALP	query	ambiguous	554	1.000000	0.000000	-83761.560575
GCA_048937625.1_S.100_2	GCA_048937625.1	dALP	query	ambiguous	555	1.000000	0.000000	-85743.907897
GCA_048939595.1_S.69_22	GCA_048939595.1	dALP	query	ambiguous	558	0.999001	0.000000	-81692.529226
GCA_048882025.1_S.6_6	GCA_048882025.1	dALP	query	ambiguous	559	0.989605	0.000000	-81739.219319
GCA_048939215.1_S.197_3	GCA_048939215.1	dALP	query	ambiguous	559	0.597404	0.397507	-81794.270589
GCA_048939245.1_S.88_2	GCA_048939245.1	dALP	query	ambiguous	565	0.999998	0.000000	-83997.584115
GCA_016550395.1_S.119_11	GCA_016550395.1	dALP	query	ambiguous	565	1.000000	0.000000	-83877.471706
GCA_016840405.1_S.40_22	GCA_016840405.1	dALP	query	ambiguous	565	0.999991	0.000000	-83961.926357
GOMC.bin.2986_S.114_5	GOMC.bin.2986	cALP	query	ambiguous	570	1.000000	0.000000	-85829.983750
GCA_023139025.1_S.167_4	GCA_023139025.1	dALP	query	ambiguous	580	0.389413	0.359681	-56092.493683
GCA_048883065.1_S.118_1	GCA_048883065.1	dALP	query	ambiguous	584	1.000000	0.000000	-42341.615862
GCA_054385015.1_S.60_30	GCA_054385015.1	dALP	query	ambiguous	597	0.787911	0.143124	-85688.905601
GCA_054387835.1_S.77_45	GCA_054387835.1	dALP	query	ambiguous	600	0.459306	0.270361	-85708.387066
GCA_054383515.1_S.28_1	GCA_054383515.1	dALP	query	ambiguous	600	0.646896	0.251693	-75321.691905
GCA_054386655.1_S.32_17	GCA_054386655.1	dALP	query	ambiguous	600	0.459306	0.270361	-85708.387066
GCA_054383675.1_S.2_46	GCA_054383675.1	cALP	query	ambiguous	616	0.999981	0.000000	-85811.740088
GCA_048886485.1_S.20_5	GCA_048886485.1	cALP	query	ambiguous	1023	0.999981	0.000000	-85854.026401
GCA_054387095.1_S.194_15	GCA_054387095.1	dALP	query	dALP_enriched	439	0.995693	0.000000	-85949.340010
GOMC.bin.9856_S.155_22	GOMC.bin.9856	dALP	query	dALP_enriched	439	0.968300	0.031700	-86005.026471
GCA_054389435.1_S.165_5	GCA_054389435.1	dALP	query	dALP_enriched	439	0.965326	0.034674	-85866.576078
GCA_054384275.1_S.8_46	GCA_054384275.1	cALP	query	ambiguous	616	0.999981	0.000000	-85811.740088
GCA_048886485.1_S.53_1	GCA_048886485.1	dALP	query	ambiguous	615	0.838756	0.098022	-84424.906879
GOMC.bin.5617_S.50_274	GOMC.bin.5617	dALP	query	ambiguous	619	1.000000	0.000000	-77987.072933
GCA_054381395.1_S.11_55	GCA_054381395.1	cALP	query	ambiguous	626	0.949573	0.050427	-85863.431362
GCA_054386975.1_S.18_2	GCA_054386975.1	cALP	query	cALP_enriched	651	0.838879	0.075609	-85509.856571
GCA_054389875.1_S.5_25	GCA_054389875.1	cALP	query	cALP_enriched	640	0.712443	0.133581	-85469.907743
GCA_054390435.1_S.18_55	GCA_054390435.1	cALP	query	cALP_enriched	640	0.712443	0.133581	-85469.907743
GOMC.bin.2757_S.34_7	GOMC.bin.2757	cALP	query	cALP_enriched	651	0.973388	0.010565	-85469.791251
GCA_054386695.1_S.152_9	GCA_054386695.1	cALP	query	cALP_enriched	651	0.838879	0.075609	-85509.856571
GCA_054389895.1_S.17_3	GCA_054389895.1	cALP	query	cALP_enriched	639	0.999943	0.000000	-85476.994906
GCA_014728035.1_S.103_4	GCA_014728035.1	cALP	query	cALP_enriched	667	0.999998	0.000000	-84047.007115
GCA_048885365.1_S.21_25	GCA_048885365.1	cALP	query	ambiguous	616	1.000000	0.000000	-85800.850135
GCA_054388615.1_S.4_99	GCA_054388615.1	cALP	query	cALP_enriched	694	0.333860	0.333484	-85447.302119
GCA_054389555.1_S.208_4	GCA_054389555.1	dALP	query	cALP_enriched	703	0.890512	0.026337	-53451.494522
GCA_048939765.1_S.46_88	GCA_048939765.1	cALP	query	cALP_enriched	704	0.194598	0.194598	-85462.039498
GCA_048940745.1_S.33_123	GCA_048940745.1	cALP	query	cALP_enriched	705	0.194598	0.194598	-85462.039498
GCA_048882825.1_S.5_41	GCA_048882825.1	cALP	query	cALP_enriched	704	0.194598	0.194598	-85462.039498
GCA_054386395.1_S.427_2	GCA_054386395.1	cALP	query	cALP_enriched	717	0.999909	0.000000	-85472.638905
GCA_038886715.1_S.2_180	GCA_038886715.1	cALP	query	cALP_enriched	729	0.334568	0.334504	-85463.477801
GCA_038824485.1_S.1_457	GCA_038824485.1	cALP	query	cALP_enriched	729	0.334568	0.334504	-85463.477801
GCA_048885565.1_S.13_9	GCA_048885565.1	cALP	query	cALP_enriched	741	0.110265	0.110265	-85466.344158
GCA_016839425.1_S.582_4	GCA_016839425.1	cALP	query	cALP_enriched	746	0.329246	0.074102	-85470.086041
GCA_054386095.1_S.354_2	GCA_054386095.1	cALP	query	cALP_enriched	761	0.194600	0.096020	-85487.327865
GCA_013375475.1_S.284_5	GCA_013375475.1	cALP	query	cALP_enriched	761	0.113827	0.110136	-85466.364259
GCA_019058425.1_S.126_1	GCA_019058425.1	cALP	query	cALP_enriched	741	0.110265	0.110265	-85466.344158
GCA_016839745.1_S.80_10	GCA_016839745.1	cALP	query	cALP_enriched	761	0.113827	0.110136	-85466.364259
GCA_016840695.1_S.166_7	GCA_016840695.1	cALP	query	cALP_enriched	746	0.988826	0.000000	-85466.300065
GCA_030599585.1_S.4_6	GCA_030599585.1	cALP	query	cALP_enriched	761	0.113827	0.110136	-85466.364259
GCA_048887145.1_S.164_5	GCA_048887145.1	dALP	query	cALP_enriched	749	0.998681	0.000000	-79061.702783
GCA_048885325.1_S.26_11	GCA_048885325.1	cALP	query	cALP_enriched	749	0.998957	0.000000	-85466.288542
GOMC.bin.1446_S.14_29	GOMC.bin.1446	cALP	query	cALP_enriched	751	0.960063	0.020083	-85465.273703
GCA_048938325.1_S.27_49	GCA_048938325.1	cALP	query	cALP_enriched	749	0.998957	0.000000	-85466.288542
GCA_004524365.1_S.26_1	GCA_004524365.1	cALP	query	cALP_enriched	765	0.433515	0.282514	-85502.711766
GOMC.bin.7564_S.186_5	GOMC.bin.7564	cALP	query	cALP_enriched	759	0.980375	0.013748	-85575.636154
GCA_016839555.1_S.7_284	GCA_016839555.1	cALP	query	cALP_enriched	759	0.997349	0.000000	-85570.332919
GCA_016840545.1_S.46_11	GCA_016840545.1	cALP	query	cALP_enriched	759	1.000000	0.000000	-85491.184369
GCA_016839765.1_S.64_140	GCA_016839765.1	cALP	query	cALP_enriched	759	1.000000	0.000000	-85477.737353
GCA_048941625.1_S.23_53	GCA_048941625.1	cALP	query	cALP_enriched	760	1.000000	0.000000	-85526.092967
GCA_054390715.1_S.518_2	GCA_054390715.1	cALP	query	cALP_enriched	760	1.000000	0.000000	-85526.257095
GCA_048940205.1_S.251_9	GCA_048940205.1	cALP	query	cALP_enriched	760	1.000000	0.000000	-84985.160371
GCA_011364925.1_S.32_45	GCA_011364925.1	cALP	query	cALP_enriched	760	0.918891	0.067286	-85553.706321
GCA_048939015.1_S.12_137	GCA_048939015.1	cALP	query	cALP_enriched	760	1.000000	0.000000	-85506.363574
GOMC.bin.1254_S.268_16	GOMC.bin.1254	cALP	query	cALP_enriched	760	0.991190	0.000000	-84700.289260
GCA_030667705.1_S.95_1	GCA_030667705.1	cALP	query	cALP_enriched	760	0.579921	0.343326	-85560.703237
GCA_019058445.1_S.6_619	GCA_019058445.1	cALP	query	cALP_enriched	759	0.627078	0.295192	-85559.678790
GCA_054383675.1_S.118_11	GCA_054383675.1	cALP	query	cALP_enriched	769	0.958867	0.020566	-85501.331414
GCA_054385615.1_S.214_5	GCA_054385615.1	cALP	query	cALP_enriched	772	0.546496	0.220722	-85468.702913
GCA_054385475.1_S.54_5	GCA_054385475.1	cALP	query	cALP_enriched	772	0.546496	0.220722	-85468.702913
GCA_054386815.1_S.255_8	GCA_054386815.1	cALP	query	cALP_enriched	788	0.888194	0.111806	-85475.953530
GCA_048937435.1_S.229_5	GCA_048937435.1	cALP	query	cALP_enriched	791	1.000000	0.000000	-85458.508456
GCA_054383215.1_S.7_66	GCA_054383215.1	cALP	query	cALP_enriched	798	0.702521	0.150933	-85500.911314
GCA_054383955.1_S.4_54	GCA_054383955.1	cALP	query	cALP_enriched	798	0.702521	0.150933	-85500.911314
GOMC.bin.16114_S.581_3	GOMC.bin.16114	cALP	query	cALP_enriched	800	0.200397	0.200370	-85462.713011
GCA_054387315.1_S.32_1	GCA_054387315.1	dALP	query	cALP_enriched	806	0.494252	0.297830	-68407.588827
GCA_005191425.1_S.118_24	GCA_005191425.1	cALP	query	cALP_enriched	809	1.000000	0.000000	-85461.455332
GCA_038871775.1_S.104_12	GCA_038871775.1	cALP	query	cALP_enriched	813	0.110801	0.110801	-85469.797373
GOMC.bin.3201_S.274_2	GOMC.bin.3201	cALP	query	cALP_enriched	822	0.392936	0.075287	-85476.332469
GCA_038868355.1_S.79_6	GCA_038868355.1	cALP	query	cALP_enriched	824	0.334634	0.334634	-85462.887868
GCA_038858525.1_S.32_14	GCA_038858525.1	cALP	query	cALP_enriched	824	0.334634	0.334634	-85462.887868
GCA_038866325.1_S.4_133	GCA_038866325.1	cALP	query	cALP_enriched	825	0.334634	0.334634	-85462.887868
GCA_038881135.1_S.1_368	GCA_038881135.1	cALP	query	cALP_enriched	825	0.334634	0.334634	-85462.887868
GOMC.bin.18629_S.314_12	GOMC.bin.18629	cALP	query	cALP_enriched	827	0.998432	0.000000	-85462.733961
GCA_021399345.1_S.123_49	GCA_021399345.1	cALP	query	cALP_enriched	868	0.993320	0.000000	-85421.376148
GCA_054383895.1_S.38_17	GCA_054383895.1	cALP	query	cALP_enriched	862	0.657681	0.167483	-85527.615442
GCA_054385855.1_S.28_119	GCA_054385855.1	cALP	query	cALP_enriched	860	0.477185	0.436068	-85484.564023
GCA_054384535.1_S.112_7	GCA_054384535.1	cALP	query	cALP_enriched	860	0.477185	0.436068	-85484.564023
GCA_054387335.1_S.287_11	GCA_054387335.1	cALP	query	cALP_enriched	860	0.477185	0.436068	-85484.564023
GCA_054389375.1_S.131_11	GCA_054389375.1	cALP	query	cALP_enriched	890	0.996624	0.000000	-85494.877721
GCA_054383255.1_S.25_16	GCA_054383255.1	cALP	query	cALP_enriched	907	0.944471	0.023856	-85446.133478
GCA_048939265.1_S.52_19	GCA_048939265.1	cALP	query	cALP_enriched	910	0.198765	0.198765	-85459.894340
GCA_048886445.1_S.56_1	GCA_048886445.1	cALP	query	cALP_enriched	908	0.296628	0.295505	-85449.543811
GCA_016840285.1_S.21_59	GCA_016840285.1	cALP	query	cALP_enriched	910	0.198765	0.198765	-85459.894340
GOMC.bin.35589_S.314_4	GOMC.bin.35589	cALP	query	cALP_enriched	922	0.914805	0.031489	-82497.467304
GCA_021498085.1_S.6_194	GCA_021498085.1	cALP	query	cALP_enriched	930	1.000000	0.000000	-85463.312147
GCA_054386315.1_S.210_4	GCA_054386315.1	cALP	query	cALP_enriched	930	1.000000	0.000000	-85463.312147
GCA_054387015.1_S.10_4	GCA_054387015.1	cALP	query	cALP_enriched	930	1.000000	0.000000	-85463.312147
GOMC.bin.16957_S.148_1	GOMC.bin.16957	cALP	query	cALP_enriched	930	1.000000	0.000000	-85463.312147
GCA_054387275.1_S.4_5	GCA_054387275.1	cALP	query	cALP_enriched	930	1.000000	0.000000	-85463.312147
GCA_019056785.1_S.5_17	GCA_019056785.1	cALP	query	cALP_enriched	930	1.000000	0.000000	-85463.312147
GCA_054385055.1_S.200_8	GCA_054385055.1	cALP	query	cALP_enriched	934	0.999976	0.000000	-85463.518335
GOMC.bin.17070_S.40_31	GOMC.bin.17070	cALP	query	ambiguous	950	0.998226	0.000000	-85452.061857
GOMC.bin.16972_S.154_6	GOMC.bin.16972	dALP	query	ambiguous	985	1.000000	0.000000	-85584.754314
GOMC.bin.3233_S.220_2	GOMC.bin.3233	cALP	query	ambiguous	990	0.839847	0.145872	-85564.270819
GOMC.bin.17612_S.72_2	GOMC.bin.17612	cALP	query	ambiguous	990	0.826112	0.171170	-85590.939373
GCA_024720815.1_S.10_25	GCA_024720815.1	cALP	query	ambiguous	991	1.000000	0.000000	-85474.977027
GOMC.bin.3003_S.34_13	GOMC.bin.3003	cALP	query	ambiguous	992	0.767477	0.209755	-85519.316202
GOMC.bin.18519_S.253_6	GOMC.bin.18519	cALP	query	ambiguous	993	0.346172	0.343969	-85448.602148
GCA_054385795.1_S.45_14	GCA_054385795.1	cALP	query	ambiguous	1003	1.000000	0.000000	-85443.757726
GOMC.bin.16560_S.150_22	GOMC.bin.16560	cALP	query	ambiguous	1008	1.000000	0.000000	-85463.501767
GCA_048941475.1_S.343_3	GCA_048941475.1	cALP	query	ambiguous	1014	0.831956	0.109260	-85568.169881
GCA_054383875.1_S.32_14	GCA_054383875.1	cALP	query	ambiguous	1020	0.500872	0.256347	-85593.795623
GCA_054383395.1_S.119_7	GCA_054383395.1	cALP	query	ambiguous	1018	0.945040	0.026810	-85603.159151
GCA_048938895.1_S.37_81	GCA_048938895.1	cALP	query	ambiguous	1018	0.986046	0.013954	-85671.247547
GCA_054384975.1_S.161_1	GCA_054384975.1	cALP	query	ambiguous	1018	0.999925	0.000000	-85646.016406
GCA_048887205.1_S.37_2	GCA_048887205.1	cALP	query	ambiguous	1018	0.944735	0.055265	-85652.190284
GCA_052626505.1_S.51_24	GCA_052626505.1	cALP	query	ambiguous	1018	0.996414	0.000000	-85653.531721
GCA_014730165.1_S.377_7	GCA_014730165.1	cALP	query	ambiguous	1018	0.999985	0.000000	-85679.203533
GCA_048941385.1_S.197_18	GCA_048941385.1	cALP	query	ambiguous	1018	0.698612	0.218445	-85662.278927
GCA_054384125.1_S.50_6	GCA_054384125.1	cALP	query	ambiguous	1020	0.958884	0.041116	-85622.572844
GCA_048886825.1_S.82_2	GCA_048886825.1	cALP	query	ambiguous	1018	0.778192	0.221808	-85649.931690
GCA_054383495.1_S.47_7	GCA_054383495.1	cALP	query	ambiguous	1020	0.958884	0.041116	-85622.572844
GCA_048941285.1_S.91_54	GCA_048941285.1	cALP	query	ambiguous	1020	0.702694	0.297306	-85687.654298
GCA_029856295.1_S.78_2	GCA_029856295.1	dALP	query	ambiguous	1018	0.976304	0.017472	-85636.780420
GOMC.bin.15130_S.13_26	GOMC.bin.15130	cALP	query	ambiguous	1018	0.655462	0.344538	-85673.061120
GCA_048937405.1_S.26_12	GCA_048937405.1	cALP	query	ambiguous	1020	0.865446	0.134554	-85691.522262
GCA_048937825.1_S.24_2	GCA_048937825.1	cALP	query	ambiguous	1016	0.407304	0.296463	-85581.675496
GCA_054390335.1_S.263_4	GCA_054390335.1	cALP	query	ambiguous	1014	0.737045	0.173199	-85570.054887
GCA_048939985.1_S.31_29	GCA_048939985.1	cALP	query	ambiguous	1018	0.855877	0.106517	-85674.544264
GCA_016839705.1_S.34_44	GCA_016839705.1	cALP	query	ambiguous	1018	0.500866	0.315519	-85673.809942
GCA_054389595.1_S.137_5	GCA_054389595.1	cALP	query	ambiguous	1019	0.548831	0.248388	-85676.365745
GCA_054381435.1_S.248_10	GCA_054381435.1	cALP	query	ambiguous	1020	0.495180	0.259144	-85607.492175
GCA_048939995.1_S.6_129	GCA_048939995.1	cALP	query	ambiguous	1020	0.911966	0.088034	-85618.620682
GCA_048937415.1_S.66_165	GCA_048937415.1	cALP	query	ambiguous	1020	0.865446	0.134554	-85691.522262
GCA_048941015.1_S.24_12	GCA_048941015.1	cALP	query	ambiguous	1016	0.407304	0.296463	-85581.675496
GCA_054388015.1_S.64_102	GCA_054388015.1	cALP	query	ambiguous	1020	0.500872	0.256347	-85593.795623
GCA_030606485.1_S.1_121	GCA_030606485.1	cALP	query	ambiguous	1020	0.782493	0.217507	-85702.493370
GCA_048887145.1_S.42_13	GCA_048887145.1	cALP	query	ambiguous	1020	0.669673	0.163137	-85612.279195
GCA_048941535.1_S.118_5	GCA_048941535.1	cALP	query	ambiguous	1020	0.758190	0.241810	-85651.252153
GCA_020344955.1_S.1_634	GCA_020344955.1	cALP	query	ambiguous	1020	0.961430	0.038570	-85683.454738
GCA_016839585.1_S.37_91	GCA_016839585.1	cALP	query	ambiguous	1018	0.999288	0.000000	-85669.447965
GCA_054387035.1_S.287_5	GCA_054387035.1	cALP	query	ambiguous	1018	0.895650	0.102078	-85719.774743
GCA_048938445.1_S.168_10	GCA_048938445.1	cALP	query	ambiguous	1018	0.999422	0.000000	-85678.666900
GCA_030603385.1_S.38_35	GCA_030603385.1	cALP	query	ambiguous	1020	0.761890	0.238110	-85666.076848
GCA_048941065.1_S.371_12	GCA_048941065.1	cALP	query	ambiguous	1018	0.996316	0.000000	-85681.030437
GCA_054387995.1_S.117_59	GCA_054387995.1	cALP	query	ambiguous	1021	1.000000	0.000000	-85780.313199
GCA_054385635.1_S.389_1	GCA_054385635.1	cALP	query	ambiguous	1021	1.000000	0.000000	-85738.033720
GCA_054383675.1_S.184_4	GCA_054383675.1	cALP	query	ambiguous	1021	1.000000	0.000000	-85764.014846
GCA_030611625.1_S.186_7	GCA_030611625.1	cALP	query	ambiguous	1021	1.000000	0.000000	-85607.619799
GCA_037386725.1_S.320_2	GCA_037386725.1	cALP	query	ambiguous	1018	0.858481	0.141240	-85714.017380
GCA_029856635.1_S.24_13	GCA_029856635.1	cALP	query	ambiguous	1023	1.000000	0.000000	-85878.616509
GCA_054387895.1_S.161_17	GCA_054387895.1	dALP	query	ambiguous	1026	1.000000	0.000000	-85608.068032
GCA_054384275.1_S.88_10	GCA_054384275.1	dALP	query	ambiguous	1034	0.977553	0.011339	-85715.019854
GCA_054385615.1_S.262_4	GCA_054385615.1	dALP	query	ambiguous	1037	0.954758	0.025174	-85724.102605
GCA_054388175.1_S.64_4	GCA_054388175.1	dALP	query	ambiguous	1036	1.000000	0.000000	-85670.508313
GCA_054383235.1_S.150_5	GCA_054383235.1	dALP	query	ambiguous	1058	0.999988	0.000000	-85641.623884
GCA_048938565.1_S.536_11	GCA_048938565.1	dALP	query	ambiguous	1047	1.000000	0.000000	-85565.244302
GCA_048887225.1_S.3_27	GCA_048887225.1	dALP	query	ambiguous	1054	1.000000	0.000000	-85610.180905
GCA_016839905.1_S.328_1	GCA_016839905.1	dALP	query	ambiguous	1056	0.939178	0.037543	-50264.661024
GCA_048885945.1_S.214_2	GCA_048885945.1	dALP	query	ambiguous	1058	0.662234	0.268687	-85637.236776
GCA_054386595.1_S.409_1	GCA_054386595.1	dALP	query	ambiguous	1074	1.000000	0.000000	-74740.748230
GCA_048885285.1_S.467_2	GCA_048885285.1	dALP	query	dALP_enriched	1077	1.000000	0.000000	-85555.271353
GCA_048939795.1_S.404_2	GCA_048939795.1	dALP	query	dALP_enriched	1089	0.441259	0.395095	-85575.691930
GCA_048882145.1_S.159_8	GCA_048882145.1	dALP	query	dALP_enriched	1085	0.460833	0.401619	-85563.029681
GCA_048941535.1_S.345_7	GCA_048941535.1	dALP	query	dALP_enriched	1087	0.693636	0.194110	-85594.366026
GCA_048939005.1_S.273_2	GCA_048939005.1	dALP	query	dALP_enriched	1087	0.693636	0.194110	-85594.366026
GCA_048941605.1_S.75_8	GCA_048941605.1	dALP	query	dALP_enriched	1088	0.965973	0.024254	-85541.298066
GCA_048940505.1_S.6_7	GCA_048940505.1	dALP	query	dALP_enriched	1087	0.633778	0.237833	-85656.592432
GCA_048887205.1_S.425_2	GCA_048887205.1	dALP	query	dALP_enriched	1089	0.916361	0.043985	-85555.784903
GOMC.bin.7985_S.104_7	GOMC.bin.7985	dALP	query	dALP_enriched	1089	0.965122	0.013911	-85544.262884
GCA_048885925.1_S.121_6	GCA_048885925.1	dALP	query	dALP_enriched	1097	0.510856	0.143793	-85585.587501
GCA_048940245.1_S.241_2	GCA_048940245.1	dALP	query	dALP_enriched	1089	0.896327	0.058990	-85559.409331
GCA_054388295.1_S.36_2	GCA_054388295.1	dALP	query	dALP_enriched	1106	0.991752	0.000000	-85555.615788
GOMC.bin.15130_S.56_25	GOMC.bin.15130	dALP	query	dALP_enriched	1099	1.000000	0.000000	-85572.174142
GCA_048940605.1_S.190_47	GCA_048940605.1	dALP	query	dALP_enriched	1104	1.000000	0.000000	-85523.066352
GCA_048938685.1_S.126_1	GCA_048938685.1	dALP	query	dALP_enriched	1106	0.860009	0.124662	-85613.030777
GCA_048886685.1_S.5_43	GCA_048886685.1	dALP	query	dALP_enriched	1103	0.492972	0.240983	-85541.666555
GOMC.bin.1254_S.161_5	GOMC.bin.1254	dALP	query	dALP_enriched	1098	0.918267	0.040631	-85605.962600
GCA_054388355.1_S.16_7	GCA_054388355.1	dALP	query	dALP_enriched	1106	0.746224	0.230189	-85572.598810
GCA_048886305.1_S.1_63	GCA_048886305.1	dALP	query	dALP_enriched	1113	0.993573	0.000000	-85546.647905
GCA_048938025.1_S.41_23	GCA_048938025.1	dALP	query	dALP_enriched	1111	0.853651	0.146349	-85538.668825
GCA_054383735.1_S.11_12	GCA_054383735.1	dALP	query	ambiguous	1115	0.624385	0.292173	-85633.418109
GCA_054382875.1_S.125_9	GCA_054382875.1	dALP	query	ambiguous	1118	0.645814	0.143361	-85557.389640
GCA_054386535.1_S.126_1	GCA_054386535.1	dALP	query	ambiguous	1120	0.523876	0.323173	-84544.690208
GCA_054381435.1_S.164_8	GCA_054381435.1	dALP	query	ambiguous	1118	0.527946	0.244071	-85554.875840
GCA_054387435.1_S.78_7	GCA_054387435.1	dALP	query	ambiguous	1118	0.527946	0.244071	-85554.875840
GCA_048938245.1_S.378_3	GCA_048938245.1	dALP	query	ambiguous	1128	0.999601	0.000000	-85603.587271
GCA_048887145.1_S.3_1	GCA_048887145.1	dALP	query	ambiguous	1128	0.987036	0.011158	-85556.721026
GCA_048938825.1_S.275_6	GCA_048938825.1	dALP	query	ambiguous	1115	0.428973	0.286337	-75625.221768
GCA_048886165.1_S.252_2	GCA_048886165.1	dALP	query	ambiguous	1115	0.796198	0.086793	-85580.441022
GCA_054383015.1_S.156_7	GCA_054383015.1	dALP	query	ambiguous	1134	0.485374	0.273148	-74692.342337
GCA_054390335.1_S.551_2	GCA_054390335.1	dALP	query	ambiguous	1149	0.487423	0.143801	-84680.519882
GCA_054384715.1_S.43_4	GCA_054384715.1	dALP	query	ambiguous	1152	0.902718	0.047325	-85550.647575
GCA_038893375.1_S.12_33	GCA_038893375.1	dALP	query	dALP_enriched	5	0.845124	0.154876	-85504.165326
GCF_038816675.1_S.1_54	GCF_038816675.1	dALP	query	dALP_enriched	5	0.845124	0.154876	-85504.165326
GCA_038893935.1_S.10_12	GCA_038893935.1	dALP	query	dALP_enriched	5	0.845124	0.154876	-85504.165326
GCA_038837165.1_S.13_20	GCA_038837165.1	dALP	query	dALP_enriched	13	1.000000	0.000000	-85479.085849
GCA_038833955.1_S.41_9	GCA_038833955.1	dALP	query	dALP_enriched	13	1.000000	0.000000	-85479.085849
GCA_032249215.1_S.6_12	GCA_032249215.1	dALP	query	dALP_enriched	16	0.952467	0.023926	-85478.559444
GOMC.bin.2491_S.69_12	GOMC.bin.2491	dALP	query	dALP_enriched	81	0.415605	0.254121	-85628.190997
GCA_003649495.1_S.35_8	GCA_003649495.1	dALP	query	dALP_enriched	87	1.000000	0.000000	-85465.016845
GCA_038833075.1_S.1_68	GCA_038833075.1	dALP	query	dALP_enriched	90	0.532270	0.467730	-85505.581882
GCA_038892435.1_S.12_26	GCA_038892435.1	dALP	query	dALP_enriched	90	0.532270	0.467730	-85505.581882
GCA_038820755.1_S.5_3	GCA_038820755.1	dALP	query	dALP_enriched	90	0.531968	0.468032	-85503.273048
GCA_038861995.1_S.1_36	GCA_038861995.1	dALP	query	dALP_enriched	90	0.999958	0.000000	-85503.973076
GCA_038845585.1_S.2_31	GCA_038845585.1	dALP	query	dALP_enriched	90	0.999958	0.000000	-85503.973076
GCA_038839015.1_S.1_72	GCA_038839015.1	dALP	query	dALP_enriched	90	0.999958	0.000000	-85503.973076
GCA_038735925.1_S.18_10	GCA_038735925.1	dALP	query	dALP_enriched	90	0.532270	0.467730	-85505.581882
GOMC.bin.2997_S.90_4	GOMC.bin.2997	dALP	query	dALP_enriched	119	0.777433	0.222567	-85722.525720
GCA_038841745.1_S.2_36	GCA_038841745.1	dALP	query	dALP_enriched	98	1.000000	0.000000	-85530.047334
GCA_038879335.1_S.32_12	GCA_038879335.1	dALP	query	dALP_enriched	100	1.000000	0.000000	-85481.655894
GCA_038878895.1_S.11_14	GCA_038878895.1	dALP	query	dALP_enriched	100	1.000000	0.000000	-85481.655894
GCA_038873655.1_S.9_44	GCA_038873655.1	dALP	query	dALP_enriched	100	1.000000	0.000000	-85481.655894
GOMC.bin.16816_S.73_1	GOMC.bin.16816	dALP	query	dALP_enriched	113	0.570389	0.429611	-81591.633200
GOMC.bin.16944_S.153_10	GOMC.bin.16944	dALP	query	dALP_enriched	118	1.000000	0.000000	-85514.775589
GOMC.bin.18107_S.22_13	GOMC.bin.18107	dALP	query	dALP_enriched	118	1.000000	0.000000	-85514.775589
GOMC.bin.2847_S.104_4	GOMC.bin.2847	dALP	query	dALP_enriched	119	0.777433	0.222567	-85722.525720
GOMC.bin.17749_S.21_4	GOMC.bin.17749	dALP	query	dALP_enriched	125	1.000000	0.000000	-85184.056967
GOMC.bin.2900_S.154_4	GOMC.bin.2900	dALP	query	dALP_enriched	128	1.000000	0.000000	-85513.527823
GCA_021157985.1_S.27_8	GCA_021157985.1	dALP	query	dALP_enriched	139	0.642768	0.208674	-85308.117903
GCA_038844485.1_S.1_3	GCA_038844485.1	dALP	query	dALP_enriched	195	1.000000	0.000000	-84671.052459
GCA_038731565.1_S.118_4	GCA_038731565.1	dALP	query	dALP_enriched	195	1.000000	0.000000	-84677.433179
GCA_038857505.1_S.1_7	GCA_038857505.1	dALP	query	dALP_enriched	195	1.000000	0.000000	-84668.679454
GCA_038873135.1_S.3_27	GCA_038873135.1	dALP	query	dALP_enriched	195	1.000000	0.000000	-84677.433179
GOMC.bin.2828_S.100_11	GOMC.bin.2828	dALP	query	dALP_enriched	232	1.000000	0.000000	-85448.167366
GOMC.bin.18860_S.344_6	GOMC.bin.18860	dALP	query	dALP_enriched	238	1.000000	0.000000	-83913.888360
GOMC.bin.17489_S.51_8	GOMC.bin.17489	dALP	query	dALP_enriched	246	1.000000	0.000000	-85437.637653
GOMC.bin.5635_S.6_132	GOMC.bin.5635	dALP	query	dALP_enriched	257	1.000000	0.000000	-85583.021850
GCA_038857215.1_S.98_2	GCA_038857215.1	dALP	query	dALP_enriched	267	0.999767	0.000000	-85162.247633
GCA_038847005.1_S.21_9	GCA_038847005.1	dALP	query	dALP_enriched	268	0.987599	0.000000	-85160.809835
GCA_038865245.1_S.60_3	GCA_038865245.1	dALP	query	dALP_enriched	267	0.999767	0.000000	-85162.247633
GCA_038872615.1_S.86_3	GCA_038872615.1	dALP	query	dALP_enriched	278	1.000000	0.000000	-85216.918234
GCA_038843845.1_S.9_12	GCA_038843845.1	dALP	query	dALP_enriched	278	1.000000	0.000000	-85216.918234
GCA_017601165.1_S.185_4	GCA_017601165.1	dALP	query	dALP_enriched	293	1.000000	0.000000	-85426.436037
GCA_038874015.1_S.3_35	GCA_038874015.1	dALP	query	dALP_enriched	293	1.000000	0.000000	-85426.436037
GCA_038855825.1_S.4_46	GCA_038855825.1	dALP	query	dALP_enriched	297	0.813846	0.186154	-85142.567264
GCA_038866455.1_S.3_52	GCA_038866455.1	dALP	query	dALP_enriched	297	0.813846	0.186154	-85142.567264
GCA_038896255.1_S.11_47	GCA_038896255.1	dALP	query	dALP_enriched	308	0.999924	0.000000	-85455.701607
GCA_038862755.1_S.3_132	GCA_038862755.1	dALP	query	dALP_enriched	308	0.999924	0.000000	-85455.701607
GCA_038856645.1_S.5_41	GCA_038856645.1	dALP	query	dALP_enriched	308	0.999924	0.000000	-85455.701607
GCA_038842985.1_S.3_42	GCA_038842985.1	dALP	query	dALP_enriched	308	0.999924	0.000000	-85455.701607
GCA_038889995.1_S.15_11	GCA_038889995.1	dALP	query	dALP_enriched	308	0.999924	0.000000	-85455.701607
GCA_038741045.1_S.13_15	GCA_038741045.1	dALP	query	dALP_enriched	313	1.000000	0.000000	-85443.336543
GCA_038867345.1_S.30_12	GCA_038867345.1	dALP	query	dALP_enriched	325	1.000000	0.000000	-85165.420743
GCA_038864945.1_S.28_11	GCA_038864945.1	dALP	query	dALP_enriched	325	1.000000	0.000000	-85165.420743
GCA_038858605.1_S.2_215	GCA_038858605.1	dALP	query	dALP_enriched	345	1.000000	0.000000	-85471.015720
GCA_038841935.1_S.1_438	GCA_038841935.1	dALP	query	dALP_enriched	345	1.000000	0.000000	-85471.015720
GCA_038868395.1_S.1_439	GCA_038868395.1	dALP	query	dALP_enriched	345	1.000000	0.000000	-85471.015720
GCA_038867715.1_S.1_86	GCA_038867715.1	dALP	query	dALP_enriched	345	1.000000	0.000000	-85471.015720
GCA_038831705.1_S.27_2	GCA_038831705.1	dALP	query	dALP_enriched	347	1.000000	0.000000	-85430.398387
GCA_038885555.1_S.21_9	GCA_038885555.1	dALP	query	dALP_enriched	351	1.000000	0.000000	-85455.163242
GCA_038845265.1_S.3_126	GCA_038845265.1	dALP	query	dALP_enriched	351	1.000000	0.000000	-85455.163242
GCA_038856845.1_S.61_6	GCA_038856845.1	dALP	query	dALP_enriched	357	1.000000	0.000000	-85463.666283
GCA_038822585.1_S.43_4	GCA_038822585.1	dALP	query	dALP_enriched	357	1.000000	0.000000	-85459.663845
GCA_038883595.1_S.1_390	GCA_038883595.1	dALP	query	dALP_enriched	357	1.000000	0.000000	-85463.666283
GCA_038850335.1_S.6_72	GCA_038850335.1	dALP	query	dALP_enriched	365	1.000000	0.000000	-85452.256760
GCA_038817675.1_S.1_365	GCA_038817675.1	dALP	query	dALP_enriched	373	1.000000	0.000000	-85464.835182
GCA_038868755.1_S.21_16	GCA_038868755.1	dALP	query	dALP_enriched	373	1.000000	0.000000	-85464.835182
GCA_038878935.1_S.36_10	GCA_038878935.1	dALP	query	dALP_enriched	379	1.000000	0.000000	-83989.834961
GCA_038895015.1_S.1_84	GCA_038895015.1	dALP	query	dALP_enriched	379	1.000000	0.000000	-85441.903550
GCA_038895575.1_S.119_4	GCA_038895575.1	dALP	query	dALP_enriched	379	1.000000	0.000000	-85441.903550
GOMC.bin.18379_S.107_3	GOMC.bin.18379	dALP	query	dALP_enriched	381	1.000000	0.000000	-85439.386541
GCA_038823225.1_S.41_3	GCA_038823225.1	dALP	query	dALP_enriched	388	1.000000	0.000000	-85455.071176
GCA_038833565.1_S.3_124	GCA_038833565.1	dALP	query	dALP_enriched	388	1.000000	0.000000	-85455.071176
GCA_038821685.1_S.23_5	GCA_038821685.1	dALP	query	dALP_enriched	388	1.000000	0.000000	-85455.071176
GOMC.bin.2887_S.73_3	GOMC.bin.2887	dALP	query	dALP_enriched	393	0.660586	0.331685	-85511.875371
GCA_038873995.1_S.35_7	GCA_038873995.1	dALP	query	dALP_enriched	404	0.991609	0.000000	-71042.549427
GCA_038886615.1_S.21_18	GCA_038886615.1	dALP	query	dALP_enriched	404	0.772757	0.149852	-84643.036321
GCA_038873295.1_S.9_12	GCA_038873295.1	dALP	query	dALP_enriched	404	0.885270	0.033898	-84649.064753
GCA_038848395.1_S.69_5	GCA_038848395.1	dALP	query	dALP_enriched	404	0.647507	0.175097	-84644.567810
GCA_038841905.1_S.88_4	GCA_038841905.1	dALP	query	dALP_enriched	415	0.789770	0.112572	-85459.601934
GCA_038868195.1_S.26_17	GCA_038868195.1	dALP	query	dALP_enriched	415	0.789770	0.112572	-85459.601934
GCA_038862705.1_S.49_4	GCA_038862705.1	dALP	query	dALP_enriched	418	0.361505	0.329060	-85469.601654
GCA_054384475.1_S.414_3	GCA_054384475.1	dALP	query	dALP_enriched	431	1.000000	0.000000	-85891.866895
GOMC.bin.28336_S.50_1	GOMC.bin.28336	dALP	query	dALP_enriched	434	1.000000	0.000000	-83173.230129
GOMC.bin.3039_S.200_7	GOMC.bin.3039	cALP	query	ambiguous	1025	0.610103	0.369869	-85771.560223
GCA_054390595.1_S.22_7	GCA_054390595.1	dALP	query	dALP_enriched	439	0.942428	0.057572	-86012.227781
GCA_054388235.1_S.95_8	GCA_054388235.1	dALP	query	dALP_enriched	439	0.993873	0.000000	-85947.524584
GCA_054386615.1_S.288_2	GCA_054386615.1	dALP	query	dALP_enriched	439	0.981612	0.018388	-84786.838989
GCA_054388115.1_S.72_21	GCA_054388115.1	dALP	query	dALP_enriched	439	0.981612	0.018388	-84786.838989
GOMC.bin.16560_S.17_5	GOMC.bin.16560	dALP	query	ambiguous	1023	1.000000	0.000000	-85881.583883
GOMC.bin.1376_S.91_4	GOMC.bin.1376	cALP	query	ambiguous	616	0.996775	0.000000	-85902.470415
GCA_004524535.1_S.169_16	GCA_004524535.1	cALP	query	cALP_enriched	442	1.000000	0.000000	-85559.643732
GCA_048887225.1_S.3_155	GCA_048887225.1	cALP	query	cALP_enriched	443	0.746770	0.143446	-85650.583426
GOMC.bin.16116_S.228_2	GOMC.bin.16116	cALP	query	cALP_enriched	445	1.000000	0.000000	-85586.139684
GCA_048937845.1_S.132_43	GCA_048937845.1	cALP	query	cALP_enriched	472	0.648069	0.198360	-85660.412999
GCA_048940765.1_S.2_9	GCA_048940765.1	cALP	query	cALP_enriched	472	0.648069	0.198360	-85660.412999
GCA_048941725.1_S.163_15	GCA_048941725.1	cALP	query	cALP_enriched	463	1.000000	0.000000	-85649.822706
GCA_048937855.1_S.204_6	GCA_048937855.1	cALP	query	cALP_enriched	462	0.513208	0.255590	-85649.523469
GCA_048939795.1_S.264_2	GCA_048939795.1	cALP	query	cALP_enriched	472	0.648069	0.198360	-85660.412999
GOMC.bin.1376_S.261_3	GOMC.bin.1376	dALP	query	cALP_enriched	472	0.935980	0.041309	-85709.418972
GCA_048939985.1_S.35_13	GCA_048939985.1	cALP	query	cALP_enriched	472	1.000000	0.000000	-85669.447544
GOMC.bin.17308_S.584_2	GOMC.bin.17308	dALP	query	cALP_enriched	472	0.997879	0.000000	-85679.459159
GCA_054384875.1_S.58_8	GCA_054384875.1	cALP	query	cALP_enriched	483	0.984596	0.000000	-85606.730839
GCA_029856125.1_S.31_5	GCA_029856125.1	cALP	query	cALP_enriched	486	1.000000	0.000000	-85550.855245
GOMC.bin.4504_S.20_15	GOMC.bin.4504	cALP	query	cALP_enriched	486	1.000000	0.000000	-85585.605252
GOMC.bin.10054_S.114_3	GOMC.bin.10054	cALP	query	cALP_enriched	498	0.999994	0.000000	-85527.095705
GCA_011364975.1_S.174_5	GCA_011364975.1	cALP	query	cALP_enriched	501	1.000000	0.000000	-85479.362835
GCA_048941015.1_S.35_26	GCA_048941015.1	cALP	query	cALP_enriched	502	0.943956	0.041844	-85678.706259
GCA_054384695.1_S.102_5	GCA_054384695.1	cALP	query	cALP_enriched	506	0.667764	0.169104	-85658.908700
GCA_054387215.1_S.34_5	GCA_054387215.1	cALP	query	cALP_enriched	531	1.000000	0.000000	-85607.212020
GCA_037386725.1_S.48_7	GCA_037386725.1	dALP	query	cALP_enriched	529	0.998877	0.000000	-85520.603871
GCA_054384635.1_S.61_2	GCA_054384635.1	cALP	query	cALP_enriched	534	1.000000	0.000000	-85681.593367
GCA_048885285.1_S.282_5	GCA_048885285.1	dALP	query	cALP_enriched	535	1.000000	0.000000	-64129.966407
GCA_054388135.1_S.32_2	GCA_054388135.1	dALP	query	ambiguous	550	0.999504	0.000000	-85753.221655
GCA_054383635.1_S.5_66	GCA_054383635.1	dALP	query	ambiguous	553	1.000000	0.000000	-85762.335716
GCA_048939405.1_S.34_12	GCA_048939405.1	dALP	query	ambiguous	554	1.000000	0.000000	-83760.067360
GCA_048885185.1_S.107_2	GCA_048885185.1	dALP	query	ambiguous	555	1.000000	0.000000	-85746.055656
GCA_048941715.1_S.80_24	GCA_048941715.1	dALP	query	ambiguous	557	1.000000	0.000000	-83914.021075
SRR17658274_bin.19_S.82_32	SRR17658274_bin.19	dALP	query	ambiguous	560	1.000000	0.000000	-81235.473332
GCA_016839995.1_S.137_3	GCA_016839995.1	dALP	query	ambiguous	565	0.955879	0.044121	-83983.674579
GCA_016840585.1_S.138_6	GCA_016840585.1	dALP	query	ambiguous	565	0.999991	0.000000	-83961.926357
GCA_048941715.1_S.80_25	GCA_048941715.1	dALP	query	ambiguous	566	1.000000	0.000000	-84010.322053
GOMC.bin.18785_S.17_1	GOMC.bin.18785	cALP	query	ambiguous	570	1.000000	0.000000	-85829.983750
GCA_054384535.1_S.21_15	GCA_054384535.1	dALP	query	ambiguous	600	0.459306	0.270361	-85708.387066
GCA_054383575.1_S.551_2	GCA_054383575.1	dALP	query	ambiguous	607	1.000000	0.000000	-85874.923320
GCA_016839555.1_S.3_40	GCA_016839555.1	dALP	query	ambiguous	608	1.000000	0.000000	-85820.595369
GCA_054389435.1_S.21_27	GCA_054389435.1	dALP	query	ambiguous	612	0.988639	0.000000	-85977.712631
GCA_014729055.1_S.245_4	GCA_014729055.1	dALP	query	ambiguous	1023	0.768107	0.231893	-85835.973956
GOMC.bin.9856_S.280_15	GOMC.bin.9856	dALP	query	ambiguous	608	0.990360	0.000000	-85908.833345
GCA_030593165.1_S.366_9	GCA_030593165.1	cALP	query	ambiguous	616	0.928840	0.071158	-85865.954642
GCA_054390755.1_S.114_12	GCA_054390755.1	cALP	query	ambiguous	608	0.639190	0.360810	-85819.393835
GCA_054383535.1_S.291_3	GCA_054383535.1	dALP	query	ambiguous	620	0.976797	0.023203	-78087.457148
GCA_054386055.1_S.20_21	GCA_054386055.1	cALP	query	cALP_enriched	717	0.999909	0.000000	-85472.638905
GCA_038821275.1_S.1_115	GCA_038821275.1	cALP	query	cALP_enriched	729	0.334568	0.334504	-85463.477801
GCA_030606485.1_S.6_220	GCA_030606485.1	cALP	query	cALP_enriched	751	0.960063	0.020083	-85465.273703
GCA_048941265.1_S.116_13	GCA_048941265.1	cALP	query	cALP_enriched	761	0.881327	0.088367	-85552.320855
GCA_048941225.1_S.216_43	GCA_048941225.1	cALP	query	cALP_enriched	749	0.998957	0.000000	-85466.288542
GCA_054381395.1_S.39_21	GCA_054381395.1	cALP	query	cALP_enriched	760	0.435366	0.405720	-85531.699723
GCA_048940645.1_S.57_48	GCA_048940645.1	cALP	query	cALP_enriched	759	1.000000	0.000000	-85491.642069
GCA_048885625.1_S.31_16	GCA_048885625.1	cALP	query	cALP_enriched	759	1.000000	0.000000	-85486.689297
GCA_008080765.1_S.71_4	GCA_008080765.1	cALP	query	cALP_enriched	759	0.980375	0.013748	-85575.636154
GCA_054388655.1_S.105_3	GCA_054388655.1	cALP	query	cALP_enriched	760	1.000000	0.000000	-84938.585841
GCA_030606095.1_S.322_3	GCA_030606095.1	cALP	query	cALP_enriched	761	0.804847	0.147481	-85528.264719
GCA_048938045.1_S.258_14	GCA_048938045.1	cALP	query	cALP_enriched	759	0.565586	0.434414	-85513.148692
GCA_048885765.1_S.84_3	GCA_048885765.1	cALP	query	cALP_enriched	760	1.000000	0.000000	-85562.929841
GCA_054381575.1_S.87_17	GCA_054381575.1	cALP	query	cALP_enriched	767	0.500000	0.500000	-85443.066037
GCA_054386895.1_S.41_2	GCA_054386895.1	cALP	query	cALP_enriched	769	0.999958	0.000000	-85503.652995
GCA_054384035.1_S.243_5	GCA_054384035.1	cALP	query	cALP_enriched	788	0.881509	0.118374	-85501.061347
GCA_048939245.1_S.68_6	GCA_048939245.1	cALP	query	cALP_enriched	790	0.555072	0.444928	-84180.535539
GCA_029838215.1_S.49_28	GCA_029838215.1	cALP	query	cALP_enriched	806	1.000000	0.000000	-85452.821350
GCA_054387775.1_S.157_26	GCA_054387775.1	cALP	query	cALP_enriched	809	1.000000	0.000000	-85461.455332
GOMC.bin.2758_S.302_1	GOMC.bin.2758	cALP	query	cALP_enriched	822	0.379944	0.076907	-85472.822726
GCA_054385835.1_S.18_29	GCA_054385835.1	cALP	query	cALP_enriched	827	0.998432	0.000000	-85462.733961
GCA_054385935.1_S.45_6	GCA_054385935.1	cALP	query	cALP_enriched	839	1.000000	0.000000	-85522.450331
GCA_054387835.1_S.43_30	GCA_054387835.1	cALP	query	cALP_enriched	860	0.477185	0.436068	-85484.564023
GCA_027061945.1_S.111_5	GCA_027061945.1	cALP	query	cALP_enriched	894	0.984293	0.000000	-85462.279771
GCA_054389675.1_S.13_27	GCA_054389675.1	cALP	query	cALP_enriched	900	0.200443	0.200443	-85445.865014
GCA_048938455.1_S.25_86	GCA_048938455.1	cALP	query	cALP_enriched	910	0.198604	0.198604	-85463.521533
GCA_054387615.1_S.22_16	GCA_054387615.1	cALP	query	cALP_enriched	930	1.000000	0.000000	-85463.312147
GCA_054385775.1_S.124_5	GCA_054385775.1	cALP	query	ambiguous	950	0.786286	0.107478	-85453.464544
GOMC.bin.2968_S.82_1	GOMC.bin.2968	dALP	query	ambiguous	985	1.000000	0.000000	-85584.754314
GOMC.bin.2739_S.38_7	GOMC.bin.2739	cALP	query	ambiguous	989	1.000000	0.000000	-85504.429752
GCA_024720985.1_S.62_3	GCA_024720985.1	cALP	query	ambiguous	991	1.000000	0.000000	-85474.977027
GCA_038861025.1_S.11_35	GCA_038861025.1	cALP	query	ambiguous	991	1.000000	0.000000	-85474.977027
GCA_038842575.1_S.1_86	GCA_038842575.1	cALP	query	ambiguous	991	1.000000	0.000000	-85474.977027
GOMC.bin.18158_S.24_3	GOMC.bin.18158	dALP	query	ambiguous	992	0.770233	0.192575	-81208.798597
GOMC.bin.16287_S.309_1	GOMC.bin.16287	cALP	query	ambiguous	993	0.346172	0.343969	-85448.602148
GOMC.bin.2992_S.134_45	GOMC.bin.2992	cALP	query	ambiguous	1003	1.000000	0.000000	-85443.757726
GOMC.bin.4340_S.125_1	GOMC.bin.4340	cALP	query	ambiguous	1008	1.000000	0.000000	-81606.382129
GCA_054383015.1_S.296_3	GCA_054383015.1	cALP	query	ambiguous	1014	0.999887	0.000000	-85552.402791
GCA_030612905.1_S.433_4	GCA_030612905.1	cALP	query	ambiguous	1014	0.594779	0.316681	-85600.402144
GOMC.bin.10054_S.11_25	GOMC.bin.10054	cALP	query	ambiguous	1014	0.974276	0.019092	-85587.394485
GCA_054384455.1_S.242_3	GCA_054384455.1	cALP	query	ambiguous	1014	0.999887	0.000000	-85552.402791
GCA_054387435.1_S.178_5	GCA_054387435.1	cALP	query	ambiguous	1020	0.500872	0.256347	-85593.795623
GCA_048886225.1_S.40_7	GCA_048886225.1	cALP	query	ambiguous	1020	0.880166	0.119834	-85680.937942
GCA_048883105.1_S.40_16	GCA_048883105.1	cALP	query	ambiguous	1018	0.999776	0.000000	-85658.810268
GCA_048939015.1_S.104_8	GCA_048939015.1	cALP	query	ambiguous	1018	0.938679	0.061321	-85651.556089
GCA_019058245.1_S.13_231	GCA_019058245.1	cALP	query	ambiguous	1020	0.944998	0.055002	-85682.604708
GOMC.bin.1376_S.225_2	GOMC.bin.1376	cALP	query	ambiguous	1020	0.545990	0.454010	-85659.739773
GCA_048941605.1_S.34_8	GCA_048941605.1	cALP	query	ambiguous	1020	0.975049	0.024951	-85644.495679
GCA_029856445.1_S.237_4	GCA_029856445.1	cALP	query	ambiguous	1019	0.599304	0.278301	-85667.009293
GCA_048885925.1_S.126_4	GCA_048885925.1	cALP	query	ambiguous	1018	0.741728	0.258272	-85641.504423
GCA_016839555.1_S.10_135	GCA_016839555.1	cALP	query	ambiguous	1018	0.908576	0.091424	-85706.651116
GCA_048940105.1_S.483_4	GCA_048940105.1	cALP	query	ambiguous	1020	0.723461	0.150021	-85621.810453
GCA_048940645.1_S.42_16	GCA_048940645.1	cALP	query	ambiguous	1020	0.629227	0.178370	-85621.745613
GCA_048938675.1_S.446_2	GCA_048938675.1	cALP	query	ambiguous	1014	0.831956	0.109260	-85568.169881
GCA_048886165.1_S.46_3	GCA_048886165.1	cALP	query	ambiguous	1019	0.477086	0.292313	-85589.407683
GCA_016839745.1_S.5_36	GCA_016839745.1	cALP	query	ambiguous	1016	0.412455	0.324533	-85601.929861
GCA_048886785.1_S.155_6	GCA_048886785.1	cALP	query	ambiguous	1020	0.806310	0.193690	-85604.718854
GCA_054383735.1_S.46_5	GCA_054383735.1	cALP	query	ambiguous	1020	0.958884	0.041116	-85622.572844
GCA_048885325.1_S.10_12	GCA_048885325.1	cALP	query	ambiguous	1020	0.700700	0.158869	-85622.659399
GCA_048940205.1_S.91_9	GCA_048940205.1	cALP	query	ambiguous	1020	1.000000	0.000000	-85677.763010
GCA_036478875.1_S.140_17	GCA_036478875.1	cALP	query	ambiguous	1020	0.944520	0.055480	-85687.942375
GCA_048886685.1_S.4_191	GCA_048886685.1	cALP	query	ambiguous	1019	0.489655	0.277059	-85667.691327
GCA_048940505.1_S.156_15	GCA_048940505.1	cALP	query	ambiguous	1020	0.880166	0.119834	-85680.937942
GCA_016930515.1_S.108_2	GCA_016930515.1	cALP	query	ambiguous	1020	0.528980	0.471020	-85680.006773
GCA_030615145.1_S.181_12	GCA_030615145.1	cALP	query	ambiguous	1020	0.505650	0.342744	-85640.273053
GCA_054386795.1_S.618_6	GCA_054386795.1	cALP	query	ambiguous	1018	0.996941	0.000000	-85651.966098
GCA_048882885.1_S.130_4	GCA_048882885.1	cALP	query	ambiguous	1018	0.872339	0.097649	-85678.292220
GCA_048940445.1_S.10_56	GCA_048940445.1	cALP	query	ambiguous	1020	1.000000	0.000000	-85614.572431
GCA_054385975.1_S.8_17	GCA_054385975.1	cALP	query	ambiguous	1020	0.500872	0.256347	-85593.795623
GCA_029856145.1_S.13_31	GCA_029856145.1	cALP	query	ambiguous	1020	1.000000	0.000000	-85680.342266
GCA_048941265.1_S.317_27	GCA_048941265.1	cALP	query	ambiguous	1018	0.991917	0.000000	-85636.982666
GCA_054384835.1_S.117_3	GCA_054384835.1	cALP	query	ambiguous	1021	1.000000	0.000000	-85733.965008
GCA_054388235.1_S.80_3	GCA_054388235.1	cALP	query	ambiguous	1021	1.000000	0.000000	-85607.721742
GCA_054384275.1_S.198_4	GCA_054384275.1	cALP	query	ambiguous	1021	1.000000	0.000000	-85764.014846
GCA_029856045.1_S.23_14	GCA_029856045.1	cALP	query	ambiguous	1020	0.988843	0.000000	-85695.435696
GCA_054387735.1_S.110_3	GCA_054387735.1	cALP	query	ambiguous	1021	0.967731	0.032269	-85758.425432
GOMC.bin.7548_S.343_2	GOMC.bin.7548	cALP	query	ambiguous	1026	1.000000	0.000000	-85519.971313
GCA_016839865.1_S.246_2	GCA_016839865.1	dALP	query	ambiguous	1034	1.000000	0.000000	-85615.624744
GCA_054386735.1_S.310_3	GCA_054386735.1	dALP	query	ambiguous	1037	1.000000	0.000000	-85701.115030
GCA_054381395.1_S.8_14	GCA_054381395.1	dALP	query	ambiguous	1058	0.999264	0.000000	-85651.919549
GCA_048885985.1_S.570_1	GCA_048885985.1	dALP	query	ambiguous	1054	0.943815	0.043415	-81251.820482
GOMC.bin.16116_S.265_1	GOMC.bin.16116	cALP	query	dALP_enriched	1076	1.000000	0.000000	-84610.005769
GCA_048937805.1_S.138_18	GCA_048937805.1	dALP	query	dALP_enriched	1087	0.693636	0.194110	-85594.366026
GOMC.bin.17308_S.293_1	GOMC.bin.17308	dALP	query	dALP_enriched	1098	0.914673	0.042936	-82037.658913
GCA_048882645.1_S.35_11	GCA_048882645.1	dALP	query	dALP_enriched	1104	0.575651	0.353663	-85629.439667
GCA_048941385.1_S.271_46	GCA_048941385.1	dALP	query	dALP_enriched	1100	0.961229	0.019419	-85553.019711
GCA_054390715.1_S.261_2	GCA_054390715.1	dALP	query	dALP_enriched	1099	0.999723	0.000000	-85581.741325
GCA_048941065.1_S.235_8	GCA_048941065.1	dALP	query	dALP_enriched	1113	0.999183	0.000000	-85580.112496
GCA_054383495.1_S.291_1	GCA_054383495.1	dALP	query	ambiguous	1115	0.517052	0.378650	-80431.199980
GCA_054386255.1_S.39_30	GCA_054386255.1	dALP	query	ambiguous	1115	0.615894	0.296848	-85635.351629
GCA_054386415.1_S.36_4	GCA_054386415.1	dALP	query	ambiguous	1115	0.615894	0.296848	-85635.351629
GCA_054383155.1_S.50_3	GCA_054383155.1	dALP	query	ambiguous	1115	0.536183	0.370188	-78565.626038
GCA_054387295.1_S.242_3	GCA_054387295.1	dALP	query	ambiguous	1115	0.633360	0.287139	-85630.738712
GCA_048885535.1_S.1_26	GCA_048885535.1	dALP	query	ambiguous	1128	0.999601	0.000000	-85603.587271
GCA_048885625.1_S.1_31	GCA_048885625.1	dALP	query	ambiguous	1128	0.956712	0.037687	-85551.375347
GCA_048938325.1_S.125_43	GCA_048938325.1	dALP	query	ambiguous	1128	0.711406	0.256885	-85538.459218
GCA_048940645.1_S.53_2	GCA_048940645.1	dALP	query	ambiguous	1128	0.711406	0.256885	-85538.459218
GCA_048940105.1_S.225_24	GCA_048940105.1	dALP	query	ambiguous	1128	1.000000	0.000000	-85551.968492
GCA_048940445.1_S.62_7	GCA_048940445.1	dALP	query	ambiguous	1128	0.997664	0.000000	-85611.231224
GCA_054384815.1_S.34_8	GCA_054384815.1	dALP	query	ambiguous	1132	0.398972	0.302122	-85529.910080
GCA_054384435.1_S.288_2	GCA_054384435.1	dALP	query	ambiguous	1134	0.636126	0.196264	-85541.081544
GCF_000016385.1_S.1_1911	GCF_000016385.1	dALP	query	dALP_enriched	5	0.845124	0.154876	-85504.165326
GCA_038733985.1_S.6_164	GCA_038733985.1	dALP	query	dALP_enriched	5	0.845124	0.154876	-85504.165326
GCA_026414425.1_S.63_39	GCA_026414425.1	dALP	query	dALP_enriched	11	1.000000	0.000000	-85483.243736
SRR12180971_bin.4_S.357_4	SRR12180971_bin.4	dALP	query	dALP_enriched	13	1.000000	0.000000	-85483.248948
GCA_038824415.1_S.3_125	GCA_038824415.1	dALP	query	dALP_enriched	13	1.000000	0.000000	-85479.085849
GCA_038879095.1_S.10_20	GCA_038879095.1	dALP	query	dALP_enriched	25	0.994113	0.000000	-85474.300653
GCA_038730795.1_S.2_64	GCA_038730795.1	dALP	query	dALP_enriched	36	1.000000	0.000000	-85487.247508
GOMC.bin.111_S.86_2	GOMC.bin.111	dALP	query	dALP_enriched	80	0.992160	0.000000	-85504.653455
GOMC.bin.16417_S.85_5	GOMC.bin.16417	dALP	query	dALP_enriched	87	1.000000	0.000000	-85468.103003
GCA_038858725.1_S.2_16	GCA_038858725.1	dALP	query	dALP_enriched	90	0.999958	0.000000	-85503.973076
GCA_038893115.1_S.2_44	GCA_038893115.1	dALP	query	dALP_enriched	90	0.532270	0.467730	-85505.581882
GCA_038742015.1_S.9_29	GCA_038742015.1	dALP	query	dALP_enriched	90	0.531968	0.468032	-85503.273048
GCA_038816745.1_S.1_198	GCA_038816745.1	dALP	query	dALP_enriched	90	0.532270	0.467730	-85505.581882
GCA_038878995.1_S.1_55	GCA_038878995.1	dALP	query	dALP_enriched	90	0.532270	0.467730	-85505.581882
GCA_038734025.1_S.1_210	GCA_038734025.1	dALP	query	dALP_enriched	90	0.532003	0.467997	-85506.563270
GCA_038880495.1_S.78_5	GCA_038880495.1	dALP	query	dALP_enriched	98	1.000000	0.000000	-85503.372055
GCA_038883975.1_S.5_52	GCA_038883975.1	dALP	query	dALP_enriched	100	1.000000	0.000000	-85481.655894
GCF_038878895.1_S.11_14	GCF_038878895.1	dALP	query	dALP_enriched	100	1.000000	0.000000	-85481.655894
GCA_038871435.1_S.1_430	GCA_038871435.1	dALP	query	dALP_enriched	100	1.000000	0.000000	-85481.655894
GOMC.bin.4346_S.333_2	GOMC.bin.4346	dALP	query	dALP_enriched	96	0.998098	0.000000	-85595.507618
GOMC.bin.1199_S.14_44	GOMC.bin.1199	dALP	query	dALP_enriched	118	1.000000	0.000000	-85512.207898
GOMC.bin.18924_S.53_19	GOMC.bin.18924	dALP	query	dALP_enriched	118	1.000000	0.000000	-85514.775589
GOMC.bin.18378_S.27_1	GOMC.bin.18378	dALP	query	dALP_enriched	118	1.000000	0.000000	-85514.775589
GCA_038865265.1_S.199_3	GCA_038865265.1	dALP	query	dALP_enriched	195	1.000000	0.000000	-84668.679454
GCA_038733065.1_S.1_226	GCA_038733065.1	dALP	query	dALP_enriched	195	1.000000	0.000000	-84663.554025
GCA_038874795.1_S.14_2	GCA_038874795.1	dALP	query	dALP_enriched	195	1.000000	0.000000	-84677.433179
GCA_038880575.1_S.56_3	GCA_038880575.1	dALP	query	dALP_enriched	195	1.000000	0.000000	-84677.433179
GOMC.bin.18726_S.57_1	GOMC.bin.18726	dALP	query	dALP_enriched	233	1.000000	0.000000	-85247.700847
GOMC.bin.3019_S.126_4	GOMC.bin.3019	dALP	query	dALP_enriched	237	1.000000	0.000000	-80676.083753
GOMC.bin.2986_S.96_4	GOMC.bin.2986	dALP	query	dALP_enriched	238	1.000000	0.000000	-85462.493540
GCA_003662535.1_S.30_2	GCA_003662535.1	dALP	query	dALP_enriched	240	1.000000	0.000000	-85445.616258
GOMC.bin.18543_S.36_4	GOMC.bin.18543	dALP	query	dALP_enriched	245	1.000000	0.000000	-85444.758272
GOMC.bin.2493_S.151_1	GOMC.bin.2493	dALP	query	dALP_enriched	246	1.000000	0.000000	-79209.066081
GCA_038840915.1_S.30_4	GCA_038840915.1	dALP	query	dALP_enriched	267	0.999767	0.000000	-85162.247633
GCA_038852365.1_S.37_10	GCA_038852365.1	dALP	query	dALP_enriched	274	0.525544	0.474456	-85468.452147
GCA_038874395.1_S.1_167	GCA_038874395.1	dALP	query	dALP_enriched	278	1.000000	0.000000	-85216.918234
GCA_038866675.1_S.2_22	GCA_038866675.1	dALP	query	dALP_enriched	278	1.000000	0.000000	-85216.918234
GCA_017601145.1_S.53_35	GCA_017601145.1	dALP	query	dALP_enriched	293	1.000000	0.000000	-85426.436037
GCA_017601285.1_S.125_4	GCA_017601285.1	dALP	query	dALP_enriched	293	1.000000	0.000000	-85426.436037
GCA_038857415.1_S.2_7	GCA_038857415.1	dALP	query	dALP_enriched	297	0.813846	0.186154	-85142.567264
GCA_038872755.1_S.10_30	GCA_038872755.1	dALP	query	dALP_enriched	298	1.000000	0.000000	-85157.371685
GCA_038825455.1_S.2_182	GCA_038825455.1	dALP	query	dALP_enriched	308	0.999924	0.000000	-85455.701607
GCA_038870515.1_S.7_20	GCA_038870515.1	dALP	query	dALP_enriched	308	0.999924	0.000000	-85455.701607
GCA_038868815.1_S.9_13	GCA_038868815.1	dALP	query	dALP_enriched	308	0.999935	0.000000	-85449.785759
GCA_038889855.1_S.8_42	GCA_038889855.1	dALP	query	dALP_enriched	308	0.999924	0.000000	-85455.701607
GCA_038889895.1_S.8_42	GCA_038889895.1	dALP	query	dALP_enriched	308	0.999924	0.000000	-85455.701607
GCA_038885715.1_S.2_44	GCA_038885715.1	dALP	query	dALP_enriched	313	1.000000	0.000000	-85443.336543
GCA_038828055.1_S.33_8	GCA_038828055.1	dALP	query	dALP_enriched	325	1.000000	0.000000	-85165.420743
GCA_038741315.1_S.2_177	GCA_038741315.1	dALP	query	dALP_enriched	325	1.000000	0.000000	-85169.334072
GCA_038890135.1_S.212_2	GCA_038890135.1	dALP	query	dALP_enriched	345	1.000000	0.000000	-85465.837251
GCA_038847255.1_S.3_81	GCA_038847255.1	dALP	query	dALP_enriched	345	1.000000	0.000000	-85465.837251
GCA_038869255.1_S.24_5	GCA_038869255.1	dALP	query	dALP_enriched	345	1.000000	0.000000	-85465.837251
GCA_038869815.1_S.1_77	GCA_038869815.1	dALP	query	dALP_enriched	345	1.000000	0.000000	-85471.015720
GCA_038832325.1_S.1_114	GCA_038832325.1	dALP	query	dALP_enriched	347	1.000000	0.000000	-85430.398387
GCA_038819735.1_S.1_2	GCA_038819735.1	dALP	query	dALP_enriched	351	1.000000	0.000000	-85455.163242
GCA_038864975.1_S.23_3	GCA_038864975.1	dALP	query	dALP_enriched	351	1.000000	0.000000	-85459.295454
GCA_038742275.1_S.1_569	GCA_038742275.1	dALP	query	dALP_enriched	357	1.000000	0.000000	-85460.149177
GCA_038732265.1_S.43_2	GCA_038732265.1	dALP	query	dALP_enriched	357	1.000000	0.000000	-85463.180103
GCA_038873395.1_S.1_269	GCA_038873395.1	dALP	query	dALP_enriched	357	1.000000	0.000000	-85463.666283
GCA_038838905.1_S.1_52	GCA_038838905.1	dALP	query	dALP_enriched	357	1.000000	0.000000	-85459.663845
GCA_038883175.1_S.32_15	GCA_038883175.1	dALP	query	dALP_enriched	373	1.000000	0.000000	-85466.400667
GCA_038844655.1_S.1_49	GCA_038844655.1	dALP	query	dALP_enriched	373	1.000000	0.000000	-85464.835182
GCA_038846495.1_S.1_83	GCA_038846495.1	dALP	query	dALP_enriched	379	1.000000	0.000000	-85441.903550
GCA_023267855.1_S.4_18	GCA_023267855.1	dALP	query	dALP_enriched	379	1.000000	0.000000	-85441.903550
GCA_038823945.1_S.90_5	GCA_038823945.1	dALP	query	dALP_enriched	379	1.000000	0.000000	-85446.803751
GCA_038821005.1_S.1_48	GCA_038821005.1	dALP	query	dALP_enriched	379	1.000000	0.000000	-85446.803751
GOMC.bin.16244_S.148_2	GOMC.bin.16244	dALP	query	dALP_enriched	381	1.000000	0.000000	-85439.386541
GCA_038838005.1_S.6_5	GCA_038838005.1	dALP	query	dALP_enriched	388	1.000000	0.000000	-85455.071176
GCA_038824685.1_S.6_75	GCA_038824685.1	dALP	query	dALP_enriched	388	1.000000	0.000000	-85455.071176
GCA_038834075.1_S.3_75	GCA_038834075.1	dALP	query	dALP_enriched	388	1.000000	0.000000	-85455.071176
GOMC.bin.18013_S.151_1	GOMC.bin.18013	dALP	query	dALP_enriched	392	1.000000	0.000000	-85442.445923
GOMC.bin.3219_S.137_7	GOMC.bin.3219	dALP	query	dALP_enriched	399	1.000000	0.000000	-85477.742152
GCA_038863655.1_S.13_4	GCA_038863655.1	dALP	query	dALP_enriched	415	0.789770	0.112572	-85459.601934
GCA_038858005.1_S.50_4	GCA_038858005.1	dALP	query	dALP_enriched	418	0.361505	0.329060	-85469.601654
GCA_038818685.1_S.51_6	GCA_038818685.1	dALP	query	dALP_enriched	418	0.361505	0.329060	-85469.601654
GCA_054384915.1_S.7_6	GCA_054384915.1	dALP	query	dALP_enriched	431	1.000000	0.000000	-85891.866895
GCA_054384035.1_S.155_5	GCA_054384035.1	dALP	query	dALP_enriched	435	1.000000	0.000000	-85926.057860
GCA_048886485.1_S.49_5	GCA_048886485.1	dALP	query	dALP_enriched	439	1.000000	0.000000	-85256.615004
GCA_054384475.1_S.47_6	GCA_054384475.1	dALP	query	dALP_enriched	439	0.997905	0.000000	-85925.951589
GCA_048937645.1_S.453_13	GCA_048937645.1	cALP	query	cALP_enriched	443	1.000000	0.000000	-85737.974072
GCA_048885705.1_S.50_4	GCA_048885705.1	cALP	query	cALP_enriched	463	1.000000	0.000000	-85652.389521
GCA_048938895.1_S.85_9	GCA_048938895.1	cALP	query	cALP_enriched	466	0.992035	0.000000	-85670.988998
GCA_054390415.1_S.7_35	GCA_054390415.1	cALP	query	cALP_enriched	472	1.000000	0.000000	-85700.655184
GOMC.bin.15130_S.56_167	GOMC.bin.15130	dALP	query	cALP_enriched	472	1.000000	0.000000	-85101.855606
GCA_048938045.1_S.226_4	GCA_048938045.1	cALP	query	cALP_enriched	476	1.000000	0.000000	-85611.362462
GCA_016840345.1_S.41_5	GCA_016840345.1	dALP	query	cALP_enriched	481	0.408911	0.266320	-81252.972862
GCA_048941225.1_S.314_13	GCA_048941225.1	cALP	query	cALP_enriched	502	1.000000	0.000000	-85546.236992
GCA_048940105.1_S.7_3	GCA_048940105.1	cALP	query	cALP_enriched	502	1.000000	0.000000	-85597.804010
GCA_048938245.1_S.442_5	GCA_048938245.1	cALP	query	cALP_enriched	502	1.000000	0.000000	-85630.719965
GCA_054382875.1_S.29_34	GCA_054382875.1	cALP	query	cALP_enriched	506	0.990637	0.000000	-85642.739417
GCA_054388015.1_S.35_18	GCA_054388015.1	cALP	query	cALP_enriched	506	0.667764	0.169104	-85658.908700
GCA_054381395.1_S.72_43	GCA_054381395.1	cALP	query	cALP_enriched	532	1.000000	0.000000	-85712.266363
GCA_054381545.1_S.282_2	GCA_054381545.1	cALP	query	cALP_enriched	534	1.000000	0.000000	-85681.593367
GCA_048885945.1_S.5_2	GCA_048885945.1	dALP	query	cALP_enriched	535	1.000000	0.000000	-85987.139426
GCA_054387275.1_S.36_4	GCA_054387275.1	dALP	query	ambiguous	552	1.000000	0.000000	-85543.402772
GCA_054386475.1_S.116_5	GCA_054386475.1	dALP	query	ambiguous	552	1.000000	0.000000	-85543.402772
GCA_054384935.1_S.150_3	GCA_054384935.1	dALP	query	ambiguous	553	1.000000	0.000000	-85760.129500
GCA_054381375.1_S.117_16	GCA_054381375.1	dALP	query	ambiguous	553	1.000000	0.000000	-85762.335716
GCA_016840765.1_S.178_12	GCA_016840765.1	dALP	query	ambiguous	555	1.000000	0.000000	-85772.506073
GCA_048885185.1_S.107_3	GCA_048885185.1	dALP	query	ambiguous	565	1.000000	0.000000	-83921.276839
GCA_048937625.1_S.100_3	GCA_048937625.1	dALP	query	ambiguous	565	1.000000	0.000000	-83925.320699
GCA_029838215.1_S.23_35	GCA_029838215.1	dALP	query	ambiguous	568	1.000000	0.000000	-85666.900413
GOMC.bin.9856_S.188_2	GOMC.bin.9856	dALP	query	ambiguous	608	1.000000	0.000000	-85983.347852
GCA_054386755.1_S.124_46	GCA_054386755.1	cALP	query	ambiguous	608	1.000000	0.000000	-85904.272636
GCA_054387475.1_S.102_14	GCA_054387475.1	dALP	query	dALP_enriched	439	0.993873	0.000000	-85947.524584
GCA_054388655.1_S.25_14	GCA_054388655.1	dALP	query	ambiguous	608	1.000000	0.000000	-83947.981146
GCA_054388655.1_S.49_2	GCA_054388655.1	dALP	query	ambiguous	608	1.000000	0.000000	-85989.645691
GCA_048886485.1_S.899_2	GCA_048886485.1	cALP	query	ambiguous	636	0.954608	0.022698	-85751.029456
GCA_054387155.1_S.204_1	GCA_054387155.1	cALP	query	cALP_enriched	717	0.999909	0.000000	-85472.638905
GCA_016840545.1_S.149_10	GCA_016840545.1	cALP	query	cALP_enriched	749	0.998957	0.000000	-85466.288542
GCA_029856105.1_S.160_9	GCA_029856105.1	cALP	query	cALP_enriched	760	0.740852	0.244019	-85531.754242
GCA_048938325.1_S.33_45	GCA_048938325.1	cALP	query	cALP_enriched	759	1.000000	0.000000	-85491.642069
GCA_016839745.1_S.190_5	GCA_016839745.1	cALP	query	cALP_enriched	760	0.966220	0.027225	-85553.026111
GCA_048885535.1_S.58_6	GCA_048885535.1	cALP	query	cALP_enriched	759	1.000000	0.000000	-85526.355327
ERR6430833_bin.2_S.18_5	ERR6430833_bin.2	cALP	query	cALP_enriched	761	0.794488	0.153823	-85525.854429
GCA_054384175.1_S.7_70	GCA_054384175.1	cALP	query	cALP_enriched	759	0.594888	0.224434	-85554.617650
GCA_048938895.1_S.99_57	GCA_048938895.1	cALP	query	cALP_enriched	760	1.000000	0.000000	-85527.526077
GCA_054384795.1_S.434_2	GCA_054384795.1	cALP	query	cALP_enriched	760	0.961569	0.034403	-85545.264279
GOMC.bin.17308_S.48_2	GOMC.bin.17308	cALP	query	cALP_enriched	760	0.991190	0.000000	-84700.289260
GCA_016839385.1_S.474_3	GCA_016839385.1	cALP	query	cALP_enriched	767	0.334157	0.334157	-85448.067735
GCA_014729055.1_S.33_2	GCA_014729055.1	dALP	query	cALP_enriched	769	0.999988	0.000000	-69027.382187
GCA_048941715.1_S.118_34	GCA_048941715.1	cALP	query	cALP_enriched	791	0.985070	0.014930	-85472.448279
GOMC.bin.16112_S.708_7	GOMC.bin.16112	cALP	query	cALP_enriched	806	0.856128	0.071840	-85469.266793
GCA_054384215.1_S.32_18	GCA_054384215.1	cALP	query	cALP_enriched	805	1.000000	0.000000	-85455.092775
GCA_054383755.1_S.33_29	GCA_054383755.1	cALP	query	cALP_enriched	806	1.000000	0.000000	-85452.821350
GCA_038819355.1_S.4_56	GCA_038819355.1	cALP	query	cALP_enriched	824	0.334634	0.334634	-85462.887868
GCA_029258835.1_S.3_81	GCA_029258835.1	cALP	query	cALP_enriched	827	0.998432	0.000000	-85462.733961
GCA_054387715.1_S.184_6	GCA_054387715.1	cALP	query	cALP_enriched	839	1.000000	0.000000	-85592.762864
GCA_054385755.1_S.150_7	GCA_054385755.1	cALP	query	cALP_enriched	839	1.000000	0.000000	-85522.450331
GCA_021399395.1_S.37_26	GCA_021399395.1	cALP	query	cALP_enriched	851	1.000000	0.000000	-85485.257245
GCA_054383515.1_S.15_23	GCA_054383515.1	cALP	query	cALP_enriched	860	0.477185	0.436068	-85484.564023
GOMC.bin.1637_S.580_3	GOMC.bin.1637	cALP	query	cALP_enriched	885	1.000000	0.000000	-85466.722824
GCA_048886645.1_S.44_18	GCA_048886645.1	cALP	query	cALP_enriched	923	1.000000	0.000000	-85433.942933
GOMC.bin.18422_S.28_11	GOMC.bin.18422	cALP	query	ambiguous	989	1.000000	0.000000	-85504.429752
GCA_024720915.1_S.11_86	GCA_024720915.1	cALP	query	ambiguous	991	1.000000	0.000000	-85474.977027
GOMC.bin.2990_S.426_4	GOMC.bin.2990	cALP	query	ambiguous	992	0.767477	0.209755	-85519.316202
GCA_054385735.1_S.38_34	GCA_054385735.1	cALP	query	ambiguous	1003	1.000000	0.000000	-85488.438143
GCA_054385655.1_S.111_3	GCA_054385655.1	cALP	query	ambiguous	1003	1.000000	0.000000	-85443.757726
GCA_054384435.1_S.381_1	GCA_054384435.1	cALP	query	ambiguous	1014	0.999887	0.000000	-85552.402791
GOMC.bin.1369_S.235_4	GOMC.bin.1369	cALP	query	ambiguous	1014	1.000000	0.000000	-85540.416373
GCA_018238625.1_S.76_23	GCA_018238625.1	cALP	query	ambiguous	1014	0.952538	0.025703	-85585.133802
GCA_054384175.1_S.35_28	GCA_054384175.1	cALP	query	ambiguous	1018	0.945040	0.026810	-85603.159151
GCA_048885285.1_S.327_3	GCA_048885285.1	cALP	query	ambiguous	1020	0.951246	0.048754	-85682.302689
GCA_054386175.1_S.320_5	GCA_054386175.1	cALP	query	ambiguous	1018	1.000000	0.000000	-85566.060046
GCA_054386595.1_S.36_6	GCA_054386595.1	cALP	query	ambiguous	1018	0.999953	0.000000	-85706.330387
GCA_048938225.1_S.25_36	GCA_048938225.1	cALP	query	ambiguous	1020	0.926615	0.073385	-85663.615202
GOMC.bin.985_S.642_2	GOMC.bin.985	cALP	query	ambiguous	1018	0.944954	0.050240	-85650.971160
GCA_048941725.1_S.67_8	GCA_048941725.1	cALP	query	ambiguous	1018	0.778192	0.221808	-85649.931690
GOMC.bin.16116_S.30_4	GOMC.bin.16116	cALP	query	ambiguous	1020	0.795688	0.204312	-85683.422336
GCA_048941205.1_S.112_15	GCA_048941205.1	cALP	query	ambiguous	1020	0.911966	0.088034	-85618.620682
GCA_019058425.1_S.44_6	GCA_019058425.1	cALP	query	ambiguous	1018	0.914563	0.085437	-85666.551377
GCA_019894955.1_S.178_20	GCA_019894955.1	cALP	query	ambiguous	1020	0.422105	0.297869	-85600.386306
GCA_048940925.1_S.34_8	GCA_048940925.1	cALP	query	ambiguous	1018	0.634174	0.183021	-85647.181203
GCA_019057865.1_S.54_122	GCA_019057865.1	cALP	query	ambiguous	1018	0.999159	0.000000	-85672.971307
GCA_048938045.1_S.176_2	GCA_048938045.1	cALP	query	ambiguous	1018	0.993155	0.000000	-85690.927643
GOMC.bin.3147_S.265_1	GOMC.bin.3147	dALP	query	ambiguous	1020	0.808335	0.124462	-74400.650803
GCA_020343655.1_S.1_768	GCA_020343655.1	cALP	query	ambiguous	1018	0.560969	0.439031	-85641.875796
GCA_029838175.1_S.142_7	GCA_029838175.1	cALP	query	ambiguous	1018	0.895650	0.102078	-85719.774743
GCA_054386495.1_S.139_5	GCA_054386495.1	cALP	query	ambiguous	1020	0.791001	0.176985	-85619.740618
GCA_016839915.1_S.132_54	GCA_016839915.1	cALP	query	ambiguous	1020	1.000000	0.000000	-85699.857751
GCA_008080765.1_S.129_5	GCA_008080765.1	cALP	query	ambiguous	1020	1.000000	0.000000	-85728.095188
GCA_054389655.1_S.273_2	GCA_054389655.1	cALP	query	ambiguous	1018	0.574143	0.425857	-85683.239008
GCA_030605895.1_S.261_3	GCA_030605895.1	cALP	query	ambiguous	1020	0.943619	0.056381	-85676.720822
GCA_054386735.1_S.370_4	GCA_054386735.1	cALP	query	ambiguous	1021	1.000000	0.000000	-85740.907793
GCA_054386715.1_S.255_3	GCA_054386715.1	cALP	query	ambiguous	1021	1.000000	0.000000	-85752.956803
GCA_054386115.1_S.51_14	GCA_054386115.1	cALP	query	ambiguous	1021	1.000000	0.000000	-85780.313199
GCA_054388055.1_S.94_3	GCA_054388055.1	cALP	query	ambiguous	1021	1.000000	0.000000	-85607.721742
GCA_021498095.1_S.1_1937	GCA_021498095.1	cALP	query	ambiguous	1021	1.000000	0.000000	-85753.819550
GCA_029838195.1_S.49_80	GCA_029838195.1	cALP	query	ambiguous	1018	0.895650	0.102078	-85719.774743
GCA_054386635.1_S.89_12	GCA_054386635.1	cALP	query	ambiguous	1022	1.000000	0.000000	-85787.699632
GCA_054387455.1_S.338_16	GCA_054387455.1	cALP	query	ambiguous	1021	0.967731	0.032269	-85758.425432
GCA_054386615.1_S.303_4	GCA_054386615.1	dALP	query	ambiguous	1026	1.000000	0.000000	-85591.180163
GCA_054386575.1_S.219_2	GCA_054386575.1	dALP	query	ambiguous	1034	1.000000	0.000000	-85712.257623
GCA_054384835.1_S.128_4	GCA_054384835.1	dALP	query	ambiguous	1036	1.000000	0.000000	-85621.872737
GCA_054384475.1_S.100_7	GCA_054384475.1	dALP	query	ambiguous	1037	0.928769	0.071231	-85747.907081
GCA_048885525.1_S.9_67	GCA_048885525.1	dALP	query	dALP_enriched	1097	0.575514	0.224906	-85553.887081
GCA_048939985.1_S.165_55	GCA_048939985.1	dALP	query	dALP_enriched	1099	1.000000	0.000000	-85570.322893
GCA_054389775.1_S.128_1	GCA_054389775.1	dALP	query	dALP_enriched	1106	0.800986	0.192075	-52480.776765
GCA_048938155.1_S.159_69	GCA_048938155.1	dALP	query	dALP_enriched	1104	1.000000	0.000000	-85523.066352
GCA_054389655.1_S.500_1	GCA_054389655.1	dALP	query	dALP_enriched	1099	0.998764	0.000000	-85648.252309
GCA_054385955.1_S.149_29	GCA_054385955.1	dALP	query	ambiguous	1115	0.615894	0.296848	-85635.351629
GCA_048938985.1_S.512_7	GCA_048938985.1	dALP	query	ambiguous	1128	0.711406	0.256885	-85538.459218
GCA_048885325.1_S.12_12	GCA_048885325.1	dALP	query	ambiguous	1128	1.000000	0.000000	-85551.968492
GCA_011364975.1_S.191_22	GCA_011364975.1	dALP	query	ambiguous	1130	1.000000	0.000000	-85520.189909
GOMC.bin.1369_S.493_4	GOMC.bin.1369	dALP	query	ambiguous	1132	0.998973	0.000000	-85522.660943
GCA_029856125.1_S.117_9	GCA_029856125.1	dALP	query	ambiguous	1143	1.000000	0.000000	-85514.945481
GCA_029856105.1_S.12_47	GCA_029856105.1	dALP	query	ambiguous	1164	1.000000	0.000000	-85494.947916
GCA_038816675.1_S.1_54	GCA_038816675.1	dALP	query	dALP_enriched	5	0.845124	0.154876	-85504.165326
GCF_038879155.1_S.3_33	GCF_038879155.1	dALP	query	dALP_enriched	5	0.845124	0.154876	-85504.165326
GCF_038879875.1_S.2_127	GCF_038879875.1	dALP	query	dALP_enriched	5	0.845124	0.154876	-85504.165326
GCA_038822535.1_S.2_53	GCA_038822535.1	dALP	query	dALP_enriched	13	1.000000	0.000000	-85479.085849
GCA_038897755.1_S.7_36	GCA_038897755.1	dALP	query	dALP_enriched	13	1.000000	0.000000	-85479.085849
GCA_038727015.1_S.1_2047	GCA_038727015.1	dALP	query	dALP_enriched	36	1.000000	0.000000	-85487.247508
GCA_038875615.1_S.1_2047	GCA_038875615.1	dALP	query	dALP_enriched	36	1.000000	0.000000	-85487.247508
GOMC.bin.3879_S.61_29	GOMC.bin.3879	dALP	query	dALP_enriched	78	1.000000	0.000000	-85460.742037
GCA_028275925.1_S.107_42	GCA_028275925.1	dALP	query	dALP_enriched	89	1.000000	0.000000	-85489.428350
GCA_038895855.1_S.4_50	GCA_038895855.1	dALP	query	dALP_enriched	90	0.531968	0.468032	-85503.273048
GCA_038833645.1_S.2_73	GCA_038833645.1	dALP	query	dALP_enriched	90	0.531968	0.468032	-85503.273048
GCA_038867185.1_S.1_40	GCA_038867185.1	dALP	query	dALP_enriched	90	0.999958	0.000000	-85503.973076
GCA_038894815.1_S.12_28	GCA_038894815.1	dALP	query	dALP_enriched	90	0.532270	0.467730	-85505.581882
GCA_038823255.1_S.2_43	GCA_038823255.1	dALP	query	dALP_enriched	90	0.531968	0.468032	-85503.273048
GCA_038834715.1_S.4_32	GCA_038834715.1	dALP	query	dALP_enriched	90	0.531968	0.468032	-85503.273048
GCA_038892095.1_S.5_22	GCA_038892095.1	dALP	query	dALP_enriched	98	1.000000	0.000000	-85525.985941
GCA_038879455.1_S.1_113	GCA_038879455.1	dALP	query	dALP_enriched	98	1.000000	0.000000	-85499.044554
GCA_038733495.1_S.1_42	GCA_038733495.1	dALP	query	dALP_enriched	98	1.000000	0.000000	-85499.044554
GCF_038871435.1_S.1_430	GCF_038871435.1	dALP	query	dALP_enriched	100	1.000000	0.000000	-85481.655894
GCF_038880475.1_S.10_9	GCF_038880475.1	dALP	query	dALP_enriched	100	1.000000	0.000000	-85481.655894
GCF_000446015.1_S.1_743	GCF_000446015.1	dALP	query	dALP_enriched	100	1.000000	0.000000	-85481.655894
GOMC.bin.18308_S.2_19	GOMC.bin.18308	dALP	query	dALP_enriched	118	1.000000	0.000000	-85514.775589
GOMC.bin.1939_S.28_7	GOMC.bin.1939	dALP	query	dALP_enriched	118	1.000000	0.000000	-85512.207898
GOMC.bin.18588_S.307_1	GOMC.bin.18588	dALP	query	dALP_enriched	118	1.000000	0.000000	-85521.798345
GCA_003649235.1_S.49_4	GCA_003649235.1	dALP	query	dALP_enriched	122	1.000000	0.000000	-85191.401320
GOMC.bin.716_S.146_4	GOMC.bin.716	dALP	query	dALP_enriched	167	1.000000	0.000000	-85236.405325
GCA_038819565.1_S.44_1	GCA_038819565.1	dALP	query	dALP_enriched	195	1.000000	0.000000	-84674.126427
GCA_038880055.1_S.2_48	GCA_038880055.1	dALP	query	dALP_enriched	195	1.000000	0.000000	-84677.433179
GOMC.bin.17968_S.41_3	GOMC.bin.17968	dALP	query	dALP_enriched	245	1.000000	0.000000	-85444.758272
GCA_029259155.1_S.11_36	GCA_029259155.1	dALP	query	dALP_enriched	246	1.000000	0.000000	-85437.637653
GCA_038848745.1_S.23_13	GCA_038848745.1	dALP	query	dALP_enriched	274	0.525544	0.474456	-85468.452147
GCA_038880715.1_S.1_46	GCA_038880715.1	dALP	query	dALP_enriched	278	1.000000	0.000000	-85216.918234
GCA_038871755.1_S.14_12	GCA_038871755.1	dALP	query	dALP_enriched	278	1.000000	0.000000	-85216.918234
GCA_038872355.1_S.2_37	GCA_038872355.1	dALP	query	dALP_enriched	293	1.000000	0.000000	-85426.436037
GCA_038727275.1_S.10_19	GCA_038727275.1	dALP	query	dALP_enriched	293	1.000000	0.000000	-85426.436037
GCA_038850765.1_S.59_9	GCA_038850765.1	dALP	query	dALP_enriched	298	1.000000	0.000000	-85162.282981
GCA_038867775.1_S.7_22	GCA_038867775.1	dALP	query	dALP_enriched	297	0.813846	0.186154	-85142.567264
GCA_937934305.1_S.1_180	GCA_937934305.1	dALP	query	dALP_enriched	308	0.999924	0.000000	-85455.701607
GCA_038865895.1_S.3_134	GCA_038865895.1	dALP	query	dALP_enriched	308	0.999924	0.000000	-85455.701607
GCA_038828585.1_S.4_22	GCA_038828585.1	dALP	query	dALP_enriched	313	1.000000	0.000000	-85544.203033
GCA_038853905.1_S.1_11	GCA_038853905.1	dALP	query	dALP_enriched	325	1.000000	0.000000	-85165.420743
GCA_038831845.1_S.4_67	GCA_038831845.1	dALP	query	dALP_enriched	325	1.000000	0.000000	-85169.334072
GCA_038852065.1_S.1_181	GCA_038852065.1	dALP	query	dALP_enriched	345	1.000000	0.000000	-85465.837251
GCA_038861595.1_S.1_438	GCA_038861595.1	dALP	query	dALP_enriched	345	1.000000	0.000000	-85471.015720
GCA_038896515.1_S.2_217	GCA_038896515.1	dALP	query	dALP_enriched	345	1.000000	0.000000	-85465.837251
GCA_038885475.1_S.27_3	GCA_038885475.1	dALP	query	dALP_enriched	347	1.000000	0.000000	-85430.398387
GCA_038828395.1_S.1_211	GCA_038828395.1	dALP	query	dALP_enriched	347	1.000000	0.000000	-85430.398387
GCA_038849315.1_S.6_48	GCA_038849315.1	dALP	query	dALP_enriched	351	1.000000	0.000000	-85455.163242
GCA_023261845.1_S.13_52	GCA_023261845.1	dALP	query	dALP_enriched	357	1.000000	0.000000	-85459.663845
GCA_038887575.1_S.3_147	GCA_038887575.1	dALP	query	dALP_enriched	357	1.000000	0.000000	-85463.666283
GCA_038840465.1_S.3_97	GCA_038840465.1	dALP	query	dALP_enriched	357	1.000000	0.000000	-85463.666283
GCA_038874275.1_S.2_260	GCA_038874275.1	dALP	query	dALP_enriched	357	1.000000	0.000000	-85463.666283
GCA_038860495.1_S.10_48	GCA_038860495.1	dALP	query	dALP_enriched	373	1.000000	0.000000	-85464.835182
GCA_038866495.1_S.1_48	GCA_038866495.1	dALP	query	dALP_enriched	373	1.000000	0.000000	-85464.835182
GCA_038857575.1_S.9_26	GCA_038857575.1	dALP	query	dALP_enriched	373	1.000000	0.000000	-85464.835182
GCA_038894555.1_S.32_2	GCA_038894555.1	dALP	query	dALP_enriched	379	1.000000	0.000000	-85439.911127
GCA_038817025.1_S.1_81	GCA_038817025.1	dALP	query	dALP_enriched	379	1.000000	0.000000	-85441.903550
GCA_038854165.1_S.1_94	GCA_038854165.1	dALP	query	dALP_enriched	379	1.000000	0.000000	-85441.903550
GCA_038892755.1_S.5_3	GCA_038892755.1	dALP	query	dALP_enriched	388	1.000000	0.000000	-85455.071176
GCA_023261815.1_S.10_145	GCA_023261815.1	dALP	query	dALP_enriched	388	1.000000	0.000000	-85455.071176
GOMC.bin.18900_S.166_3	GOMC.bin.18900	dALP	query	dALP_enriched	393	0.679497	0.312265	-85515.077380
GOMC.bin.3187_S.98_3	GOMC.bin.3187	dALP	query	dALP_enriched	399	1.000000	0.000000	-76513.212325
GCA_038850895.1_S.3_22	GCA_038850895.1	dALP	query	dALP_enriched	412	1.000000	0.000000	-85466.930848
GCA_038853335.1_S.1_131	GCA_038853335.1	dALP	query	dALP_enriched	418	0.361505	0.329060	-85469.601654
GCA_054386715.1_S.307_17	GCA_054386715.1	dALP	query	dALP_enriched	431	1.000000	0.000000	-85690.544716
GCA_963667665.1_S.2_634	GCA_963667665.1	dALP	query	dALP_enriched	433	0.978133	0.021867	-80464.850657
GOMC.bin.3039_S.291_1	GOMC.bin.3039	cALP	query	cALP_enriched	838	0.999998	0.000000	-85811.429726
GCA_008080735.1_S.20_20	GCA_008080735.1	dALP	query	dALP_enriched	439	1.000000	0.000000	-85835.622469
GCA_054388655.1_S.56_1	GCA_054388655.1	dALP	query	dALP_enriched	439	0.965326	0.034674	-85866.576078
GCA_054383595.1_S.7_359	GCA_054383595.1	dALP	query	dALP_enriched	439	1.000000	0.000000	-79299.877156
GCA_048937405.1_S.17_118	GCA_048937405.1	cALP	query	cALP_enriched	445	1.000000	0.000000	-85625.685198
GCA_048941185.1_S.164_2	GCA_048941185.1	cALP	query	cALP_enriched	463	0.996940	0.000000	-85623.699244
GCA_048886225.1_S.23_15	GCA_048886225.1	cALP	query	cALP_enriched	463	0.996938	0.000000	-85625.617455
GCA_048886105.1_S.56_10	GCA_048886105.1	dALP	query	cALP_enriched	466	0.984972	0.015028	-85666.669106
GCA_048940925.1_S.10_15	GCA_048940925.1	cALP	query	cALP_enriched	472	1.000000	0.000000	-85715.546092
GCA_048882885.1_S.470_1	GCA_048882885.1	cALP	query	cALP_enriched	472	1.000000	0.000000	-85677.077164
GCA_048940445.1_S.119_10	GCA_048940445.1	cALP	query	cALP_enriched	502	0.910542	0.044956	-85652.234257
GCA_048941465.1_S.95_13	GCA_048941465.1	cALP	query	cALP_enriched	502	1.000000	0.000000	-85629.300408
GCA_054387935.1_S.44_4	GCA_054387935.1	cALP	query	cALP_enriched	506	0.667764	0.169104	-85658.908700
GCA_054383615.1_S.254_4	GCA_054383615.1	cALP	query	cALP_enriched	516	1.000000	0.000000	-85752.388879
GCA_052584825.1_S.6_68	GCA_052584825.1	cALP	query	dALP_enriched	439	0.591674	0.402654	-85955.503639
GCA_030614005.1_S.74_10	GCA_030614005.1	dALP	query	ambiguous	550	1.000000	0.000000	-85709.047276
GCA_054388195.1_S.248_2	GCA_054388195.1	dALP	query	ambiguous	552	1.000000	0.000000	-85543.402772
GCA_054387015.1_S.88_12	GCA_054387015.1	dALP	query	ambiguous	552	1.000000	0.000000	-85543.402772
GCA_016840905.1_S.260_7	GCA_016840905.1	dALP	query	ambiguous	553	1.000000	0.000000	-85788.615522
GCA_016839805.1_S.42_70	GCA_016839805.1	dALP	query	ambiguous	554	1.000000	0.000000	-83745.520484
GCA_048937435.1_S.277_2	GCA_048937435.1	dALP	query	ambiguous	555	1.000000	0.000000	-85743.907897
GCA_048939625.1_S.45_27	GCA_048939625.1	dALP	query	ambiguous	565	1.000000	0.000000	-84192.741445
GCA_048885225.1_S.6_8	GCA_048885225.1	dALP	query	ambiguous	565	1.000000	0.000000	-83877.471706
GOMC.bin.1965_S.21_4	GOMC.bin.1965	dALP	query	ambiguous	566	1.000000	0.000000	-85831.566471
GOMC.bin.2212_S.14_4	GOMC.bin.2212	cALP	query	ambiguous	570	1.000000	0.000000	-85829.626668
GCA_054382855.1_S.181_2	GCA_054382855.1	dALP	query	ambiguous	581	1.000000	0.000000	-85703.692595
GCA_054384055.1_S.3_45	GCA_054384055.1	dALP	query	ambiguous	600	0.459306	0.270361	-85708.387066
GCA_030612265.1_S.283_4	GCA_030612265.1	dALP	query	ambiguous	608	1.000000	0.000000	-85945.180513
GCA_054388655.1_S.11_89	GCA_054388655.1	dALP	query	ambiguous	1023	0.999677	0.000000	-85924.826585
GCA_054384895.1_S.482_1	GCA_054384895.1	cALP	query	cALP_enriched	676	0.793540	0.204248	-85857.828584
GCF_008000775.2_S.1_948	GCF_008000775.2	dALP	query	dALP_enriched	439	0.999625	0.000000	-85933.881517
GCA_054384215.1_S.56_6	GCA_054384215.1	dALP	query	ambiguous	620	0.976797	0.023203	-78087.457148
GCA_048886485.1_S.549_2	GCA_048886485.1	dALP	query	ambiguous	628	1.000000	0.000000	-85825.462155
GOMC.bin.7548_S.748_4	GOMC.bin.7548	cALP	query	ambiguous	628	1.000000	0.000000	-85896.801846
GCA_054384195.1_S.23_6	GCA_054384195.1	cALP	query	ambiguous	631	1.000000	0.000000	-84927.309462
GCA_048886485.1_S.471_3	GCA_048886485.1	cALP	query	ambiguous	636	0.999216	0.000000	-84488.227279
GCA_016839245.1_S.5_55	GCA_016839245.1	dALP	query	cALP_enriched	676	1.000000	0.000000	-81428.768550
GOMC.bin.7496_S.53_148	GOMC.bin.7496	cALP	query	cALP_enriched	667	1.000000	0.000000	-85460.367267
GCA_052585065.1_S.12_11	GCA_052585065.1	dALP	query	cALP_enriched	717	0.999774	0.000000	-68397.527941
GCA_054387675.1_S.48_1	GCA_054387675.1	cALP	query	cALP_enriched	720	1.000000	0.000000	-78693.144075
GCA_038894575.1_S.40_2	GCA_038894575.1	cALP	query	cALP_enriched	729	0.334568	0.334504	-85463.477801
GCA_048885325.1_S.4_44	GCA_048885325.1	cALP	query	cALP_enriched	759	1.000000	0.000000	-85495.167744
GCA_054390335.1_S.656_6	GCA_054390335.1	cALP	query	cALP_enriched	760	0.992364	0.000000	-85552.553332
GCA_048887145.1_S.5_49	GCA_048887145.1	cALP	query	cALP_enriched	759	1.000000	0.000000	-85486.689297
GCA_048885785.1_S.18_19	GCA_048885785.1	cALP	query	cALP_enriched	759	1.000000	0.000000	-85491.642069
GCA_048885285.1_S.105_8	GCA_048885285.1	cALP	query	cALP_enriched	760	1.000000	0.000000	-85539.224170
GCA_054390415.1_S.90_5	GCA_054390415.1	cALP	query	cALP_enriched	760	1.000000	0.000000	-84909.564861
GCA_054382875.1_S.37_13	GCA_054382875.1	cALP	query	cALP_enriched	760	0.966466	0.018437	-85544.416522
GCA_048885985.1_S.232_4	GCA_048885985.1	cALP	query	cALP_enriched	760	0.986753	0.013247	-85563.323812
GCA_008080765.1_S.151_1	GCA_008080765.1	cALP	query	cALP_enriched	763	0.334647	0.334647	-85467.465760
GCA_054386615.1_S.387_1	GCA_054386615.1	dALP	query	cALP_enriched	788	0.883598	0.116402	-78313.146625
GCA_048939415.1_S.96_19	GCA_048939415.1	dALP	query	cALP_enriched	791	0.511293	0.390765	-56397.548538
GCA_054384095.1_S.29_27	GCA_054384095.1	cALP	query	cALP_enriched	805	1.000000	0.000000	-85455.092775
GCA_054383595.1_S.13_48	GCA_054383595.1	cALP	query	cALP_enriched	809	1.000000	0.000000	-85584.465652
GCA_054383815.1_S.6_15	GCA_054383815.1	cALP	query	cALP_enriched	809	1.000000	0.000000	-85461.455332
GCA_038854135.1_S.1_121	GCA_038854135.1	cALP	query	cALP_enriched	824	0.334634	0.334634	-85462.887868
GCA_038855695.1_S.5_32	GCA_038855695.1	cALP	query	cALP_enriched	825	0.334634	0.334634	-85462.887868
GOMC.bin.985_S.634_3	GOMC.bin.985	cALP	query	cALP_enriched	838	1.000000	0.000000	-85830.817639
GCA_052584825.1_S.50_24	GCA_052584825.1	cALP	query	cALP_enriched	839	1.000000	0.000000	-85521.862026
GOMC.bin.14973_S.180_7	GOMC.bin.14973	cALP	query	cALP_enriched	851	1.000000	0.000000	-79217.962311
GCA_019057385.1_S.4_806	GCA_019057385.1	cALP	query	cALP_enriched	942	1.000000	0.000000	-85472.060167
GOMC.bin.16809_S.86_21	GOMC.bin.16809	cALP	query	ambiguous	950	0.998226	0.000000	-85452.061857
GCA_011040545.1_S.123_3	GCA_011040545.1	cALP	query	ambiguous	989	1.000000	0.000000	-85454.075649
GCA_038853475.1_S.1_35	GCA_038853475.1	cALP	query	ambiguous	991	1.000000	0.000000	-85474.977027
GCA_038843635.1_S.1_116	GCA_038843635.1	cALP	query	ambiguous	991	1.000000	0.000000	-85474.977027
GOMC.bin.16340_S.108_45	GOMC.bin.16340	cALP	query	ambiguous	1003	1.000000	0.000000	-85443.757726
GCA_035530895.1_S.83_21	GCA_035530895.1	cALP	query	ambiguous	1014	0.538279	0.230968	-85528.913288
GCA_054387935.1_S.16_3	GCA_054387935.1	cALP	query	ambiguous	1020	0.500872	0.256347	-85593.795623
GCA_013375485.1_S.238_3	GCA_013375485.1	cALP	query	ambiguous	1018	0.693584	0.306416	-85656.435683
GCA_054390715.1_S.334_5	GCA_054390715.1	cALP	query	ambiguous	1018	0.574143	0.425857	-85683.239008
GOMC.bin.9735_S.74_32	GOMC.bin.9735	cALP	query	ambiguous	1018	0.999394	0.000000	-85675.653461
GCA_048886305.1_S.36_4	GCA_048886305.1	cALP	query	ambiguous	1018	0.999273	0.000000	-85673.516440
GCA_054384695.1_S.122_4	GCA_054384695.1	cALP	query	ambiguous	1020	0.500872	0.256347	-85593.795623
GOMC.bin.9181_S.191_3	GOMC.bin.9181	cALP	query	ambiguous	1020	1.000000	0.000000	-85678.541566
GCA_008080735.1_S.44_8	GCA_008080735.1	cALP	query	ambiguous	1020	1.000000	0.000000	-85730.688641
GCA_048883245.1_S.42_4	GCA_048883245.1	cALP	query	ambiguous	1016	0.357602	0.321632	-85583.941118
GCA_048938155.1_S.46_16	GCA_048938155.1	cALP	query	ambiguous	1019	0.445226	0.363787	-85672.693318
GCA_025839675.1_S.1_421	GCA_025839675.1	cALP	query	ambiguous	1021	1.000000	0.000000	-85785.902684
GCA_054387695.1_S.220_4	GCA_054387695.1	cALP	query	ambiguous	1021	1.000000	0.000000	-85771.540828
GCA_030612265.1_S.314_4	GCA_030612265.1	cALP	query	ambiguous	1021	1.000000	0.000000	-85578.176702
GCA_054388175.1_S.125_12	GCA_054388175.1	cALP	query	ambiguous	1021	1.000000	0.000000	-85771.540828
GCA_054387875.1_S.268_2	GCA_054387875.1	cALP	query	ambiguous	1021	1.000000	0.000000	-85607.721742
GCA_016839865.1_S.211_7	GCA_016839865.1	dALP	query	ambiguous	1034	1.000000	0.000000	-66599.191776
GCA_054384675.1_S.27_9	GCA_054384675.1	dALP	query	ambiguous	1034	1.000000	0.000000	-85616.486799
GCA_054387695.1_S.221_4	GCA_054387695.1	dALP	query	ambiguous	1036	1.000000	0.000000	-85670.508313
GOMC.bin.1479_S.101_12	GOMC.bin.1479	dALP	query	ambiguous	1037	1.000000	0.000000	-85713.895450
GCA_036478875.1_S.37_26	GCA_036478875.1	cALP	query	ambiguous	1115	0.995956	0.000000	-85793.992152
GCA_048938445.1_S.227_3	GCA_048938445.1	dALP	query	ambiguous	1048	1.000000	0.000000	-85569.659172
GCA_008080765.1_S.150_2	GCA_008080765.1	dALP	query	ambiguous	1063	1.000000	0.000000	-85502.522356
GCA_029838175.1_S.209_39	GCA_029838175.1	dALP	query	ambiguous	1074	1.000000	0.000000	-85499.539927
GCA_048937415.1_S.27_67	GCA_048937415.1	dALP	query	dALP_enriched	1077	1.000000	0.000000	-85544.893144
GCA_048940805.1_S.169_2	GCA_048940805.1	dALP	query	dALP_enriched	1099	1.000000	0.000000	-85570.322893
GCA_054391215.1_S.124_4	GCA_054391215.1	dALP	query	ambiguous	1128	0.996328	0.000000	-85543.489689
GCA_038889775.1_S.5_25	GCA_038889775.1	dALP	query	dALP_enriched	4	0.959917	0.040083	-85504.114185
GCA_038878795.1_S.1_178	GCA_038878795.1	dALP	query	dALP_enriched	5	0.845124	0.154876	-85504.165326
GCA_038832545.1_S.2_24	GCA_038832545.1	dALP	query	dALP_enriched	13	1.000000	0.000000	-85483.248948
GCA_038887415.1_S.31_4	GCA_038887415.1	dALP	query	dALP_enriched	13	1.000000	0.000000	-85482.807128
GCA_038832445.1_S.66_4	GCA_038832445.1	dALP	query	dALP_enriched	13	1.000000	0.000000	-85483.248948
GCA_038816755.1_S.2_67	GCA_038816755.1	dALP	query	dALP_enriched	25	0.994113	0.000000	-85474.300653
GCA_038881835.1_S.1_202	GCA_038881835.1	dALP	query	dALP_enriched	36	1.000000	0.000000	-85487.247508
GCA_038894775.1_S.5_16	GCA_038894775.1	dALP	query	dALP_enriched	90	0.999956	0.000000	-85508.266642
GCA_038822785.1_S.4_27	GCA_038822785.1	dALP	query	dALP_enriched	90	0.531968	0.468032	-85503.273048
GCA_038897955.1_S.2_34	GCA_038897955.1	dALP	query	dALP_enriched	98	1.000000	0.000000	-85525.985941
GCA_038734055.1_S.11_59	GCA_038734055.1	dALP	query	dALP_enriched	100	1.000000	0.000000	-85481.655894
GCA_038727685.1_S.13_15	GCA_038727685.1	dALP	query	dALP_enriched	100	1.000000	0.000000	-85481.655894
GCA_038872975.1_S.1_1740	GCA_038872975.1	dALP	query	dALP_enriched	100	1.000000	0.000000	-85481.655894
GCA_003649515.1_S.28_7	GCA_003649515.1	dALP	query	dALP_enriched	115	1.000000	0.000000	-85515.769730
GOMC.bin.18261_S.202_4	GOMC.bin.18261	dALP	query	dALP_enriched	118	1.000000	0.000000	-72702.658900
GOMC.bin.17924_S.144_4	GOMC.bin.17924	dALP	query	dALP_enriched	118	1.000000	0.000000	-85514.775589
GOMC.bin.18532_S.40_2	GOMC.bin.18532	dALP	query	dALP_enriched	121	1.000000	0.000000	-85451.817260
GOMC.bin.2454_S.53_16	GOMC.bin.2454	dALP	query	dALP_enriched	125	1.000000	0.000000	-85184.056967
GOMC.bin.2902_S.49_4	GOMC.bin.2902	dALP	query	dALP_enriched	128	1.000000	0.000000	-85499.892106
GOMC.bin.2888_S.62_35	GOMC.bin.2888	dALP	query	dALP_enriched	129	1.000000	0.000000	-85445.560940
GCA_038873555.1_S.5_12	GCA_038873555.1	dALP	query	dALP_enriched	195	1.000000	0.000000	-84677.433179
GCA_038842125.1_S.24_16	GCA_038842125.1	dALP	query	dALP_enriched	195	1.000000	0.000000	-78329.424075
GCA_038727945.1_S.1_76	GCA_038727945.1	dALP	query	dALP_enriched	195	1.000000	0.000000	-84677.433179
GOMC.bin.18740_S.194_1	GOMC.bin.18740	dALP	query	dALP_enriched	231	1.000000	0.000000	-61763.270562
GOMC.bin.2875_S.30_11	GOMC.bin.2875	dALP	query	dALP_enriched	233	1.000000	0.000000	-85247.700847
GOMC.bin.18785_S.186_1	GOMC.bin.18785	dALP	query	dALP_enriched	238	1.000000	0.000000	-85462.493540
GCA_025061115.1_S.1_770	GCA_025061115.1	dALP	query	dALP_enriched	243	1.000000	0.000000	-85429.761641
GOMC.bin.17193_S.31_26	GOMC.bin.17193	dALP	query	dALP_enriched	245	1.000000	0.000000	-85444.758272
GOMC.bin.17564_S.53_3	GOMC.bin.17564	dALP	query	dALP_enriched	251	1.000000	0.000000	-85190.889071
GCA_038869715.1_S.13_9	GCA_038869715.1	dALP	query	dALP_enriched	274	0.525544	0.474456	-85468.452147
GCA_038873515.1_S.22_10	GCA_038873515.1	dALP	query	dALP_enriched	278	1.000000	0.000000	-85216.918234
GCA_038859405.1_S.24_14	GCA_038859405.1	dALP	query	dALP_enriched	278	1.000000	0.000000	-85216.918234
GCA_038884155.1_S.89_10	GCA_038884155.1	dALP	query	dALP_enriched	284	1.000000	0.000000	-68349.679568
GCA_038871375.1_S.5_4	GCA_038871375.1	dALP	query	dALP_enriched	293	1.000000	0.000000	-85426.436037
GCA_038872415.1_S.6_49	GCA_038872415.1	dALP	query	dALP_enriched	293	1.000000	0.000000	-85426.436037
GCA_038842235.1_S.4_47	GCA_038842235.1	dALP	query	dALP_enriched	297	0.813846	0.186154	-85142.567264
GCA_044343385.1_S.15_4	GCA_044343385.1	dALP	query	dALP_enriched	298	1.000000	0.000000	-85160.405778
GCA_038873895.1_S.2_4	GCA_038873895.1	dALP	query	dALP_enriched	298	1.000000	0.000000	-85157.371685
GCA_038848245.1_S.4_6	GCA_038848245.1	dALP	query	dALP_enriched	308	0.999935	0.000000	-85449.785759
GCA_038736885.1_S.1_160	GCA_038736885.1	dALP	query	dALP_enriched	310	1.000000	0.000000	-85454.078336
GCA_038831565.1_S.3_97	GCA_038831565.1	dALP	query	dALP_enriched	313	1.000000	0.000000	-85443.336543
GCA_038858685.1_S.1_73	GCA_038858685.1	dALP	query	dALP_enriched	325	1.000000	0.000000	-85165.420743
GCA_038855235.1_S.1_216	GCA_038855235.1	dALP	query	dALP_enriched	345	1.000000	0.000000	-85471.015720
GCA_038865115.1_S.1_438	GCA_038865115.1	dALP	query	dALP_enriched	345	1.000000	0.000000	-85471.015720
GCA_038852825.1_S.1_70	GCA_038852825.1	dALP	query	dALP_enriched	345	1.000000	0.000000	-85471.015720
GCA_038831525.1_S.6_20	GCA_038831525.1	dALP	query	dALP_enriched	347	1.000000	0.000000	-85430.398387
GCA_038740925.1_S.5_85	GCA_038740925.1	dALP	query	dALP_enriched	347	1.000000	0.000000	-85430.398387
GCA_038889175.1_S.2_13	GCA_038889175.1	dALP	query	dALP_enriched	351	1.000000	0.000000	-85455.163242
GCA_038882395.1_S.10_10	GCA_038882395.1	dALP	query	dALP_enriched	351	1.000000	0.000000	-85455.163242
GCA_038889195.1_S.73_4	GCA_038889195.1	dALP	query	dALP_enriched	357	1.000000	0.000000	-85463.666283
GCA_038830575.1_S.2_168	GCA_038830575.1	dALP	query	dALP_enriched	357	1.000000	0.000000	-85460.149177
GCA_038872795.1_S.30_7	GCA_038872795.1	dALP	query	dALP_enriched	357	1.000000	0.000000	-85463.666283
GCA_038839405.1_S.1_50	GCA_038839405.1	dALP	query	dALP_enriched	373	1.000000	0.000000	-85464.835182
GCA_038874055.1_S.9_15	GCA_038874055.1	dALP	query	dALP_enriched	373	1.000000	0.000000	-85461.682816
GCA_038870915.1_S.4_53	GCA_038870915.1	dALP	query	dALP_enriched	373	1.000000	0.000000	-85466.400667
GCA_038867755.1_S.1_242	GCA_038867755.1	dALP	query	dALP_enriched	379	1.000000	0.000000	-85441.903550
GCA_038728025.1_S.14_20	GCA_038728025.1	dALP	query	dALP_enriched	379	1.000000	0.000000	-85441.903550
GCA_038857015.1_S.1_2	GCA_038857015.1	dALP	query	dALP_enriched	379	1.000000	0.000000	-85441.903550
GOMC.bin.2207_S.54_5	GOMC.bin.2207	dALP	query	dALP_enriched	381	1.000000	0.000000	-81474.289561
GCA_038831345.1_S.34_6	GCA_038831345.1	dALP	query	dALP_enriched	388	1.000000	0.000000	-85472.893871
GCA_038892375.1_S.1_160	GCA_038892375.1	dALP	query	dALP_enriched	388	1.000000	0.000000	-83867.647380
GCA_038853875.1_S.13_9	GCA_038853875.1	dALP	query	dALP_enriched	388	1.000000	0.000000	-85475.300354
GCA_038840355.1_S.12_8	GCA_038840355.1	dALP	query	dALP_enriched	419	1.000000	0.000000	-85458.958738
GCA_054385635.1_S.155_2	GCA_054385635.1	dALP	query	dALP_enriched	431	1.000000	0.000000	-85720.407351
GCA_025839675.1_S.1_3950	GCA_025839675.1	dALP	query	dALP_enriched	431	1.000000	0.000000	-82869.241703
GOMC.bin.7548_S.380_3	GOMC.bin.7548	dALP	query	dALP_enriched	439	1.000000	0.000000	-85994.923030
GOMC.bin.1479_S.52_28	GOMC.bin.1479	dALP	query	dALP_enriched	439	1.000000	0.000000	-85965.498658
GCA_016932935.1_S.451_10	GCA_016932935.1	dALP	query	dALP_enriched	439	1.000000	0.000000	-85639.115249
GCA_048941605.1_S.15_23	GCA_048941605.1	cALP	query	cALP_enriched	457	1.000000	0.000000	-85550.464752
GCA_048886345.1_S.6_183	GCA_048886345.1	cALP	query	cALP_enriched	469	0.727497	0.254823	-85613.783604
GCA_054389855.1_S.66_2	GCA_054389855.1	dALP	query	cALP_enriched	472	1.000000	0.000000	-85675.083961
GCA_048882645.1_S.51_8	GCA_048882645.1	dALP	query	cALP_enriched	472	1.000000	0.000000	-85657.252427
GCA_048940805.1_S.123_32	GCA_048940805.1	cALP	query	cALP_enriched	472	1.000000	0.000000	-85671.815485
GCA_019057865.1_S.39_9	GCA_019057865.1	cALP	query	cALP_enriched	475	1.000000	0.000000	-85529.991293
GCA_016839915.1_S.136_2	GCA_016839915.1	cALP	query	cALP_enriched	478	0.997730	0.000000	-85559.113473
GCA_016839765.1_S.15_31	GCA_016839765.1	cALP	query	cALP_enriched	502	1.000000	0.000000	-85546.029512
GCA_054386795.1_S.678_5	GCA_054386795.1	cALP	query	cALP_enriched	517	0.944015	0.055985	-85747.891060
GCA_029838195.1_S.41_16	GCA_029838195.1	cALP	query	cALP_enriched	531	1.000000	0.000000	-85593.233518
GCA_016839555.1_S.4_149	GCA_016839555.1	dALP	query	cALP_enriched	532	1.000000	0.000000	-85830.267018
GOMC.bin.7564_S.325_14	GOMC.bin.7564	cALP	query	cALP_enriched	532	1.000000	0.000000	-85822.871318
GCA_019894955.1_S.46_2	GCA_019894955.1	dALP	query	cALP_enriched	535	1.000000	0.000000	-85863.867343
GCA_054385055.1_S.247_5	GCA_054385055.1	dALP	query	ambiguous	550	1.000000	0.000000	-85713.694997
GCA_054386995.1_S.119_3	GCA_054386995.1	dALP	query	ambiguous	550	0.999504	0.000000	-85753.221655
GOMC.bin.3316_S.395_5	GOMC.bin.3316	dALP	query	ambiguous	552	1.000000	0.000000	-85543.402772
GCA_054384355.1_S.81_10	GCA_054384355.1	dALP	query	ambiguous	553	1.000000	0.000000	-85759.100991
GCA_054383055.1_S.73_2	GCA_054383055.1	dALP	query	ambiguous	553	1.000000	0.000000	-85073.696531
GCA_048885225.1_S.6_9	GCA_048885225.1	dALP	query	ambiguous	554	1.000000	0.000000	-83761.560575
GCA_016840185.1_S.241_4	GCA_016840185.1	dALP	query	ambiguous	558	0.505175	0.341133	-83883.286312
SRR17658279_bin.16_S.225_18	SRR17658279_bin.16	dALP	query	ambiguous	560	1.000000	0.000000	-81235.473332
SRR17658274_bin.19_S.82_31	SRR17658274_bin.19	dALP	query	ambiguous	565	1.000000	0.000000	-83966.964900
GCA_048938295.1_S.53_27	GCA_048938295.1	dALP	query	ambiguous	566	1.000000	0.000000	-82701.509211
GCA_016840985.1_S.116_3	GCA_016840985.1	dALP	query	ambiguous	568	1.000000	0.000000	-85898.491125
GCA_054385855.1_S.27_45	GCA_054385855.1	dALP	query	ambiguous	600	0.459306	0.270361	-85708.387066
GCA_054390595.1_S.54_1	GCA_054390595.1	cALP	query	ambiguous	608	1.000000	0.000000	-85636.372612
GCA_054390595.1_S.153_2	GCA_054390595.1	dALP	query	ambiguous	1023	0.997835	0.000000	-85954.700969
GOMC.bin.7564_S.637_4	GOMC.bin.7564	dALP	query	ambiguous	616	1.000000	0.000000	-80107.394112
GCA_054387415.1_S.29_14	GCA_054387415.1	cALP	query	ambiguous	630	1.000000	0.000000	-85571.583561
GCA_003662765.1_S.142_6	GCA_003662765.1	cALP	query	cALP_enriched	717	0.999909	0.000000	-85472.638905
GCA_054386635.1_S.1_27	GCA_054386635.1	cALP	query	cALP_enriched	733	0.999611	0.000000	-85531.687560
GCA_016840085.1_S.38_2	GCA_016840085.1	cALP	query	cALP_enriched	751	0.783425	0.196637	-85473.623192
GCA_048941465.1_S.10_60	GCA_048941465.1	cALP	query	cALP_enriched	759	1.000000	0.000000	-85526.355327
GCA_048940185.1_S.49_44	GCA_048940185.1	cALP	query	cALP_enriched	759	1.000000	0.000000	-85491.642069
GCA_029856155.1_S.26_95	GCA_029856155.1	cALP	query	cALP_enriched	760	1.000000	0.000000	-85570.039867
GCA_048941385.1_S.292_9	GCA_048941385.1	cALP	query	cALP_enriched	760	1.000000	0.000000	-85567.079492
GCA_054384275.1_S.119_11	GCA_054384275.1	cALP	query	cALP_enriched	769	0.958867	0.020566	-85501.331414
SRR17658279_bin.16_S.203_1	SRR17658279_bin.16	cALP	query	cALP_enriched	791	0.549892	0.450108	-85592.597195
GCA_054383535.1_S.259_3	GCA_054383535.1	cALP	query	cALP_enriched	805	1.000000	0.000000	-85455.092775
GCA_054387555.1_S.233_11	GCA_054387555.1	cALP	query	cALP_enriched	809	1.000000	0.000000	-85461.455332
GCA_052584985.1_S.7_70	GCA_052584985.1	cALP	query	cALP_enriched	837	1.000000	0.000000	-85482.975274
GCA_019058445.1_S.10_582	GCA_019058445.1	cALP	query	cALP_enriched	838	1.000000	0.000000	-85557.130920
GCA_054384735.1_S.8_4	GCA_054384735.1	cALP	query	cALP_enriched	839	1.000000	0.000000	-85524.725590
GCA_054387495.1_S.62_5	GCA_054387495.1	cALP	query	cALP_enriched	839	1.000000	0.000000	-85592.762864
GCA_021399345.1_S.50_2	GCA_021399345.1	cALP	query	cALP_enriched	854	1.000000	0.000000	-85470.657684
GCA_054386075.1_S.19_13	GCA_054386075.1	cALP	query	ambiguous	948	1.000000	0.000000	-85433.528182
GOMC.bin.2818_S.91_8	GOMC.bin.2818	cALP	query	ambiguous	948	1.000000	0.000000	-85433.528182
GOMC.bin.2737_S.109_1	GOMC.bin.2737	cALP	query	ambiguous	985	1.000000	0.000000	-81687.835384
GOMC.bin.18860_S.299_2	GOMC.bin.18860	cALP	query	ambiguous	989	1.000000	0.000000	-85454.075649
GCA_024720875.1_S.4_5	GCA_024720875.1	cALP	query	ambiguous	991	1.000000	0.000000	-85474.977027
GCA_024720935.1_S.31_35	GCA_024720935.1	cALP	query	ambiguous	991	1.000000	0.000000	-85474.977027
GCA_038887685.1_S.5_58	GCA_038887685.1	cALP	query	ambiguous	991	1.000000	0.000000	-85474.977027
GCA_052626455.1_S.4_96	GCA_052626455.1	cALP	query	ambiguous	1005	1.000000	0.000000	-85504.541997
GCA_054384895.1_S.306_3	GCA_054384895.1	dALP	query	ambiguous	1014	0.975018	0.012491	-57273.811993
GCA_054384895.1_S.365_1	GCA_054384895.1	cALP	query	ambiguous	1014	0.998650	0.000000	-85604.511331
GCA_048885705.1_S.26_19	GCA_048885705.1	cALP	query	ambiguous	1018	0.778192	0.221808	-85649.931690
GCA_054383155.1_S.43_6	GCA_054383155.1	cALP	query	ambiguous	1020	0.958884	0.041116	-85622.572844
GCA_004524535.1_S.137_19	GCA_004524535.1	cALP	query	ambiguous	1018	1.000000	0.000000	-85644.519647
GCA_048937805.1_S.114_4	GCA_048937805.1	cALP	query	ambiguous	1020	0.784671	0.215329	-85653.573115
GCA_048939445.1_S.177_5	GCA_048939445.1	cALP	query	ambiguous	1020	0.758190	0.241810	-85651.252153
GCA_048939005.1_S.370_6	GCA_048939005.1	cALP	query	ambiguous	1020	0.758190	0.241810	-85651.252153
GCA_048882145.1_S.574_3	GCA_048882145.1	cALP	query	ambiguous	1020	1.000000	0.000000	-85683.268667
GCA_048940305.1_S.11_5	GCA_048940305.1	cALP	query	ambiguous	1018	0.741728	0.258272	-85641.504423
GCA_048938245.1_S.302_6	GCA_048938245.1	cALP	query	ambiguous	1020	0.806310	0.193690	-85604.718854
GCA_048938005.1_S.9_112	GCA_048938005.1	cALP	query	ambiguous	1020	1.000000	0.000000	-85681.633279
GCA_018238965.1_S.152_7	GCA_018238965.1	cALP	query	ambiguous	1021	1.000000	0.000000	-85792.356932
GCA_054384835.1_S.7_94	GCA_054384835.1	cALP	query	ambiguous	1021	1.000000	0.000000	-85810.856244
GCA_016839385.1_S.514_3	GCA_016839385.1	cALP	query	ambiguous	1021	0.995268	0.000000	-85769.169811
GCA_054384375.1_S.164_2	GCA_054384375.1	cALP	query	ambiguous	1021	1.000000	0.000000	-85592.195399
GCA_054386675.1_S.31_28	GCA_054386675.1	cALP	query	ambiguous	1021	1.000000	0.000000	-85652.188809
GCA_054387095.1_S.215_2	GCA_054387095.1	cALP	query	ambiguous	1021	1.000000	0.000000	-85607.721742
GCA_054386895.1_S.260_27	GCA_054386895.1	cALP	query	ambiguous	1021	0.967731	0.032269	-85758.425432
GCA_054384035.1_S.236_3	GCA_054384035.1	dALP	query	ambiguous	1026	0.767093	0.232907	-85704.882471
GCA_016839905.1_S.245_6	GCA_016839905.1	dALP	query	ambiguous	1058	0.585325	0.414675	-85685.676529
GCA_016839425.1_S.51_8	GCA_016839425.1	dALP	query	ambiguous	1047	1.000000	0.000000	-85574.443111
GCA_048883105.1_S.17_5	GCA_048883105.1	dALP	query	ambiguous	1054	1.000000	0.000000	-85610.772817
GCA_048937405.1_S.8_37	GCA_048937405.1	dALP	query	dALP_enriched	1077	1.000000	0.000000	-85544.893144
GCA_054388735.1_S.53_9	GCA_054388735.1	dALP	query	dALP_enriched	1099	1.000000	0.000000	-85562.731698
GCA_038892015.1_S.76_4	GCA_038892015.1	dALP	query	dALP_enriched	13	1.000000	0.000000	-85479.085849
GCA_038888115.1_S.4_67	GCA_038888115.1	dALP	query	dALP_enriched	13	1.000000	0.000000	-85479.085849
GOMC.bin.18016_S.138_5	GOMC.bin.18016	dALP	query	dALP_enriched	87	1.000000	0.000000	-85465.016845
GCA_038889675.1_S.14_4	GCA_038889675.1	dALP	query	dALP_enriched	90	0.532270	0.467730	-85505.581882
GCA_038892135.1_S.4_45	GCA_038892135.1	dALP	query	dALP_enriched	90	0.531968	0.468032	-85503.273048
GCA_038896155.1_S.9_7	GCA_038896155.1	dALP	query	dALP_enriched	90	0.532270	0.467730	-85505.581882
GCA_038889025.1_S.1_199	GCA_038889025.1	dALP	query	dALP_enriched	90	0.532270	0.467730	-85505.581882
GCA_038736265.1_S.56_4	GCA_038736265.1	dALP	query	dALP_enriched	98	1.000000	0.000000	-85499.044554
GCA_038879775.1_S.5_17	GCA_038879775.1	dALP	query	dALP_enriched	98	1.000000	0.000000	-85499.044554
GCA_038889375.1_S.6_102	GCA_038889375.1	dALP	query	dALP_enriched	98	1.000000	0.000000	-76193.803587
GCF_038880035.1_S.10_15	GCF_038880035.1	dALP	query	dALP_enriched	100	1.000000	0.000000	-85481.655894
GCA_038883215.1_S.2_123	GCA_038883215.1	dALP	query	dALP_enriched	100	1.000000	0.000000	-85481.655894
GCF_038727685.1_S.13_15	GCF_038727685.1	dALP	query	dALP_enriched	100	1.000000	0.000000	-85481.655894
GCA_003650785.1_S.2_34	GCA_003650785.1	dALP	query	dALP_enriched	118	1.000000	0.000000	-85427.865825
GOMC.bin.16445_S.106_5	GOMC.bin.16445	dALP	query	dALP_enriched	118	1.000000	0.000000	-85512.207898
GOMC.bin.17661_S.208_14	GOMC.bin.17661	dALP	query	dALP_enriched	118	1.000000	0.000000	-85427.865825
GCA_002254595.1_S.63_4	GCA_002254595.1	dALP	query	dALP_enriched	121	1.000000	0.000000	-85451.817260
GOMC.bin.2753_S.30_4	GOMC.bin.2753	dALP	query	dALP_enriched	125	1.000000	0.000000	-85180.418706
GCA_003661265.1_S.108_3	GCA_003661265.1	dALP	query	dALP_enriched	166	1.000000	0.000000	-85202.290165
GCA_038727745.1_S.2_62	GCA_038727745.1	dALP	query	dALP_enriched	195	1.000000	0.000000	-84677.433179
GCA_038883615.1_S.3_89	GCA_038883615.1	dALP	query	dALP_enriched	195	1.000000	0.000000	-84677.433179
GCA_003649665.1_S.25_16	GCA_003649665.1	dALP	query	dALP_enriched	231	1.000000	0.000000	-85447.345853
GOMC.bin.16770_S.68_3	GOMC.bin.16770	dALP	query	dALP_enriched	245	1.000000	0.000000	-68267.319730
GOMC.bin.16492_S.145_2	GOMC.bin.16492	dALP	query	dALP_enriched	245	1.000000	0.000000	-85444.758272
GOMC.bin.2492_S.108_4	GOMC.bin.2492	dALP	query	dALP_enriched	250	1.000000	0.000000	-85511.979323
GCA_038871075.1_S.58_4	GCA_038871075.1	dALP	query	dALP_enriched	278	1.000000	0.000000	-85216.918234
GCA_038856055.1_S.15_23	GCA_038856055.1	dALP	query	dALP_enriched	278	1.000000	0.000000	-85219.397175
GCA_038867735.1_S.16_23	GCA_038867735.1	dALP	query	dALP_enriched	278	1.000000	0.000000	-85216.918234
GCA_038882375.1_S.8_35	GCA_038882375.1	dALP	query	dALP_enriched	293	1.000000	0.000000	-85426.436037
GCA_038731705.1_S.4_18	GCA_038731705.1	dALP	query	dALP_enriched	293	1.000000	0.000000	-85426.436037
GCA_038888475.1_S.1_141	GCA_038888475.1	dALP	query	dALP_enriched	310	1.000000	0.000000	-85451.135543
GCA_038830025.1_S.3_61	GCA_038830025.1	dALP	query	dALP_enriched	313	1.000000	0.000000	-85443.336543
GCA_038841625.1_S.4_11	GCA_038841625.1	dALP	query	dALP_enriched	325	1.000000	0.000000	-85165.420743
GCA_038859555.1_S.38_8	GCA_038859555.1	dALP	query	dALP_enriched	325	1.000000	0.000000	-85165.420743
GCA_038736325.1_S.1_866	GCA_038736325.1	dALP	query	dALP_enriched	345	1.000000	0.000000	-85465.837251
GCA_038869585.1_S.8_41	GCA_038869585.1	dALP	query	dALP_enriched	345	1.000000	0.000000	-85465.837251
GCA_038870135.1_S.1_12	GCA_038870135.1	dALP	query	dALP_enriched	345	1.000000	0.000000	-85465.837251
GCA_030550155.1_S.3_16	GCA_030550155.1	dALP	query	dALP_enriched	347	1.000000	0.000000	-85430.398387
GCA_038829665.1_S.2_213	GCA_038829665.1	dALP	query	dALP_enriched	347	1.000000	0.000000	-85430.398387
GCA_038858595.1_S.2_22	GCA_038858595.1	dALP	query	dALP_enriched	351	1.000000	0.000000	-85455.163242
GCA_038843435.1_S.10_50	GCA_038843435.1	dALP	query	dALP_enriched	357	1.000000	0.000000	-85463.666283
GCA_038821125.1_S.3_52	GCA_038821125.1	dALP	query	dALP_enriched	357	1.000000	0.000000	-85459.663845
GCA_038882515.1_S.1_1255	GCA_038882515.1	dALP	query	dALP_enriched	357	1.000000	0.000000	-85463.666283
GCA_038864185.1_S.1_6	GCA_038864185.1	dALP	query	dALP_enriched	357	1.000000	0.000000	-85463.666283
GCA_038887675.1_S.23_6	GCA_038887675.1	dALP	query	dALP_enriched	373	1.000000	0.000000	-85461.682816
GCA_038872475.1_S.4_34	GCA_038872475.1	dALP	query	dALP_enriched	373	1.000000	0.000000	-85466.400667
GCA_025058515.1_S.30_36	GCA_025058515.1	dALP	query	dALP_enriched	375	1.000000	0.000000	-85473.288606
GCA_038868835.1_S.2_3	GCA_038868835.1	dALP	query	dALP_enriched	379	1.000000	0.000000	-85441.903550
GCA_038732955.1_S.4_34	GCA_038732955.1	dALP	query	dALP_enriched	379	1.000000	0.000000	-85441.903550
GCA_038859485.1_S.1_152	GCA_038859485.1	dALP	query	dALP_enriched	379	1.000000	0.000000	-85441.903550
GCA_003660635.1_S.220_2	GCA_003660635.1	dALP	query	dALP_enriched	381	1.000000	0.000000	-85439.386541
GCA_038880975.1_S.75_3	GCA_038880975.1	dALP	query	dALP_enriched	388	1.000000	0.000000	-85472.893871
GCA_038897355.1_S.1_79	GCA_038897355.1	dALP	query	dALP_enriched	388	1.000000	0.000000	-85455.071176
GCA_038893125.1_S.4_75	GCA_038893125.1	dALP	query	dALP_enriched	388	1.000000	0.000000	-85455.071176
GOMC.bin.4318_S.10_3	GOMC.bin.4318	dALP	query	dALP_enriched	392	1.000000	0.000000	-70108.073169
GCA_021163925.1_S.7_14	GCA_021163925.1	dALP	query	dALP_enriched	399	1.000000	0.000000	-85470.803481
GCA_054385595.1_S.29_3	GCA_054385595.1	dALP	query	dALP_enriched	431	1.000000	0.000000	-85697.737278
GCA_030587475.2_S.125_43	GCA_030587475.2	dALP	query	dALP_enriched	439	1.000000	0.000000	-85991.514311
GCA_054387895.1_S.108_1	GCA_054387895.1	dALP	query	dALP_enriched	439	1.000000	0.000000	-85977.025719
GCA_054388735.1_S.101_17	GCA_054388735.1	cALP	query	cALP_enriched	472	1.000000	0.000000	-85683.841699
GCA_048941065.1_S.220_4	GCA_048941065.1	cALP	query	cALP_enriched	476	1.000000	0.000000	-85628.216855
GCA_048885785.1_S.4_37	GCA_048885785.1	cALP	query	cALP_enriched	502	1.000000	0.000000	-85546.236992
GCA_048940645.1_S.36_26	GCA_048940645.1	cALP	query	cALP_enriched	502	1.000000	0.000000	-85546.236992
GCA_016839905.1_S.373_2	GCA_016839905.1	cALP	query	cALP_enriched	516	1.000000	0.000000	-85688.809429
GCA_048938445.1_S.245_11	GCA_048938445.1	cALP	query	cALP_enriched	521	1.000000	0.000000	-85619.255924
GCA_054386095.1_S.7_5	GCA_054386095.1	cALP	query	cALP_enriched	531	1.000000	0.000000	-85602.984818
GCA_048885945.1_S.597_1	GCA_048885945.1	dALP	query	cALP_enriched	535	1.000000	0.000000	-84317.884938
GCA_054387535.1_S.20_15	GCA_054387535.1	dALP	query	ambiguous	550	0.999504	0.000000	-85753.221655
GCA_019056785.1_S.4_6	GCA_019056785.1	dALP	query	ambiguous	552	1.000000	0.000000	-85617.352050
GCA_054385915.1_S.77_21	GCA_054385915.1	dALP	query	ambiguous	552	1.000000	0.000000	-85543.402772
GCA_016840405.1_S.40_23	GCA_016840405.1	dALP	query	ambiguous	555	1.000000	0.000000	-85725.985006
GCA_048938295.1_S.53_28	GCA_048938295.1	dALP	query	ambiguous	557	1.000000	0.000000	-83914.021075
SRR17658279_bin.16_S.225_17	SRR17658279_bin.16	dALP	query	ambiguous	565	1.000000	0.000000	-83966.964900
GCA_016840185.1_S.241_3	GCA_016840185.1	dALP	query	ambiguous	565	1.000000	0.000000	-83942.085418
GCA_054386835.1_S.72_3	GCA_054386835.1	dALP	query	ambiguous	568	1.000000	0.000000	-85938.878638
GCA_054389435.1_S.50_25	GCA_054389435.1	dALP	query	ambiguous	608	1.000000	0.000000	-85103.545754
GCA_054387365.1_S.33_6	GCA_054387365.1	cALP	query	ambiguous	608	1.000000	0.000000	-85904.272636
GCA_008080765.1_S.145_3	GCA_008080765.1	dALP	query	ambiguous	616	1.000000	0.000000	-80107.394112
GCA_048886485.1_S.346_4	GCA_048886485.1	cALP	query	ambiguous	628	1.000000	0.000000	-84487.393768
GCA_054387175.1_S.132_6	GCA_054387175.1	cALP	query	ambiguous	630	1.000000	0.000000	-85571.583561
GCA_054384195.1_S.23_4	GCA_054384195.1	cALP	query	ambiguous	635	1.000000	0.000000	-85797.372278
GCA_054386515.1_S.227_7	GCA_054386515.1	cALP	query	cALP_enriched	717	0.999909	0.000000	-85472.638905
GCA_048941225.1_S.228_17	GCA_048941225.1	cALP	query	cALP_enriched	759	1.000000	0.000000	-85491.642069
GCA_048940105.1_S.177_11	GCA_048940105.1	dALP	query	cALP_enriched	759	1.000000	0.000000	-75748.860760
GCA_048886105.1_S.245_4	GCA_048886105.1	cALP	query	cALP_enriched	760	1.000000	0.000000	-85620.911482
GCA_048883265.1_S.2_36	GCA_048883265.1	cALP	query	cALP_enriched	760	1.000000	0.000000	-85545.378338
GCA_048940925.1_S.7_32	GCA_048940925.1	cALP	query	cALP_enriched	760	1.000000	0.000000	-85584.275045
GCA_054387135.1_S.22_7	GCA_054387135.1	cALP	query	cALP_enriched	839	1.000000	0.000000	-85522.450331
GCA_016840725.1_S.192_5	GCA_016840725.1	cALP	query	cALP_enriched	923	1.000000	0.000000	-85425.602346
GCA_016840465.1_S.7_32	GCA_016840465.1	cALP	query	ambiguous	948	1.000000	0.000000	-85433.528182
GOMC.bin.3019_S.123_2	GOMC.bin.3019	cALP	query	ambiguous	988	1.000000	0.000000	-85508.738404
GOMC.bin.2986_S.87_8	GOMC.bin.2986	cALP	query	ambiguous	989	1.000000	0.000000	-85466.902848
GCA_038817605.1_S.6_3	GCA_038817605.1	cALP	query	ambiguous	991	1.000000	0.000000	-85474.977027
GCA_024720895.1_S.41_58	GCA_024720895.1	cALP	query	ambiguous	991	1.000000	0.000000	-85474.977027
GCA_024720975.1_S.19_86	GCA_024720975.1	cALP	query	ambiguous	991	1.000000	0.000000	-85474.977027
GOMC.bin.16903_S.74_1	GOMC.bin.16903	cALP	query	ambiguous	1003	1.000000	0.000000	-85443.757726
GCA_030615235.1_S.50_5	GCA_030615235.1	cALP	query	ambiguous	1014	0.999707	0.000000	-85538.040738
GCA_054384815.1_S.38_12	GCA_054384815.1	dALP	query	ambiguous	1014	1.000000	0.000000	-76562.032484
GCA_054384595.1_S.152_1	GCA_054384595.1	cALP	query	ambiguous	1018	1.000000	0.000000	-85566.060046
GCA_048938855.1_S.41_43	GCA_048938855.1	cALP	query	ambiguous	1020	0.930944	0.069056	-85652.081058
GCA_048940805.1_S.38_5	GCA_048940805.1	cALP	query	ambiguous	1018	0.855877	0.106517	-85674.544264
GCA_016839425.1_S.233_3	GCA_016839425.1	cALP	query	ambiguous	1020	1.000000	0.000000	-85677.435965
GCA_048886605.1_S.34_36	GCA_048886605.1	cALP	query	ambiguous	1020	0.961684	0.038316	-85663.942025
GCA_054389855.1_S.14_3	GCA_054389855.1	cALP	query	ambiguous	1018	0.949398	0.050602	-85682.671353
GOMC.bin.7985_S.45_4	GOMC.bin.7985	cALP	query	ambiguous	1020	1.000000	0.000000	-85699.053928
GCA_054387475.1_S.23_2	GCA_054387475.1	cALP	query	ambiguous	1021	1.000000	0.000000	-85607.721742
GCA_054388115.1_S.128_9	GCA_054388115.1	dALP	query	ambiguous	1026	1.000000	0.000000	-85591.180163
GCA_054385635.1_S.282_1	GCA_054385635.1	dALP	query	ambiguous	1036	1.000000	0.000000	-85710.720443
GCA_052626505.1_S.62_9	GCA_052626505.1	dALP	query	ambiguous	1058	0.999988	0.000000	-85642.150198
GCA_048941265.1_S.334_8	GCA_048941265.1	dALP	query	ambiguous	1057	0.993111	0.000000	-85563.193007
GCA_054389855.1_S.45_4	GCA_054389855.1	dALP	query	dALP_enriched	1099	1.000000	0.000000	-85570.902712
GCF_038741575.1_S.7_27	GCF_038741575.1	dALP	query	dALP_enriched	5	0.845124	0.154876	-85504.165326
GCA_038878335.1_S.1_169	GCA_038878335.1	dALP	query	dALP_enriched	13	1.000000	0.000000	-80132.927711
GCA_038836095.1_S.74_2	GCA_038836095.1	dALP	query	dALP_enriched	13	1.000000	0.000000	-85479.085849
GCA_038895655.1_S.30_8	GCA_038895655.1	dALP	query	dALP_enriched	13	1.000000	0.000000	-85479.085849
GCA_038877655.1_S.1_8	GCA_038877655.1	dALP	query	dALP_enriched	36	1.000000	0.000000	-85487.247508
GCA_038838075.1_S.6_32	GCA_038838075.1	dALP	query	dALP_enriched	90	0.531968	0.468032	-85503.273048
GCA_038819325.1_S.29_6	GCA_038819325.1	dALP	query	dALP_enriched	98	1.000000	0.000000	-85530.047334
GCA_038880475.1_S.10_9	GCA_038880475.1	dALP	query	dALP_enriched	100	1.000000	0.000000	-85481.655894
GCF_038734055.1_S.11_59	GCF_038734055.1	dALP	query	dALP_enriched	100	1.000000	0.000000	-85481.655894
GCF_038735015.1_S.2_183	GCF_038735015.1	dALP	query	dALP_enriched	100	1.000000	0.000000	-85481.655894
GOMC.bin.2952_S.20_9	GOMC.bin.2952	dALP	query	dALP_enriched	112	1.000000	0.000000	-85444.094991
GOMC.bin.16306_S.38_1	GOMC.bin.16306	dALP	query	dALP_enriched	118	1.000000	0.000000	-85600.912066
GOMC.bin.16777_S.224_3	GOMC.bin.16777	dALP	query	dALP_enriched	118	1.000000	0.000000	-85514.775589
GOMC.bin.16561_S.43_1	GOMC.bin.16561	dALP	query	dALP_enriched	122	1.000000	0.000000	-85191.401320
GOMC.bin.16970_S.40_12	GOMC.bin.16970	dALP	query	dALP_enriched	125	1.000000	0.000000	-85175.976402
GCA_003661365.1_S.43_4	GCA_003661365.1	dALP	query	dALP_enriched	167	1.000000	0.000000	-85199.723537
GCA_038887635.1_S.155_1	GCA_038887635.1	dALP	query	dALP_enriched	195	1.000000	0.000000	-69615.843383
GCA_038831125.1_S.17_17	GCA_038831125.1	dALP	query	dALP_enriched	195	1.000000	0.000000	-84677.433179
GOMC.bin.2726_S.41_4	GOMC.bin.2726	dALP	query	dALP_enriched	219	1.000000	0.000000	-85575.040038
GOMC.bin.3212_S.77_13	GOMC.bin.3212	dALP	query	dALP_enriched	233	1.000000	0.000000	-85140.578949
GOMC.bin.17612_S.126_6	GOMC.bin.17612	dALP	query	dALP_enriched	238	1.000000	0.000000	-58106.368719
GOMC.bin.2829_S.86_10	GOMC.bin.2829	dALP	query	dALP_enriched	245	1.000000	0.000000	-81461.677032
GOMC.bin.16241_S.35_3	GOMC.bin.16241	dALP	query	dALP_enriched	245	1.000000	0.000000	-85444.758272
GCA_025061245.1_S.32_14	GCA_025061245.1	dALP	query	dALP_enriched	250	1.000000	0.000000	-85420.296403
GCA_018396725.1_S.23_4	GCA_018396725.1	dALP	query	dALP_enriched	274	0.525544	0.474456	-85468.452147
GCA_038840775.1_S.25_5	GCA_038840775.1	dALP	query	dALP_enriched	278	1.000000	0.000000	-85216.918234
GCA_018396815.1_S.1_419	GCA_018396815.1	dALP	query	dALP_enriched	278	1.000000	0.000000	-85216.918234
GOMC.bin.12214_S.11_42	GOMC.bin.12214	dALP	query	dALP_enriched	280	1.000000	0.000000	-85229.246718
GCA_038734975.1_S.3_65	GCA_038734975.1	dALP	query	dALP_enriched	293	1.000000	0.000000	-85426.436037
GCA_038881535.1_S.46_3	GCA_038881535.1	dALP	query	dALP_enriched	293	1.000000	0.000000	-85426.436037
GCA_038831915.1_S.5_70	GCA_038831915.1	dALP	query	dALP_enriched	313	1.000000	0.000000	-85443.336543
GCA_038856125.1_S.28_8	GCA_038856125.1	dALP	query	dALP_enriched	325	1.000000	0.000000	-85165.420743
GCA_038840435.1_S.1_378	GCA_038840435.1	dALP	query	dALP_enriched	345	1.000000	0.000000	-85471.015720
GCA_030550235.1_S.8_85	GCA_030550235.1	dALP	query	dALP_enriched	345	1.000000	0.000000	-85471.015720
GCA_038886375.1_S.83_6	GCA_038886375.1	dALP	query	dALP_enriched	345	1.000000	0.000000	-78334.287492
GCA_038849175.1_S.7_5	GCA_038849175.1	dALP	query	dALP_enriched	345	1.000000	0.000000	-85465.837251
GCA_038885695.1_S.2_20	GCA_038885695.1	dALP	query	dALP_enriched	347	1.000000	0.000000	-85430.398387
GCA_038830765.1_S.11_14	GCA_038830765.1	dALP	query	dALP_enriched	351	1.000000	0.000000	-85455.163242
GCA_038883815.1_S.2_57	GCA_038883815.1	dALP	query	dALP_enriched	351	1.000000	0.000000	-85455.163242
GCA_038861615.1_S.18_3	GCA_038861615.1	dALP	query	dALP_enriched	357	1.000000	0.000000	-85463.666283
GCA_038837315.1_S.7_52	GCA_038837315.1	dALP	query	dALP_enriched	357	1.000000	0.000000	-85459.663845
GCA_038868335.1_S.20_3	GCA_038868335.1	dALP	query	dALP_enriched	357	1.000000	0.000000	-85463.666283
GCA_038829595.1_S.15_12	GCA_038829595.1	dALP	query	dALP_enriched	373	1.000000	0.000000	-85464.835182
GCA_038854735.1_S.21_26	GCA_038854735.1	dALP	query	dALP_enriched	373	1.000000	0.000000	-85464.835182
GCA_038829265.1_S.4_31	GCA_038829265.1	dALP	query	dALP_enriched	373	1.000000	0.000000	-85464.835182
GCA_038842445.1_S.1_82	GCA_038842445.1	dALP	query	dALP_enriched	379	1.000000	0.000000	-85441.903550
GCA_038853185.1_S.1_315	GCA_038853185.1	dALP	query	dALP_enriched	379	1.000000	0.000000	-85441.903550
GCA_038888895.1_S.1_197	GCA_038888895.1	dALP	query	dALP_enriched	379	1.000000	0.000000	-85441.903550
GCA_038887795.1_S.1_162	GCA_038887795.1	dALP	query	dALP_enriched	379	1.000000	0.000000	-85441.903550
GCA_026413895.1_S.33_72	GCA_026413895.1	dALP	query	dALP_enriched	382	1.000000	0.000000	-85466.276789
GCA_038845415.1_S.12_14	GCA_038845415.1	dALP	query	dALP_enriched	388	1.000000	0.000000	-85475.300354
GCA_038893515.1_S.127_3	GCA_038893515.1	dALP	query	dALP_enriched	388	1.000000	0.000000	-85455.071176
GCA_038891955.1_S.2_128	GCA_038891955.1	dALP	query	dALP_enriched	388	1.000000	0.000000	-85455.071176
GOMC.bin.18101_S.61_1	GOMC.bin.18101	dALP	query	dALP_enriched	392	1.000000	0.000000	-84445.676426
GOMC.bin.4304_S.111_5	GOMC.bin.4304	dALP	query	dALP_enriched	399	1.000000	0.000000	-85470.803481
GCA_038848185.1_S.2_7	GCA_038848185.1	dALP	query	dALP_enriched	412	1.000000	0.000000	-85466.930848
GCA_054386735.1_S.154_12	GCA_054386735.1	dALP	query	dALP_enriched	431	1.000000	0.000000	-85929.074523
GOMC.bin.34970_S.97_1	GOMC.bin.34970	dALP	query	dALP_enriched	434	1.000000	0.000000	-83141.411391
GCA_054386815.1_S.185_11	GCA_054386815.1	dALP	query	dALP_enriched	439	1.000000	0.000000	-85977.025719
GOMC.bin.7564_S.327_3	GOMC.bin.7564	dALP	query	dALP_enriched	439	0.846407	0.153593	-85847.574763
GCA_054390595.1_S.337_5	GCA_054390595.1	dALP	query	dALP_enriched	439	1.000000	0.000000	-85950.605619
GCA_054386735.1_S.129_4	GCA_054386735.1	dALP	query	dALP_enriched	439	1.000000	0.000000	-85966.978961
GCA_054387355.1_S.143_8	GCA_054387355.1	dALP	query	dALP_enriched	439	1.000000	0.000000	-85974.456491
GCA_048883045.1_S.24_14	GCA_048883045.1	cALP	query	cALP_enriched	455	1.000000	0.000000	-85645.816061
GCA_048939445.1_S.243_2	GCA_048939445.1	cALP	query	cALP_enriched	462	1.000000	0.000000	-85586.618856
GCA_054390335.1_S.422_3	GCA_054390335.1	cALP	query	cALP_enriched	479	1.000000	0.000000	-85527.393326
GCA_048885625.1_S.67_5	GCA_048885625.1	cALP	query	cALP_enriched	502	1.000000	0.000000	-85585.487626
GCA_048887145.1_S.50_10	GCA_048887145.1	cALP	query	cALP_enriched	502	1.000000	0.000000	-85585.487626
GCA_048886785.1_S.103_10	GCA_048886785.1	cALP	query	cALP_enriched	502	1.000000	0.000000	-85632.748405
GCA_048940185.1_S.145_7	GCA_048940185.1	cALP	query	cALP_enriched	502	1.000000	0.000000	-85546.236992
GCA_008080765.1_S.39_14	GCA_008080765.1	cALP	query	cALP_enriched	532	1.000000	0.000000	-85822.871318
GOMC.bin.7984_S.356_2	GOMC.bin.7984	dALP	query	cALP_enriched	535	1.000000	0.000000	-85968.794296
GOMC.bin.16957_S.54_1	GOMC.bin.16957	dALP	query	ambiguous	552	1.000000	0.000000	-84529.377594
GCA_016840595.1_S.296_2	GCA_016840595.1	dALP	query	ambiguous	555	1.000000	0.000000	-85790.868803
GCA_048939415.1_S.38_8	GCA_048939415.1	dALP	query	ambiguous	565	1.000000	0.000000	-83881.818828
GCA_048939215.1_S.197_4	GCA_048939215.1	dALP	query	ambiguous	565	1.000000	0.000000	-84192.741445
GCA_048939595.1_S.69_23	GCA_048939595.1	dALP	query	ambiguous	566	1.000000	0.000000	-85851.900448
GCA_054383755.1_S.36_33	GCA_054383755.1	dALP	query	ambiguous	568	1.000000	0.000000	-85674.654381
GOMC.bin.14973_S.271_5	GOMC.bin.14973	dALP	query	ambiguous	585	1.000000	0.000000	-80157.572456
GCA_054384195.1_S.18_11	GCA_054384195.1	dALP	query	ambiguous	607	1.000000	0.000000	-85874.923320
GCA_054389435.1_S.57_1	GCA_054389435.1	dALP	query	ambiguous	608	1.000000	0.000000	-83947.981146
GOMC.bin.7496_S.61_18	GOMC.bin.7496	cALP	query	ambiguous	611	1.000000	0.000000	-85770.616941
GCA_054386855.1_S.26_79	GCA_054386855.1	cALP	query	cALP_enriched	720	1.000000	0.000000	-85466.810008
GCA_048938985.1_S.175_6	GCA_048938985.1	cALP	query	cALP_enriched	759	1.000000	0.000000	-85491.642069
GCA_048937405.1_S.7_547	GCA_048937405.1	cALP	query	cALP_enriched	760	1.000000	0.000000	-85551.026706
GCA_048937415.1_S.51_13	GCA_048937415.1	cALP	query	cALP_enriched	760	1.000000	0.000000	-85551.026706
GOMC.bin.7548_S.650_4	GOMC.bin.7548	cALP	query	cALP_enriched	788	1.000000	0.000000	-85452.247474
GCA_054381475.1_S.84_9	GCA_054381475.1	cALP	query	cALP_enriched	806	1.000000	0.000000	-85452.821350
GCA_040225955.1_S.47_13	GCA_040225955.1	cALP	query	cALP_enriched	837	1.000000	0.000000	-85468.712922
GCA_054386775.1_S.121_4	GCA_054386775.1	cALP	query	cALP_enriched	839	1.000000	0.000000	-85592.762864
GCA_054385695.1_S.183_41	GCA_054385695.1	cALP	query	ambiguous	948	1.000000	0.000000	-85433.528182
GCA_024720855.1_S.3_31	GCA_024720855.1	cALP	query	ambiguous	991	1.000000	0.000000	-85474.977027
GCA_038888305.1_S.2_59	GCA_038888305.1	cALP	query	ambiguous	991	1.000000	0.000000	-85474.977027
GCA_024720955.1_S.27_77	GCA_024720955.1	cALP	query	ambiguous	991	1.000000	0.000000	-85474.977027
GCA_052585085.1_S.21_24	GCA_052585085.1	cALP	query	ambiguous	1005	1.000000	0.000000	-85618.209555
GCA_030599585.1_S.20_172	GCA_030599585.1	cALP	query	ambiguous	1014	1.000000	0.000000	-85534.760716
GCA_029856155.1_S.76_5	GCA_029856155.1	cALP	query	ambiguous	1018	0.979489	0.020511	-85648.597993
GCA_054383235.1_S.34_17	GCA_054383235.1	cALP	query	ambiguous	1018	0.997287	0.000000	-85653.955883
GCA_048940245.1_S.384_3	GCA_048940245.1	cALP	query	ambiguous	1020	1.000000	0.000000	-85681.633279
GOMC.bin.1479_S.144_25	GOMC.bin.1479	cALP	query	ambiguous	1021	1.000000	0.000000	-85739.979057
GCA_054387115.1_S.125_13	GCA_054387115.1	cALP	query	ambiguous	1021	1.000000	0.000000	-85771.540828
GCA_054386815.1_S.219_6	GCA_054386815.1	dALP	query	ambiguous	1026	1.000000	0.000000	-85608.068032
GCA_054381575.1_S.162_11	GCA_054381575.1	dALP	query	ambiguous	1034	1.000000	0.000000	-85616.486799
GCA_054387115.1_S.54_8	GCA_054387115.1	dALP	query	ambiguous	1036	1.000000	0.000000	-85670.508313
GCA_054385595.1_S.233_4	GCA_054385595.1	dALP	query	ambiguous	1036	1.000000	0.000000	-85620.537610
GOMC.bin.27746_S.35_1	GOMC.bin.27746	dALP	query	ambiguous	1143	1.000000	0.000000	-85514.945481
