split_id	gene_id
split_0001	ERR6430833_bin.2_S.2_64
split_0001	GOMC.bin.19169_S.43_46
split_0002	ERR6430833_bin.2_S.2_64
split_0002	GCA_018238625.1_S.74_37
split_0002	GCA_019057795.1_S.68_56
split_0002	GCA_030606095.1_S.319_4
split_0002	GCA_030612905.1_S.255_7
split_0002	GCA_030615145.1_S.104_12
split_0002	GOMC.bin.19169_S.43_46
split_0003	ERR6430833_bin.2_S.2_64
split_0003	GCA_004375715.1_S.211_15
split_0003	GCA_011364925.1_S.22_47
split_0003	GCA_013375475.1_S.133_5
split_0003	GCA_016839745.1_S.93_40
split_0003	GCA_018238625.1_S.74_37
split_0003	GCA_019057795.1_S.68_56
split_0003	GCA_019894855.1_S.98_16
split_0003	GCA_019894885.1_S.206_6
split_0003	GCA_029856235.1_S.105_6
split_0003	GCA_030599585.1_S.35_29
split_0003	GCA_030606095.1_S.319_4
split_0003	GCA_030612905.1_S.255_7
split_0003	GCA_030615145.1_S.104_12
split_0003	GCA_030615235.1_S.168_3
split_0003	GCA_035530895.1_S.100_8
split_0003	GOMC.bin.19169_S.43_46
split_0003	GOMC.bin.4504_S.130_10
split_0004	ERR6430833_bin.2_S.2_64
split_0004	GCA_004375715.1_S.211_15
split_0004	GCA_004524725.1_S.153_40
split_0004	GCA_011364925.1_S.22_47
split_0004	GCA_013375475.1_S.133_5
split_0004	GCA_016839745.1_S.93_40
split_0004	GCA_016839765.1_S.82_7
split_0004	GCA_016840165.1_S.4_79
split_0004	GCA_016840545.1_S.162_1
split_0004	GCA_018238625.1_S.74_37
split_0004	GCA_019057795.1_S.68_56
split_0004	GCA_019894815.1_S.257_9
split_0004	GCA_019894855.1_S.98_16
split_0004	GCA_019894885.1_S.206_6
split_0004	GCA_019894955.1_S.187_10
split_0004	GCA_029856235.1_S.105_6
split_0004	GCA_030599585.1_S.35_29
split_0004	GCA_030606095.1_S.319_4
split_0004	GCA_030612905.1_S.255_7
split_0004	GCA_030615145.1_S.104_12
split_0004	GCA_030615235.1_S.168_3
split_0004	GCA_030667705.1_S.119_2
split_0004	GCA_035530895.1_S.100_8
split_0004	GOMC.bin.19169_S.43_46
split_0004	GOMC.bin.4504_S.130_10
split_0005	ERR6430833_bin.2_S.2_64
split_0005	GCA_004375715.1_S.211_15
split_0005	GCA_004524725.1_S.153_40
split_0005	GCA_011364925.1_S.22_47
split_0005	GCA_013375475.1_S.133_5
split_0005	GCA_016839745.1_S.93_40
split_0005	GCA_016839765.1_S.82_7
split_0005	GCA_016840165.1_S.4_79
split_0005	GCA_016840545.1_S.162_1
split_0005	GCA_016840655.1_S.14_38
split_0005	GCA_018238625.1_S.74_37
split_0005	GCA_019057795.1_S.68_56
split_0005	GCA_019894815.1_S.257_9
split_0005	GCA_019894855.1_S.98_16
split_0005	GCA_019894885.1_S.206_6
split_0005	GCA_019894955.1_S.187_10
split_0005	GCA_029856235.1_S.105_6
split_0005	GCA_030599585.1_S.35_29
split_0005	GCA_030606095.1_S.319_4
split_0005	GCA_030612905.1_S.255_7
split_0005	GCA_030615145.1_S.104_12
split_0005	GCA_030615235.1_S.168_3
split_0005	GCA_030667705.1_S.119_2
split_0005	GCA_035530895.1_S.100_8
split_0005	GOMC.bin.19169_S.43_46
split_0005	GOMC.bin.4504_S.130_10
split_0006	ERR6430833_bin.2_S.2_64
split_0006	GCA_004375715.1_S.211_15
split_0006	GCA_004524725.1_S.153_40
split_0006	GCA_005223125.1_S.2_37
split_0006	GCA_011364925.1_S.22_47
split_0006	GCA_013375475.1_S.133_5
split_0006	GCA_013375485.1_S.235_5
split_0006	GCA_016839585.1_S.60_47
split_0006	GCA_016839705.1_S.27_16
split_0006	GCA_016839745.1_S.93_40
split_0006	GCA_016839765.1_S.82_7
split_0006	GCA_016839915.1_S.81_42
split_0006	GCA_016840085.1_S.79_36
split_0006	GCA_016840165.1_S.4_79
split_0006	GCA_016840545.1_S.162_1
split_0006	GCA_016840655.1_S.14_38
split_0006	GCA_018238625.1_S.74_37
split_0006	GCA_019057795.1_S.68_56
split_0006	GCA_019058245.1_S.20_28
split_0006	GCA_019058365.1_S.12_51
split_0006	GCA_019058425.1_S.37_30
split_0006	GCA_019894815.1_S.257_9
split_0006	GCA_019894855.1_S.98_16
split_0006	GCA_019894885.1_S.206_6
split_0006	GCA_019894955.1_S.187_10
split_0006	GCA_019894975.1_S.55_46
split_0006	GCA_020343655.1_S.1_1947
split_0006	GCA_020344955.1_S.1_2669
split_0006	GCA_029856085.1_S.163_14
split_0006	GCA_029856145.1_S.24_64
split_0006	GCA_029856155.1_S.52_130
split_0006	GCA_029856235.1_S.105_6
split_0006	GCA_029856445.1_S.60_4
split_0006	GCA_030599585.1_S.35_29
split_0006	GCA_030603385.1_S.9_12
split_0006	GCA_030605895.1_S.12_6
split_0006	GCA_030606095.1_S.319_4
split_0006	GCA_030612905.1_S.255_7
split_0006	GCA_030615145.1_S.104_12
split_0006	GCA_030615235.1_S.168_3
split_0006	GCA_030667705.1_S.119_2
split_0006	GCA_035530895.1_S.100_8
split_0006	GCA_036478875.1_S.78_21
split_0006	GOMC.bin.19169_S.43_46
split_0006	GOMC.bin.4504_S.130_10
split_0006	GOMC.bin.9735_S.103_3
split_0007	ERR6430833_bin.2_S.2_64
split_0007	GCA_004375715.1_S.211_15
split_0007	GCA_004524725.1_S.153_40
split_0007	GCA_005223125.1_S.2_37
split_0007	GCA_011364925.1_S.22_47
split_0007	GCA_013375475.1_S.133_5
split_0007	GCA_013375485.1_S.235_5
split_0007	GCA_016839585.1_S.60_47
split_0007	GCA_016839705.1_S.27_16
split_0007	GCA_016839745.1_S.93_40
split_0007	GCA_016839765.1_S.82_7
split_0007	GCA_016839915.1_S.81_42
split_0007	GCA_016840085.1_S.79_36
split_0007	GCA_016840165.1_S.4_79
split_0007	GCA_016840545.1_S.162_1
split_0007	GCA_016840655.1_S.14_38
split_0007	GCA_018238625.1_S.74_37
split_0007	GCA_019057795.1_S.68_56
split_0007	GCA_019058245.1_S.20_28
split_0007	GCA_019058365.1_S.12_51
split_0007	GCA_019058425.1_S.37_30
split_0007	GCA_019894815.1_S.257_9
split_0007	GCA_019894855.1_S.98_16
split_0007	GCA_019894885.1_S.206_6
split_0007	GCA_019894955.1_S.187_10
split_0007	GCA_019894975.1_S.55_46
split_0007	GCA_020343655.1_S.1_1947
split_0007	GCA_020344955.1_S.1_2669
split_0007	GCA_029838195.1_S.70_34
split_0007	GCA_029856085.1_S.163_14
split_0007	GCA_029856145.1_S.24_64
split_0007	GCA_029856155.1_S.52_130
split_0007	GCA_029856235.1_S.105_6
split_0007	GCA_029856445.1_S.60_4
split_0007	GCA_030599585.1_S.35_29
split_0007	GCA_030603385.1_S.9_12
split_0007	GCA_030605895.1_S.12_6
split_0007	GCA_030606095.1_S.319_4
split_0007	GCA_030612905.1_S.255_7
split_0007	GCA_030615145.1_S.104_12
split_0007	GCA_030615235.1_S.168_3
split_0007	GCA_030667705.1_S.119_2
split_0007	GCA_035530895.1_S.100_8
split_0007	GCA_036478875.1_S.78_21
split_0007	GOMC.bin.19169_S.43_46
split_0007	GOMC.bin.4504_S.130_10
split_0007	GOMC.bin.9735_S.103_3
split_0008	ERR6430833_bin.2_S.2_64
split_0008	GCA_004375715.1_S.211_15
split_0008	GCA_004524725.1_S.153_40
split_0008	GCA_005223125.1_S.2_37
split_0008	GCA_008080735.1_S.26_26
split_0008	GCA_011364925.1_S.22_47
split_0008	GCA_013375475.1_S.133_5
split_0008	GCA_013375485.1_S.235_5
split_0008	GCA_014730165.1_S.347_46
split_0008	GCA_016839555.1_S.4_175
split_0008	GCA_016839585.1_S.60_47
split_0008	GCA_016839705.1_S.27_16
split_0008	GCA_016839745.1_S.93_40
split_0008	GCA_016839765.1_S.82_7
split_0008	GCA_016839915.1_S.81_42
split_0008	GCA_016840085.1_S.79_36
split_0008	GCA_016840165.1_S.4_79
split_0008	GCA_016840545.1_S.162_1
split_0008	GCA_016840655.1_S.14_38
split_0008	GCA_016926735.1_S.100_42
split_0008	GCA_018238625.1_S.74_37
split_0008	GCA_019057795.1_S.68_56
split_0008	GCA_019058245.1_S.20_28
split_0008	GCA_019058365.1_S.12_51
split_0008	GCA_019058425.1_S.37_30
split_0008	GCA_019894715.1_S.177_23
split_0008	GCA_019894815.1_S.257_9
split_0008	GCA_019894855.1_S.98_16
split_0008	GCA_019894885.1_S.206_6
split_0008	GCA_019894955.1_S.187_10
split_0008	GCA_019894975.1_S.55_46
split_0008	GCA_020343655.1_S.1_1947
split_0008	GCA_020344955.1_S.1_2669
split_0008	GCA_029838195.1_S.70_34
split_0008	GCA_029856085.1_S.163_14
split_0008	GCA_029856145.1_S.24_64
split_0008	GCA_029856155.1_S.52_130
split_0008	GCA_029856235.1_S.105_6
split_0008	GCA_029856445.1_S.60_4
split_0008	GCA_030599585.1_S.35_29
split_0008	GCA_030603385.1_S.9_12
split_0008	GCA_030605895.1_S.12_6
split_0008	GCA_030606095.1_S.319_4
split_0008	GCA_030612905.1_S.255_7
split_0008	GCA_030615145.1_S.104_12
split_0008	GCA_030615235.1_S.168_3
split_0008	GCA_030667705.1_S.119_2
split_0008	GCA_035530895.1_S.100_8
split_0008	GCA_036478875.1_S.78_21
split_0008	GCA_037386725.1_S.72_7
split_0008	GOMC.bin.19169_S.43_46
split_0008	GOMC.bin.4504_S.130_10
split_0008	GOMC.bin.7564_S.387_4
split_0008	GOMC.bin.9735_S.103_3
split_0009	ERR6430833_bin.2_S.2_64
split_0009	GCA_004375715.1_S.211_15
split_0009	GCA_004524535.1_S.36_26
split_0009	GCA_004524725.1_S.153_40
split_0009	GCA_005223125.1_S.2_37
split_0009	GCA_008080735.1_S.26_26
split_0009	GCA_011364925.1_S.22_47
split_0009	GCA_013375475.1_S.133_5
split_0009	GCA_013375485.1_S.235_5
split_0009	GCA_014730165.1_S.347_46
split_0009	GCA_016839555.1_S.4_175
split_0009	GCA_016839585.1_S.60_47
split_0009	GCA_016839705.1_S.27_16
split_0009	GCA_016839745.1_S.93_40
split_0009	GCA_016839765.1_S.82_7
split_0009	GCA_016839915.1_S.81_42
split_0009	GCA_016840085.1_S.79_36
split_0009	GCA_016840165.1_S.4_79
split_0009	GCA_016840545.1_S.162_1
split_0009	GCA_016840655.1_S.14_38
split_0009	GCA_016926735.1_S.100_42
split_0009	GCA_018238625.1_S.74_37
split_0009	GCA_019057795.1_S.68_56
split_0009	GCA_019058245.1_S.20_28
split_0009	GCA_019058295.1_S.26_17
split_0009	GCA_019058365.1_S.12_51
split_0009	GCA_019058425.1_S.37_30
split_0009	GCA_019058445.1_S.10_44
split_0009	GCA_019894715.1_S.177_23
split_0009	GCA_019894815.1_S.257_9
split_0009	GCA_019894855.1_S.98_16
split_0009	GCA_019894885.1_S.206_6
split_0009	GCA_019894955.1_S.187_10
split_0009	GCA_019894975.1_S.55_46
split_0009	GCA_020343655.1_S.1_1947
split_0009	GCA_020344955.1_S.1_2669
split_0009	GCA_029838195.1_S.70_34
split_0009	GCA_029856085.1_S.163_14
split_0009	GCA_029856145.1_S.24_64
split_0009	GCA_029856155.1_S.52_130
split_0009	GCA_029856235.1_S.105_6
split_0009	GCA_029856295.1_S.127_6
split_0009	GCA_029856445.1_S.60_4
split_0009	GCA_030599585.1_S.35_29
split_0009	GCA_030603385.1_S.9_12
split_0009	GCA_030605895.1_S.12_6
split_0009	GCA_030606095.1_S.319_4
split_0009	GCA_030612905.1_S.255_7
split_0009	GCA_030615145.1_S.104_12
split_0009	GCA_030615235.1_S.168_3
split_0009	GCA_030667705.1_S.119_2
split_0009	GCA_035530895.1_S.100_8
split_0009	GCA_036478875.1_S.78_21
split_0009	GCA_037386725.1_S.72_7
split_0009	GOMC.bin.19169_S.43_46
split_0009	GOMC.bin.4504_S.130_10
split_0009	GOMC.bin.7564_S.387_4
split_0009	GOMC.bin.9735_S.103_3
split_0010	ERR6430833_bin.2_S.2_64
split_0010	GCA_004375715.1_S.211_15
split_0010	GCA_004524535.1_S.36_26
split_0010	GCA_004524725.1_S.153_40
split_0010	GCA_005223125.1_S.2_37
split_0010	GCA_008080735.1_S.26_26
split_0010	GCA_011364925.1_S.22_47
split_0010	GCA_013375475.1_S.133_5
split_0010	GCA_013375485.1_S.235_5
split_0010	GCA_014730165.1_S.347_46
split_0010	GCA_016839555.1_S.4_175
split_0010	GCA_016839585.1_S.60_47
split_0010	GCA_016839705.1_S.27_16
split_0010	GCA_016839745.1_S.93_40
split_0010	GCA_016839765.1_S.82_7
split_0010	GCA_016839915.1_S.81_42
split_0010	GCA_016840085.1_S.79_36
split_0010	GCA_016840165.1_S.4_79
split_0010	GCA_016840545.1_S.162_1
split_0010	GCA_016840655.1_S.14_38
split_0010	GCA_016840745.1_S.337_2
split_0010	GCA_016926735.1_S.100_42
split_0010	GCA_016930515.1_S.130_12
split_0010	GCA_018238625.1_S.74_37
split_0010	GCA_019057355.1_S.202_6
split_0010	GCA_019057795.1_S.68_56
split_0010	GCA_019058245.1_S.20_28
split_0010	GCA_019058295.1_S.26_17
split_0010	GCA_019058365.1_S.12_51
split_0010	GCA_019058425.1_S.37_30
split_0010	GCA_019058445.1_S.10_44
split_0010	GCA_019894715.1_S.177_23
split_0010	GCA_019894815.1_S.257_9
split_0010	GCA_019894855.1_S.98_16
split_0010	GCA_019894885.1_S.206_6
split_0010	GCA_019894955.1_S.187_10
split_0010	GCA_019894975.1_S.55_46
split_0010	GCA_020343655.1_S.1_1947
split_0010	GCA_020344955.1_S.1_2669
split_0010	GCA_029838195.1_S.70_34
split_0010	GCA_029856085.1_S.163_14
split_0010	GCA_029856145.1_S.24_64
split_0010	GCA_029856155.1_S.52_130
split_0010	GCA_029856235.1_S.105_6
split_0010	GCA_029856295.1_S.127_6
split_0010	GCA_029856445.1_S.60_4
split_0010	GCA_030599585.1_S.35_29
split_0010	GCA_030603385.1_S.9_12
split_0010	GCA_030605895.1_S.12_6
split_0010	GCA_030606095.1_S.319_4
split_0010	GCA_030612905.1_S.255_7
split_0010	GCA_030615145.1_S.104_12
split_0010	GCA_030615235.1_S.168_3
split_0010	GCA_030667705.1_S.119_2
split_0010	GCA_035530895.1_S.100_8
split_0010	GCA_036478875.1_S.78_21
split_0010	GCA_037386725.1_S.72_7
split_0010	GOMC.bin.19169_S.43_46
split_0010	GOMC.bin.4504_S.130_10
split_0010	GOMC.bin.7564_S.387_4
split_0010	GOMC.bin.9735_S.103_3
split_0011	ERR6430833_bin.2_S.2_64
split_0011	GCA_004375715.1_S.211_15
split_0011	GCA_004524535.1_S.36_26
split_0011	GCA_004524725.1_S.153_40
split_0011	GCA_005223125.1_S.2_37
split_0011	GCA_008080735.1_S.26_26
split_0011	GCA_011364925.1_S.22_47
split_0011	GCA_013375475.1_S.133_5
split_0011	GCA_013375485.1_S.235_5
split_0011	GCA_014730165.1_S.347_46
split_0011	GCA_016839555.1_S.4_175
split_0011	GCA_016839585.1_S.60_47
split_0011	GCA_016839705.1_S.27_16
split_0011	GCA_016839745.1_S.93_40
split_0011	GCA_016839765.1_S.82_7
split_0011	GCA_016839915.1_S.81_42
split_0011	GCA_016840085.1_S.79_36
split_0011	GCA_016840165.1_S.4_79
split_0011	GCA_016840545.1_S.162_1
split_0011	GCA_016840655.1_S.14_38
split_0011	GCA_016840745.1_S.337_2
split_0011	GCA_016926735.1_S.100_42
split_0011	GCA_016930515.1_S.130_12
split_0011	GCA_018238625.1_S.74_37
split_0011	GCA_019057355.1_S.202_6
split_0011	GCA_019057795.1_S.68_56
split_0011	GCA_019058015.1_S.35_5
split_0011	GCA_019058135.1_S.336_3
split_0011	GCA_019058245.1_S.20_28
split_0011	GCA_019058295.1_S.26_17
split_0011	GCA_019058365.1_S.12_51
split_0011	GCA_019058425.1_S.37_30
split_0011	GCA_019058445.1_S.10_44
split_0011	GCA_019894715.1_S.177_23
split_0011	GCA_019894815.1_S.257_9
split_0011	GCA_019894855.1_S.98_16
split_0011	GCA_019894885.1_S.206_6
split_0011	GCA_019894955.1_S.187_10
split_0011	GCA_019894975.1_S.55_46
split_0011	GCA_020343655.1_S.1_1947
split_0011	GCA_020344955.1_S.1_2669
split_0011	GCA_029838195.1_S.70_34
split_0011	GCA_029856085.1_S.163_14
split_0011	GCA_029856145.1_S.24_64
split_0011	GCA_029856155.1_S.52_130
split_0011	GCA_029856235.1_S.105_6
split_0011	GCA_029856295.1_S.127_6
split_0011	GCA_029856445.1_S.60_4
split_0011	GCA_030599585.1_S.35_29
split_0011	GCA_030603385.1_S.9_12
split_0011	GCA_030605895.1_S.12_6
split_0011	GCA_030606095.1_S.319_4
split_0011	GCA_030606485.1_S.10_569
split_0011	GCA_030612905.1_S.255_7
split_0011	GCA_030615145.1_S.104_12
split_0011	GCA_030615235.1_S.168_3
split_0011	GCA_030667705.1_S.119_2
split_0011	GCA_035530895.1_S.100_8
split_0011	GCA_036478875.1_S.78_21
split_0011	GCA_037386725.1_S.72_7
split_0011	GOMC.bin.19169_S.43_46
split_0011	GOMC.bin.4504_S.130_10
split_0011	GOMC.bin.7564_S.387_4
split_0011	GOMC.bin.9735_S.103_3
split_0012	ERR6430833_bin.2_S.2_64
split_0012	GCA_004375715.1_S.211_15
split_0012	GCA_004524535.1_S.36_26
split_0012	GCA_004524725.1_S.153_40
split_0012	GCA_005223125.1_S.2_37
split_0012	GCA_008080735.1_S.26_26
split_0012	GCA_011364925.1_S.22_47
split_0012	GCA_013375475.1_S.133_5
split_0012	GCA_013375485.1_S.235_5
split_0012	GCA_014730165.1_S.347_46
split_0012	GCA_016839555.1_S.4_175
split_0012	GCA_016839585.1_S.60_47
split_0012	GCA_016839705.1_S.27_16
split_0012	GCA_016839745.1_S.93_40
split_0012	GCA_016839765.1_S.82_7
split_0012	GCA_016839915.1_S.81_42
split_0012	GCA_016840085.1_S.79_36
split_0012	GCA_016840165.1_S.4_79
split_0012	GCA_016840545.1_S.162_1
split_0012	GCA_016840655.1_S.14_38
split_0012	GCA_016840745.1_S.337_2
split_0012	GCA_016926735.1_S.100_42
split_0012	GCA_016930515.1_S.130_12
split_0012	GCA_016933055.1_S.27_38
split_0012	GCA_018238625.1_S.74_37
split_0012	GCA_019057355.1_S.202_6
split_0012	GCA_019057795.1_S.68_56
split_0012	GCA_019058015.1_S.35_5
split_0012	GCA_019058135.1_S.336_3
split_0012	GCA_019058245.1_S.20_28
split_0012	GCA_019058295.1_S.26_17
split_0012	GCA_019058365.1_S.12_51
split_0012	GCA_019058425.1_S.37_30
split_0012	GCA_019058445.1_S.10_44
split_0012	GCA_019894715.1_S.177_23
split_0012	GCA_019894815.1_S.257_9
split_0012	GCA_019894855.1_S.98_16
split_0012	GCA_019894885.1_S.206_6
split_0012	GCA_019894955.1_S.187_10
split_0012	GCA_019894975.1_S.55_46
split_0012	GCA_020343655.1_S.1_1947
split_0012	GCA_020344955.1_S.1_2669
split_0012	GCA_029838195.1_S.70_34
split_0012	GCA_029856085.1_S.163_14
split_0012	GCA_029856145.1_S.24_64
split_0012	GCA_029856155.1_S.52_130
split_0012	GCA_029856235.1_S.105_6
split_0012	GCA_029856295.1_S.127_6
split_0012	GCA_029856445.1_S.60_4
split_0012	GCA_030599585.1_S.35_29
split_0012	GCA_030603385.1_S.9_12
split_0012	GCA_030605895.1_S.12_6
split_0012	GCA_030606095.1_S.319_4
split_0012	GCA_030606485.1_S.10_569
split_0012	GCA_030612905.1_S.255_7
split_0012	GCA_030615145.1_S.104_12
split_0012	GCA_030615235.1_S.168_3
split_0012	GCA_030667705.1_S.119_2
split_0012	GCA_035530895.1_S.100_8
split_0012	GCA_036478875.1_S.78_21
split_0012	GCA_037386725.1_S.72_7
split_0012	GOMC.bin.19169_S.43_46
split_0012	GOMC.bin.4504_S.130_10
split_0012	GOMC.bin.7564_S.387_4
split_0012	GOMC.bin.9735_S.103_3
split_0013	ERR6430833_bin.2_S.2_64
split_0013	GCA_004375715.1_S.211_15
split_0013	GCA_004524535.1_S.36_26
split_0013	GCA_004524725.1_S.153_40
split_0013	GCA_005223125.1_S.2_37
split_0013	GCA_008080735.1_S.26_26
split_0013	GCA_011364925.1_S.22_47
split_0013	GCA_013375475.1_S.133_5
split_0013	GCA_013375485.1_S.235_5
split_0013	GCA_014730165.1_S.347_46
split_0013	GCA_016839555.1_S.4_175
split_0013	GCA_016839585.1_S.60_47
split_0013	GCA_016839705.1_S.27_16
split_0013	GCA_016839745.1_S.93_40
split_0013	GCA_016839765.1_S.82_7
split_0013	GCA_016839915.1_S.81_42
split_0013	GCA_016840085.1_S.79_36
split_0013	GCA_016840165.1_S.4_79
split_0013	GCA_016840545.1_S.162_1
split_0013	GCA_016840655.1_S.14_38
split_0013	GCA_016840745.1_S.337_2
split_0013	GCA_016926735.1_S.100_42
split_0013	GCA_016930515.1_S.130_12
split_0013	GCA_016933055.1_S.27_38
split_0013	GCA_018238625.1_S.74_37
split_0013	GCA_018238965.1_S.189_17
split_0013	GCA_019057355.1_S.202_6
split_0013	GCA_019057795.1_S.68_56
split_0013	GCA_019058015.1_S.35_5
split_0013	GCA_019058135.1_S.336_3
split_0013	GCA_019058245.1_S.20_28
split_0013	GCA_019058295.1_S.26_17
split_0013	GCA_019058365.1_S.12_51
split_0013	GCA_019058425.1_S.37_30
split_0013	GCA_019058445.1_S.10_44
split_0013	GCA_019894715.1_S.177_23
split_0013	GCA_019894815.1_S.257_9
split_0013	GCA_019894855.1_S.98_16
split_0013	GCA_019894885.1_S.206_6
split_0013	GCA_019894955.1_S.187_10
split_0013	GCA_019894975.1_S.55_46
split_0013	GCA_020343655.1_S.1_1947
split_0013	GCA_020344955.1_S.1_2669
split_0013	GCA_025839675.1_S.1_1003
split_0013	GCA_029838195.1_S.70_34
split_0013	GCA_029856085.1_S.163_14
split_0013	GCA_029856145.1_S.24_64
split_0013	GCA_029856155.1_S.52_130
split_0013	GCA_029856235.1_S.105_6
split_0013	GCA_029856295.1_S.127_6
split_0013	GCA_029856445.1_S.60_4
split_0013	GCA_030599585.1_S.35_29
split_0013	GCA_030603385.1_S.9_12
split_0013	GCA_030605895.1_S.12_6
split_0013	GCA_030606095.1_S.319_4
split_0013	GCA_030606485.1_S.10_569
split_0013	GCA_030612905.1_S.255_7
split_0013	GCA_030615145.1_S.104_12
split_0013	GCA_030615235.1_S.168_3
split_0013	GCA_030667705.1_S.119_2
split_0013	GCA_035530895.1_S.100_8
split_0013	GCA_036478875.1_S.78_21
split_0013	GCA_037386725.1_S.72_7
split_0013	GOMC.bin.19169_S.43_46
split_0013	GOMC.bin.4504_S.130_10
split_0013	GOMC.bin.7564_S.387_4
split_0013	GOMC.bin.9735_S.103_3
split_0014	ERR6430833_bin.2_S.2_64
split_0014	GCA_004375715.1_S.211_15
split_0014	GCA_004524535.1_S.36_26
split_0014	GCA_004524725.1_S.153_40
split_0014	GCA_005223125.1_S.2_37
split_0014	GCA_008080735.1_S.26_26
split_0014	GCA_011364925.1_S.22_47
split_0014	GCA_013375475.1_S.133_5
split_0014	GCA_013375485.1_S.235_5
split_0014	GCA_014729935.1_S.42_6
split_0014	GCA_014730165.1_S.347_46
split_0014	GCA_016839555.1_S.4_175
split_0014	GCA_016839585.1_S.60_47
split_0014	GCA_016839705.1_S.27_16
split_0014	GCA_016839745.1_S.93_40
split_0014	GCA_016839765.1_S.82_7
split_0014	GCA_016839915.1_S.81_42
split_0014	GCA_016840085.1_S.79_36
split_0014	GCA_016840165.1_S.4_79
split_0014	GCA_016840545.1_S.162_1
split_0014	GCA_016840655.1_S.14_38
split_0014	GCA_016840745.1_S.337_2
split_0014	GCA_016926735.1_S.100_42
split_0014	GCA_016930515.1_S.130_12
split_0014	GCA_016932935.1_S.275_4
split_0014	GCA_016933055.1_S.27_38
split_0014	GCA_018238625.1_S.74_37
split_0014	GCA_018238965.1_S.189_17
split_0014	GCA_019057355.1_S.202_6
split_0014	GCA_019057795.1_S.68_56
split_0014	GCA_019058015.1_S.35_5
split_0014	GCA_019058135.1_S.336_3
split_0014	GCA_019058245.1_S.20_28
split_0014	GCA_019058295.1_S.26_17
split_0014	GCA_019058365.1_S.12_51
split_0014	GCA_019058425.1_S.37_30
split_0014	GCA_019058445.1_S.10_44
split_0014	GCA_019894715.1_S.177_23
split_0014	GCA_019894815.1_S.257_9
split_0014	GCA_019894855.1_S.98_16
split_0014	GCA_019894885.1_S.206_6
split_0014	GCA_019894955.1_S.187_10
split_0014	GCA_019894975.1_S.55_46
split_0014	GCA_020343655.1_S.1_1947
split_0014	GCA_020344955.1_S.1_2669
split_0014	GCA_025839675.1_S.1_1003
split_0014	GCA_029838195.1_S.70_34
split_0014	GCA_029856085.1_S.163_14
split_0014	GCA_029856145.1_S.24_64
split_0014	GCA_029856155.1_S.52_130
split_0014	GCA_029856235.1_S.105_6
split_0014	GCA_029856295.1_S.127_6
split_0014	GCA_029856445.1_S.60_4
split_0014	GCA_030587475.2_S.59_11
split_0014	GCA_030599585.1_S.35_29
split_0014	GCA_030603385.1_S.9_12
split_0014	GCA_030605895.1_S.12_6
split_0014	GCA_030606095.1_S.319_4
split_0014	GCA_030606485.1_S.10_569
split_0014	GCA_030612905.1_S.255_7
split_0014	GCA_030615145.1_S.104_12
split_0014	GCA_030615235.1_S.168_3
split_0014	GCA_030667705.1_S.119_2
split_0014	GCA_035530895.1_S.100_8
split_0014	GCA_036478875.1_S.78_21
split_0014	GCA_037386725.1_S.72_7
split_0014	GCA_041305945.1_S.1_2685
split_0014	GOMC.bin.19169_S.43_46
split_0014	GOMC.bin.4504_S.130_10
split_0014	GOMC.bin.7564_S.387_4
split_0014	GOMC.bin.9735_S.103_3
split_0015	ERR6430833_bin.2_S.55_4
split_0015	GCA_001563335.1_S.109_28
split_0015	GCA_001940655.1_S.19_20
split_0015	GCA_001940655.1_S.82_1
split_0015	GCA_001940665.2_S.1_525
split_0015	GCA_001940705.1_S.178_2
split_0015	GCA_002255025.1_S.73_11
split_0015	GCA_003144275.1_S.100_6
split_0015	GCA_003345545.1_S.12_97
split_0015	GCA_003345555.1_S.57_45
split_0015	GCA_003345595.1_S.26_4
split_0015	GCA_004375715.1_S.262_18
split_0015	GCA_004524365.1_S.93_11
split_0015	GCA_004524385.1_S.73_4
split_0015	GCA_004524385.1_S.96_8
split_0015	GCA_004524435.1_S.196_4
split_0015	GCA_004524445.1_S.24_129
split_0015	GCA_004524535.1_S.50_9
split_0015	GCA_004524545.1_S.48_28
split_0015	GCA_004524725.1_S.52_9
split_0015	GCA_005191415.1_S.102_25
split_0015	GCA_005223125.1_S.56_12
split_0015	GCA_008080735.1_S.2_116
split_0015	GCA_008080745.1_S.10_72
split_0015	GCA_011364905.1_S.35_6
split_0015	GCA_011364925.1_S.90_9
split_0015	GCA_011364985.1_S.11_380
split_0015	GCA_013138615.1_S.150_2
split_0015	GCA_013166775.1_S.80_10
split_0015	GCA_013166775.1_S.97_128
split_0015	GCA_013166835.1_S.149_7
split_0015	GCA_013166835.1_S.176_39
split_0015	GCA_013375475.1_S.20_2
split_0015	GCA_013375485.1_S.225_3
split_0015	GCA_013388835.1_S.24_29
split_0015	GCA_014728035.1_S.34_25
split_0015	GCA_014729055.1_S.818_9
split_0015	GCA_014729935.1_S.201_1
split_0015	GCA_014730165.1_S.336_5
split_0015	GCA_014730275.1_S.141_91
split_0015	GCA_015520535.1_S.540_18
split_0015	GCA_015523565.1_S.57_7
split_0015	GCA_016839265.1_S.1_417
split_0015	GCA_016839275.1_S.115_1
split_0015	GCA_016839275.1_S.84_1
split_0015	GCA_016839365.1_S.21_41
split_0015	GCA_016839365.1_S.71_16
split_0015	GCA_016839445.1_S.182_26
split_0015	GCA_016839515.1_S.41_73
split_0015	GCA_016839545.1_S.346_4
split_0015	GCA_016839555.1_S.1_415
split_0015	GCA_016839585.1_S.47_41
split_0015	GCA_016839605.1_S.255_12
split_0015	GCA_016839625.1_S.287_1
split_0015	GCA_016839705.1_S.32_91
split_0015	GCA_016839745.1_S.167_17
split_0015	GCA_016839765.1_S.55_6
split_0015	GCA_016839805.1_S.49_19
split_0015	GCA_016839815.1_S.20_26
split_0015	GCA_016839815.1_S.66_76
split_0015	GCA_016839915.1_S.162_4
split_0015	GCA_016839945.1_S.119_6
split_0015	GCA_016839995.1_S.137_2
split_0015	GCA_016840035.1_S.289_24
split_0015	GCA_016840065.1_S.69_22
split_0015	GCA_016840085.1_S.83_165
split_0015	GCA_016840095.1_S.107_8
split_0015	GCA_016840095.1_S.119_1
split_0015	GCA_016840135.1_S.100_19
split_0015	GCA_016840165.1_S.54_237
split_0015	GCA_016840425.1_S.185_6
split_0015	GCA_016840485.1_S.230_3
split_0015	GCA_016840545.1_S.163_9
split_0015	GCA_016840585.1_S.138_7
split_0015	GCA_016840585.1_S.83_21
split_0015	GCA_016840625.1_S.36_8
split_0015	GCA_016840655.1_S.57_27
split_0015	GCA_016840725.1_S.222_1
split_0015	GCA_016840745.1_S.279_4
split_0015	GCA_016840795.1_S.27_4
split_0015	GCA_016840855.1_S.220_8
split_0015	GCA_016926735.1_S.202_5
split_0015	GCA_016930515.1_S.148_6
split_0015	GCA_016933055.1_S.6_279
split_0015	GCA_016933575.1_S.57_155
split_0015	GCA_018238155.1_S.20_25
split_0015	GCA_018238155.1_S.45_36
split_0015	GCA_018238205.1_S.64_4
split_0015	GCA_018238375.1_S.258_31
split_0015	GCA_018238545.1_S.42_19
split_0015	GCA_018238545.1_S.52_11
split_0015	GCA_018238625.1_S.77_31
split_0015	GCA_018238825.1_S.181_3
split_0015	GCA_018238965.1_S.27_2
split_0015	GCA_018335335.1_S.25_8
split_0015	GCA_018383895.1_S.108_10
split_0015	GCA_019056805.1_S.17_108
split_0015	GCA_019056875.1_S.352_7
split_0015	GCA_019056875.1_S.391_2
split_0015	GCA_019057355.1_S.53_4
split_0015	GCA_019057375.1_S.14_4
split_0015	GCA_019057385.1_S.5_139
split_0015	GCA_019057475.1_S.27_18
split_0015	GCA_019057635.1_S.138_2
split_0015	GCA_019057795.1_S.65_140
split_0015	GCA_019057815.1_S.27_29
split_0015	GCA_019057815.1_S.35_47
split_0015	GCA_019058015.1_S.83_57
split_0015	GCA_019058135.1_S.541_6
split_0015	GCA_019058165.1_S.209_10
split_0015	GCA_019058165.1_S.216_3
split_0015	GCA_019058245.1_S.10_45
split_0015	GCA_019058275.1_S.41_61
split_0015	GCA_019058275.1_S.54_80
split_0015	GCA_019058295.1_S.2_161
split_0015	GCA_019058315.1_S.2_91
split_0015	GCA_019058315.1_S.5_297
split_0015	GCA_019058365.1_S.40_67
split_0015	GCA_019058425.1_S.93_26
split_0015	GCA_019058445.1_S.9_505
split_0015	GCA_019058495.1_S.265_35
split_0015	GCA_019894715.1_S.220_14
split_0015	GCA_019894795.1_S.175_1
split_0015	GCA_019894795.1_S.88_6
split_0015	GCA_019894815.1_S.217_11
split_0015	GCA_019894855.1_S.4_4
split_0015	GCA_019894885.1_S.175_2
split_0015	GCA_019894955.1_S.198_6
split_0015	GCA_019894975.1_S.137_6
split_0015	GCA_020343655.1_S.1_217
split_0015	GCA_020344955.1_S.1_582
split_0015	GCA_020348985.1_S.1_1030
split_0015	GCA_020353515.1_S.1_2688
split_0015	GCA_020355105.1_S.1_23
split_0015	GCA_021399345.1_S.125_51
split_0015	GCA_021399395.1_S.149_12
split_0015	GCA_021399395.1_S.48_4
split_0015	GCA_021498095.1_S.1_313
split_0015	GCA_021498125.1_S.3_120
split_0015	GCA_021513695.1_S.1_988
split_0015	GCA_021513715.1_S.1_1072
split_0015	GCA_022574115.1_S.65_1
split_0015	GCA_023134215.1_S.104_1
split_0015	GCA_023136245.1_S.124_6
split_0015	GCA_023270155.1_S.116_5
split_0015	GCA_023270155.1_S.174_9
split_0015	GCA_023705905.1_S.143_7
split_0015	GCA_023705905.1_S.254_5
split_0015	GCA_023705945.1_S.178_1
split_0015	GCA_023705945.1_S.192_9
split_0015	GCA_023705985.1_S.10_26
split_0015	GCA_023705985.1_S.173_1
split_0015	GCA_024275415.1_S.73_106
split_0015	GCA_024276395.1_S.707_4
split_0015	GCA_024276825.1_S.24_55
split_0015	GCA_025839675.1_S.1_3334
split_0015	GCA_026993975.1_S.165_4
split_0015	GCA_027001645.1_S.420_1
split_0015	GCA_027016475.1_S.193_4
split_0015	GCA_027031765.1_S.111_5
split_0015	GCA_027031765.1_S.97_5
split_0015	GCA_027077875.1_S.276_1
split_0015	GCA_029210805.1_S.90_2
split_0015	GCA_029855935.1_S.8_112
split_0015	GCA_029856045.1_S.36_142
split_0015	GCA_029856055.1_S.144_2
split_0015	GCA_029856085.1_S.126_27
split_0015	GCA_029856145.1_S.3_101
split_0015	GCA_029856155.1_S.87_4
split_0015	GCA_029856235.1_S.216_4
split_0015	GCA_029856295.1_S.295_5
split_0015	GCA_029856435.1_S.65_5
split_0015	GCA_029856445.1_S.326_6
split_0015	GCA_029856635.1_S.44_5
split_0015	GCA_029858305.1_S.185_60
split_0015	GCA_029882335.1_S.458_2
split_0015	GCA_029882335.1_S.555_23
split_0015	GCA_030149205.1_S.2_207
split_0015	GCA_030587365.2_S.537_1
split_0015	GCA_030587475.2_S.144_20
split_0015	GCA_030587585.2_S.353_7
split_0015	GCA_030589605.1_S.385_2
split_0015	GCA_030593165.1_S.366_7
split_0015	GCA_030599585.1_S.8_36
split_0015	GCA_030602675.1_S.282_6
split_0015	GCA_030602675.1_S.427_12
split_0015	GCA_030603365.1_S.13_52
split_0015	GCA_030603365.1_S.2_65
split_0015	GCA_030603385.1_S.30_103
split_0015	GCA_030605895.1_S.265_4
split_0015	GCA_030606095.1_S.336_7
split_0015	GCA_030606485.1_S.7_36
split_0015	GCA_030607575.1_S.180_18
split_0015	GCA_030608385.1_S.204_2
split_0015	GCA_030610785.1_S.199_18
split_0015	GCA_030610785.1_S.85_1
split_0015	GCA_030611625.1_S.194_10
split_0015	GCA_030611665.1_S.25_7
split_0015	GCA_030611665.1_S.92_6
split_0015	GCA_030612005.1_S.244_8
split_0015	GCA_030612265.1_S.43_3
split_0015	GCA_030612365.1_S.133_11
split_0015	GCA_030612905.1_S.1_4
split_0015	GCA_030613185.1_S.394_5
split_0015	GCA_030614005.1_S.82_43
split_0015	GCA_030615145.1_S.170_3
split_0015	GCA_030615235.1_S.225_4
split_0015	GCA_030631995.1_S.116_7
split_0015	GCA_030638685.1_S.137_8
split_0015	GCA_030638785.1_S.191_14
split_0015	GCA_030667705.1_S.2_2
split_0015	GCA_030668165.1_S.32_3
split_0015	GCA_030668825.1_S.108_21
split_0015	GCA_030668875.1_S.16_4
split_0015	GCA_030668875.1_S.29_39
split_0015	GCA_030669595.1_S.132_7
split_0015	GCA_030671945.1_S.59_8
split_0015	GCA_034660795.1_S.87_16
split_0015	GCA_035528035.1_S.13_54
split_0015	GCA_035530895.1_S.28_25
split_0015	GCA_035531115.1_S.170_29
split_0015	GCA_035531115.1_S.231_2
split_0015	GCA_036478875.1_S.104_9
split_0015	GCA_037305845.1_S.1_1652
split_0015	GCA_037308085.1_S.1_591
split_0015	GCA_037310415.1_S.1_520
split_0015	GCA_037386725.1_S.126_6
split_0015	GCA_038825615.1_S.36_2
split_0015	GCA_038826135.1_S.59_9
split_0015	GCA_038834185.1_S.150_6
split_0015	GCA_038861695.1_S.3_128
split_0015	GCA_038864975.1_S.139_2
split_0015	GCA_038893995.1_S.33_18
split_0015	GCA_038894835.1_S.23_4
split_0015	GCA_038897395.1_S.1_456
split_0015	GCA_041305945.1_S.1_3192
split_0015	GCA_048939415.1_S.38_9
split_0015	GCA_052626455.1_S.9_58
split_0015	GCA_054381535.1_S.352_12
split_0015	GCA_054381595.1_S.364_2
split_0015	GCA_054384155.1_S.46_28
split_0015	GCA_054384775.1_S.36_13
split_0015	GCA_054384955.1_S.212_3
split_0015	GCA_054384955.1_S.63_3
split_0015	GCA_054385715.1_S.103_83
split_0015	GCA_054385915.1_S.95_89
split_0015	GCA_054386155.1_S.89_17
split_0015	GCA_054386375.1_S.83_6
split_0015	GCA_054386435.1_S.135_1
split_0015	GCA_054387035.1_S.15_4
split_0015	GCA_054387055.1_S.168_4
split_0015	GCA_054387815.1_S.35_7
split_0015	GCA_054390975.1_S.51_1
split_0015	GCF_008000775.2_S.1_423
split_0015	GCF_021083305.1_S.18_1
split_0015	GOMC.bin.10982_S.278_20
split_0015	GOMC.bin.12197_S.475_2
split_0015	GOMC.bin.12592_S.14_29
split_0015	GOMC.bin.14008_S.75_8
split_0015	GOMC.bin.16881_S.86_2
split_0015	GOMC.bin.16906_S.63_7
split_0015	GOMC.bin.16970_S.170_1
split_0015	GOMC.bin.19169_S.96_4
split_0015	GOMC.bin.2212_S.199_4
split_0015	GOMC.bin.2599_S.181_13
split_0015	GOMC.bin.2762_S.358_1
split_0015	GOMC.bin.27746_S.467_1
split_0015	GOMC.bin.2861_S.60_25
split_0015	GOMC.bin.2973_S.33_30
split_0015	GOMC.bin.2988_S.69_1
split_0015	GOMC.bin.32939_S.20_5
split_0015	GOMC.bin.3447_S.209_2
split_0015	GOMC.bin.3488_S.28_2
split_0015	GOMC.bin.7564_S.88_1
split_0015	GOMC.bin.8267_S.33_17
split_0015	GOMC.bin.8271_S.62_1
split_0015	GOMC.bin.9621_S.343_16
split_0015	GOMC.bin.9735_S.24_55
split_0016	ERR6430833_bin.2_S.55_4
split_0016	GCA_001563335.1_S.109_28
split_0016	GCA_001940655.1_S.19_20
split_0016	GCA_001940655.1_S.82_1
split_0016	GCA_001940665.2_S.1_525
split_0016	GCA_001940705.1_S.178_2
split_0016	GCA_002255025.1_S.73_11
split_0016	GCA_003144275.1_S.100_6
split_0016	GCA_003345545.1_S.12_97
split_0016	GCA_003345555.1_S.57_45
split_0016	GCA_003345595.1_S.26_4
split_0016	GCA_004375715.1_S.262_18
split_0016	GCA_004524365.1_S.93_11
split_0016	GCA_004524385.1_S.73_4
split_0016	GCA_004524385.1_S.96_8
split_0016	GCA_004524435.1_S.196_4
split_0016	GCA_004524445.1_S.24_129
split_0016	GCA_004524535.1_S.50_9
split_0016	GCA_004524545.1_S.48_28
split_0016	GCA_004524725.1_S.52_9
split_0016	GCA_005191415.1_S.102_25
split_0016	GCA_005223125.1_S.56_12
split_0016	GCA_008080735.1_S.2_116
split_0016	GCA_008080745.1_S.10_72
split_0016	GCA_011364905.1_S.35_6
split_0016	GCA_011364925.1_S.90_9
split_0016	GCA_011364985.1_S.11_380
split_0016	GCA_013138615.1_S.150_2
split_0016	GCA_013166775.1_S.80_10
split_0016	GCA_013166775.1_S.97_128
split_0016	GCA_013166835.1_S.149_7
split_0016	GCA_013166835.1_S.176_39
split_0016	GCA_013375475.1_S.20_2
split_0016	GCA_013375485.1_S.225_3
split_0016	GCA_013388835.1_S.24_29
split_0016	GCA_014728035.1_S.34_25
split_0016	GCA_014729055.1_S.818_9
split_0016	GCA_014729935.1_S.201_1
split_0016	GCA_014730165.1_S.336_5
split_0016	GCA_014730275.1_S.141_91
split_0016	GCA_015520535.1_S.540_18
split_0016	GCA_015523565.1_S.57_7
split_0016	GCA_016839265.1_S.1_417
split_0016	GCA_016839275.1_S.115_1
split_0016	GCA_016839275.1_S.84_1
split_0016	GCA_016839365.1_S.21_41
split_0016	GCA_016839365.1_S.71_16
split_0016	GCA_016839445.1_S.182_26
split_0016	GCA_016839515.1_S.41_73
split_0016	GCA_016839545.1_S.346_4
split_0016	GCA_016839555.1_S.1_415
split_0016	GCA_016839585.1_S.47_41
split_0016	GCA_016839605.1_S.255_12
split_0016	GCA_016839625.1_S.287_1
split_0016	GCA_016839705.1_S.32_91
split_0016	GCA_016839745.1_S.167_17
split_0016	GCA_016839765.1_S.55_6
split_0016	GCA_016839805.1_S.49_19
split_0016	GCA_016839815.1_S.20_26
split_0016	GCA_016839815.1_S.66_76
split_0016	GCA_016839915.1_S.162_4
split_0016	GCA_016839945.1_S.119_6
split_0016	GCA_016839995.1_S.137_2
split_0016	GCA_016840035.1_S.289_24
split_0016	GCA_016840065.1_S.69_22
split_0016	GCA_016840085.1_S.83_165
split_0016	GCA_016840095.1_S.107_8
split_0016	GCA_016840095.1_S.119_1
split_0016	GCA_016840135.1_S.100_19
split_0016	GCA_016840165.1_S.54_237
split_0016	GCA_016840425.1_S.185_6
split_0016	GCA_016840485.1_S.230_3
split_0016	GCA_016840545.1_S.163_9
split_0016	GCA_016840585.1_S.138_7
split_0016	GCA_016840585.1_S.83_21
split_0016	GCA_016840625.1_S.36_8
split_0016	GCA_016840655.1_S.57_27
split_0016	GCA_016840745.1_S.279_4
split_0016	GCA_016840795.1_S.27_4
split_0016	GCA_016840855.1_S.220_8
split_0016	GCA_016926735.1_S.202_5
split_0016	GCA_016930515.1_S.148_6
split_0016	GCA_016933055.1_S.6_279
split_0016	GCA_016933575.1_S.57_155
split_0016	GCA_018238155.1_S.20_25
split_0016	GCA_018238155.1_S.45_36
split_0016	GCA_018238205.1_S.64_4
split_0016	GCA_018238375.1_S.258_31
split_0016	GCA_018238545.1_S.42_19
split_0016	GCA_018238545.1_S.52_11
split_0016	GCA_018238625.1_S.77_31
split_0016	GCA_018238825.1_S.181_3
split_0016	GCA_018238965.1_S.27_2
split_0016	GCA_018335335.1_S.25_8
split_0016	GCA_018383895.1_S.108_10
split_0016	GCA_019056805.1_S.17_108
split_0016	GCA_019056875.1_S.352_7
split_0016	GCA_019057355.1_S.53_4
split_0016	GCA_019057375.1_S.14_4
split_0016	GCA_019057385.1_S.5_139
split_0016	GCA_019057475.1_S.27_18
split_0016	GCA_019057635.1_S.138_2
split_0016	GCA_019057795.1_S.65_140
split_0016	GCA_019057815.1_S.27_29
split_0016	GCA_019057815.1_S.35_47
split_0016	GCA_019058015.1_S.83_57
split_0016	GCA_019058135.1_S.541_6
split_0016	GCA_019058165.1_S.209_10
split_0016	GCA_019058165.1_S.216_3
split_0016	GCA_019058245.1_S.10_45
split_0016	GCA_019058275.1_S.41_61
split_0016	GCA_019058275.1_S.54_80
split_0016	GCA_019058295.1_S.2_161
split_0016	GCA_019058315.1_S.5_297
split_0016	GCA_019058365.1_S.40_67
split_0016	GCA_019058425.1_S.93_26
split_0016	GCA_019058445.1_S.9_505
split_0016	GCA_019058495.1_S.265_35
split_0016	GCA_019894715.1_S.220_14
split_0016	GCA_019894795.1_S.175_1
split_0016	GCA_019894795.1_S.88_6
split_0016	GCA_019894815.1_S.217_11
split_0016	GCA_019894855.1_S.4_4
split_0016	GCA_019894885.1_S.175_2
split_0016	GCA_019894955.1_S.198_6
split_0016	GCA_019894975.1_S.137_6
split_0016	GCA_020343655.1_S.1_217
split_0016	GCA_020344955.1_S.1_582
split_0016	GCA_020348985.1_S.1_1030
split_0016	GCA_020353515.1_S.1_2688
split_0016	GCA_020355105.1_S.1_23
split_0016	GCA_021399345.1_S.125_51
split_0016	GCA_021399395.1_S.149_12
split_0016	GCA_021399395.1_S.48_4
split_0016	GCA_021498095.1_S.1_313
split_0016	GCA_021498125.1_S.3_120
split_0016	GCA_021513695.1_S.1_988
split_0016	GCA_021513715.1_S.1_1072
split_0016	GCA_022574115.1_S.65_1
split_0016	GCA_023134215.1_S.104_1
split_0016	GCA_023136245.1_S.124_6
split_0016	GCA_023270155.1_S.116_5
split_0016	GCA_023270155.1_S.174_9
split_0016	GCA_023705905.1_S.143_7
split_0016	GCA_023705905.1_S.254_5
split_0016	GCA_023705945.1_S.178_1
split_0016	GCA_023705945.1_S.192_9
split_0016	GCA_023705985.1_S.10_26
split_0016	GCA_023705985.1_S.173_1
split_0016	GCA_024275415.1_S.73_106
split_0016	GCA_024276395.1_S.707_4
split_0016	GCA_024276825.1_S.24_55
split_0016	GCA_025839675.1_S.1_3334
split_0016	GCA_026993975.1_S.165_4
split_0016	GCA_027001645.1_S.420_1
split_0016	GCA_027016475.1_S.193_4
split_0016	GCA_027031765.1_S.111_5
split_0016	GCA_027031765.1_S.97_5
split_0016	GCA_027077875.1_S.276_1
split_0016	GCA_029210805.1_S.90_2
split_0016	GCA_029855935.1_S.8_112
split_0016	GCA_029856045.1_S.36_142
split_0016	GCA_029856055.1_S.144_2
split_0016	GCA_029856085.1_S.126_27
split_0016	GCA_029856145.1_S.3_101
split_0016	GCA_029856155.1_S.87_4
split_0016	GCA_029856235.1_S.216_4
split_0016	GCA_029856295.1_S.295_5
split_0016	GCA_029856435.1_S.65_5
split_0016	GCA_029856445.1_S.326_6
split_0016	GCA_029856635.1_S.44_5
split_0016	GCA_029858305.1_S.185_60
split_0016	GCA_029882335.1_S.458_2
split_0016	GCA_029882335.1_S.555_23
split_0016	GCA_030149205.1_S.2_207
split_0016	GCA_030587365.2_S.537_1
split_0016	GCA_030587475.2_S.144_20
split_0016	GCA_030587585.2_S.353_7
split_0016	GCA_030589605.1_S.385_2
split_0016	GCA_030593165.1_S.366_7
split_0016	GCA_030599585.1_S.8_36
split_0016	GCA_030602675.1_S.282_6
split_0016	GCA_030602675.1_S.427_12
split_0016	GCA_030603365.1_S.13_52
split_0016	GCA_030603365.1_S.2_65
split_0016	GCA_030603385.1_S.30_103
split_0016	GCA_030605895.1_S.265_4
split_0016	GCA_030606095.1_S.336_7
split_0016	GCA_030606485.1_S.7_36
split_0016	GCA_030607575.1_S.180_18
split_0016	GCA_030608385.1_S.204_2
split_0016	GCA_030610785.1_S.199_18
split_0016	GCA_030610785.1_S.85_1
split_0016	GCA_030611625.1_S.194_10
split_0016	GCA_030611665.1_S.25_7
split_0016	GCA_030611665.1_S.92_6
split_0016	GCA_030612005.1_S.244_8
split_0016	GCA_030612265.1_S.43_3
split_0016	GCA_030612365.1_S.133_11
split_0016	GCA_030612905.1_S.1_4
split_0016	GCA_030613185.1_S.394_5
split_0016	GCA_030614005.1_S.82_43
split_0016	GCA_030615145.1_S.170_3
split_0016	GCA_030615235.1_S.225_4
split_0016	GCA_030631995.1_S.116_7
split_0016	GCA_030638685.1_S.137_8
split_0016	GCA_030638785.1_S.191_14
split_0016	GCA_030667705.1_S.2_2
split_0016	GCA_030668165.1_S.32_3
split_0016	GCA_030668825.1_S.108_21
split_0016	GCA_030668875.1_S.16_4
split_0016	GCA_030668875.1_S.29_39
split_0016	GCA_030669595.1_S.132_7
split_0016	GCA_030671945.1_S.59_8
split_0016	GCA_034660795.1_S.87_16
split_0016	GCA_035528035.1_S.13_54
split_0016	GCA_035530895.1_S.28_25
split_0016	GCA_035531115.1_S.170_29
split_0016	GCA_035531115.1_S.231_2
split_0016	GCA_036478875.1_S.104_9
split_0016	GCA_037305845.1_S.1_1652
split_0016	GCA_037308085.1_S.1_591
split_0016	GCA_037310415.1_S.1_520
split_0016	GCA_037386725.1_S.126_6
split_0016	GCA_038825615.1_S.36_2
split_0016	GCA_038826135.1_S.59_9
split_0016	GCA_038834185.1_S.150_6
split_0016	GCA_038861695.1_S.3_128
split_0016	GCA_038864975.1_S.139_2
split_0016	GCA_038893995.1_S.33_18
split_0016	GCA_038894835.1_S.23_4
split_0016	GCA_038897395.1_S.1_456
split_0016	GCA_041305945.1_S.1_3192
split_0016	GCA_048939415.1_S.38_9
split_0016	GCA_052626455.1_S.9_58
split_0016	GCA_054381535.1_S.352_12
split_0016	GCA_054381595.1_S.364_2
split_0016	GCA_054384155.1_S.46_28
split_0016	GCA_054384775.1_S.36_13
split_0016	GCA_054384955.1_S.212_3
split_0016	GCA_054384955.1_S.63_3
split_0016	GCA_054385715.1_S.103_83
split_0016	GCA_054385915.1_S.95_89
split_0016	GCA_054386155.1_S.89_17
split_0016	GCA_054386375.1_S.83_6
split_0016	GCA_054386435.1_S.135_1
split_0016	GCA_054387035.1_S.15_4
split_0016	GCA_054387055.1_S.168_4
split_0016	GCA_054387815.1_S.35_7
split_0016	GCA_054390975.1_S.51_1
split_0016	GCF_008000775.2_S.1_423
split_0016	GCF_021083305.1_S.18_1
split_0016	GOMC.bin.10982_S.278_20
split_0016	GOMC.bin.12197_S.475_2
split_0016	GOMC.bin.12592_S.14_29
split_0016	GOMC.bin.14008_S.75_8
split_0016	GOMC.bin.16881_S.86_2
split_0016	GOMC.bin.16906_S.63_7
split_0016	GOMC.bin.16970_S.170_1
split_0016	GOMC.bin.19169_S.96_4
split_0016	GOMC.bin.2212_S.199_4
split_0016	GOMC.bin.2599_S.181_13
split_0016	GOMC.bin.2762_S.358_1
split_0016	GOMC.bin.27746_S.467_1
split_0016	GOMC.bin.2861_S.60_25
split_0016	GOMC.bin.2973_S.33_30
split_0016	GOMC.bin.2988_S.69_1
split_0016	GOMC.bin.32939_S.20_5
split_0016	GOMC.bin.3447_S.209_2
split_0016	GOMC.bin.3488_S.28_2
split_0016	GOMC.bin.7564_S.88_1
split_0016	GOMC.bin.8267_S.33_17
split_0016	GOMC.bin.8271_S.62_1
split_0016	GOMC.bin.9621_S.343_16
split_0016	GOMC.bin.9735_S.24_55
split_0017	ERR6430833_bin.2_S.55_4
split_0017	GCA_001563335.1_S.109_28
split_0017	GCA_001940655.1_S.19_20
split_0017	GCA_001940655.1_S.82_1
split_0017	GCA_001940665.2_S.1_525
split_0017	GCA_001940705.1_S.178_2
split_0017	GCA_002255025.1_S.73_11
split_0017	GCA_003144275.1_S.100_6
split_0017	GCA_003345545.1_S.12_97
split_0017	GCA_003345555.1_S.57_45
split_0017	GCA_003345595.1_S.26_4
split_0017	GCA_004375715.1_S.262_18
split_0017	GCA_004524365.1_S.93_11
split_0017	GCA_004524385.1_S.73_4
split_0017	GCA_004524385.1_S.96_8
split_0017	GCA_004524435.1_S.196_4
split_0017	GCA_004524445.1_S.24_129
split_0017	GCA_004524535.1_S.50_9
split_0017	GCA_004524545.1_S.48_28
split_0017	GCA_004524725.1_S.52_9
split_0017	GCA_005191415.1_S.102_25
split_0017	GCA_005223125.1_S.56_12
split_0017	GCA_008080735.1_S.2_116
split_0017	GCA_008080745.1_S.10_72
split_0017	GCA_011364905.1_S.35_6
split_0017	GCA_011364925.1_S.90_9
split_0017	GCA_011364985.1_S.11_380
split_0017	GCA_013138615.1_S.150_2
split_0017	GCA_013166775.1_S.80_10
split_0017	GCA_013166775.1_S.97_128
split_0017	GCA_013166835.1_S.149_7
split_0017	GCA_013166835.1_S.176_39
split_0017	GCA_013375475.1_S.20_2
split_0017	GCA_013375485.1_S.225_3
split_0017	GCA_013388835.1_S.24_29
split_0017	GCA_014728035.1_S.34_25
split_0017	GCA_014729055.1_S.818_9
split_0017	GCA_014729935.1_S.201_1
split_0017	GCA_014730165.1_S.336_5
split_0017	GCA_014730275.1_S.141_91
split_0017	GCA_015520535.1_S.540_18
split_0017	GCA_015523565.1_S.57_7
split_0017	GCA_016839265.1_S.1_417
split_0017	GCA_016839275.1_S.115_1
split_0017	GCA_016839275.1_S.84_1
split_0017	GCA_016839365.1_S.21_41
split_0017	GCA_016839365.1_S.71_16
split_0017	GCA_016839445.1_S.182_26
split_0017	GCA_016839515.1_S.41_73
split_0017	GCA_016839545.1_S.346_4
split_0017	GCA_016839555.1_S.1_415
split_0017	GCA_016839585.1_S.47_41
split_0017	GCA_016839605.1_S.255_12
split_0017	GCA_016839625.1_S.287_1
split_0017	GCA_016839705.1_S.32_91
split_0017	GCA_016839745.1_S.167_17
split_0017	GCA_016839765.1_S.55_6
split_0017	GCA_016839805.1_S.49_19
split_0017	GCA_016839815.1_S.20_26
split_0017	GCA_016839815.1_S.66_76
split_0017	GCA_016839915.1_S.162_4
split_0017	GCA_016839945.1_S.119_6
split_0017	GCA_016839995.1_S.137_2
split_0017	GCA_016840035.1_S.289_24
split_0017	GCA_016840065.1_S.69_22
split_0017	GCA_016840085.1_S.83_165
split_0017	GCA_016840095.1_S.107_8
split_0017	GCA_016840095.1_S.119_1
split_0017	GCA_016840135.1_S.100_19
split_0017	GCA_016840165.1_S.54_237
split_0017	GCA_016840425.1_S.185_6
split_0017	GCA_016840485.1_S.230_3
split_0017	GCA_016840545.1_S.163_9
split_0017	GCA_016840585.1_S.138_7
split_0017	GCA_016840585.1_S.83_21
split_0017	GCA_016840625.1_S.36_8
split_0017	GCA_016840655.1_S.57_27
split_0017	GCA_016840745.1_S.279_4
split_0017	GCA_016840795.1_S.27_4
split_0017	GCA_016840855.1_S.220_8
split_0017	GCA_016926735.1_S.202_5
split_0017	GCA_016930515.1_S.148_6
split_0017	GCA_016933055.1_S.6_279
split_0017	GCA_016933575.1_S.57_155
split_0017	GCA_018238155.1_S.20_25
split_0017	GCA_018238155.1_S.45_36
split_0017	GCA_018238205.1_S.64_4
split_0017	GCA_018238375.1_S.258_31
split_0017	GCA_018238545.1_S.42_19
split_0017	GCA_018238545.1_S.52_11
split_0017	GCA_018238625.1_S.77_31
split_0017	GCA_018238825.1_S.181_3
split_0017	GCA_018238965.1_S.27_2
split_0017	GCA_018335335.1_S.25_8
split_0017	GCA_018383895.1_S.108_10
split_0017	GCA_019056805.1_S.17_108
split_0017	GCA_019056875.1_S.352_7
split_0017	GCA_019057355.1_S.53_4
split_0017	GCA_019057375.1_S.14_4
split_0017	GCA_019057385.1_S.5_139
split_0017	GCA_019057475.1_S.27_18
split_0017	GCA_019057635.1_S.138_2
split_0017	GCA_019057795.1_S.65_140
split_0017	GCA_019057815.1_S.27_29
split_0017	GCA_019057815.1_S.35_47
split_0017	GCA_019058015.1_S.83_57
split_0017	GCA_019058135.1_S.541_6
split_0017	GCA_019058165.1_S.209_10
split_0017	GCA_019058165.1_S.216_3
split_0017	GCA_019058245.1_S.10_45
split_0017	GCA_019058275.1_S.41_61
split_0017	GCA_019058275.1_S.54_80
split_0017	GCA_019058295.1_S.2_161
split_0017	GCA_019058315.1_S.5_297
split_0017	GCA_019058365.1_S.40_67
split_0017	GCA_019058425.1_S.93_26
split_0017	GCA_019058445.1_S.9_505
split_0017	GCA_019058495.1_S.265_35
split_0017	GCA_019894715.1_S.220_14
split_0017	GCA_019894795.1_S.175_1
split_0017	GCA_019894795.1_S.88_6
split_0017	GCA_019894815.1_S.217_11
split_0017	GCA_019894855.1_S.4_4
split_0017	GCA_019894885.1_S.175_2
split_0017	GCA_019894955.1_S.198_6
split_0017	GCA_019894975.1_S.137_6
split_0017	GCA_020343655.1_S.1_217
split_0017	GCA_020344955.1_S.1_582
split_0017	GCA_020348985.1_S.1_1030
split_0017	GCA_020353515.1_S.1_2688
split_0017	GCA_020355105.1_S.1_23
split_0017	GCA_021399345.1_S.125_51
split_0017	GCA_021399395.1_S.149_12
split_0017	GCA_021399395.1_S.48_4
split_0017	GCA_021498095.1_S.1_313
split_0017	GCA_021498125.1_S.3_120
split_0017	GCA_021513695.1_S.1_988
split_0017	GCA_021513715.1_S.1_1072
split_0017	GCA_022574115.1_S.65_1
split_0017	GCA_023134215.1_S.104_1
split_0017	GCA_023136245.1_S.124_6
split_0017	GCA_023270155.1_S.116_5
split_0017	GCA_023270155.1_S.174_9
split_0017	GCA_023705905.1_S.143_7
split_0017	GCA_023705905.1_S.254_5
split_0017	GCA_023705945.1_S.178_1
split_0017	GCA_023705945.1_S.192_9
split_0017	GCA_023705985.1_S.10_26
split_0017	GCA_023705985.1_S.173_1
split_0017	GCA_024275415.1_S.73_106
split_0017	GCA_024276395.1_S.707_4
split_0017	GCA_024276825.1_S.24_55
split_0017	GCA_025839675.1_S.1_3334
split_0017	GCA_026993975.1_S.165_4
split_0017	GCA_027001645.1_S.420_1
split_0017	GCA_027016475.1_S.193_4
split_0017	GCA_027031765.1_S.97_5
split_0017	GCA_027077875.1_S.276_1
split_0017	GCA_029210805.1_S.90_2
split_0017	GCA_029855935.1_S.8_112
split_0017	GCA_029856045.1_S.36_142
split_0017	GCA_029856055.1_S.144_2
split_0017	GCA_029856085.1_S.126_27
split_0017	GCA_029856145.1_S.3_101
split_0017	GCA_029856155.1_S.87_4
split_0017	GCA_029856235.1_S.216_4
split_0017	GCA_029856295.1_S.295_5
split_0017	GCA_029856435.1_S.65_5
split_0017	GCA_029856445.1_S.326_6
split_0017	GCA_029856635.1_S.44_5
split_0017	GCA_029858305.1_S.185_60
split_0017	GCA_029882335.1_S.458_2
split_0017	GCA_029882335.1_S.555_23
split_0017	GCA_030149205.1_S.2_207
split_0017	GCA_030587365.2_S.537_1
split_0017	GCA_030587475.2_S.144_20
split_0017	GCA_030587585.2_S.353_7
split_0017	GCA_030589605.1_S.385_2
split_0017	GCA_030593165.1_S.366_7
split_0017	GCA_030599585.1_S.8_36
split_0017	GCA_030602675.1_S.282_6
split_0017	GCA_030602675.1_S.427_12
split_0017	GCA_030603365.1_S.13_52
split_0017	GCA_030603365.1_S.2_65
split_0017	GCA_030603385.1_S.30_103
split_0017	GCA_030605895.1_S.265_4
split_0017	GCA_030606095.1_S.336_7
split_0017	GCA_030606485.1_S.7_36
split_0017	GCA_030607575.1_S.180_18
split_0017	GCA_030608385.1_S.204_2
split_0017	GCA_030610785.1_S.199_18
split_0017	GCA_030610785.1_S.85_1
split_0017	GCA_030611625.1_S.194_10
split_0017	GCA_030611665.1_S.25_7
split_0017	GCA_030611665.1_S.92_6
split_0017	GCA_030612005.1_S.244_8
split_0017	GCA_030612265.1_S.43_3
split_0017	GCA_030612365.1_S.133_11
split_0017	GCA_030612905.1_S.1_4
split_0017	GCA_030613185.1_S.394_5
split_0017	GCA_030614005.1_S.82_43
split_0017	GCA_030615145.1_S.170_3
split_0017	GCA_030615235.1_S.225_4
split_0017	GCA_030631995.1_S.116_7
split_0017	GCA_030638685.1_S.137_8
split_0017	GCA_030638785.1_S.191_14
split_0017	GCA_030667705.1_S.2_2
split_0017	GCA_030668165.1_S.32_3
split_0017	GCA_030668825.1_S.108_21
split_0017	GCA_030668875.1_S.16_4
split_0017	GCA_030668875.1_S.29_39
split_0017	GCA_030669595.1_S.132_7
split_0017	GCA_030671945.1_S.59_8
split_0017	GCA_034660795.1_S.87_16
split_0017	GCA_035528035.1_S.13_54
split_0017	GCA_035530895.1_S.28_25
split_0017	GCA_035531115.1_S.170_29
split_0017	GCA_035531115.1_S.231_2
split_0017	GCA_036478875.1_S.104_9
split_0017	GCA_037305845.1_S.1_1652
split_0017	GCA_037308085.1_S.1_591
split_0017	GCA_037310415.1_S.1_520
split_0017	GCA_037386725.1_S.126_6
split_0017	GCA_038825615.1_S.36_2
split_0017	GCA_038826135.1_S.59_9
split_0017	GCA_038834185.1_S.150_6
split_0017	GCA_038861695.1_S.3_128
split_0017	GCA_038864975.1_S.139_2
split_0017	GCA_038893995.1_S.33_18
split_0017	GCA_038894835.1_S.23_4
split_0017	GCA_038897395.1_S.1_456
split_0017	GCA_041305945.1_S.1_3192
split_0017	GCA_048939415.1_S.38_9
split_0017	GCA_052626455.1_S.9_58
split_0017	GCA_054381535.1_S.352_12
split_0017	GCA_054381595.1_S.364_2
split_0017	GCA_054384155.1_S.46_28
split_0017	GCA_054384775.1_S.36_13
split_0017	GCA_054384955.1_S.212_3
split_0017	GCA_054384955.1_S.63_3
split_0017	GCA_054385715.1_S.103_83
split_0017	GCA_054385915.1_S.95_89
split_0017	GCA_054386155.1_S.89_17
split_0017	GCA_054386375.1_S.83_6
split_0017	GCA_054386435.1_S.135_1
split_0017	GCA_054387035.1_S.15_4
split_0017	GCA_054387055.1_S.168_4
split_0017	GCA_054387815.1_S.35_7
split_0017	GCA_054390975.1_S.51_1
split_0017	GCF_008000775.2_S.1_423
split_0017	GCF_021083305.1_S.18_1
split_0017	GOMC.bin.10982_S.278_20
split_0017	GOMC.bin.12197_S.475_2
split_0017	GOMC.bin.12592_S.14_29
split_0017	GOMC.bin.14008_S.75_8
split_0017	GOMC.bin.16881_S.86_2
split_0017	GOMC.bin.16906_S.63_7
split_0017	GOMC.bin.16970_S.170_1
split_0017	GOMC.bin.19169_S.96_4
split_0017	GOMC.bin.2212_S.199_4
split_0017	GOMC.bin.2599_S.181_13
split_0017	GOMC.bin.2762_S.358_1
split_0017	GOMC.bin.27746_S.467_1
split_0017	GOMC.bin.2861_S.60_25
split_0017	GOMC.bin.2973_S.33_30
split_0017	GOMC.bin.2988_S.69_1
split_0017	GOMC.bin.32939_S.20_5
split_0017	GOMC.bin.3447_S.209_2
split_0017	GOMC.bin.3488_S.28_2
split_0017	GOMC.bin.7564_S.88_1
split_0017	GOMC.bin.8267_S.33_17
split_0017	GOMC.bin.8271_S.62_1
split_0017	GOMC.bin.9621_S.343_16
split_0017	GOMC.bin.9735_S.24_55
split_0018	ERR6430833_bin.2_S.55_4
split_0018	GCA_001563335.1_S.109_28
split_0018	GCA_001940655.1_S.82_1
split_0018	GCA_001940665.2_S.1_525
split_0018	GCA_001940705.1_S.178_2
split_0018	GCA_002255025.1_S.73_11
split_0018	GCA_003144275.1_S.100_6
split_0018	GCA_003345545.1_S.12_97
split_0018	GCA_003345555.1_S.57_45
split_0018	GCA_003345595.1_S.26_4
split_0018	GCA_004375715.1_S.262_18
split_0018	GCA_004524365.1_S.93_11
split_0018	GCA_004524385.1_S.96_8
split_0018	GCA_004524435.1_S.196_4
split_0018	GCA_004524445.1_S.24_129
split_0018	GCA_004524535.1_S.50_9
split_0018	GCA_004524545.1_S.48_28
split_0018	GCA_004524725.1_S.52_9
split_0018	GCA_005191415.1_S.102_25
split_0018	GCA_008080745.1_S.10_72
split_0018	GCA_011364905.1_S.35_6
split_0018	GCA_011364985.1_S.11_380
split_0018	GCA_013138615.1_S.150_2
split_0018	GCA_013166775.1_S.80_10
split_0018	GCA_013166775.1_S.97_128
split_0018	GCA_013166835.1_S.149_7
split_0018	GCA_013166835.1_S.176_39
split_0018	GCA_013388835.1_S.24_29
split_0018	GCA_014729055.1_S.818_9
split_0018	GCA_014729935.1_S.201_1
split_0018	GCA_014730165.1_S.336_5
split_0018	GCA_014730275.1_S.141_91
split_0018	GCA_015520535.1_S.540_18
split_0018	GCA_015523565.1_S.57_7
split_0018	GCA_016839265.1_S.1_417
split_0018	GCA_016839275.1_S.115_1
split_0018	GCA_016839275.1_S.84_1
split_0018	GCA_016839365.1_S.21_41
split_0018	GCA_016839365.1_S.71_16
split_0018	GCA_016839445.1_S.182_26
split_0018	GCA_016839515.1_S.41_73
split_0018	GCA_016839545.1_S.346_4
split_0018	GCA_016839555.1_S.1_415
split_0018	GCA_016839605.1_S.255_12
split_0018	GCA_016839625.1_S.287_1
split_0018	GCA_016839705.1_S.32_91
split_0018	GCA_016839765.1_S.55_6
split_0018	GCA_016839805.1_S.49_19
split_0018	GCA_016839815.1_S.20_26
split_0018	GCA_016839945.1_S.119_6
split_0018	GCA_016839995.1_S.137_2
split_0018	GCA_016840035.1_S.289_24
split_0018	GCA_016840065.1_S.69_22
split_0018	GCA_016840085.1_S.83_165
split_0018	GCA_016840095.1_S.107_8
split_0018	GCA_016840095.1_S.119_1
split_0018	GCA_016840135.1_S.100_19
split_0018	GCA_016840165.1_S.54_237
split_0018	GCA_016840425.1_S.185_6
split_0018	GCA_016840485.1_S.230_3
split_0018	GCA_016840585.1_S.138_7
split_0018	GCA_016840585.1_S.83_21
split_0018	GCA_016840625.1_S.36_8
split_0018	GCA_016840745.1_S.279_4
split_0018	GCA_016840795.1_S.27_4
split_0018	GCA_016840855.1_S.220_8
split_0018	GCA_016933055.1_S.6_279
split_0018	GCA_016933575.1_S.57_155
split_0018	GCA_018238155.1_S.20_25
split_0018	GCA_018238155.1_S.45_36
split_0018	GCA_018238205.1_S.64_4
split_0018	GCA_018238375.1_S.258_31
split_0018	GCA_018238545.1_S.42_19
split_0018	GCA_018238545.1_S.52_11
split_0018	GCA_018238825.1_S.181_3
split_0018	GCA_018238965.1_S.27_2
split_0018	GCA_018335335.1_S.25_8
split_0018	GCA_018383895.1_S.108_10
split_0018	GCA_019056805.1_S.17_108
split_0018	GCA_019056875.1_S.352_7
split_0018	GCA_019057375.1_S.14_4
split_0018	GCA_019057385.1_S.5_139
split_0018	GCA_019057475.1_S.27_18
split_0018	GCA_019057635.1_S.138_2
split_0018	GCA_019057815.1_S.27_29
split_0018	GCA_019058015.1_S.83_57
split_0018	GCA_019058135.1_S.541_6
split_0018	GCA_019058165.1_S.209_10
split_0018	GCA_019058165.1_S.216_3
split_0018	GCA_019058245.1_S.10_45
split_0018	GCA_019058275.1_S.41_61
split_0018	GCA_019058275.1_S.54_80
split_0018	GCA_019058295.1_S.2_161
split_0018	GCA_019058315.1_S.5_297
split_0018	GCA_019058495.1_S.265_35
split_0018	GCA_019894795.1_S.175_1
split_0018	GCA_019894795.1_S.88_6
split_0018	GCA_019894885.1_S.175_2
split_0018	GCA_020348985.1_S.1_1030
split_0018	GCA_020353515.1_S.1_2688
split_0018	GCA_020355105.1_S.1_23
split_0018	GCA_021399345.1_S.125_51
split_0018	GCA_021399395.1_S.149_12
split_0018	GCA_021399395.1_S.48_4
split_0018	GCA_021498095.1_S.1_313
split_0018	GCA_021498125.1_S.3_120
split_0018	GCA_021513695.1_S.1_988
split_0018	GCA_021513715.1_S.1_1072
split_0018	GCA_022574115.1_S.65_1
split_0018	GCA_023134215.1_S.104_1
split_0018	GCA_023136245.1_S.124_6
split_0018	GCA_023270155.1_S.116_5
split_0018	GCA_023270155.1_S.174_9
split_0018	GCA_023705905.1_S.143_7
split_0018	GCA_023705905.1_S.254_5
split_0018	GCA_023705945.1_S.178_1
split_0018	GCA_023705945.1_S.192_9
split_0018	GCA_023705985.1_S.10_26
split_0018	GCA_024275415.1_S.73_106
split_0018	GCA_024276395.1_S.707_4
split_0018	GCA_024276825.1_S.24_55
split_0018	GCA_025839675.1_S.1_3334
split_0018	GCA_026993975.1_S.165_4
split_0018	GCA_027001645.1_S.420_1
split_0018	GCA_027016475.1_S.193_4
split_0018	GCA_027031765.1_S.97_5
split_0018	GCA_027077875.1_S.276_1
split_0018	GCA_029210805.1_S.90_2
split_0018	GCA_029855935.1_S.8_112
split_0018	GCA_029856055.1_S.144_2
split_0018	GCA_029856235.1_S.216_4
split_0018	GCA_029856295.1_S.295_5
split_0018	GCA_029856435.1_S.65_5
split_0018	GCA_029856635.1_S.44_5
split_0018	GCA_029858305.1_S.185_60
split_0018	GCA_029882335.1_S.458_2
split_0018	GCA_029882335.1_S.555_23
split_0018	GCA_030149205.1_S.2_207
split_0018	GCA_030587365.2_S.537_1
split_0018	GCA_030587475.2_S.144_20
split_0018	GCA_030587585.2_S.353_7
split_0018	GCA_030589605.1_S.385_2
split_0018	GCA_030593165.1_S.366_7
split_0018	GCA_030602675.1_S.282_6
split_0018	GCA_030602675.1_S.427_12
split_0018	GCA_030603365.1_S.13_52
split_0018	GCA_030603365.1_S.2_65
split_0018	GCA_030606095.1_S.336_7
split_0018	GCA_030607575.1_S.180_18
split_0018	GCA_030608385.1_S.204_2
split_0018	GCA_030610785.1_S.199_18
split_0018	GCA_030610785.1_S.85_1
split_0018	GCA_030611625.1_S.194_10
split_0018	GCA_030611665.1_S.25_7
split_0018	GCA_030611665.1_S.92_6
split_0018	GCA_030612005.1_S.244_8
split_0018	GCA_030612265.1_S.43_3
split_0018	GCA_030612365.1_S.133_11
split_0018	GCA_030613185.1_S.394_5
split_0018	GCA_030614005.1_S.82_43
split_0018	GCA_030631995.1_S.116_7
split_0018	GCA_030638685.1_S.137_8
split_0018	GCA_030638785.1_S.191_14
split_0018	GCA_030668165.1_S.32_3
split_0018	GCA_030668825.1_S.108_21
split_0018	GCA_030668875.1_S.16_4
split_0018	GCA_030668875.1_S.29_39
split_0018	GCA_030669595.1_S.132_7
split_0018	GCA_030671945.1_S.59_8
split_0018	GCA_034660795.1_S.87_16
split_0018	GCA_035528035.1_S.13_54
split_0018	GCA_035531115.1_S.170_29
split_0018	GCA_035531115.1_S.231_2
split_0018	GCA_037305845.1_S.1_1652
split_0018	GCA_037308085.1_S.1_591
split_0018	GCA_037310415.1_S.1_520
split_0018	GCA_037386725.1_S.126_6
split_0018	GCA_038825615.1_S.36_2
split_0018	GCA_038826135.1_S.59_9
split_0018	GCA_038834185.1_S.150_6
split_0018	GCA_038861695.1_S.3_128
split_0018	GCA_038864975.1_S.139_2
split_0018	GCA_038893995.1_S.33_18
split_0018	GCA_038894835.1_S.23_4
split_0018	GCA_038897395.1_S.1_456
split_0018	GCA_041305945.1_S.1_3192
split_0018	GCA_048939415.1_S.38_9
split_0018	GCA_052626455.1_S.9_58
split_0018	GCA_054381535.1_S.352_12
split_0018	GCA_054381595.1_S.364_2
split_0018	GCA_054384155.1_S.46_28
split_0018	GCA_054384775.1_S.36_13
split_0018	GCA_054384955.1_S.212_3
split_0018	GCA_054384955.1_S.63_3
split_0018	GCA_054385715.1_S.103_83
split_0018	GCA_054385915.1_S.95_89
split_0018	GCA_054386155.1_S.89_17
split_0018	GCA_054386375.1_S.83_6
split_0018	GCA_054386435.1_S.135_1
split_0018	GCA_054387055.1_S.168_4
split_0018	GCA_054387815.1_S.35_7
split_0018	GCA_054390975.1_S.51_1
split_0018	GCF_008000775.2_S.1_423
split_0018	GCF_021083305.1_S.18_1
split_0018	GOMC.bin.10982_S.278_20
split_0018	GOMC.bin.12592_S.14_29
split_0018	GOMC.bin.14008_S.75_8
split_0018	GOMC.bin.16881_S.86_2
split_0018	GOMC.bin.16906_S.63_7
split_0018	GOMC.bin.16970_S.170_1
split_0018	GOMC.bin.2212_S.199_4
split_0018	GOMC.bin.2599_S.181_13
split_0018	GOMC.bin.2762_S.358_1
split_0018	GOMC.bin.2861_S.60_25
split_0018	GOMC.bin.2973_S.33_30
split_0018	GOMC.bin.2988_S.69_1
split_0018	GOMC.bin.32939_S.20_5
split_0018	GOMC.bin.3447_S.209_2
split_0018	GOMC.bin.3488_S.28_2
split_0018	GOMC.bin.7564_S.88_1
split_0018	GOMC.bin.8267_S.33_17
split_0018	GOMC.bin.8271_S.62_1
split_0018	GOMC.bin.9621_S.343_16
split_0019	ERR6430833_bin.2_S.55_4
split_0019	GCA_001563335.1_S.109_28
split_0019	GCA_001940655.1_S.82_1
split_0019	GCA_001940665.2_S.1_525
split_0019	GCA_001940705.1_S.178_2
split_0019	GCA_002255025.1_S.73_11
split_0019	GCA_003144275.1_S.100_6
split_0019	GCA_003345545.1_S.12_97
split_0019	GCA_003345555.1_S.57_45
split_0019	GCA_003345595.1_S.26_4
split_0019	GCA_004375715.1_S.262_18
split_0019	GCA_004524365.1_S.93_11
split_0019	GCA_004524385.1_S.96_8
split_0019	GCA_004524435.1_S.196_4
split_0019	GCA_004524445.1_S.24_129
split_0019	GCA_004524535.1_S.50_9
split_0019	GCA_004524545.1_S.48_28
split_0019	GCA_004524725.1_S.52_9
split_0019	GCA_005191415.1_S.102_25
split_0019	GCA_008080745.1_S.10_72
split_0019	GCA_011364905.1_S.35_6
split_0019	GCA_011364985.1_S.11_380
split_0019	GCA_013138615.1_S.150_2
split_0019	GCA_013166775.1_S.97_128
split_0019	GCA_013166835.1_S.176_39
split_0019	GCA_013388835.1_S.24_29
split_0019	GCA_014729055.1_S.818_9
split_0019	GCA_014729935.1_S.201_1
split_0019	GCA_014730165.1_S.336_5
split_0019	GCA_014730275.1_S.141_91
split_0019	GCA_015520535.1_S.540_18
split_0019	GCA_015523565.1_S.57_7
split_0019	GCA_016839265.1_S.1_417
split_0019	GCA_016839275.1_S.115_1
split_0019	GCA_016839275.1_S.84_1
split_0019	GCA_016839365.1_S.21_41
split_0019	GCA_016839445.1_S.182_26
split_0019	GCA_016839515.1_S.41_73
split_0019	GCA_016839545.1_S.346_4
split_0019	GCA_016839555.1_S.1_415
split_0019	GCA_016839605.1_S.255_12
split_0019	GCA_016839625.1_S.287_1
split_0019	GCA_016839705.1_S.32_91
split_0019	GCA_016839765.1_S.55_6
split_0019	GCA_016839815.1_S.20_26
split_0019	GCA_016840035.1_S.289_24
split_0019	GCA_016840085.1_S.83_165
split_0019	GCA_016840095.1_S.119_1
split_0019	GCA_016840165.1_S.54_237
split_0019	GCA_016840425.1_S.185_6
split_0019	GCA_016840485.1_S.230_3
split_0019	GCA_016840585.1_S.83_21
split_0019	GCA_016840625.1_S.36_8
split_0019	GCA_016840745.1_S.279_4
split_0019	GCA_016840795.1_S.27_4
split_0019	GCA_016840855.1_S.220_8
split_0019	GCA_016933055.1_S.6_279
split_0019	GCA_016933575.1_S.57_155
split_0019	GCA_018238155.1_S.45_36
split_0019	GCA_018238205.1_S.64_4
split_0019	GCA_018238375.1_S.258_31
split_0019	GCA_018238545.1_S.52_11
split_0019	GCA_018238825.1_S.181_3
split_0019	GCA_018238965.1_S.27_2
split_0019	GCA_018335335.1_S.25_8
split_0019	GCA_018383895.1_S.108_10
split_0019	GCA_019056805.1_S.17_108
split_0019	GCA_019056875.1_S.352_7
split_0019	GCA_019057385.1_S.5_139
split_0019	GCA_019057475.1_S.27_18
split_0019	GCA_019057635.1_S.138_2
split_0019	GCA_019058015.1_S.83_57
split_0019	GCA_019058135.1_S.541_6
split_0019	GCA_019058165.1_S.209_10
split_0019	GCA_019058245.1_S.10_45
split_0019	GCA_019058275.1_S.41_61
split_0019	GCA_019058295.1_S.2_161
split_0019	GCA_019058315.1_S.5_297
split_0019	GCA_019058495.1_S.265_35
split_0019	GCA_019894795.1_S.88_6
split_0019	GCA_019894885.1_S.175_2
split_0019	GCA_020348985.1_S.1_1030
split_0019	GCA_020353515.1_S.1_2688
split_0019	GCA_020355105.1_S.1_23
split_0019	GCA_021399395.1_S.48_4
split_0019	GCA_021498095.1_S.1_313
split_0019	GCA_021498125.1_S.3_120
split_0019	GCA_022574115.1_S.65_1
split_0019	GCA_023134215.1_S.104_1
split_0019	GCA_023136245.1_S.124_6
split_0019	GCA_023270155.1_S.174_9
split_0019	GCA_023705905.1_S.143_7
split_0019	GCA_023705945.1_S.192_9
split_0019	GCA_024275415.1_S.73_106
split_0019	GCA_024276395.1_S.707_4
split_0019	GCA_024276825.1_S.24_55
split_0019	GCA_025839675.1_S.1_3334
split_0019	GCA_026993975.1_S.165_4
split_0019	GCA_027001645.1_S.420_1
split_0019	GCA_027016475.1_S.193_4
split_0019	GCA_027031765.1_S.97_5
split_0019	GCA_027077875.1_S.276_1
split_0019	GCA_029210805.1_S.90_2
split_0019	GCA_029855935.1_S.8_112
split_0019	GCA_029856055.1_S.144_2
split_0019	GCA_029856235.1_S.216_4
split_0019	GCA_029856295.1_S.295_5
split_0019	GCA_029856435.1_S.65_5
split_0019	GCA_029856635.1_S.44_5
split_0019	GCA_029858305.1_S.185_60
split_0019	GCA_030149205.1_S.2_207
split_0019	GCA_030587365.2_S.537_1
split_0019	GCA_030587475.2_S.144_20
split_0019	GCA_030587585.2_S.353_7
split_0019	GCA_030589605.1_S.385_2
split_0019	GCA_030593165.1_S.366_7
split_0019	GCA_030602675.1_S.282_6
split_0019	GCA_030603365.1_S.13_52
split_0019	GCA_030606095.1_S.336_7
split_0019	GCA_030607575.1_S.180_18
split_0019	GCA_030608385.1_S.204_2
split_0019	GCA_030610785.1_S.199_18
split_0019	GCA_030610785.1_S.85_1
split_0019	GCA_030611625.1_S.194_10
split_0019	GCA_030611665.1_S.25_7
split_0019	GCA_030612005.1_S.244_8
split_0019	GCA_030612265.1_S.43_3
split_0019	GCA_030612365.1_S.133_11
split_0019	GCA_030613185.1_S.394_5
split_0019	GCA_030631995.1_S.116_7
split_0019	GCA_030638785.1_S.191_14
split_0019	GCA_030668165.1_S.32_3
split_0019	GCA_030668825.1_S.108_21
split_0019	GCA_030668875.1_S.16_4
split_0019	GCA_030669595.1_S.132_7
split_0019	GCA_034660795.1_S.87_16
split_0019	GCA_035528035.1_S.13_54
split_0019	GCA_035531115.1_S.170_29
split_0019	GCA_037305845.1_S.1_1652
split_0019	GCA_037308085.1_S.1_591
split_0019	GCA_037310415.1_S.1_520
split_0019	GCA_037386725.1_S.126_6
split_0019	GCA_038825615.1_S.36_2
split_0019	GCA_038826135.1_S.59_9
split_0019	GCA_038834185.1_S.150_6
split_0019	GCA_038861695.1_S.3_128
split_0019	GCA_038864975.1_S.139_2
split_0019	GCA_038893995.1_S.33_18
split_0019	GCA_038894835.1_S.23_4
split_0019	GCA_038897395.1_S.1_456
split_0019	GCA_041305945.1_S.1_3192
split_0019	GCA_052626455.1_S.9_58
split_0019	GCA_054381595.1_S.364_2
split_0019	GCA_054384155.1_S.46_28
split_0019	GCA_054384775.1_S.36_13
split_0019	GCA_054384955.1_S.63_3
split_0019	GCA_054385715.1_S.103_83
split_0019	GCA_054385915.1_S.95_89
split_0019	GCA_054386375.1_S.83_6
split_0019	GCA_054386435.1_S.135_1
split_0019	GCA_054387055.1_S.168_4
split_0019	GCA_054387815.1_S.35_7
split_0019	GCA_054390975.1_S.51_1
split_0019	GCF_008000775.2_S.1_423
split_0019	GCF_021083305.1_S.18_1
split_0019	GOMC.bin.10982_S.278_20
split_0019	GOMC.bin.12592_S.14_29
split_0019	GOMC.bin.14008_S.75_8
split_0019	GOMC.bin.16881_S.86_2
split_0019	GOMC.bin.16906_S.63_7
split_0019	GOMC.bin.16970_S.170_1
split_0019	GOMC.bin.2212_S.199_4
split_0019	GOMC.bin.2599_S.181_13
split_0019	GOMC.bin.2762_S.358_1
split_0019	GOMC.bin.2861_S.60_25
split_0019	GOMC.bin.2973_S.33_30
split_0019	GOMC.bin.2988_S.69_1
split_0019	GOMC.bin.32939_S.20_5
split_0019	GOMC.bin.3447_S.209_2
split_0019	GOMC.bin.3488_S.28_2
split_0019	GOMC.bin.7564_S.88_1
split_0019	GOMC.bin.8267_S.33_17
split_0019	GOMC.bin.8271_S.62_1
split_0019	GOMC.bin.9621_S.343_16
split_0020	ERR6430833_bin.2_S.55_4
split_0020	GCA_001563335.1_S.109_28
split_0020	GCA_001940655.1_S.82_1
split_0020	GCA_001940665.2_S.1_525
split_0020	GCA_001940705.1_S.178_2
split_0020	GCA_002255025.1_S.73_11
split_0020	GCA_003144275.1_S.100_6
split_0020	GCA_003345545.1_S.12_97
split_0020	GCA_003345555.1_S.57_45
split_0020	GCA_003345595.1_S.26_4
split_0020	GCA_004524365.1_S.93_11
split_0020	GCA_004524385.1_S.96_8
split_0020	GCA_004524435.1_S.196_4
split_0020	GCA_004524445.1_S.24_129
split_0020	GCA_004524535.1_S.50_9
split_0020	GCA_004524545.1_S.48_28
split_0020	GCA_005191415.1_S.102_25
split_0020	GCA_008080745.1_S.10_72
split_0020	GCA_011364905.1_S.35_6
split_0020	GCA_011364985.1_S.11_380
split_0020	GCA_013138615.1_S.150_2
split_0020	GCA_013166775.1_S.97_128
split_0020	GCA_013166835.1_S.176_39
split_0020	GCA_013388835.1_S.24_29
split_0020	GCA_014729935.1_S.201_1
split_0020	GCA_014730165.1_S.336_5
split_0020	GCA_014730275.1_S.141_91
split_0020	GCA_015520535.1_S.540_18
split_0020	GCA_015523565.1_S.57_7
split_0020	GCA_016839265.1_S.1_417
split_0020	GCA_016839275.1_S.115_1
split_0020	GCA_016839275.1_S.84_1
split_0020	GCA_016839365.1_S.21_41
split_0020	GCA_016839445.1_S.182_26
split_0020	GCA_016839515.1_S.41_73
split_0020	GCA_016839545.1_S.346_4
split_0020	GCA_016839555.1_S.1_415
split_0020	GCA_016839605.1_S.255_12
split_0020	GCA_016839625.1_S.287_1
split_0020	GCA_016839705.1_S.32_91
split_0020	GCA_016839765.1_S.55_6
split_0020	GCA_016839815.1_S.20_26
split_0020	GCA_016840035.1_S.289_24
split_0020	GCA_016840085.1_S.83_165
split_0020	GCA_016840095.1_S.119_1
split_0020	GCA_016840165.1_S.54_237
split_0020	GCA_016840425.1_S.185_6
split_0020	GCA_016840485.1_S.230_3
split_0020	GCA_016840585.1_S.83_21
split_0020	GCA_016840625.1_S.36_8
split_0020	GCA_016840745.1_S.279_4
split_0020	GCA_016840795.1_S.27_4
split_0020	GCA_016840855.1_S.220_8
split_0020	GCA_016933055.1_S.6_279
split_0020	GCA_016933575.1_S.57_155
split_0020	GCA_018238155.1_S.45_36
split_0020	GCA_018238205.1_S.64_4
split_0020	GCA_018238375.1_S.258_31
split_0020	GCA_018238545.1_S.52_11
split_0020	GCA_018238825.1_S.181_3
split_0020	GCA_018238965.1_S.27_2
split_0020	GCA_018335335.1_S.25_8
split_0020	GCA_018383895.1_S.108_10
split_0020	GCA_019056805.1_S.17_108
split_0020	GCA_019056875.1_S.352_7
split_0020	GCA_019057385.1_S.5_139
split_0020	GCA_019057475.1_S.27_18
split_0020	GCA_019057635.1_S.138_2
split_0020	GCA_019058015.1_S.83_57
split_0020	GCA_019058135.1_S.541_6
split_0020	GCA_019058165.1_S.209_10
split_0020	GCA_019058245.1_S.10_45
split_0020	GCA_019058275.1_S.41_61
split_0020	GCA_019058295.1_S.2_161
split_0020	GCA_019058315.1_S.5_297
split_0020	GCA_019058495.1_S.265_35
split_0020	GCA_019894795.1_S.88_6
split_0020	GCA_020348985.1_S.1_1030
split_0020	GCA_020353515.1_S.1_2688
split_0020	GCA_020355105.1_S.1_23
split_0020	GCA_021399395.1_S.48_4
split_0020	GCA_021498095.1_S.1_313
split_0020	GCA_021498125.1_S.3_120
split_0020	GCA_022574115.1_S.65_1
split_0020	GCA_023134215.1_S.104_1
split_0020	GCA_023136245.1_S.124_6
split_0020	GCA_023270155.1_S.174_9
split_0020	GCA_023705905.1_S.143_7
split_0020	GCA_023705945.1_S.192_9
split_0020	GCA_024275415.1_S.73_106
split_0020	GCA_024276395.1_S.707_4
split_0020	GCA_024276825.1_S.24_55
split_0020	GCA_025839675.1_S.1_3334
split_0020	GCA_026993975.1_S.165_4
split_0020	GCA_027001645.1_S.420_1
split_0020	GCA_027016475.1_S.193_4
split_0020	GCA_027031765.1_S.97_5
split_0020	GCA_027077875.1_S.276_1
split_0020	GCA_029210805.1_S.90_2
split_0020	GCA_029855935.1_S.8_112
split_0020	GCA_029856055.1_S.144_2
split_0020	GCA_029856235.1_S.216_4
split_0020	GCA_029856295.1_S.295_5
split_0020	GCA_029856435.1_S.65_5
split_0020	GCA_029856635.1_S.44_5
split_0020	GCA_029858305.1_S.185_60
split_0020	GCA_030149205.1_S.2_207
split_0020	GCA_030587365.2_S.537_1
split_0020	GCA_030587475.2_S.144_20
split_0020	GCA_030587585.2_S.353_7
split_0020	GCA_030589605.1_S.385_2
split_0020	GCA_030593165.1_S.366_7
split_0020	GCA_030602675.1_S.282_6
split_0020	GCA_030603365.1_S.13_52
split_0020	GCA_030606095.1_S.336_7
split_0020	GCA_030607575.1_S.180_18
split_0020	GCA_030608385.1_S.204_2
split_0020	GCA_030610785.1_S.199_18
split_0020	GCA_030611625.1_S.194_10
split_0020	GCA_030611665.1_S.25_7
split_0020	GCA_030612005.1_S.244_8
split_0020	GCA_030612265.1_S.43_3
split_0020	GCA_030612365.1_S.133_11
split_0020	GCA_030631995.1_S.116_7
split_0020	GCA_030668165.1_S.32_3
split_0020	GCA_030668825.1_S.108_21
split_0020	GCA_030668875.1_S.16_4
split_0020	GCA_030669595.1_S.132_7
split_0020	GCA_034660795.1_S.87_16
split_0020	GCA_035528035.1_S.13_54
split_0020	GCA_035531115.1_S.170_29
split_0020	GCA_037305845.1_S.1_1652
split_0020	GCA_037308085.1_S.1_591
split_0020	GCA_037310415.1_S.1_520
split_0020	GCA_037386725.1_S.126_6
split_0020	GCA_038825615.1_S.36_2
split_0020	GCA_038826135.1_S.59_9
split_0020	GCA_038834185.1_S.150_6
split_0020	GCA_038861695.1_S.3_128
split_0020	GCA_038864975.1_S.139_2
split_0020	GCA_038893995.1_S.33_18
split_0020	GCA_038894835.1_S.23_4
split_0020	GCA_038897395.1_S.1_456
split_0020	GCA_041305945.1_S.1_3192
split_0020	GCA_052626455.1_S.9_58
split_0020	GCA_054381595.1_S.364_2
split_0020	GCA_054384155.1_S.46_28
split_0020	GCA_054384775.1_S.36_13
split_0020	GCA_054384955.1_S.63_3
split_0020	GCA_054385715.1_S.103_83
split_0020	GCA_054385915.1_S.95_89
split_0020	GCA_054386375.1_S.83_6
split_0020	GCA_054386435.1_S.135_1
split_0020	GCA_054387055.1_S.168_4
split_0020	GCA_054387815.1_S.35_7
split_0020	GCA_054390975.1_S.51_1
split_0020	GCF_008000775.2_S.1_423
split_0020	GCF_021083305.1_S.18_1
split_0020	GOMC.bin.10982_S.278_20
split_0020	GOMC.bin.12592_S.14_29
split_0020	GOMC.bin.14008_S.75_8
split_0020	GOMC.bin.16881_S.86_2
split_0020	GOMC.bin.16906_S.63_7
split_0020	GOMC.bin.16970_S.170_1
split_0020	GOMC.bin.2212_S.199_4
split_0020	GOMC.bin.2599_S.181_13
split_0020	GOMC.bin.2762_S.358_1
split_0020	GOMC.bin.2861_S.60_25
split_0020	GOMC.bin.2973_S.33_30
split_0020	GOMC.bin.2988_S.69_1
split_0020	GOMC.bin.32939_S.20_5
split_0020	GOMC.bin.3447_S.209_2
split_0020	GOMC.bin.3488_S.28_2
split_0020	GOMC.bin.7564_S.88_1
split_0020	GOMC.bin.8267_S.33_17
split_0020	GOMC.bin.8271_S.62_1
split_0020	GOMC.bin.9621_S.343_16
split_0021	ERR6430833_bin.2_S.55_4
split_0021	GCA_004524365.1_S.93_11
split_0021	GCA_014730165.1_S.336_5
split_0021	GCA_030606095.1_S.336_7
split_0022	GCA_004524365.1_S.93_11
split_0022	GCA_014730165.1_S.336_5
split_0022	GCA_030606095.1_S.336_7
split_0023	GCA_014730165.1_S.336_5
split_0023	GCA_030606095.1_S.336_7
split_0024	GCA_001563335.1_S.109_28
split_0024	GCA_001940655.1_S.82_1
split_0024	GCA_001940665.2_S.1_525
split_0024	GCA_001940705.1_S.178_2
split_0024	GCA_002255025.1_S.73_11
split_0024	GCA_003144275.1_S.100_6
split_0024	GCA_003345545.1_S.12_97
split_0024	GCA_003345555.1_S.57_45
split_0024	GCA_003345595.1_S.26_4
split_0024	GCA_004524385.1_S.96_8
split_0024	GCA_004524435.1_S.196_4
split_0024	GCA_004524445.1_S.24_129
split_0024	GCA_004524535.1_S.50_9
split_0024	GCA_004524545.1_S.48_28
split_0024	GCA_005191415.1_S.102_25
split_0024	GCA_008080745.1_S.10_72
split_0024	GCA_011364905.1_S.35_6
split_0024	GCA_011364985.1_S.11_380
split_0024	GCA_013138615.1_S.150_2
split_0024	GCA_013166775.1_S.97_128
split_0024	GCA_013166835.1_S.176_39
split_0024	GCA_013388835.1_S.24_29
split_0024	GCA_014729935.1_S.201_1
split_0024	GCA_014730275.1_S.141_91
split_0024	GCA_015520535.1_S.540_18
split_0024	GCA_015523565.1_S.57_7
split_0024	GCA_016839265.1_S.1_417
split_0024	GCA_016839275.1_S.115_1
split_0024	GCA_016839275.1_S.84_1
split_0024	GCA_016839365.1_S.21_41
split_0024	GCA_016839445.1_S.182_26
split_0024	GCA_016839515.1_S.41_73
split_0024	GCA_016839545.1_S.346_4
split_0024	GCA_016839555.1_S.1_415
split_0024	GCA_016839605.1_S.255_12
split_0024	GCA_016839625.1_S.287_1
split_0024	GCA_016839705.1_S.32_91
split_0024	GCA_016839765.1_S.55_6
split_0024	GCA_016839815.1_S.20_26
split_0024	GCA_016840035.1_S.289_24
split_0024	GCA_016840085.1_S.83_165
split_0024	GCA_016840095.1_S.119_1
split_0024	GCA_016840165.1_S.54_237
split_0024	GCA_016840425.1_S.185_6
split_0024	GCA_016840485.1_S.230_3
split_0024	GCA_016840585.1_S.83_21
split_0024	GCA_016840625.1_S.36_8
split_0024	GCA_016840745.1_S.279_4
split_0024	GCA_016840795.1_S.27_4
split_0024	GCA_016840855.1_S.220_8
split_0024	GCA_016933055.1_S.6_279
split_0024	GCA_016933575.1_S.57_155
split_0024	GCA_018238155.1_S.45_36
split_0024	GCA_018238205.1_S.64_4
split_0024	GCA_018238375.1_S.258_31
split_0024	GCA_018238545.1_S.52_11
split_0024	GCA_018238825.1_S.181_3
split_0024	GCA_018238965.1_S.27_2
split_0024	GCA_018335335.1_S.25_8
split_0024	GCA_018383895.1_S.108_10
split_0024	GCA_019056805.1_S.17_108
split_0024	GCA_019056875.1_S.352_7
split_0024	GCA_019057385.1_S.5_139
split_0024	GCA_019057475.1_S.27_18
split_0024	GCA_019057635.1_S.138_2
split_0024	GCA_019058015.1_S.83_57
split_0024	GCA_019058135.1_S.541_6
split_0024	GCA_019058165.1_S.209_10
split_0024	GCA_019058245.1_S.10_45
split_0024	GCA_019058275.1_S.41_61
split_0024	GCA_019058295.1_S.2_161
split_0024	GCA_019058315.1_S.5_297
split_0024	GCA_019058495.1_S.265_35
split_0024	GCA_019894795.1_S.88_6
split_0024	GCA_020348985.1_S.1_1030
split_0024	GCA_020353515.1_S.1_2688
split_0024	GCA_020355105.1_S.1_23
split_0024	GCA_021399395.1_S.48_4
split_0024	GCA_021498095.1_S.1_313
split_0024	GCA_021498125.1_S.3_120
split_0024	GCA_022574115.1_S.65_1
split_0024	GCA_023134215.1_S.104_1
split_0024	GCA_023136245.1_S.124_6
split_0024	GCA_023270155.1_S.174_9
split_0024	GCA_023705905.1_S.143_7
split_0024	GCA_023705945.1_S.192_9
split_0024	GCA_024275415.1_S.73_106
split_0024	GCA_024276395.1_S.707_4
split_0024	GCA_024276825.1_S.24_55
split_0024	GCA_025839675.1_S.1_3334
split_0024	GCA_026993975.1_S.165_4
split_0024	GCA_027001645.1_S.420_1
split_0024	GCA_027016475.1_S.193_4
split_0024	GCA_027031765.1_S.97_5
split_0024	GCA_027077875.1_S.276_1
split_0024	GCA_029210805.1_S.90_2
split_0024	GCA_029855935.1_S.8_112
split_0024	GCA_029856055.1_S.144_2
split_0024	GCA_029856235.1_S.216_4
split_0024	GCA_029856295.1_S.295_5
split_0024	GCA_029856435.1_S.65_5
split_0024	GCA_029856635.1_S.44_5
split_0024	GCA_029858305.1_S.185_60
split_0024	GCA_030149205.1_S.2_207
split_0024	GCA_030587365.2_S.537_1
split_0024	GCA_030587475.2_S.144_20
split_0024	GCA_030587585.2_S.353_7
split_0024	GCA_030589605.1_S.385_2
split_0024	GCA_030593165.1_S.366_7
split_0024	GCA_030602675.1_S.282_6
split_0024	GCA_030603365.1_S.13_52
split_0024	GCA_030607575.1_S.180_18
split_0024	GCA_030608385.1_S.204_2
split_0024	GCA_030610785.1_S.199_18
split_0024	GCA_030611625.1_S.194_10
split_0024	GCA_030611665.1_S.25_7
split_0024	GCA_030612005.1_S.244_8
split_0024	GCA_030612265.1_S.43_3
split_0024	GCA_030612365.1_S.133_11
split_0024	GCA_030631995.1_S.116_7
split_0024	GCA_030668165.1_S.32_3
split_0024	GCA_030668825.1_S.108_21
split_0024	GCA_030668875.1_S.16_4
split_0024	GCA_030669595.1_S.132_7
split_0024	GCA_034660795.1_S.87_16
split_0024	GCA_035528035.1_S.13_54
split_0024	GCA_035531115.1_S.170_29
split_0024	GCA_037305845.1_S.1_1652
split_0024	GCA_037308085.1_S.1_591
split_0024	GCA_037310415.1_S.1_520
split_0024	GCA_037386725.1_S.126_6
split_0024	GCA_038825615.1_S.36_2
split_0024	GCA_038826135.1_S.59_9
split_0024	GCA_038834185.1_S.150_6
split_0024	GCA_038861695.1_S.3_128
split_0024	GCA_038864975.1_S.139_2
split_0024	GCA_038893995.1_S.33_18
split_0024	GCA_038894835.1_S.23_4
split_0024	GCA_038897395.1_S.1_456
split_0024	GCA_041305945.1_S.1_3192
split_0024	GCA_052626455.1_S.9_58
split_0024	GCA_054381595.1_S.364_2
split_0024	GCA_054384155.1_S.46_28
split_0024	GCA_054384775.1_S.36_13
split_0024	GCA_054384955.1_S.63_3
split_0024	GCA_054385715.1_S.103_83
split_0024	GCA_054385915.1_S.95_89
split_0024	GCA_054386375.1_S.83_6
split_0024	GCA_054386435.1_S.135_1
split_0024	GCA_054387055.1_S.168_4
split_0024	GCA_054387815.1_S.35_7
split_0024	GCA_054390975.1_S.51_1
split_0024	GCF_008000775.2_S.1_423
split_0024	GCF_021083305.1_S.18_1
split_0024	GOMC.bin.10982_S.278_20
split_0024	GOMC.bin.12592_S.14_29
split_0024	GOMC.bin.14008_S.75_8
split_0024	GOMC.bin.16881_S.86_2
split_0024	GOMC.bin.16906_S.63_7
split_0024	GOMC.bin.16970_S.170_1
split_0024	GOMC.bin.2212_S.199_4
split_0024	GOMC.bin.2599_S.181_13
split_0024	GOMC.bin.2762_S.358_1
split_0024	GOMC.bin.2861_S.60_25
split_0024	GOMC.bin.2973_S.33_30
split_0024	GOMC.bin.2988_S.69_1
split_0024	GOMC.bin.32939_S.20_5
split_0024	GOMC.bin.3447_S.209_2
split_0024	GOMC.bin.3488_S.28_2
split_0024	GOMC.bin.7564_S.88_1
split_0024	GOMC.bin.8267_S.33_17
split_0024	GOMC.bin.8271_S.62_1
split_0024	GOMC.bin.9621_S.343_16
split_0025	GCA_001563335.1_S.109_28
split_0025	GCA_001940655.1_S.82_1
split_0025	GCA_001940665.2_S.1_525
split_0025	GCA_001940705.1_S.178_2
split_0025	GCA_003144275.1_S.100_6
split_0025	GCA_003345545.1_S.12_97
split_0025	GCA_003345555.1_S.57_45
split_0025	GCA_003345595.1_S.26_4
split_0025	GCA_004524385.1_S.96_8
split_0025	GCA_004524435.1_S.196_4
split_0025	GCA_004524445.1_S.24_129
split_0025	GCA_004524535.1_S.50_9
split_0025	GCA_004524545.1_S.48_28
split_0025	GCA_005191415.1_S.102_25
split_0025	GCA_008080745.1_S.10_72
split_0025	GCA_011364905.1_S.35_6
split_0025	GCA_011364985.1_S.11_380
split_0025	GCA_013138615.1_S.150_2
split_0025	GCA_013166775.1_S.97_128
split_0025	GCA_013166835.1_S.176_39
split_0025	GCA_013388835.1_S.24_29
split_0025	GCA_014729935.1_S.201_1
split_0025	GCA_014730275.1_S.141_91
split_0025	GCA_015520535.1_S.540_18
split_0025	GCA_015523565.1_S.57_7
split_0025	GCA_016839265.1_S.1_417
split_0025	GCA_016839275.1_S.115_1
split_0025	GCA_016839275.1_S.84_1
split_0025	GCA_016839365.1_S.21_41
split_0025	GCA_016839445.1_S.182_26
split_0025	GCA_016839515.1_S.41_73
split_0025	GCA_016839545.1_S.346_4
split_0025	GCA_016839555.1_S.1_415
split_0025	GCA_016839605.1_S.255_12
split_0025	GCA_016839625.1_S.287_1
split_0025	GCA_016839705.1_S.32_91
split_0025	GCA_016839765.1_S.55_6
split_0025	GCA_016839815.1_S.20_26
split_0025	GCA_016840035.1_S.289_24
split_0025	GCA_016840085.1_S.83_165
split_0025	GCA_016840095.1_S.119_1
split_0025	GCA_016840165.1_S.54_237
split_0025	GCA_016840425.1_S.185_6
split_0025	GCA_016840485.1_S.230_3
split_0025	GCA_016840585.1_S.83_21
split_0025	GCA_016840625.1_S.36_8
split_0025	GCA_016840745.1_S.279_4
split_0025	GCA_016840795.1_S.27_4
split_0025	GCA_016840855.1_S.220_8
split_0025	GCA_016933055.1_S.6_279
split_0025	GCA_016933575.1_S.57_155
split_0025	GCA_018238155.1_S.45_36
split_0025	GCA_018238205.1_S.64_4
split_0025	GCA_018238375.1_S.258_31
split_0025	GCA_018238545.1_S.52_11
split_0025	GCA_018238825.1_S.181_3
split_0025	GCA_018238965.1_S.27_2
split_0025	GCA_018335335.1_S.25_8
split_0025	GCA_018383895.1_S.108_10
split_0025	GCA_019056805.1_S.17_108
split_0025	GCA_019056875.1_S.352_7
split_0025	GCA_019057385.1_S.5_139
split_0025	GCA_019057475.1_S.27_18
split_0025	GCA_019057635.1_S.138_2
split_0025	GCA_019058015.1_S.83_57
split_0025	GCA_019058135.1_S.541_6
split_0025	GCA_019058165.1_S.209_10
split_0025	GCA_019058245.1_S.10_45
split_0025	GCA_019058275.1_S.41_61
split_0025	GCA_019058295.1_S.2_161
split_0025	GCA_019058315.1_S.5_297
split_0025	GCA_019058495.1_S.265_35
split_0025	GCA_019894795.1_S.88_6
split_0025	GCA_020348985.1_S.1_1030
split_0025	GCA_020353515.1_S.1_2688
split_0025	GCA_020355105.1_S.1_23
split_0025	GCA_021399395.1_S.48_4
split_0025	GCA_021498095.1_S.1_313
split_0025	GCA_021498125.1_S.3_120
split_0025	GCA_022574115.1_S.65_1
split_0025	GCA_023134215.1_S.104_1
split_0025	GCA_023136245.1_S.124_6
split_0025	GCA_023270155.1_S.174_9
split_0025	GCA_023705905.1_S.143_7
split_0025	GCA_023705945.1_S.192_9
split_0025	GCA_024275415.1_S.73_106
split_0025	GCA_024276395.1_S.707_4
split_0025	GCA_024276825.1_S.24_55
split_0025	GCA_025839675.1_S.1_3334
split_0025	GCA_026993975.1_S.165_4
split_0025	GCA_027001645.1_S.420_1
split_0025	GCA_027016475.1_S.193_4
split_0025	GCA_027031765.1_S.97_5
split_0025	GCA_027077875.1_S.276_1
split_0025	GCA_029210805.1_S.90_2
split_0025	GCA_029855935.1_S.8_112
split_0025	GCA_029856055.1_S.144_2
split_0025	GCA_029856235.1_S.216_4
split_0025	GCA_029856295.1_S.295_5
split_0025	GCA_029856435.1_S.65_5
split_0025	GCA_029856635.1_S.44_5
split_0025	GCA_029858305.1_S.185_60
split_0025	GCA_030149205.1_S.2_207
split_0025	GCA_030587365.2_S.537_1
split_0025	GCA_030587475.2_S.144_20
split_0025	GCA_030587585.2_S.353_7
split_0025	GCA_030589605.1_S.385_2
split_0025	GCA_030593165.1_S.366_7
split_0025	GCA_030602675.1_S.282_6
split_0025	GCA_030603365.1_S.13_52
split_0025	GCA_030607575.1_S.180_18
split_0025	GCA_030608385.1_S.204_2
split_0025	GCA_030610785.1_S.199_18
split_0025	GCA_030611625.1_S.194_10
split_0025	GCA_030611665.1_S.25_7
split_0025	GCA_030612005.1_S.244_8
split_0025	GCA_030612265.1_S.43_3
split_0025	GCA_030612365.1_S.133_11
split_0025	GCA_030631995.1_S.116_7
split_0025	GCA_030668165.1_S.32_3
split_0025	GCA_030668825.1_S.108_21
split_0025	GCA_030668875.1_S.16_4
split_0025	GCA_030669595.1_S.132_7
split_0025	GCA_034660795.1_S.87_16
split_0025	GCA_035528035.1_S.13_54
split_0025	GCA_035531115.1_S.170_29
split_0025	GCA_037305845.1_S.1_1652
split_0025	GCA_037308085.1_S.1_591
split_0025	GCA_037310415.1_S.1_520
split_0025	GCA_037386725.1_S.126_6
split_0025	GCA_038825615.1_S.36_2
split_0025	GCA_038826135.1_S.59_9
split_0025	GCA_038834185.1_S.150_6
split_0025	GCA_038861695.1_S.3_128
split_0025	GCA_038864975.1_S.139_2
split_0025	GCA_038893995.1_S.33_18
split_0025	GCA_038894835.1_S.23_4
split_0025	GCA_038897395.1_S.1_456
split_0025	GCA_041305945.1_S.1_3192
split_0025	GCA_052626455.1_S.9_58
split_0025	GCA_054381595.1_S.364_2
split_0025	GCA_054384155.1_S.46_28
split_0025	GCA_054384775.1_S.36_13
split_0025	GCA_054384955.1_S.63_3
split_0025	GCA_054385715.1_S.103_83
split_0025	GCA_054385915.1_S.95_89
split_0025	GCA_054386375.1_S.83_6
split_0025	GCA_054386435.1_S.135_1
split_0025	GCA_054387055.1_S.168_4
split_0025	GCA_054387815.1_S.35_7
split_0025	GCA_054390975.1_S.51_1
split_0025	GCF_008000775.2_S.1_423
split_0025	GCF_021083305.1_S.18_1
split_0025	GOMC.bin.10982_S.278_20
split_0025	GOMC.bin.12592_S.14_29
split_0025	GOMC.bin.14008_S.75_8
split_0025	GOMC.bin.16881_S.86_2
split_0025	GOMC.bin.16906_S.63_7
split_0025	GOMC.bin.16970_S.170_1
split_0025	GOMC.bin.2599_S.181_13
split_0025	GOMC.bin.2861_S.60_25
split_0025	GOMC.bin.2973_S.33_30
split_0025	GOMC.bin.2988_S.69_1
split_0025	GOMC.bin.32939_S.20_5
split_0025	GOMC.bin.3447_S.209_2
split_0025	GOMC.bin.3488_S.28_2
split_0025	GOMC.bin.7564_S.88_1
split_0025	GOMC.bin.8267_S.33_17
split_0025	GOMC.bin.8271_S.62_1
split_0025	GOMC.bin.9621_S.343_16
split_0026	GCA_001563335.1_S.109_28
split_0026	GCA_001940655.1_S.82_1
split_0026	GCA_001940665.2_S.1_525
split_0026	GCA_001940705.1_S.178_2
split_0026	GCA_003144275.1_S.100_6
split_0026	GCA_003345545.1_S.12_97
split_0026	GCA_003345555.1_S.57_45
split_0026	GCA_003345595.1_S.26_4
split_0026	GCA_004524385.1_S.96_8
split_0026	GCA_004524435.1_S.196_4
split_0026	GCA_004524445.1_S.24_129
split_0026	GCA_004524535.1_S.50_9
split_0026	GCA_004524545.1_S.48_28
split_0026	GCA_005191415.1_S.102_25
split_0026	GCA_008080745.1_S.10_72
split_0026	GCA_011364905.1_S.35_6
split_0026	GCA_011364985.1_S.11_380
split_0026	GCA_013138615.1_S.150_2
split_0026	GCA_013166775.1_S.97_128
split_0026	GCA_013166835.1_S.176_39
split_0026	GCA_013388835.1_S.24_29
split_0026	GCA_014729935.1_S.201_1
split_0026	GCA_014730275.1_S.141_91
split_0026	GCA_015520535.1_S.540_18
split_0026	GCA_015523565.1_S.57_7
split_0026	GCA_016839265.1_S.1_417
split_0026	GCA_016839275.1_S.115_1
split_0026	GCA_016839275.1_S.84_1
split_0026	GCA_016839365.1_S.21_41
split_0026	GCA_016839445.1_S.182_26
split_0026	GCA_016839515.1_S.41_73
split_0026	GCA_016839545.1_S.346_4
split_0026	GCA_016839555.1_S.1_415
split_0026	GCA_016839605.1_S.255_12
split_0026	GCA_016839625.1_S.287_1
split_0026	GCA_016839705.1_S.32_91
split_0026	GCA_016839765.1_S.55_6
split_0026	GCA_016839815.1_S.20_26
split_0026	GCA_016840035.1_S.289_24
split_0026	GCA_016840085.1_S.83_165
split_0026	GCA_016840095.1_S.119_1
split_0026	GCA_016840165.1_S.54_237
split_0026	GCA_016840425.1_S.185_6
split_0026	GCA_016840485.1_S.230_3
split_0026	GCA_016840585.1_S.83_21
split_0026	GCA_016840625.1_S.36_8
split_0026	GCA_016840745.1_S.279_4
split_0026	GCA_016840795.1_S.27_4
split_0026	GCA_016840855.1_S.220_8
split_0026	GCA_016933055.1_S.6_279
split_0026	GCA_016933575.1_S.57_155
split_0026	GCA_018238155.1_S.45_36
split_0026	GCA_018238205.1_S.64_4
split_0026	GCA_018238375.1_S.258_31
split_0026	GCA_018238545.1_S.52_11
split_0026	GCA_018238825.1_S.181_3
split_0026	GCA_018238965.1_S.27_2
split_0026	GCA_018335335.1_S.25_8
split_0026	GCA_018383895.1_S.108_10
split_0026	GCA_019056805.1_S.17_108
split_0026	GCA_019056875.1_S.352_7
split_0026	GCA_019057385.1_S.5_139
split_0026	GCA_019057475.1_S.27_18
split_0026	GCA_019057635.1_S.138_2
split_0026	GCA_019058015.1_S.83_57
split_0026	GCA_019058135.1_S.541_6
split_0026	GCA_019058165.1_S.209_10
split_0026	GCA_019058245.1_S.10_45
split_0026	GCA_019058275.1_S.41_61
split_0026	GCA_019058295.1_S.2_161
split_0026	GCA_019058315.1_S.5_297
split_0026	GCA_019058495.1_S.265_35
split_0026	GCA_019894795.1_S.88_6
split_0026	GCA_020348985.1_S.1_1030
split_0026	GCA_020353515.1_S.1_2688
split_0026	GCA_020355105.1_S.1_23
split_0026	GCA_021399395.1_S.48_4
split_0026	GCA_021498095.1_S.1_313
split_0026	GCA_021498125.1_S.3_120
split_0026	GCA_022574115.1_S.65_1
split_0026	GCA_023134215.1_S.104_1
split_0026	GCA_023136245.1_S.124_6
split_0026	GCA_023270155.1_S.174_9
split_0026	GCA_023705905.1_S.143_7
split_0026	GCA_023705945.1_S.192_9
split_0026	GCA_024275415.1_S.73_106
split_0026	GCA_024276395.1_S.707_4
split_0026	GCA_024276825.1_S.24_55
split_0026	GCA_025839675.1_S.1_3334
split_0026	GCA_027001645.1_S.420_1
split_0026	GCA_027016475.1_S.193_4
split_0026	GCA_027031765.1_S.97_5
split_0026	GCA_027077875.1_S.276_1
split_0026	GCA_029210805.1_S.90_2
split_0026	GCA_029855935.1_S.8_112
split_0026	GCA_029856235.1_S.216_4
split_0026	GCA_029856295.1_S.295_5
split_0026	GCA_029856435.1_S.65_5
split_0026	GCA_029858305.1_S.185_60
split_0026	GCA_030149205.1_S.2_207
split_0026	GCA_030587365.2_S.537_1
split_0026	GCA_030587475.2_S.144_20
split_0026	GCA_030589605.1_S.385_2
split_0026	GCA_030593165.1_S.366_7
split_0026	GCA_030602675.1_S.282_6
split_0026	GCA_030603365.1_S.13_52
split_0026	GCA_030607575.1_S.180_18
split_0026	GCA_030608385.1_S.204_2
split_0026	GCA_030610785.1_S.199_18
split_0026	GCA_030611625.1_S.194_10
split_0026	GCA_030611665.1_S.25_7
split_0026	GCA_030612005.1_S.244_8
split_0026	GCA_030612265.1_S.43_3
split_0026	GCA_030612365.1_S.133_11
split_0026	GCA_030631995.1_S.116_7
split_0026	GCA_030668165.1_S.32_3
split_0026	GCA_030668825.1_S.108_21
split_0026	GCA_030668875.1_S.16_4
split_0026	GCA_030669595.1_S.132_7
split_0026	GCA_034660795.1_S.87_16
split_0026	GCA_035528035.1_S.13_54
split_0026	GCA_035531115.1_S.170_29
split_0026	GCA_037305845.1_S.1_1652
split_0026	GCA_037308085.1_S.1_591
split_0026	GCA_037310415.1_S.1_520
split_0026	GCA_037386725.1_S.126_6
split_0026	GCA_038825615.1_S.36_2
split_0026	GCA_038826135.1_S.59_9
split_0026	GCA_038834185.1_S.150_6
split_0026	GCA_038861695.1_S.3_128
split_0026	GCA_038864975.1_S.139_2
split_0026	GCA_038893995.1_S.33_18
split_0026	GCA_038897395.1_S.1_456
split_0026	GCA_041305945.1_S.1_3192
split_0026	GCA_052626455.1_S.9_58
split_0026	GCA_054381595.1_S.364_2
split_0026	GCA_054384155.1_S.46_28
split_0026	GCA_054384775.1_S.36_13
split_0026	GCA_054384955.1_S.63_3
split_0026	GCA_054385715.1_S.103_83
split_0026	GCA_054385915.1_S.95_89
split_0026	GCA_054386375.1_S.83_6
split_0026	GCA_054387055.1_S.168_4
split_0026	GCA_054387815.1_S.35_7
split_0026	GCA_054390975.1_S.51_1
split_0026	GCF_008000775.2_S.1_423
split_0026	GOMC.bin.10982_S.278_20
split_0026	GOMC.bin.12592_S.14_29
split_0026	GOMC.bin.14008_S.75_8
split_0026	GOMC.bin.16881_S.86_2
split_0026	GOMC.bin.2599_S.181_13
split_0026	GOMC.bin.2973_S.33_30
split_0026	GOMC.bin.32939_S.20_5
split_0026	GOMC.bin.3447_S.209_2
split_0026	GOMC.bin.7564_S.88_1
split_0026	GOMC.bin.8267_S.33_17
split_0026	GOMC.bin.8271_S.62_1
split_0026	GOMC.bin.9621_S.343_16
split_0027	GCA_001563335.1_S.109_28
split_0027	GCA_001940655.1_S.82_1
split_0027	GCA_001940665.2_S.1_525
split_0027	GCA_001940705.1_S.178_2
split_0027	GCA_003144275.1_S.100_6
split_0027	GCA_003345545.1_S.12_97
split_0027	GCA_003345555.1_S.57_45
split_0027	GCA_003345595.1_S.26_4
split_0027	GCA_004524385.1_S.96_8
split_0027	GCA_004524435.1_S.196_4
split_0027	GCA_004524445.1_S.24_129
split_0027	GCA_004524535.1_S.50_9
split_0027	GCA_004524545.1_S.48_28
split_0027	GCA_005191415.1_S.102_25
split_0027	GCA_008080745.1_S.10_72
split_0027	GCA_011364905.1_S.35_6
split_0027	GCA_011364985.1_S.11_380
split_0027	GCA_013138615.1_S.150_2
split_0027	GCA_013166775.1_S.97_128
split_0027	GCA_013166835.1_S.176_39
split_0027	GCA_013388835.1_S.24_29
split_0027	GCA_014729935.1_S.201_1
split_0027	GCA_014730275.1_S.141_91
split_0027	GCA_015520535.1_S.540_18
split_0027	GCA_015523565.1_S.57_7
split_0027	GCA_016839265.1_S.1_417
split_0027	GCA_016839275.1_S.115_1
split_0027	GCA_016839275.1_S.84_1
split_0027	GCA_016839365.1_S.21_41
split_0027	GCA_016839445.1_S.182_26
split_0027	GCA_016839515.1_S.41_73
split_0027	GCA_016839545.1_S.346_4
split_0027	GCA_016839555.1_S.1_415
split_0027	GCA_016839605.1_S.255_12
split_0027	GCA_016839625.1_S.287_1
split_0027	GCA_016839705.1_S.32_91
split_0027	GCA_016839765.1_S.55_6
split_0027	GCA_016839815.1_S.20_26
split_0027	GCA_016840035.1_S.289_24
split_0027	GCA_016840085.1_S.83_165
split_0027	GCA_016840095.1_S.119_1
split_0027	GCA_016840165.1_S.54_237
split_0027	GCA_016840425.1_S.185_6
split_0027	GCA_016840585.1_S.83_21
split_0027	GCA_016840625.1_S.36_8
split_0027	GCA_016840745.1_S.279_4
split_0027	GCA_016840795.1_S.27_4
split_0027	GCA_016840855.1_S.220_8
split_0027	GCA_016933055.1_S.6_279
split_0027	GCA_016933575.1_S.57_155
split_0027	GCA_018238155.1_S.45_36
split_0027	GCA_018238205.1_S.64_4
split_0027	GCA_018238375.1_S.258_31
split_0027	GCA_018238545.1_S.52_11
split_0027	GCA_018238825.1_S.181_3
split_0027	GCA_018238965.1_S.27_2
split_0027	GCA_018335335.1_S.25_8
split_0027	GCA_018383895.1_S.108_10
split_0027	GCA_019056875.1_S.352_7
split_0027	GCA_019057385.1_S.5_139
split_0027	GCA_019057475.1_S.27_18
split_0027	GCA_019057635.1_S.138_2
split_0027	GCA_019058015.1_S.83_57
split_0027	GCA_019058135.1_S.541_6
split_0027	GCA_019058165.1_S.209_10
split_0027	GCA_019058245.1_S.10_45
split_0027	GCA_019058275.1_S.41_61
split_0027	GCA_019058295.1_S.2_161
split_0027	GCA_019058315.1_S.5_297
split_0027	GCA_019058495.1_S.265_35
split_0027	GCA_019894795.1_S.88_6
split_0027	GCA_020348985.1_S.1_1030
split_0027	GCA_020353515.1_S.1_2688
split_0027	GCA_020355105.1_S.1_23
split_0027	GCA_021399395.1_S.48_4
split_0027	GCA_021498095.1_S.1_313
split_0027	GCA_021498125.1_S.3_120
split_0027	GCA_022574115.1_S.65_1
split_0027	GCA_023134215.1_S.104_1
split_0027	GCA_023136245.1_S.124_6
split_0027	GCA_023270155.1_S.174_9
split_0027	GCA_023705905.1_S.143_7
split_0027	GCA_023705945.1_S.192_9
split_0027	GCA_024275415.1_S.73_106
split_0027	GCA_024276395.1_S.707_4
split_0027	GCA_024276825.1_S.24_55
split_0027	GCA_025839675.1_S.1_3334
split_0027	GCA_027001645.1_S.420_1
split_0027	GCA_027016475.1_S.193_4
split_0027	GCA_027031765.1_S.97_5
split_0027	GCA_027077875.1_S.276_1
split_0027	GCA_029210805.1_S.90_2
split_0027	GCA_029855935.1_S.8_112
split_0027	GCA_029856235.1_S.216_4
split_0027	GCA_029856295.1_S.295_5
split_0027	GCA_029856435.1_S.65_5
split_0027	GCA_029858305.1_S.185_60
split_0027	GCA_030149205.1_S.2_207
split_0027	GCA_030587365.2_S.537_1
split_0027	GCA_030587475.2_S.144_20
split_0027	GCA_030589605.1_S.385_2
split_0027	GCA_030593165.1_S.366_7
split_0027	GCA_030602675.1_S.282_6
split_0027	GCA_030603365.1_S.13_52
split_0027	GCA_030607575.1_S.180_18
split_0027	GCA_030608385.1_S.204_2
split_0027	GCA_030610785.1_S.199_18
split_0027	GCA_030611625.1_S.194_10
split_0027	GCA_030611665.1_S.25_7
split_0027	GCA_030612005.1_S.244_8
split_0027	GCA_030612265.1_S.43_3
split_0027	GCA_030612365.1_S.133_11
split_0027	GCA_030631995.1_S.116_7
split_0027	GCA_030668165.1_S.32_3
split_0027	GCA_030668825.1_S.108_21
split_0027	GCA_030668875.1_S.16_4
split_0027	GCA_030669595.1_S.132_7
split_0027	GCA_034660795.1_S.87_16
split_0027	GCA_035528035.1_S.13_54
split_0027	GCA_035531115.1_S.170_29
split_0027	GCA_037305845.1_S.1_1652
split_0027	GCA_037308085.1_S.1_591
split_0027	GCA_037310415.1_S.1_520
split_0027	GCA_037386725.1_S.126_6
split_0027	GCA_038825615.1_S.36_2
split_0027	GCA_038826135.1_S.59_9
split_0027	GCA_038834185.1_S.150_6
split_0027	GCA_038861695.1_S.3_128
split_0027	GCA_038864975.1_S.139_2
split_0027	GCA_038893995.1_S.33_18
split_0027	GCA_038897395.1_S.1_456
split_0027	GCA_041305945.1_S.1_3192
split_0027	GCA_052626455.1_S.9_58
split_0027	GCA_054381595.1_S.364_2
split_0027	GCA_054384155.1_S.46_28
split_0027	GCA_054384775.1_S.36_13
split_0027	GCA_054384955.1_S.63_3
split_0027	GCA_054385715.1_S.103_83
split_0027	GCA_054385915.1_S.95_89
split_0027	GCA_054386375.1_S.83_6
split_0027	GCA_054387055.1_S.168_4
split_0027	GCA_054387815.1_S.35_7
split_0027	GCA_054390975.1_S.51_1
split_0027	GCF_008000775.2_S.1_423
split_0027	GOMC.bin.10982_S.278_20
split_0027	GOMC.bin.12592_S.14_29
split_0027	GOMC.bin.14008_S.75_8
split_0027	GOMC.bin.2599_S.181_13
split_0027	GOMC.bin.32939_S.20_5
split_0027	GOMC.bin.3447_S.209_2
split_0027	GOMC.bin.7564_S.88_1
split_0027	GOMC.bin.8267_S.33_17
split_0027	GOMC.bin.8271_S.62_1
split_0027	GOMC.bin.9621_S.343_16
split_0028	GCA_001563335.1_S.109_28
split_0028	GCA_001940655.1_S.82_1
split_0028	GCA_001940665.2_S.1_525
split_0028	GCA_001940705.1_S.178_2
split_0028	GCA_003144275.1_S.100_6
split_0028	GCA_003345545.1_S.12_97
split_0028	GCA_003345555.1_S.57_45
split_0028	GCA_003345595.1_S.26_4
split_0028	GCA_004524385.1_S.96_8
split_0028	GCA_004524435.1_S.196_4
split_0028	GCA_004524445.1_S.24_129
split_0028	GCA_004524535.1_S.50_9
split_0028	GCA_004524545.1_S.48_28
split_0028	GCA_005191415.1_S.102_25
split_0028	GCA_008080745.1_S.10_72
split_0028	GCA_011364905.1_S.35_6
split_0028	GCA_011364985.1_S.11_380
split_0028	GCA_013138615.1_S.150_2
split_0028	GCA_013166775.1_S.97_128
split_0028	GCA_013166835.1_S.176_39
split_0028	GCA_013388835.1_S.24_29
split_0028	GCA_014729935.1_S.201_1
split_0028	GCA_014730275.1_S.141_91
split_0028	GCA_015520535.1_S.540_18
split_0028	GCA_015523565.1_S.57_7
split_0028	GCA_016839265.1_S.1_417
split_0028	GCA_016839275.1_S.115_1
split_0028	GCA_016839275.1_S.84_1
split_0028	GCA_016839365.1_S.21_41
split_0028	GCA_016839445.1_S.182_26
split_0028	GCA_016839515.1_S.41_73
split_0028	GCA_016839545.1_S.346_4
split_0028	GCA_016839555.1_S.1_415
split_0028	GCA_016839605.1_S.255_12
split_0028	GCA_016839625.1_S.287_1
split_0028	GCA_016839705.1_S.32_91
split_0028	GCA_016839765.1_S.55_6
split_0028	GCA_016839815.1_S.20_26
split_0028	GCA_016840035.1_S.289_24
split_0028	GCA_016840085.1_S.83_165
split_0028	GCA_016840095.1_S.119_1
split_0028	GCA_016840165.1_S.54_237
split_0028	GCA_016840425.1_S.185_6
split_0028	GCA_016840585.1_S.83_21
split_0028	GCA_016840625.1_S.36_8
split_0028	GCA_016840745.1_S.279_4
split_0028	GCA_016840795.1_S.27_4
split_0028	GCA_016840855.1_S.220_8
split_0028	GCA_016933055.1_S.6_279
split_0028	GCA_016933575.1_S.57_155
split_0028	GCA_018238155.1_S.45_36
split_0028	GCA_018238205.1_S.64_4
split_0028	GCA_018238375.1_S.258_31
split_0028	GCA_018238545.1_S.52_11
split_0028	GCA_018238825.1_S.181_3
split_0028	GCA_018238965.1_S.27_2
split_0028	GCA_018335335.1_S.25_8
split_0028	GCA_018383895.1_S.108_10
split_0028	GCA_019056875.1_S.352_7
split_0028	GCA_019057385.1_S.5_139
split_0028	GCA_019057475.1_S.27_18
split_0028	GCA_019057635.1_S.138_2
split_0028	GCA_019058015.1_S.83_57
split_0028	GCA_019058135.1_S.541_6
split_0028	GCA_019058165.1_S.209_10
split_0028	GCA_019058245.1_S.10_45
split_0028	GCA_019058275.1_S.41_61
split_0028	GCA_019058295.1_S.2_161
split_0028	GCA_019058315.1_S.5_297
split_0028	GCA_019058495.1_S.265_35
split_0028	GCA_019894795.1_S.88_6
split_0028	GCA_020348985.1_S.1_1030
split_0028	GCA_020353515.1_S.1_2688
split_0028	GCA_020355105.1_S.1_23
split_0028	GCA_021399395.1_S.48_4
split_0028	GCA_021498095.1_S.1_313
split_0028	GCA_021498125.1_S.3_120
split_0028	GCA_022574115.1_S.65_1
split_0028	GCA_023134215.1_S.104_1
split_0028	GCA_023136245.1_S.124_6
split_0028	GCA_023270155.1_S.174_9
split_0028	GCA_023705905.1_S.143_7
split_0028	GCA_023705945.1_S.192_9
split_0028	GCA_024275415.1_S.73_106
split_0028	GCA_024276395.1_S.707_4
split_0028	GCA_024276825.1_S.24_55
split_0028	GCA_025839675.1_S.1_3334
split_0028	GCA_027001645.1_S.420_1
split_0028	GCA_027016475.1_S.193_4
split_0028	GCA_027031765.1_S.97_5
split_0028	GCA_027077875.1_S.276_1
split_0028	GCA_029210805.1_S.90_2
split_0028	GCA_029855935.1_S.8_112
split_0028	GCA_029856235.1_S.216_4
split_0028	GCA_029856295.1_S.295_5
split_0028	GCA_029856435.1_S.65_5
split_0028	GCA_029858305.1_S.185_60
split_0028	GCA_030149205.1_S.2_207
split_0028	GCA_030587365.2_S.537_1
split_0028	GCA_030587475.2_S.144_20
split_0028	GCA_030589605.1_S.385_2
split_0028	GCA_030593165.1_S.366_7
split_0028	GCA_030602675.1_S.282_6
split_0028	GCA_030603365.1_S.13_52
split_0028	GCA_030607575.1_S.180_18
split_0028	GCA_030608385.1_S.204_2
split_0028	GCA_030610785.1_S.199_18
split_0028	GCA_030611625.1_S.194_10
split_0028	GCA_030611665.1_S.25_7
split_0028	GCA_030612005.1_S.244_8
split_0028	GCA_030612265.1_S.43_3
split_0028	GCA_030612365.1_S.133_11
split_0028	GCA_030631995.1_S.116_7
split_0028	GCA_030668165.1_S.32_3
split_0028	GCA_030668825.1_S.108_21
split_0028	GCA_030668875.1_S.16_4
split_0028	GCA_030669595.1_S.132_7
split_0028	GCA_034660795.1_S.87_16
split_0028	GCA_035528035.1_S.13_54
split_0028	GCA_035531115.1_S.170_29
split_0028	GCA_037305845.1_S.1_1652
split_0028	GCA_037308085.1_S.1_591
split_0028	GCA_037310415.1_S.1_520
split_0028	GCA_037386725.1_S.126_6
split_0028	GCA_038825615.1_S.36_2
split_0028	GCA_038826135.1_S.59_9
split_0028	GCA_038834185.1_S.150_6
split_0028	GCA_038861695.1_S.3_128
split_0028	GCA_038864975.1_S.139_2
split_0028	GCA_038893995.1_S.33_18
split_0028	GCA_038897395.1_S.1_456
split_0028	GCA_041305945.1_S.1_3192
split_0028	GCA_054381595.1_S.364_2
split_0028	GCA_054384155.1_S.46_28
split_0028	GCA_054384955.1_S.63_3
split_0028	GCA_054385715.1_S.103_83
split_0028	GCA_054385915.1_S.95_89
split_0028	GCA_054386375.1_S.83_6
split_0028	GCA_054387055.1_S.168_4
split_0028	GCA_054387815.1_S.35_7
split_0028	GCA_054390975.1_S.51_1
split_0028	GCF_008000775.2_S.1_423
split_0028	GOMC.bin.10982_S.278_20
split_0028	GOMC.bin.12592_S.14_29
split_0028	GOMC.bin.14008_S.75_8
split_0028	GOMC.bin.2599_S.181_13
split_0028	GOMC.bin.32939_S.20_5
split_0028	GOMC.bin.3447_S.209_2
split_0028	GOMC.bin.7564_S.88_1
split_0028	GOMC.bin.8267_S.33_17
split_0028	GOMC.bin.8271_S.62_1
split_0028	GOMC.bin.9621_S.343_16
split_0029	GCA_001563335.1_S.109_28
split_0029	GCA_001940655.1_S.82_1
split_0029	GCA_001940665.2_S.1_525
split_0029	GCA_001940705.1_S.178_2
split_0029	GCA_003345545.1_S.12_97
split_0029	GCA_003345555.1_S.57_45
split_0029	GCA_003345595.1_S.26_4
split_0029	GCA_004524385.1_S.96_8
split_0029	GCA_004524435.1_S.196_4
split_0029	GCA_004524445.1_S.24_129
split_0029	GCA_004524535.1_S.50_9
split_0029	GCA_004524545.1_S.48_28
split_0029	GCA_005191415.1_S.102_25
split_0029	GCA_008080745.1_S.10_72
split_0029	GCA_011364905.1_S.35_6
split_0029	GCA_011364985.1_S.11_380
split_0029	GCA_013138615.1_S.150_2
split_0029	GCA_013388835.1_S.24_29
split_0029	GCA_014729935.1_S.201_1
split_0029	GCA_014730275.1_S.141_91
split_0029	GCA_016839265.1_S.1_417
split_0029	GCA_016839275.1_S.115_1
split_0029	GCA_016839275.1_S.84_1
split_0029	GCA_016839365.1_S.21_41
split_0029	GCA_016839445.1_S.182_26
split_0029	GCA_016839555.1_S.1_415
split_0029	GCA_016839605.1_S.255_12
split_0029	GCA_016839705.1_S.32_91
split_0029	GCA_016839765.1_S.55_6
split_0029	GCA_016840085.1_S.83_165
split_0029	GCA_016840165.1_S.54_237
split_0029	GCA_016840585.1_S.83_21
split_0029	GCA_016840625.1_S.36_8
split_0029	GCA_016840745.1_S.279_4
split_0029	GCA_016840795.1_S.27_4
split_0029	GCA_016840855.1_S.220_8
split_0029	GCA_016933055.1_S.6_279
split_0029	GCA_016933575.1_S.57_155
split_0029	GCA_018238205.1_S.64_4
split_0029	GCA_018238375.1_S.258_31
split_0029	GCA_018238825.1_S.181_3
split_0029	GCA_018238965.1_S.27_2
split_0029	GCA_018335335.1_S.25_8
split_0029	GCA_018383895.1_S.108_10
split_0029	GCA_019056875.1_S.352_7
split_0029	GCA_019057475.1_S.27_18
split_0029	GCA_019058015.1_S.83_57
split_0029	GCA_019058135.1_S.541_6
split_0029	GCA_019058245.1_S.10_45
split_0029	GCA_019058295.1_S.2_161
split_0029	GCA_019058315.1_S.5_297
split_0029	GCA_019058495.1_S.265_35
split_0029	GCA_020348985.1_S.1_1030
split_0029	GCA_020355105.1_S.1_23
split_0029	GCA_021498095.1_S.1_313
split_0029	GCA_021498125.1_S.3_120
split_0029	GCA_023134215.1_S.104_1
split_0029	GCA_024275415.1_S.73_106
split_0029	GCA_024276825.1_S.24_55
split_0029	GCA_025839675.1_S.1_3334
split_0029	GCA_027031765.1_S.97_5
split_0029	GCA_029210805.1_S.90_2
split_0029	GCA_029855935.1_S.8_112
split_0029	GCA_029856235.1_S.216_4
split_0029	GCA_029856295.1_S.295_5
split_0029	GCA_029856435.1_S.65_5
split_0029	GCA_029858305.1_S.185_60
split_0029	GCA_030587365.2_S.537_1
split_0029	GCA_030587475.2_S.144_20
split_0029	GCA_030593165.1_S.366_7
split_0029	GCA_030610785.1_S.199_18
split_0029	GCA_030611625.1_S.194_10
split_0029	GCA_030612005.1_S.244_8
split_0029	GCA_030612265.1_S.43_3
split_0029	GCA_030612365.1_S.133_11
split_0029	GCA_030669595.1_S.132_7
split_0029	GCA_035531115.1_S.170_29
split_0029	GCA_037305845.1_S.1_1652
split_0029	GCA_037308085.1_S.1_591
split_0029	GCA_037310415.1_S.1_520
split_0029	GCA_037386725.1_S.126_6
split_0029	GCA_038825615.1_S.36_2
split_0029	GCA_038826135.1_S.59_9
split_0029	GCA_038834185.1_S.150_6
split_0029	GCA_038861695.1_S.3_128
split_0029	GCA_038864975.1_S.139_2
split_0029	GCA_038893995.1_S.33_18
split_0029	GCA_038897395.1_S.1_456
split_0029	GCA_041305945.1_S.1_3192
split_0029	GCA_054384155.1_S.46_28
split_0029	GCA_054385715.1_S.103_83
split_0029	GCA_054386375.1_S.83_6
split_0029	GCA_054387055.1_S.168_4
split_0029	GCA_054387815.1_S.35_7
split_0029	GCF_008000775.2_S.1_423
split_0029	GOMC.bin.14008_S.75_8
split_0029	GOMC.bin.2599_S.181_13
split_0029	GOMC.bin.7564_S.88_1
split_0029	GOMC.bin.8271_S.62_1
split_0030	GCA_001563335.1_S.109_28
split_0030	GCA_001940705.1_S.178_2
split_0030	GCA_003345545.1_S.12_97
split_0030	GCA_003345555.1_S.57_45
split_0030	GCA_003345595.1_S.26_4
split_0030	GCA_004524435.1_S.196_4
split_0030	GCA_004524445.1_S.24_129
split_0030	GCA_008080745.1_S.10_72
split_0030	GCA_011364905.1_S.35_6
split_0030	GCA_011364985.1_S.11_380
split_0030	GCA_013138615.1_S.150_2
split_0030	GCA_013388835.1_S.24_29
split_0030	GCA_014730275.1_S.141_91
split_0030	GCA_016839275.1_S.115_1
split_0030	GCA_016839275.1_S.84_1
split_0030	GCA_016839445.1_S.182_26
split_0030	GCA_016839605.1_S.255_12
split_0030	GCA_016840625.1_S.36_8
split_0030	GCA_016840795.1_S.27_4
split_0030	GCA_016840855.1_S.220_8
split_0030	GCA_016933575.1_S.57_155
split_0030	GCA_018238205.1_S.64_4
split_0030	GCA_018238375.1_S.258_31
split_0030	GCA_018238825.1_S.181_3
split_0030	GCA_018335335.1_S.25_8
split_0030	GCA_018383895.1_S.108_10
split_0030	GCA_019056875.1_S.352_7
split_0030	GCA_019057475.1_S.27_18
split_0030	GCA_019058495.1_S.265_35
split_0030	GCA_020348985.1_S.1_1030
split_0030	GCA_020355105.1_S.1_23
split_0030	GCA_021498125.1_S.3_120
split_0030	GCA_023134215.1_S.104_1
split_0030	GCA_024275415.1_S.73_106
split_0030	GCA_024276825.1_S.24_55
split_0030	GCA_027031765.1_S.97_5
split_0030	GCA_029210805.1_S.90_2
split_0030	GCA_029855935.1_S.8_112
split_0030	GCA_029856435.1_S.65_5
split_0030	GCA_029858305.1_S.185_60
split_0030	GCA_030587365.2_S.537_1
split_0030	GCA_030593165.1_S.366_7
split_0030	GCA_030612005.1_S.244_8
split_0030	GCA_030612365.1_S.133_11
split_0030	GCA_030669595.1_S.132_7
split_0030	GCA_037305845.1_S.1_1652
split_0030	GCA_037308085.1_S.1_591
split_0030	GCA_037310415.1_S.1_520
split_0030	GCA_038825615.1_S.36_2
split_0030	GCA_038834185.1_S.150_6
split_0030	GCA_038861695.1_S.3_128
split_0030	GCA_038864975.1_S.139_2
split_0030	GCA_038893995.1_S.33_18
split_0030	GCA_038897395.1_S.1_456
split_0030	GCA_054385715.1_S.103_83
split_0030	GCA_054387815.1_S.35_7
split_0030	GOMC.bin.14008_S.75_8
split_0030	GOMC.bin.2599_S.181_13
split_0030	GOMC.bin.8271_S.62_1
split_0031	GCA_001563335.1_S.109_28
split_0031	GCA_001940705.1_S.178_2
split_0031	GCA_003345545.1_S.12_97
split_0031	GCA_003345555.1_S.57_45
split_0031	GCA_003345595.1_S.26_4
split_0031	GCA_004524435.1_S.196_4
split_0031	GCA_004524445.1_S.24_129
split_0031	GCA_008080745.1_S.10_72
split_0031	GCA_011364905.1_S.35_6
split_0031	GCA_011364985.1_S.11_380
split_0031	GCA_013138615.1_S.150_2
split_0031	GCA_013388835.1_S.24_29
split_0031	GCA_014730275.1_S.141_91
split_0031	GCA_016839275.1_S.115_1
split_0031	GCA_016839275.1_S.84_1
split_0031	GCA_016839445.1_S.182_26
split_0031	GCA_016839605.1_S.255_12
split_0031	GCA_016840625.1_S.36_8
split_0031	GCA_016840795.1_S.27_4
split_0031	GCA_016840855.1_S.220_8
split_0031	GCA_016933575.1_S.57_155
split_0031	GCA_018238205.1_S.64_4
split_0031	GCA_018238375.1_S.258_31
split_0031	GCA_018238825.1_S.181_3
split_0031	GCA_018335335.1_S.25_8
split_0031	GCA_018383895.1_S.108_10
split_0031	GCA_019056875.1_S.352_7
split_0031	GCA_019057475.1_S.27_18
split_0031	GCA_020348985.1_S.1_1030
split_0031	GCA_020355105.1_S.1_23
split_0031	GCA_021498125.1_S.3_120
split_0031	GCA_023134215.1_S.104_1
split_0031	GCA_024275415.1_S.73_106
split_0031	GCA_024276825.1_S.24_55
split_0031	GCA_027031765.1_S.97_5
split_0031	GCA_029210805.1_S.90_2
split_0031	GCA_029855935.1_S.8_112
split_0031	GCA_029856435.1_S.65_5
split_0031	GCA_029858305.1_S.185_60
split_0031	GCA_030587365.2_S.537_1
split_0031	GCA_030593165.1_S.366_7
split_0031	GCA_030612005.1_S.244_8
split_0031	GCA_030612365.1_S.133_11
split_0031	GCA_030669595.1_S.132_7
split_0031	GCA_037305845.1_S.1_1652
split_0031	GCA_038825615.1_S.36_2
split_0031	GCA_038834185.1_S.150_6
split_0031	GCA_038861695.1_S.3_128
split_0031	GCA_038864975.1_S.139_2
split_0031	GCA_038893995.1_S.33_18
split_0031	GCA_038897395.1_S.1_456
split_0031	GCA_054385715.1_S.103_83
split_0031	GCA_054387815.1_S.35_7
split_0031	GOMC.bin.14008_S.75_8
split_0031	GOMC.bin.2599_S.181_13
split_0031	GOMC.bin.8271_S.62_1
split_0032	GCA_001563335.1_S.109_28
split_0032	GCA_001940705.1_S.178_2
split_0032	GCA_003345545.1_S.12_97
split_0032	GCA_003345555.1_S.57_45
split_0032	GCA_003345595.1_S.26_4
split_0032	GCA_004524435.1_S.196_4
split_0032	GCA_004524445.1_S.24_129
split_0032	GCA_008080745.1_S.10_72
split_0032	GCA_011364905.1_S.35_6
split_0032	GCA_011364985.1_S.11_380
split_0032	GCA_013138615.1_S.150_2
split_0032	GCA_013388835.1_S.24_29
split_0032	GCA_014730275.1_S.141_91
split_0032	GCA_016839275.1_S.115_1
split_0032	GCA_016839275.1_S.84_1
split_0032	GCA_016839445.1_S.182_26
split_0032	GCA_016839605.1_S.255_12
split_0032	GCA_016840625.1_S.36_8
split_0032	GCA_016840795.1_S.27_4
split_0032	GCA_016840855.1_S.220_8
split_0032	GCA_016933575.1_S.57_155
split_0032	GCA_018238205.1_S.64_4
split_0032	GCA_018238375.1_S.258_31
split_0032	GCA_018238825.1_S.181_3
split_0032	GCA_018335335.1_S.25_8
split_0032	GCA_019057475.1_S.27_18
split_0032	GCA_020348985.1_S.1_1030
split_0032	GCA_020355105.1_S.1_23
split_0032	GCA_021498125.1_S.3_120
split_0032	GCA_023134215.1_S.104_1
split_0032	GCA_024275415.1_S.73_106
split_0032	GCA_024276825.1_S.24_55
split_0032	GCA_027031765.1_S.97_5
split_0032	GCA_029210805.1_S.90_2
split_0032	GCA_029855935.1_S.8_112
split_0032	GCA_029858305.1_S.185_60
split_0032	GCA_030593165.1_S.366_7
split_0032	GCA_030612005.1_S.244_8
split_0032	GCA_030612365.1_S.133_11
split_0032	GCA_030669595.1_S.132_7
split_0032	GCA_038893995.1_S.33_18
split_0032	GCA_054387815.1_S.35_7
split_0032	GOMC.bin.14008_S.75_8
split_0032	GOMC.bin.2599_S.181_13
split_0032	GOMC.bin.8271_S.62_1
split_0033	GCA_001563335.1_S.109_28
split_0033	GCA_001940705.1_S.178_2
split_0033	GCA_003345545.1_S.12_97
split_0033	GCA_003345555.1_S.57_45
split_0033	GCA_003345595.1_S.26_4
split_0033	GCA_004524435.1_S.196_4
split_0033	GCA_004524445.1_S.24_129
split_0033	GCA_008080745.1_S.10_72
split_0033	GCA_011364905.1_S.35_6
split_0033	GCA_011364985.1_S.11_380
split_0033	GCA_013138615.1_S.150_2
split_0033	GCA_013388835.1_S.24_29
split_0033	GCA_014730275.1_S.141_91
split_0033	GCA_016839275.1_S.115_1
split_0033	GCA_016839275.1_S.84_1
split_0033	GCA_016839445.1_S.182_26
split_0033	GCA_016839605.1_S.255_12
split_0033	GCA_016840625.1_S.36_8
split_0033	GCA_016840795.1_S.27_4
split_0033	GCA_016840855.1_S.220_8
split_0033	GCA_016933575.1_S.57_155
split_0033	GCA_018238205.1_S.64_4
split_0033	GCA_018238375.1_S.258_31
split_0033	GCA_018238825.1_S.181_3
split_0033	GCA_018335335.1_S.25_8
split_0033	GCA_019057475.1_S.27_18
split_0033	GCA_020348985.1_S.1_1030
split_0033	GCA_020355105.1_S.1_23
split_0033	GCA_023134215.1_S.104_1
split_0033	GCA_024275415.1_S.73_106
split_0033	GCA_024276825.1_S.24_55
split_0033	GCA_027031765.1_S.97_5
split_0033	GCA_029210805.1_S.90_2
split_0033	GCA_029858305.1_S.185_60
split_0033	GCA_030593165.1_S.366_7
split_0033	GCA_030612005.1_S.244_8
split_0033	GCA_030612365.1_S.133_11
split_0033	GCA_030669595.1_S.132_7
split_0033	GCA_038893995.1_S.33_18
split_0033	GOMC.bin.14008_S.75_8
split_0033	GOMC.bin.2599_S.181_13
split_0033	GOMC.bin.8271_S.62_1
split_0034	GCA_001563335.1_S.109_28
split_0034	GCA_001940705.1_S.178_2
split_0034	GCA_003345545.1_S.12_97
split_0034	GCA_003345555.1_S.57_45
split_0034	GCA_003345595.1_S.26_4
split_0034	GCA_004524435.1_S.196_4
split_0034	GCA_008080745.1_S.10_72
split_0034	GCA_011364905.1_S.35_6
split_0034	GCA_011364985.1_S.11_380
split_0034	GCA_013138615.1_S.150_2
split_0034	GCA_013388835.1_S.24_29
split_0034	GCA_016839275.1_S.115_1
split_0034	GCA_016839275.1_S.84_1
split_0034	GCA_016839445.1_S.182_26
split_0034	GCA_016839605.1_S.255_12
split_0034	GCA_016840625.1_S.36_8
split_0034	GCA_016840795.1_S.27_4
split_0034	GCA_016840855.1_S.220_8
split_0034	GCA_016933575.1_S.57_155
split_0034	GCA_018238205.1_S.64_4
split_0034	GCA_018238375.1_S.258_31
split_0034	GCA_018238825.1_S.181_3
split_0034	GCA_019057475.1_S.27_18
split_0034	GCA_020348985.1_S.1_1030
split_0034	GCA_020355105.1_S.1_23
split_0034	GCA_023134215.1_S.104_1
split_0034	GCA_024275415.1_S.73_106
split_0034	GCA_024276825.1_S.24_55
split_0034	GCA_027031765.1_S.97_5
split_0034	GCA_029210805.1_S.90_2
split_0034	GCA_029858305.1_S.185_60
split_0034	GCA_030593165.1_S.366_7
split_0034	GCA_030612005.1_S.244_8
split_0034	GCA_030612365.1_S.133_11
split_0034	GCA_030669595.1_S.132_7
split_0034	GCA_038893995.1_S.33_18
split_0034	GOMC.bin.14008_S.75_8
split_0034	GOMC.bin.2599_S.181_13
split_0034	GOMC.bin.8271_S.62_1
split_0035	GCA_001563335.1_S.109_28
split_0035	GCA_001940705.1_S.178_2
split_0035	GCA_003345545.1_S.12_97
split_0035	GCA_008080745.1_S.10_72
split_0035	GCA_011364905.1_S.35_6
split_0035	GCA_013388835.1_S.24_29
split_0035	GCA_016839275.1_S.115_1
split_0035	GCA_016839275.1_S.84_1
split_0035	GCA_016839445.1_S.182_26
split_0035	GCA_016840855.1_S.220_8
split_0035	GCA_016933575.1_S.57_155
split_0035	GCA_018238205.1_S.64_4
split_0035	GCA_018238825.1_S.181_3
split_0035	GCA_024275415.1_S.73_106
split_0035	GCA_027031765.1_S.97_5
split_0035	GCA_029210805.1_S.90_2
split_0035	GCA_029858305.1_S.185_60
split_0035	GCA_030612005.1_S.244_8
split_0035	GCA_038893995.1_S.33_18
split_0035	GOMC.bin.14008_S.75_8
split_0035	GOMC.bin.2599_S.181_13
split_0036	GCA_001563335.1_S.109_28
split_0036	GCA_001940705.1_S.178_2
split_0036	GCA_003345545.1_S.12_97
split_0036	GCA_008080745.1_S.10_72
split_0036	GCA_011364905.1_S.35_6
split_0036	GCA_013388835.1_S.24_29
split_0036	GCA_016839275.1_S.115_1
split_0036	GCA_016839275.1_S.84_1
split_0036	GCA_016839445.1_S.182_26
split_0036	GCA_016840855.1_S.220_8
split_0036	GCA_016933575.1_S.57_155
split_0036	GCA_018238205.1_S.64_4
split_0036	GCA_018238825.1_S.181_3
split_0036	GCA_024275415.1_S.73_106
split_0036	GCA_029210805.1_S.90_2
split_0036	GCA_029858305.1_S.185_60
split_0036	GCA_030612005.1_S.244_8
split_0036	GOMC.bin.14008_S.75_8
split_0036	GOMC.bin.2599_S.181_13
split_0037	GCA_001563335.1_S.109_28
split_0037	GCA_001940705.1_S.178_2
split_0037	GCA_003345545.1_S.12_97
split_0037	GCA_008080745.1_S.10_72
split_0037	GCA_011364905.1_S.35_6
split_0037	GCA_016839275.1_S.115_1
split_0037	GCA_016839275.1_S.84_1
split_0037	GCA_016839445.1_S.182_26
split_0037	GCA_016840855.1_S.220_8
split_0037	GCA_016933575.1_S.57_155
split_0037	GCA_018238205.1_S.64_4
split_0037	GCA_018238825.1_S.181_3
split_0037	GCA_024275415.1_S.73_106
split_0037	GCA_029858305.1_S.185_60
split_0037	GCA_030612005.1_S.244_8
split_0037	GOMC.bin.14008_S.75_8
split_0037	GOMC.bin.2599_S.181_13
split_0038	GCA_001563335.1_S.109_28
split_0038	GCA_001940705.1_S.178_2
split_0038	GCA_003345545.1_S.12_97
split_0038	GCA_011364905.1_S.35_6
split_0038	GCA_016839275.1_S.115_1
split_0038	GCA_016839275.1_S.84_1
split_0038	GCA_016839445.1_S.182_26
split_0038	GCA_016840855.1_S.220_8
split_0038	GCA_016933575.1_S.57_155
split_0038	GCA_018238205.1_S.64_4
split_0038	GCA_018238825.1_S.181_3
split_0038	GCA_029858305.1_S.185_60
split_0038	GCA_030612005.1_S.244_8
split_0038	GOMC.bin.14008_S.75_8
split_0038	GOMC.bin.2599_S.181_13
split_0039	GCA_001563335.1_S.109_28
split_0039	GCA_001940705.1_S.178_2
split_0039	GCA_011364905.1_S.35_6
split_0039	GCA_016840855.1_S.220_8
split_0040	GCA_001940705.1_S.178_2
split_0040	GCA_011364905.1_S.35_6
split_0040	GCA_016840855.1_S.220_8
split_0041	GCA_001940705.1_S.178_2
split_0041	GCA_011364905.1_S.35_6
split_0042	GCA_003345545.1_S.12_97
split_0042	GCA_016839275.1_S.115_1
split_0042	GCA_016839275.1_S.84_1
split_0042	GCA_016839445.1_S.182_26
split_0042	GCA_016933575.1_S.57_155
split_0042	GCA_018238205.1_S.64_4
split_0042	GCA_018238825.1_S.181_3
split_0042	GCA_029858305.1_S.185_60
split_0042	GCA_030612005.1_S.244_8
split_0042	GOMC.bin.14008_S.75_8
split_0042	GOMC.bin.2599_S.181_13
split_0043	GCA_016839275.1_S.115_1
split_0043	GCA_016839275.1_S.84_1
split_0043	GCA_016839445.1_S.182_26
split_0043	GCA_016933575.1_S.57_155
split_0043	GCA_018238205.1_S.64_4
split_0043	GCA_018238825.1_S.181_3
split_0043	GCA_029858305.1_S.185_60
split_0043	GCA_030612005.1_S.244_8
split_0043	GOMC.bin.14008_S.75_8
split_0043	GOMC.bin.2599_S.181_13
split_0044	GCA_016933575.1_S.57_155
split_0044	GCA_018238205.1_S.64_4
split_0044	GCA_018238825.1_S.181_3
split_0044	GCA_030612005.1_S.244_8
split_0044	GOMC.bin.14008_S.75_8
split_0044	GOMC.bin.2599_S.181_13
split_0045	GCA_018238205.1_S.64_4
split_0045	GCA_018238825.1_S.181_3
split_0045	GCA_030612005.1_S.244_8
split_0045	GOMC.bin.14008_S.75_8
split_0045	GOMC.bin.2599_S.181_13
split_0046	GCA_018238205.1_S.64_4
split_0046	GCA_018238825.1_S.181_3
split_0046	GOMC.bin.14008_S.75_8
split_0046	GOMC.bin.2599_S.181_13
split_0047	GOMC.bin.14008_S.75_8
split_0047	GOMC.bin.2599_S.181_13
split_0048	GCA_018238205.1_S.64_4
split_0048	GCA_018238825.1_S.181_3
split_0049	GCA_016839275.1_S.115_1
split_0049	GCA_016839275.1_S.84_1
split_0049	GCA_016839445.1_S.182_26
split_0049	GCA_029858305.1_S.185_60
split_0050	GCA_016839275.1_S.115_1
split_0050	GCA_016839445.1_S.182_26
split_0050	GCA_029858305.1_S.185_60
split_0051	GCA_016839275.1_S.115_1
split_0051	GCA_029858305.1_S.185_60
split_0052	GCA_008080745.1_S.10_72
split_0052	GCA_024275415.1_S.73_106
split_0053	GCA_013388835.1_S.24_29
split_0053	GCA_029210805.1_S.90_2
split_0054	GCA_027031765.1_S.97_5
split_0054	GCA_038893995.1_S.33_18
split_0055	GCA_003345555.1_S.57_45
split_0055	GCA_003345595.1_S.26_4
split_0055	GCA_004524435.1_S.196_4
split_0055	GCA_011364985.1_S.11_380
split_0055	GCA_013138615.1_S.150_2
split_0055	GCA_016839605.1_S.255_12
split_0055	GCA_016840625.1_S.36_8
split_0055	GCA_016840795.1_S.27_4
split_0055	GCA_018238375.1_S.258_31
split_0055	GCA_019057475.1_S.27_18
split_0055	GCA_020348985.1_S.1_1030
split_0055	GCA_020355105.1_S.1_23
split_0055	GCA_023134215.1_S.104_1
split_0055	GCA_024276825.1_S.24_55
split_0055	GCA_030593165.1_S.366_7
split_0055	GCA_030612365.1_S.133_11
split_0055	GCA_030669595.1_S.132_7
split_0055	GOMC.bin.8271_S.62_1
split_0056	GCA_003345555.1_S.57_45
split_0056	GCA_003345595.1_S.26_4
split_0056	GCA_004524435.1_S.196_4
split_0056	GCA_011364985.1_S.11_380
split_0056	GCA_016839605.1_S.255_12
split_0056	GCA_016840625.1_S.36_8
split_0056	GCA_016840795.1_S.27_4
split_0056	GCA_020348985.1_S.1_1030
split_0056	GCA_020355105.1_S.1_23
split_0056	GCA_024276825.1_S.24_55
split_0056	GCA_030593165.1_S.366_7
split_0056	GOMC.bin.8271_S.62_1
split_0057	GCA_003345555.1_S.57_45
split_0057	GCA_003345595.1_S.26_4
split_0057	GCA_004524435.1_S.196_4
split_0057	GCA_011364985.1_S.11_380
split_0057	GCA_016839605.1_S.255_12
split_0057	GCA_016840625.1_S.36_8
split_0057	GCA_016840795.1_S.27_4
split_0057	GCA_020355105.1_S.1_23
split_0057	GOMC.bin.8271_S.62_1
split_0058	GCA_003345555.1_S.57_45
split_0058	GCA_003345595.1_S.26_4
split_0059	GCA_004524435.1_S.196_4
split_0059	GCA_011364985.1_S.11_380
split_0059	GCA_016839605.1_S.255_12
split_0059	GCA_016840625.1_S.36_8
split_0059	GCA_016840795.1_S.27_4
split_0059	GCA_020355105.1_S.1_23
split_0059	GOMC.bin.8271_S.62_1
split_0060	GCA_011364985.1_S.11_380
split_0060	GCA_016839605.1_S.255_12
split_0060	GCA_016840625.1_S.36_8
split_0060	GCA_016840795.1_S.27_4
split_0060	GCA_020355105.1_S.1_23
split_0060	GOMC.bin.8271_S.62_1
split_0061	GCA_011364985.1_S.11_380
split_0061	GOMC.bin.8271_S.62_1
split_0062	GCA_016839605.1_S.255_12
split_0062	GCA_016840625.1_S.36_8
split_0062	GCA_016840795.1_S.27_4
split_0062	GCA_020355105.1_S.1_23
split_0063	GCA_016839605.1_S.255_12
split_0063	GCA_016840795.1_S.27_4
split_0063	GCA_020355105.1_S.1_23
split_0064	GCA_016840795.1_S.27_4
split_0064	GCA_020355105.1_S.1_23
split_0065	GCA_020348985.1_S.1_1030
split_0065	GCA_024276825.1_S.24_55
split_0065	GCA_030593165.1_S.366_7
split_0066	GCA_024276825.1_S.24_55
split_0066	GCA_030593165.1_S.366_7
split_0067	GCA_013138615.1_S.150_2
split_0067	GCA_018238375.1_S.258_31
split_0067	GCA_019057475.1_S.27_18
split_0067	GCA_023134215.1_S.104_1
split_0067	GCA_030612365.1_S.133_11
split_0067	GCA_030669595.1_S.132_7
split_0068	GCA_013138615.1_S.150_2
split_0068	GCA_018238375.1_S.258_31
split_0068	GCA_019057475.1_S.27_18
split_0068	GCA_023134215.1_S.104_1
split_0069	GCA_013138615.1_S.150_2
split_0069	GCA_023134215.1_S.104_1
split_0070	GCA_018238375.1_S.258_31
split_0070	GCA_019057475.1_S.27_18
split_0071	GCA_030612365.1_S.133_11
split_0071	GCA_030669595.1_S.132_7
split_0072	GCA_004524445.1_S.24_129
split_0072	GCA_014730275.1_S.141_91
split_0072	GCA_018335335.1_S.25_8
split_0073	GCA_014730275.1_S.141_91
split_0073	GCA_018335335.1_S.25_8
split_0074	GCA_021498125.1_S.3_120
split_0074	GCA_029855935.1_S.8_112
split_0074	GCA_054387815.1_S.35_7
split_0075	GCA_021498125.1_S.3_120
split_0075	GCA_054387815.1_S.35_7
split_0076	GCA_018383895.1_S.108_10
split_0076	GCA_019056875.1_S.352_7
split_0076	GCA_029856435.1_S.65_5
split_0076	GCA_030587365.2_S.537_1
split_0076	GCA_037305845.1_S.1_1652
split_0076	GCA_038825615.1_S.36_2
split_0076	GCA_038834185.1_S.150_6
split_0076	GCA_038861695.1_S.3_128
split_0076	GCA_038864975.1_S.139_2
split_0076	GCA_038897395.1_S.1_456
split_0076	GCA_054385715.1_S.103_83
split_0077	GCA_018383895.1_S.108_10
split_0077	GCA_019056875.1_S.352_7
split_0077	GCA_029856435.1_S.65_5
split_0077	GCA_030587365.2_S.537_1
split_0077	GCA_037305845.1_S.1_1652
split_0077	GCA_038825615.1_S.36_2
split_0078	GCA_018383895.1_S.108_10
split_0078	GCA_029856435.1_S.65_5
split_0078	GCA_030587365.2_S.537_1
split_0078	GCA_038825615.1_S.36_2
split_0079	GCA_018383895.1_S.108_10
split_0079	GCA_029856435.1_S.65_5
split_0079	GCA_038825615.1_S.36_2
split_0080	GCA_018383895.1_S.108_10
split_0080	GCA_038825615.1_S.36_2
split_0081	GCA_019056875.1_S.352_7
split_0081	GCA_037305845.1_S.1_1652
split_0082	GCA_038834185.1_S.150_6
split_0082	GCA_038861695.1_S.3_128
split_0082	GCA_038864975.1_S.139_2
split_0082	GCA_038897395.1_S.1_456
split_0082	GCA_054385715.1_S.103_83
split_0083	GCA_038861695.1_S.3_128
split_0083	GCA_038864975.1_S.139_2
split_0083	GCA_054385715.1_S.103_83
split_0084	GCA_038861695.1_S.3_128
split_0084	GCA_038864975.1_S.139_2
split_0085	GCA_038834185.1_S.150_6
split_0085	GCA_038897395.1_S.1_456
split_0086	GCA_019058495.1_S.265_35
split_0086	GCA_037308085.1_S.1_591
split_0086	GCA_037310415.1_S.1_520
split_0087	GCA_019058495.1_S.265_35
split_0087	GCA_037310415.1_S.1_520
split_0088	GCA_001940655.1_S.82_1
split_0088	GCA_001940665.2_S.1_525
split_0088	GCA_004524385.1_S.96_8
split_0088	GCA_004524535.1_S.50_9
split_0088	GCA_004524545.1_S.48_28
split_0088	GCA_005191415.1_S.102_25
split_0088	GCA_014729935.1_S.201_1
split_0088	GCA_016839265.1_S.1_417
split_0088	GCA_016839365.1_S.21_41
split_0088	GCA_016839555.1_S.1_415
split_0088	GCA_016839705.1_S.32_91
split_0088	GCA_016839765.1_S.55_6
split_0088	GCA_016840085.1_S.83_165
split_0088	GCA_016840165.1_S.54_237
split_0088	GCA_016840585.1_S.83_21
split_0088	GCA_016840745.1_S.279_4
split_0088	GCA_016933055.1_S.6_279
split_0088	GCA_018238965.1_S.27_2
split_0088	GCA_019058015.1_S.83_57
split_0088	GCA_019058135.1_S.541_6
split_0088	GCA_019058245.1_S.10_45
split_0088	GCA_019058295.1_S.2_161
split_0088	GCA_019058315.1_S.5_297
split_0088	GCA_021498095.1_S.1_313
split_0088	GCA_025839675.1_S.1_3334
split_0088	GCA_029856235.1_S.216_4
split_0088	GCA_029856295.1_S.295_5
split_0088	GCA_030587475.2_S.144_20
split_0088	GCA_030610785.1_S.199_18
split_0088	GCA_030611625.1_S.194_10
split_0088	GCA_030612265.1_S.43_3
split_0088	GCA_035531115.1_S.170_29
split_0088	GCA_037386725.1_S.126_6
split_0088	GCA_038826135.1_S.59_9
split_0088	GCA_041305945.1_S.1_3192
split_0088	GCA_054384155.1_S.46_28
split_0088	GCA_054386375.1_S.83_6
split_0088	GCA_054387055.1_S.168_4
split_0088	GCF_008000775.2_S.1_423
split_0088	GOMC.bin.7564_S.88_1
split_0089	GCA_001940655.1_S.82_1
split_0089	GCA_001940665.2_S.1_525
split_0089	GCA_004524385.1_S.96_8
split_0089	GCA_004524535.1_S.50_9
split_0089	GCA_004524545.1_S.48_28
split_0089	GCA_005191415.1_S.102_25
split_0089	GCA_014729935.1_S.201_1
split_0089	GCA_016839265.1_S.1_417
split_0089	GCA_016839555.1_S.1_415
split_0089	GCA_016839705.1_S.32_91
split_0089	GCA_016839765.1_S.55_6
split_0089	GCA_016840085.1_S.83_165
split_0089	GCA_016840165.1_S.54_237
split_0089	GCA_016840745.1_S.279_4
split_0089	GCA_016933055.1_S.6_279
split_0089	GCA_018238965.1_S.27_2
split_0089	GCA_019058015.1_S.83_57
split_0089	GCA_019058135.1_S.541_6
split_0089	GCA_019058245.1_S.10_45
split_0089	GCA_019058295.1_S.2_161
split_0089	GCA_019058315.1_S.5_297
split_0089	GCA_021498095.1_S.1_313
split_0089	GCA_025839675.1_S.1_3334
split_0089	GCA_029856235.1_S.216_4
split_0089	GCA_029856295.1_S.295_5
split_0089	GCA_030587475.2_S.144_20
split_0089	GCA_030610785.1_S.199_18
split_0089	GCA_030611625.1_S.194_10
split_0089	GCA_030612265.1_S.43_3
split_0089	GCA_035531115.1_S.170_29
split_0089	GCA_037386725.1_S.126_6
split_0089	GCA_038826135.1_S.59_9
split_0089	GCA_041305945.1_S.1_3192
split_0089	GCA_054384155.1_S.46_28
split_0089	GCA_054386375.1_S.83_6
split_0089	GCA_054387055.1_S.168_4
split_0089	GCF_008000775.2_S.1_423
split_0089	GOMC.bin.7564_S.88_1
split_0090	GCA_001940655.1_S.82_1
split_0090	GCA_004524385.1_S.96_8
split_0090	GCA_004524535.1_S.50_9
split_0090	GCA_004524545.1_S.48_28
split_0090	GCA_005191415.1_S.102_25
split_0090	GCA_014729935.1_S.201_1
split_0090	GCA_016839555.1_S.1_415
split_0090	GCA_016839705.1_S.32_91
split_0090	GCA_016839765.1_S.55_6
split_0090	GCA_016840085.1_S.83_165
split_0090	GCA_016840165.1_S.54_237
split_0090	GCA_016840745.1_S.279_4
split_0090	GCA_016933055.1_S.6_279
split_0090	GCA_018238965.1_S.27_2
split_0090	GCA_019058015.1_S.83_57
split_0090	GCA_019058135.1_S.541_6
split_0090	GCA_019058245.1_S.10_45
split_0090	GCA_019058295.1_S.2_161
split_0090	GCA_019058315.1_S.5_297
split_0090	GCA_021498095.1_S.1_313
split_0090	GCA_025839675.1_S.1_3334
split_0090	GCA_029856235.1_S.216_4
split_0090	GCA_029856295.1_S.295_5
split_0090	GCA_030587475.2_S.144_20
split_0090	GCA_030610785.1_S.199_18
split_0090	GCA_030611625.1_S.194_10
split_0090	GCA_030612265.1_S.43_3
split_0090	GCA_035531115.1_S.170_29
split_0090	GCA_037386725.1_S.126_6
split_0090	GCA_041305945.1_S.1_3192
split_0090	GCA_054384155.1_S.46_28
split_0090	GCA_054386375.1_S.83_6
split_0090	GCA_054387055.1_S.168_4
split_0090	GCF_008000775.2_S.1_423
split_0090	GOMC.bin.7564_S.88_1
split_0091	GCA_001940655.1_S.82_1
split_0091	GCA_004524385.1_S.96_8
split_0091	GCA_004524535.1_S.50_9
split_0091	GCA_004524545.1_S.48_28
split_0091	GCA_014729935.1_S.201_1
split_0091	GCA_016839555.1_S.1_415
split_0091	GCA_016839705.1_S.32_91
split_0091	GCA_016839765.1_S.55_6
split_0091	GCA_016840085.1_S.83_165
split_0091	GCA_016840165.1_S.54_237
split_0091	GCA_016840745.1_S.279_4
split_0091	GCA_016933055.1_S.6_279
split_0091	GCA_018238965.1_S.27_2
split_0091	GCA_019058015.1_S.83_57
split_0091	GCA_019058135.1_S.541_6
split_0091	GCA_019058245.1_S.10_45
split_0091	GCA_019058295.1_S.2_161
split_0091	GCA_021498095.1_S.1_313
split_0091	GCA_025839675.1_S.1_3334
split_0091	GCA_029856235.1_S.216_4
split_0091	GCA_029856295.1_S.295_5
split_0091	GCA_030587475.2_S.144_20
split_0091	GCA_030610785.1_S.199_18
split_0091	GCA_030611625.1_S.194_10
split_0091	GCA_030612265.1_S.43_3
split_0091	GCA_037386725.1_S.126_6
split_0091	GCA_041305945.1_S.1_3192
split_0091	GCF_008000775.2_S.1_423
split_0091	GOMC.bin.7564_S.88_1
split_0092	GCA_001940655.1_S.82_1
split_0092	GCA_004524385.1_S.96_8
split_0092	GCA_004524535.1_S.50_9
split_0092	GCA_004524545.1_S.48_28
split_0092	GCA_016839555.1_S.1_415
split_0092	GCA_016839705.1_S.32_91
split_0092	GCA_016839765.1_S.55_6
split_0092	GCA_016840085.1_S.83_165
split_0092	GCA_016840165.1_S.54_237
split_0092	GCA_016840745.1_S.279_4
split_0092	GCA_016933055.1_S.6_279
split_0092	GCA_018238965.1_S.27_2
split_0092	GCA_019058015.1_S.83_57
split_0092	GCA_019058135.1_S.541_6
split_0092	GCA_019058245.1_S.10_45
split_0092	GCA_019058295.1_S.2_161
split_0092	GCA_021498095.1_S.1_313
split_0092	GCA_025839675.1_S.1_3334
split_0092	GCA_029856235.1_S.216_4
split_0092	GCA_029856295.1_S.295_5
split_0092	GCA_030610785.1_S.199_18
split_0092	GCA_030611625.1_S.194_10
split_0092	GCA_030612265.1_S.43_3
split_0092	GCA_037386725.1_S.126_6
split_0092	GCF_008000775.2_S.1_423
split_0092	GOMC.bin.7564_S.88_1
split_0093	GCA_004524385.1_S.96_8
split_0093	GCA_004524535.1_S.50_9
split_0093	GCA_004524545.1_S.48_28
split_0093	GCA_016839555.1_S.1_415
split_0093	GCA_016839705.1_S.32_91
split_0093	GCA_016839765.1_S.55_6
split_0093	GCA_016840085.1_S.83_165
split_0093	GCA_016840165.1_S.54_237
split_0093	GCA_016840745.1_S.279_4
split_0093	GCA_016933055.1_S.6_279
split_0093	GCA_018238965.1_S.27_2
split_0093	GCA_019058015.1_S.83_57
split_0093	GCA_019058135.1_S.541_6
split_0093	GCA_019058245.1_S.10_45
split_0093	GCA_019058295.1_S.2_161
split_0093	GCA_021498095.1_S.1_313
split_0093	GCA_025839675.1_S.1_3334
split_0093	GCA_029856235.1_S.216_4
split_0093	GCA_029856295.1_S.295_5
split_0093	GCA_030610785.1_S.199_18
split_0093	GCA_030611625.1_S.194_10
split_0093	GCA_030612265.1_S.43_3
split_0093	GCA_037386725.1_S.126_6
split_0093	GCF_008000775.2_S.1_423
split_0093	GOMC.bin.7564_S.88_1
split_0094	GCA_004524385.1_S.96_8
split_0094	GCA_004524535.1_S.50_9
split_0094	GCA_016839555.1_S.1_415
split_0094	GCA_016839705.1_S.32_91
split_0094	GCA_016839765.1_S.55_6
split_0094	GCA_016840085.1_S.83_165
split_0094	GCA_016840165.1_S.54_237
split_0094	GCA_016840745.1_S.279_4
split_0094	GCA_019058015.1_S.83_57
split_0094	GCA_019058135.1_S.541_6
split_0094	GCA_019058245.1_S.10_45
split_0094	GCA_019058295.1_S.2_161
split_0094	GCA_029856235.1_S.216_4
split_0094	GCA_029856295.1_S.295_5
split_0094	GCA_030610785.1_S.199_18
split_0094	GCA_037386725.1_S.126_6
split_0094	GOMC.bin.7564_S.88_1
split_0095	GCA_004524385.1_S.96_8
split_0095	GCA_004524535.1_S.50_9
split_0095	GCA_016839555.1_S.1_415
split_0095	GCA_016839705.1_S.32_91
split_0095	GCA_016839765.1_S.55_6
split_0095	GCA_016840085.1_S.83_165
split_0095	GCA_016840165.1_S.54_237
split_0095	GCA_016840745.1_S.279_4
split_0095	GCA_019058245.1_S.10_45
split_0095	GCA_019058295.1_S.2_161
split_0095	GCA_029856235.1_S.216_4
split_0095	GCA_029856295.1_S.295_5
split_0095	GCA_030610785.1_S.199_18
split_0095	GCA_037386725.1_S.126_6
split_0095	GOMC.bin.7564_S.88_1
split_0096	GCA_004524385.1_S.96_8
split_0096	GCA_004524535.1_S.50_9
split_0096	GCA_016839555.1_S.1_415
split_0096	GCA_016839705.1_S.32_91
split_0096	GCA_016839765.1_S.55_6
split_0096	GCA_016840085.1_S.83_165
split_0096	GCA_016840165.1_S.54_237
split_0096	GCA_016840745.1_S.279_4
split_0096	GCA_019058245.1_S.10_45
split_0096	GCA_019058295.1_S.2_161
split_0096	GCA_029856295.1_S.295_5
split_0096	GCA_030610785.1_S.199_18
split_0096	GCA_037386725.1_S.126_6
split_0096	GOMC.bin.7564_S.88_1
split_0097	GCA_004524385.1_S.96_8
split_0097	GCA_004524535.1_S.50_9
split_0097	GCA_016839555.1_S.1_415
split_0097	GCA_016839705.1_S.32_91
split_0097	GCA_016839765.1_S.55_6
split_0097	GCA_016840085.1_S.83_165
split_0097	GCA_016840165.1_S.54_237
split_0097	GCA_016840745.1_S.279_4
split_0097	GCA_019058245.1_S.10_45
split_0097	GCA_019058295.1_S.2_161
split_0097	GCA_029856295.1_S.295_5
split_0097	GCA_030610785.1_S.199_18
split_0097	GOMC.bin.7564_S.88_1
split_0098	GCA_004524385.1_S.96_8
split_0098	GCA_004524535.1_S.50_9
split_0098	GCA_016839705.1_S.32_91
split_0098	GCA_016840085.1_S.83_165
split_0098	GCA_016840745.1_S.279_4
split_0098	GCA_019058295.1_S.2_161
split_0098	GCA_029856295.1_S.295_5
split_0098	GCA_030610785.1_S.199_18
split_0099	GCA_004524385.1_S.96_8
split_0099	GCA_004524535.1_S.50_9
split_0099	GCA_019058295.1_S.2_161
split_0099	GCA_029856295.1_S.295_5
split_0100	GCA_004524385.1_S.96_8
split_0100	GCA_004524535.1_S.50_9
split_0100	GCA_019058295.1_S.2_161
split_0101	GCA_004524385.1_S.96_8
split_0101	GCA_004524535.1_S.50_9
split_0102	GCA_016839705.1_S.32_91
split_0102	GCA_016840085.1_S.83_165
split_0102	GCA_016840745.1_S.279_4
split_0102	GCA_030610785.1_S.199_18
split_0103	GCA_016840085.1_S.83_165
split_0103	GCA_016840745.1_S.279_4
split_0103	GCA_030610785.1_S.199_18
split_0104	GCA_016840085.1_S.83_165
split_0104	GCA_016840745.1_S.279_4
split_0105	GCA_016839555.1_S.1_415
split_0105	GCA_016839765.1_S.55_6
split_0105	GCA_016840165.1_S.54_237
split_0105	GCA_019058245.1_S.10_45
split_0105	GOMC.bin.7564_S.88_1
split_0106	GCA_016839555.1_S.1_415
split_0106	GCA_016839765.1_S.55_6
split_0106	GOMC.bin.7564_S.88_1
split_0107	GCA_016839555.1_S.1_415
split_0107	GOMC.bin.7564_S.88_1
split_0108	GCA_016840165.1_S.54_237
split_0108	GCA_019058245.1_S.10_45
split_0109	GCA_019058015.1_S.83_57
split_0109	GCA_019058135.1_S.541_6
split_0110	GCA_004524545.1_S.48_28
split_0110	GCA_016933055.1_S.6_279
split_0110	GCA_018238965.1_S.27_2
split_0110	GCA_021498095.1_S.1_313
split_0110	GCA_025839675.1_S.1_3334
split_0110	GCA_030611625.1_S.194_10
split_0110	GCA_030612265.1_S.43_3
split_0110	GCF_008000775.2_S.1_423
split_0111	GCA_004524545.1_S.48_28
split_0111	GCA_016933055.1_S.6_279
split_0112	GCA_018238965.1_S.27_2
split_0112	GCA_021498095.1_S.1_313
split_0112	GCA_025839675.1_S.1_3334
split_0112	GCA_030611625.1_S.194_10
split_0112	GCA_030612265.1_S.43_3
split_0112	GCF_008000775.2_S.1_423
split_0113	GCA_018238965.1_S.27_2
split_0113	GCA_021498095.1_S.1_313
split_0114	GCA_025839675.1_S.1_3334
split_0114	GCA_030611625.1_S.194_10
split_0114	GCA_030612265.1_S.43_3
split_0114	GCF_008000775.2_S.1_423
split_0115	GCA_030611625.1_S.194_10
split_0115	GCA_030612265.1_S.43_3
split_0115	GCF_008000775.2_S.1_423
split_0116	GCA_030611625.1_S.194_10
split_0116	GCA_030612265.1_S.43_3
split_0117	GCA_014729935.1_S.201_1
split_0117	GCA_030587475.2_S.144_20
split_0117	GCA_041305945.1_S.1_3192
split_0118	GCA_014729935.1_S.201_1
split_0118	GCA_041305945.1_S.1_3192
split_0119	GCA_005191415.1_S.102_25
split_0119	GCA_019058315.1_S.5_297
split_0119	GCA_035531115.1_S.170_29
split_0119	GCA_054384155.1_S.46_28
split_0119	GCA_054386375.1_S.83_6
split_0119	GCA_054387055.1_S.168_4
split_0120	GCA_005191415.1_S.102_25
split_0120	GCA_035531115.1_S.170_29
split_0120	GCA_054386375.1_S.83_6
split_0120	GCA_054387055.1_S.168_4
split_0121	GCA_005191415.1_S.102_25
split_0121	GCA_035531115.1_S.170_29
split_0121	GCA_054386375.1_S.83_6
split_0122	GCA_005191415.1_S.102_25
split_0122	GCA_054386375.1_S.83_6
split_0123	GCA_019058315.1_S.5_297
split_0123	GCA_054384155.1_S.46_28
split_0124	GCA_001940665.2_S.1_525
split_0124	GCA_016839265.1_S.1_417
split_0124	GCA_038826135.1_S.59_9
split_0125	GCA_016839265.1_S.1_417
split_0125	GCA_038826135.1_S.59_9
split_0126	GCA_016839365.1_S.21_41
split_0126	GCA_016840585.1_S.83_21
split_0127	GCA_003144275.1_S.100_6
split_0127	GCA_013166775.1_S.97_128
split_0127	GCA_013166835.1_S.176_39
split_0127	GCA_015520535.1_S.540_18
split_0127	GCA_015523565.1_S.57_7
split_0127	GCA_016839515.1_S.41_73
split_0127	GCA_016839545.1_S.346_4
split_0127	GCA_016839625.1_S.287_1
split_0127	GCA_016839815.1_S.20_26
split_0127	GCA_016840035.1_S.289_24
split_0127	GCA_016840095.1_S.119_1
split_0127	GCA_016840425.1_S.185_6
split_0127	GCA_018238155.1_S.45_36
split_0127	GCA_018238545.1_S.52_11
split_0127	GCA_019057385.1_S.5_139
split_0127	GCA_019057635.1_S.138_2
split_0127	GCA_019058165.1_S.209_10
split_0127	GCA_019058275.1_S.41_61
split_0127	GCA_019894795.1_S.88_6
split_0127	GCA_020353515.1_S.1_2688
split_0127	GCA_021399395.1_S.48_4
split_0127	GCA_022574115.1_S.65_1
split_0127	GCA_023136245.1_S.124_6
split_0127	GCA_023270155.1_S.174_9
split_0127	GCA_023705905.1_S.143_7
split_0127	GCA_023705945.1_S.192_9
split_0127	GCA_024276395.1_S.707_4
split_0127	GCA_027001645.1_S.420_1
split_0127	GCA_027016475.1_S.193_4
split_0127	GCA_027077875.1_S.276_1
split_0127	GCA_030149205.1_S.2_207
split_0127	GCA_030589605.1_S.385_2
split_0127	GCA_030602675.1_S.282_6
split_0127	GCA_030603365.1_S.13_52
split_0127	GCA_030607575.1_S.180_18
split_0127	GCA_030608385.1_S.204_2
split_0127	GCA_030611665.1_S.25_7
split_0127	GCA_030631995.1_S.116_7
split_0127	GCA_030668165.1_S.32_3
split_0127	GCA_030668825.1_S.108_21
split_0127	GCA_030668875.1_S.16_4
split_0127	GCA_034660795.1_S.87_16
split_0127	GCA_035528035.1_S.13_54
split_0127	GCA_054381595.1_S.364_2
split_0127	GCA_054384955.1_S.63_3
split_0127	GCA_054385915.1_S.95_89
split_0127	GCA_054390975.1_S.51_1
split_0127	GOMC.bin.10982_S.278_20
split_0127	GOMC.bin.12592_S.14_29
split_0127	GOMC.bin.32939_S.20_5
split_0127	GOMC.bin.3447_S.209_2
split_0127	GOMC.bin.8267_S.33_17
split_0127	GOMC.bin.9621_S.343_16
split_0128	GCA_003144275.1_S.100_6
split_0128	GCA_013166775.1_S.97_128
split_0128	GCA_015520535.1_S.540_18
split_0128	GCA_015523565.1_S.57_7
split_0128	GCA_016839515.1_S.41_73
split_0128	GCA_016839545.1_S.346_4
split_0128	GCA_016839625.1_S.287_1
split_0128	GCA_016839815.1_S.20_26
split_0128	GCA_016840035.1_S.289_24
split_0128	GCA_016840095.1_S.119_1
split_0128	GCA_016840425.1_S.185_6
split_0128	GCA_018238545.1_S.52_11
split_0128	GCA_019057635.1_S.138_2
split_0128	GCA_019894795.1_S.88_6
split_0128	GCA_020353515.1_S.1_2688
split_0128	GCA_021399395.1_S.48_4
split_0128	GCA_022574115.1_S.65_1
split_0128	GCA_023136245.1_S.124_6
split_0128	GCA_023270155.1_S.174_9
split_0128	GCA_023705905.1_S.143_7
split_0128	GCA_023705945.1_S.192_9
split_0128	GCA_024276395.1_S.707_4
split_0128	GCA_027001645.1_S.420_1
split_0128	GCA_027016475.1_S.193_4
split_0128	GCA_027077875.1_S.276_1
split_0128	GCA_030149205.1_S.2_207
split_0128	GCA_030589605.1_S.385_2
split_0128	GCA_030603365.1_S.13_52
split_0128	GCA_030607575.1_S.180_18
split_0128	GCA_030608385.1_S.204_2
split_0128	GCA_030611665.1_S.25_7
split_0128	GCA_030631995.1_S.116_7
split_0128	GCA_030668165.1_S.32_3
split_0128	GCA_030668825.1_S.108_21
split_0128	GCA_030668875.1_S.16_4
split_0128	GCA_054384955.1_S.63_3
split_0128	GCA_054390975.1_S.51_1
split_0128	GOMC.bin.10982_S.278_20
split_0128	GOMC.bin.12592_S.14_29
split_0128	GOMC.bin.32939_S.20_5
split_0128	GOMC.bin.3447_S.209_2
split_0128	GOMC.bin.8267_S.33_17
split_0128	GOMC.bin.9621_S.343_16
split_0129	GCA_013166775.1_S.97_128
split_0129	GCA_015523565.1_S.57_7
split_0129	GCA_016839545.1_S.346_4
split_0129	GCA_016840095.1_S.119_1
split_0129	GCA_016840425.1_S.185_6
split_0129	GCA_018238545.1_S.52_11
split_0129	GCA_019894795.1_S.88_6
split_0129	GCA_021399395.1_S.48_4
split_0129	GCA_022574115.1_S.65_1
split_0129	GCA_023136245.1_S.124_6
split_0129	GCA_023270155.1_S.174_9
split_0129	GCA_023705905.1_S.143_7
split_0129	GCA_023705945.1_S.192_9
split_0129	GCA_027001645.1_S.420_1
split_0129	GCA_027016475.1_S.193_4
split_0129	GCA_027077875.1_S.276_1
split_0129	GCA_030149205.1_S.2_207
split_0129	GCA_030603365.1_S.13_52
split_0129	GCA_030607575.1_S.180_18
split_0129	GCA_030608385.1_S.204_2
split_0129	GCA_030611665.1_S.25_7
split_0129	GCA_030631995.1_S.116_7
split_0129	GCA_030668165.1_S.32_3
split_0129	GCA_030668825.1_S.108_21
split_0129	GCA_030668875.1_S.16_4
split_0129	GCA_054384955.1_S.63_3
split_0129	GOMC.bin.12592_S.14_29
split_0129	GOMC.bin.32939_S.20_5
split_0129	GOMC.bin.3447_S.209_2
split_0129	GOMC.bin.9621_S.343_16
split_0130	GCA_013166775.1_S.97_128
split_0130	GCA_015523565.1_S.57_7
split_0130	GCA_016839545.1_S.346_4
split_0130	GCA_016840095.1_S.119_1
split_0130	GCA_018238545.1_S.52_11
split_0130	GCA_019894795.1_S.88_6
split_0130	GCA_021399395.1_S.48_4
split_0130	GCA_022574115.1_S.65_1
split_0130	GCA_023136245.1_S.124_6
split_0130	GCA_023270155.1_S.174_9
split_0130	GCA_023705905.1_S.143_7
split_0130	GCA_023705945.1_S.192_9
split_0130	GCA_027001645.1_S.420_1
split_0130	GCA_027016475.1_S.193_4
split_0130	GCA_027077875.1_S.276_1
split_0130	GCA_030149205.1_S.2_207
split_0130	GCA_030603365.1_S.13_52
split_0130	GCA_030607575.1_S.180_18
split_0130	GCA_030608385.1_S.204_2
split_0130	GCA_030611665.1_S.25_7
split_0130	GCA_030631995.1_S.116_7
split_0130	GCA_030668165.1_S.32_3
split_0130	GCA_030668825.1_S.108_21
split_0130	GCA_030668875.1_S.16_4
split_0130	GCA_054384955.1_S.63_3
split_0130	GOMC.bin.12592_S.14_29
split_0130	GOMC.bin.32939_S.20_5
split_0130	GOMC.bin.3447_S.209_2
split_0130	GOMC.bin.9621_S.343_16
split_0131	GCA_013166775.1_S.97_128
split_0131	GCA_016840095.1_S.119_1
split_0131	GCA_018238545.1_S.52_11
split_0131	GCA_019894795.1_S.88_6
split_0131	GCA_021399395.1_S.48_4
split_0131	GCA_023136245.1_S.124_6
split_0131	GCA_023270155.1_S.174_9
split_0131	GCA_023705905.1_S.143_7
split_0131	GCA_023705945.1_S.192_9
split_0131	GCA_030603365.1_S.13_52
split_0131	GCA_030607575.1_S.180_18
split_0131	GCA_030608385.1_S.204_2
split_0131	GCA_030611665.1_S.25_7
split_0131	GCA_030631995.1_S.116_7
split_0131	GCA_030668825.1_S.108_21
split_0131	GCA_030668875.1_S.16_4
split_0131	GCA_054384955.1_S.63_3
split_0131	GOMC.bin.12592_S.14_29
split_0131	GOMC.bin.32939_S.20_5
split_0131	GOMC.bin.9621_S.343_16
split_0132	GCA_016840095.1_S.119_1
split_0132	GCA_019894795.1_S.88_6
split_0132	GCA_021399395.1_S.48_4
split_0132	GCA_023136245.1_S.124_6
split_0132	GCA_023270155.1_S.174_9
split_0132	GCA_023705945.1_S.192_9
split_0132	GCA_030607575.1_S.180_18
split_0132	GCA_030608385.1_S.204_2
split_0132	GCA_030631995.1_S.116_7
split_0132	GCA_054384955.1_S.63_3
split_0132	GOMC.bin.12592_S.14_29
split_0132	GOMC.bin.32939_S.20_5
split_0132	GOMC.bin.9621_S.343_16
split_0133	GCA_016840095.1_S.119_1
split_0133	GCA_019894795.1_S.88_6
split_0133	GCA_021399395.1_S.48_4
split_0133	GCA_023136245.1_S.124_6
split_0133	GCA_023270155.1_S.174_9
split_0133	GCA_030607575.1_S.180_18
split_0133	GCA_030608385.1_S.204_2
split_0133	GCA_030631995.1_S.116_7
split_0133	GCA_054384955.1_S.63_3
split_0133	GOMC.bin.12592_S.14_29
split_0133	GOMC.bin.32939_S.20_5
split_0133	GOMC.bin.9621_S.343_16
split_0134	GCA_016840095.1_S.119_1
split_0134	GCA_021399395.1_S.48_4
split_0134	GCA_023136245.1_S.124_6
split_0134	GCA_023270155.1_S.174_9
split_0134	GCA_030607575.1_S.180_18
split_0134	GCA_030608385.1_S.204_2
split_0134	GCA_030631995.1_S.116_7
split_0134	GCA_054384955.1_S.63_3
split_0134	GOMC.bin.12592_S.14_29
split_0134	GOMC.bin.32939_S.20_5
split_0134	GOMC.bin.9621_S.343_16
split_0135	GCA_016840095.1_S.119_1
split_0135	GCA_021399395.1_S.48_4
split_0135	GCA_023270155.1_S.174_9
split_0135	GCA_030607575.1_S.180_18
split_0135	GCA_030608385.1_S.204_2
split_0135	GCA_030631995.1_S.116_7
split_0135	GCA_054384955.1_S.63_3
split_0135	GOMC.bin.12592_S.14_29
split_0135	GOMC.bin.32939_S.20_5
split_0135	GOMC.bin.9621_S.343_16
split_0136	GCA_016840095.1_S.119_1
split_0136	GCA_021399395.1_S.48_4
split_0136	GCA_030607575.1_S.180_18
split_0136	GCA_030608385.1_S.204_2
split_0136	GCA_054384955.1_S.63_3
split_0136	GOMC.bin.12592_S.14_29
split_0136	GOMC.bin.32939_S.20_5
split_0136	GOMC.bin.9621_S.343_16
split_0137	GCA_030608385.1_S.204_2
split_0137	GCA_054384955.1_S.63_3
split_0137	GOMC.bin.32939_S.20_5
split_0138	GCA_030608385.1_S.204_2
split_0138	GOMC.bin.32939_S.20_5
split_0139	GCA_016840095.1_S.119_1
split_0139	GCA_021399395.1_S.48_4
split_0139	GCA_030607575.1_S.180_18
split_0139	GOMC.bin.12592_S.14_29
split_0139	GOMC.bin.9621_S.343_16
split_0140	GCA_016840095.1_S.119_1
split_0140	GCA_021399395.1_S.48_4
split_0140	GCA_030607575.1_S.180_18
split_0140	GOMC.bin.12592_S.14_29
split_0141	GCA_016840095.1_S.119_1
split_0141	GCA_021399395.1_S.48_4
split_0141	GOMC.bin.12592_S.14_29
split_0142	GCA_016840095.1_S.119_1
split_0142	GOMC.bin.12592_S.14_29
split_0143	GCA_023270155.1_S.174_9
split_0143	GCA_030631995.1_S.116_7
split_0144	GCA_013166775.1_S.97_128
split_0144	GCA_018238545.1_S.52_11
split_0144	GCA_023705905.1_S.143_7
split_0144	GCA_030603365.1_S.13_52
split_0144	GCA_030611665.1_S.25_7
split_0144	GCA_030668825.1_S.108_21
split_0144	GCA_030668875.1_S.16_4
split_0145	GCA_018238545.1_S.52_11
split_0145	GCA_023705905.1_S.143_7
split_0145	GCA_030603365.1_S.13_52
split_0145	GCA_030611665.1_S.25_7
split_0145	GCA_030668825.1_S.108_21
split_0145	GCA_030668875.1_S.16_4
split_0146	GCA_018238545.1_S.52_11
split_0146	GCA_023705905.1_S.143_7
split_0146	GCA_030611665.1_S.25_7
split_0146	GCA_030668875.1_S.16_4
split_0147	GCA_023705905.1_S.143_7
split_0147	GCA_030611665.1_S.25_7
split_0147	GCA_030668875.1_S.16_4
split_0148	GCA_030611665.1_S.25_7
split_0148	GCA_030668875.1_S.16_4
split_0149	GCA_030603365.1_S.13_52
split_0149	GCA_030668825.1_S.108_21
split_0150	GCA_015523565.1_S.57_7
split_0150	GCA_016839545.1_S.346_4
split_0150	GCA_022574115.1_S.65_1
split_0150	GCA_027001645.1_S.420_1
split_0150	GCA_027016475.1_S.193_4
split_0150	GCA_027077875.1_S.276_1
split_0150	GCA_030149205.1_S.2_207
split_0150	GCA_030668165.1_S.32_3
split_0150	GOMC.bin.3447_S.209_2
split_0151	GCA_015523565.1_S.57_7
split_0151	GCA_016839545.1_S.346_4
split_0151	GCA_022574115.1_S.65_1
split_0151	GCA_027016475.1_S.193_4
split_0151	GCA_027077875.1_S.276_1
split_0151	GCA_030149205.1_S.2_207
split_0151	GCA_030668165.1_S.32_3
split_0152	GCA_015523565.1_S.57_7
split_0152	GCA_027016475.1_S.193_4
split_0152	GCA_027077875.1_S.276_1
split_0152	GCA_030149205.1_S.2_207
split_0153	GCA_015523565.1_S.57_7
split_0153	GCA_027016475.1_S.193_4
split_0153	GCA_030149205.1_S.2_207
split_0154	GCA_015523565.1_S.57_7
split_0154	GCA_027016475.1_S.193_4
split_0155	GCA_016839545.1_S.346_4
split_0155	GCA_022574115.1_S.65_1
split_0155	GCA_030668165.1_S.32_3
split_0156	GCA_016839545.1_S.346_4
split_0156	GCA_022574115.1_S.65_1
split_0157	GCA_027001645.1_S.420_1
split_0157	GOMC.bin.3447_S.209_2
split_0158	GCA_003144275.1_S.100_6
split_0158	GCA_015520535.1_S.540_18
split_0158	GCA_016839515.1_S.41_73
split_0158	GCA_016839625.1_S.287_1
split_0158	GCA_016839815.1_S.20_26
split_0158	GCA_016840035.1_S.289_24
split_0158	GCA_019057635.1_S.138_2
split_0158	GCA_020353515.1_S.1_2688
split_0158	GCA_024276395.1_S.707_4
split_0158	GCA_030589605.1_S.385_2
split_0158	GCA_054390975.1_S.51_1
split_0158	GOMC.bin.10982_S.278_20
split_0158	GOMC.bin.8267_S.33_17
split_0159	GCA_003144275.1_S.100_6
split_0159	GCA_016839515.1_S.41_73
split_0159	GCA_016839625.1_S.287_1
split_0159	GCA_016839815.1_S.20_26
split_0159	GCA_016840035.1_S.289_24
split_0159	GCA_019057635.1_S.138_2
split_0159	GCA_020353515.1_S.1_2688
split_0159	GCA_030589605.1_S.385_2
split_0159	GCA_054390975.1_S.51_1
split_0159	GOMC.bin.10982_S.278_20
split_0159	GOMC.bin.8267_S.33_17
split_0160	GCA_003144275.1_S.100_6
split_0160	GCA_016839515.1_S.41_73
split_0160	GCA_016839815.1_S.20_26
split_0160	GCA_016840035.1_S.289_24
split_0160	GCA_019057635.1_S.138_2
split_0160	GCA_054390975.1_S.51_1
split_0161	GCA_003144275.1_S.100_6
split_0161	GCA_016839815.1_S.20_26
split_0161	GCA_016840035.1_S.289_24
split_0161	GCA_019057635.1_S.138_2
split_0161	GCA_054390975.1_S.51_1
split_0162	GCA_003144275.1_S.100_6
split_0162	GCA_019057635.1_S.138_2
split_0163	GCA_016839815.1_S.20_26
split_0163	GCA_016840035.1_S.289_24
split_0163	GCA_054390975.1_S.51_1
split_0164	GCA_016839815.1_S.20_26
split_0164	GCA_054390975.1_S.51_1
split_0165	GCA_016839625.1_S.287_1
split_0165	GCA_020353515.1_S.1_2688
split_0165	GCA_030589605.1_S.385_2
split_0165	GOMC.bin.10982_S.278_20
split_0165	GOMC.bin.8267_S.33_17
split_0166	GCA_030589605.1_S.385_2
split_0166	GOMC.bin.8267_S.33_17
split_0167	GCA_016839625.1_S.287_1
split_0167	GCA_020353515.1_S.1_2688
split_0167	GOMC.bin.10982_S.278_20
split_0168	GCA_016839625.1_S.287_1
split_0168	GOMC.bin.10982_S.278_20
split_0169	GCA_015520535.1_S.540_18
split_0169	GCA_024276395.1_S.707_4
split_0170	GCA_013166835.1_S.176_39
split_0170	GCA_018238155.1_S.45_36
split_0170	GCA_019057385.1_S.5_139
split_0170	GCA_019058165.1_S.209_10
split_0170	GCA_019058275.1_S.41_61
split_0170	GCA_030602675.1_S.282_6
split_0170	GCA_034660795.1_S.87_16
split_0170	GCA_035528035.1_S.13_54
split_0170	GCA_054381595.1_S.364_2
split_0170	GCA_054385915.1_S.95_89
split_0171	GCA_013166835.1_S.176_39
split_0171	GCA_018238155.1_S.45_36
split_0171	GCA_019058165.1_S.209_10
split_0171	GCA_019058275.1_S.41_61
split_0171	GCA_030602675.1_S.282_6
split_0171	GCA_034660795.1_S.87_16
split_0171	GCA_035528035.1_S.13_54
split_0171	GCA_054381595.1_S.364_2
split_0171	GCA_054385915.1_S.95_89
split_0172	GCA_013166835.1_S.176_39
split_0172	GCA_018238155.1_S.45_36
split_0172	GCA_019058165.1_S.209_10
split_0172	GCA_019058275.1_S.41_61
split_0172	GCA_030602675.1_S.282_6
split_0172	GCA_035528035.1_S.13_54
split_0172	GCA_054381595.1_S.364_2
split_0172	GCA_054385915.1_S.95_89
split_0173	GCA_013166835.1_S.176_39
split_0173	GCA_019058165.1_S.209_10
split_0173	GCA_054381595.1_S.364_2
split_0174	GCA_013166835.1_S.176_39
split_0174	GCA_054381595.1_S.364_2
split_0175	GCA_018238155.1_S.45_36
split_0175	GCA_019058275.1_S.41_61
split_0175	GCA_030602675.1_S.282_6
split_0175	GCA_035528035.1_S.13_54
split_0175	GCA_054385915.1_S.95_89
split_0176	GCA_019058275.1_S.41_61
split_0176	GCA_030602675.1_S.282_6
split_0176	GCA_035528035.1_S.13_54
split_0176	GCA_054385915.1_S.95_89
split_0177	GCA_019058275.1_S.41_61
split_0177	GCA_030602675.1_S.282_6
split_0177	GCA_035528035.1_S.13_54
split_0178	GCA_019058275.1_S.41_61
split_0178	GCA_030602675.1_S.282_6
split_0179	GCA_052626455.1_S.9_58
split_0179	GCA_054384775.1_S.36_13
split_0180	GCA_016840485.1_S.230_3
split_0180	GCA_019056805.1_S.17_108
split_0180	GOMC.bin.16881_S.86_2
split_0180	GOMC.bin.2973_S.33_30
split_0181	GCA_016840485.1_S.230_3
split_0181	GCA_019056805.1_S.17_108
split_0181	GOMC.bin.2973_S.33_30
split_0182	GCA_016840485.1_S.230_3
split_0182	GOMC.bin.2973_S.33_30
split_0183	GCA_026993975.1_S.165_4
split_0183	GCA_029856055.1_S.144_2
split_0183	GCA_029856635.1_S.44_5
split_0183	GCA_030587585.2_S.353_7
split_0183	GCA_038894835.1_S.23_4
split_0183	GCA_054386435.1_S.135_1
split_0183	GCF_021083305.1_S.18_1
split_0183	GOMC.bin.16906_S.63_7
split_0183	GOMC.bin.16970_S.170_1
split_0183	GOMC.bin.2861_S.60_25
split_0183	GOMC.bin.2988_S.69_1
split_0183	GOMC.bin.3488_S.28_2
split_0184	GCA_026993975.1_S.165_4
split_0184	GCA_029856055.1_S.144_2
split_0184	GCA_029856635.1_S.44_5
split_0184	GCA_030587585.2_S.353_7
split_0184	GCA_038894835.1_S.23_4
split_0184	GCA_054386435.1_S.135_1
split_0184	GOMC.bin.16906_S.63_7
split_0184	GOMC.bin.16970_S.170_1
split_0184	GOMC.bin.2861_S.60_25
split_0184	GOMC.bin.2988_S.69_1
split_0184	GOMC.bin.3488_S.28_2
split_0185	GCA_026993975.1_S.165_4
split_0185	GCA_029856055.1_S.144_2
split_0185	GCA_029856635.1_S.44_5
split_0185	GCA_030587585.2_S.353_7
split_0185	GCA_038894835.1_S.23_4
split_0185	GCA_054386435.1_S.135_1
split_0185	GOMC.bin.16906_S.63_7
split_0185	GOMC.bin.16970_S.170_1
split_0185	GOMC.bin.2861_S.60_25
split_0185	GOMC.bin.2988_S.69_1
split_0186	GCA_026993975.1_S.165_4
split_0186	GCA_029856055.1_S.144_2
split_0186	GCA_030587585.2_S.353_7
split_0186	GCA_038894835.1_S.23_4
split_0186	GCA_054386435.1_S.135_1
split_0186	GOMC.bin.16906_S.63_7
split_0186	GOMC.bin.16970_S.170_1
split_0186	GOMC.bin.2861_S.60_25
split_0186	GOMC.bin.2988_S.69_1
split_0187	GCA_030587585.2_S.353_7
split_0187	GCA_038894835.1_S.23_4
split_0187	GOMC.bin.2861_S.60_25
split_0187	GOMC.bin.2988_S.69_1
split_0188	GCA_030587585.2_S.353_7
split_0188	GOMC.bin.2861_S.60_25
split_0188	GOMC.bin.2988_S.69_1
split_0189	GOMC.bin.2861_S.60_25
split_0189	GOMC.bin.2988_S.69_1
split_0190	GCA_026993975.1_S.165_4
split_0190	GCA_029856055.1_S.144_2
split_0190	GCA_054386435.1_S.135_1
split_0190	GOMC.bin.16906_S.63_7
split_0190	GOMC.bin.16970_S.170_1
split_0191	GCA_026993975.1_S.165_4
split_0191	GCA_029856055.1_S.144_2
split_0191	GOMC.bin.16906_S.63_7
split_0191	GOMC.bin.16970_S.170_1
split_0192	GCA_026993975.1_S.165_4
split_0192	GCA_029856055.1_S.144_2
split_0192	GOMC.bin.16970_S.170_1
split_0193	GCA_026993975.1_S.165_4
split_0193	GCA_029856055.1_S.144_2
split_0194	GCA_002255025.1_S.73_11
split_0194	GOMC.bin.2212_S.199_4
split_0194	GOMC.bin.2762_S.358_1
split_0195	GCA_002255025.1_S.73_11
split_0195	GOMC.bin.2212_S.199_4
split_0196	GCA_004375715.1_S.262_18
split_0196	GCA_004524725.1_S.52_9
split_0196	GCA_014729055.1_S.818_9
split_0196	GCA_019894885.1_S.175_2
split_0196	GCA_030610785.1_S.85_1
split_0196	GCA_030613185.1_S.394_5
split_0196	GCA_030638785.1_S.191_14
split_0197	GCA_004375715.1_S.262_18
split_0197	GCA_004524725.1_S.52_9
split_0197	GCA_019894885.1_S.175_2
split_0197	GCA_030610785.1_S.85_1
split_0197	GCA_030613185.1_S.394_5
split_0198	GCA_004375715.1_S.262_18
split_0198	GCA_004524725.1_S.52_9
split_0198	GCA_019894885.1_S.175_2
split_0198	GCA_030610785.1_S.85_1
split_0199	GCA_004375715.1_S.262_18
split_0199	GCA_004524725.1_S.52_9
split_0199	GCA_019894885.1_S.175_2
split_0200	GCA_004375715.1_S.262_18
split_0200	GCA_019894885.1_S.175_2
split_0201	GCA_014729055.1_S.818_9
split_0201	GCA_030638785.1_S.191_14
split_0202	GCA_013166775.1_S.80_10
split_0202	GCA_013166835.1_S.149_7
split_0202	GCA_016839365.1_S.71_16
split_0202	GCA_016839805.1_S.49_19
split_0202	GCA_016839945.1_S.119_6
split_0202	GCA_016839995.1_S.137_2
split_0202	GCA_016840065.1_S.69_22
split_0202	GCA_016840095.1_S.107_8
split_0202	GCA_016840135.1_S.100_19
split_0202	GCA_016840585.1_S.138_7
split_0202	GCA_018238155.1_S.20_25
split_0202	GCA_018238545.1_S.42_19
split_0202	GCA_019057375.1_S.14_4
split_0202	GCA_019057815.1_S.27_29
split_0202	GCA_019058165.1_S.216_3
split_0202	GCA_019058275.1_S.54_80
split_0202	GCA_019894795.1_S.175_1
split_0202	GCA_021399345.1_S.125_51
split_0202	GCA_021399395.1_S.149_12
split_0202	GCA_021513695.1_S.1_988
split_0202	GCA_021513715.1_S.1_1072
split_0202	GCA_023270155.1_S.116_5
split_0202	GCA_023705905.1_S.254_5
split_0202	GCA_023705945.1_S.178_1
split_0202	GCA_023705985.1_S.10_26
split_0202	GCA_029882335.1_S.458_2
split_0202	GCA_029882335.1_S.555_23
split_0202	GCA_030602675.1_S.427_12
split_0202	GCA_030603365.1_S.2_65
split_0202	GCA_030611665.1_S.92_6
split_0202	GCA_030614005.1_S.82_43
split_0202	GCA_030638685.1_S.137_8
split_0202	GCA_030668875.1_S.29_39
split_0202	GCA_030671945.1_S.59_8
split_0202	GCA_035531115.1_S.231_2
split_0202	GCA_048939415.1_S.38_9
split_0202	GCA_054381535.1_S.352_12
split_0202	GCA_054384955.1_S.212_3
split_0202	GCA_054386155.1_S.89_17
split_0203	GCA_013166775.1_S.80_10
split_0203	GCA_013166835.1_S.149_7
split_0203	GCA_016839365.1_S.71_16
split_0203	GCA_016839805.1_S.49_19
split_0203	GCA_016839945.1_S.119_6
split_0203	GCA_016839995.1_S.137_2
split_0203	GCA_016840065.1_S.69_22
split_0203	GCA_016840095.1_S.107_8
split_0203	GCA_016840135.1_S.100_19
split_0203	GCA_016840585.1_S.138_7
split_0203	GCA_018238155.1_S.20_25
split_0203	GCA_018238545.1_S.42_19
split_0203	GCA_019057375.1_S.14_4
split_0203	GCA_019057815.1_S.27_29
split_0203	GCA_019058165.1_S.216_3
split_0203	GCA_019058275.1_S.54_80
split_0203	GCA_019894795.1_S.175_1
split_0203	GCA_021399345.1_S.125_51
split_0203	GCA_021399395.1_S.149_12
split_0203	GCA_023270155.1_S.116_5
split_0203	GCA_023705905.1_S.254_5
split_0203	GCA_023705945.1_S.178_1
split_0203	GCA_023705985.1_S.10_26
split_0203	GCA_029882335.1_S.458_2
split_0203	GCA_029882335.1_S.555_23
split_0203	GCA_030602675.1_S.427_12
split_0203	GCA_030603365.1_S.2_65
split_0203	GCA_030611665.1_S.92_6
split_0203	GCA_030614005.1_S.82_43
split_0203	GCA_030638685.1_S.137_8
split_0203	GCA_030668875.1_S.29_39
split_0203	GCA_030671945.1_S.59_8
split_0203	GCA_035531115.1_S.231_2
split_0203	GCA_048939415.1_S.38_9
split_0203	GCA_054381535.1_S.352_12
split_0203	GCA_054384955.1_S.212_3
split_0203	GCA_054386155.1_S.89_17
split_0204	GCA_013166775.1_S.80_10
split_0204	GCA_016839945.1_S.119_6
split_0204	GCA_016840095.1_S.107_8
split_0204	GCA_018238545.1_S.42_19
split_0204	GCA_019057375.1_S.14_4
split_0204	GCA_019057815.1_S.27_29
split_0204	GCA_019894795.1_S.175_1
split_0204	GCA_021399345.1_S.125_51
split_0204	GCA_021399395.1_S.149_12
split_0204	GCA_023270155.1_S.116_5
split_0204	GCA_023705905.1_S.254_5
split_0204	GCA_023705945.1_S.178_1
split_0204	GCA_023705985.1_S.10_26
split_0204	GCA_030603365.1_S.2_65
split_0204	GCA_030611665.1_S.92_6
split_0204	GCA_030638685.1_S.137_8
split_0204	GCA_030668875.1_S.29_39
split_0204	GCA_054384955.1_S.212_3
split_0205	GCA_013166775.1_S.80_10
split_0205	GCA_016839945.1_S.119_6
split_0205	GCA_016840095.1_S.107_8
split_0205	GCA_018238545.1_S.42_19
split_0205	GCA_019057375.1_S.14_4
split_0205	GCA_019894795.1_S.175_1
split_0205	GCA_021399345.1_S.125_51
split_0205	GCA_021399395.1_S.149_12
split_0205	GCA_023270155.1_S.116_5
split_0205	GCA_023705905.1_S.254_5
split_0205	GCA_023705945.1_S.178_1
split_0205	GCA_030603365.1_S.2_65
split_0205	GCA_030611665.1_S.92_6
split_0205	GCA_030668875.1_S.29_39
split_0205	GCA_054384955.1_S.212_3
split_0206	GCA_013166775.1_S.80_10
split_0206	GCA_016839945.1_S.119_6
split_0206	GCA_016840095.1_S.107_8
split_0206	GCA_019057375.1_S.14_4
split_0206	GCA_019894795.1_S.175_1
split_0206	GCA_021399345.1_S.125_51
split_0206	GCA_021399395.1_S.149_12
split_0206	GCA_023270155.1_S.116_5
split_0206	GCA_030603365.1_S.2_65
split_0206	GCA_054384955.1_S.212_3
split_0207	GCA_013166775.1_S.80_10
split_0207	GCA_016839945.1_S.119_6
split_0207	GCA_016840095.1_S.107_8
split_0207	GCA_019057375.1_S.14_4
split_0207	GCA_019894795.1_S.175_1
split_0207	GCA_021399395.1_S.149_12
split_0207	GCA_030603365.1_S.2_65
split_0207	GCA_054384955.1_S.212_3
split_0208	GCA_013166775.1_S.80_10
split_0208	GCA_019057375.1_S.14_4
split_0208	GCA_019894795.1_S.175_1
split_0208	GCA_021399395.1_S.149_12
split_0208	GCA_030603365.1_S.2_65
split_0208	GCA_054384955.1_S.212_3
split_0209	GCA_013166775.1_S.80_10
split_0209	GCA_019057375.1_S.14_4
split_0209	GCA_019894795.1_S.175_1
split_0209	GCA_030603365.1_S.2_65
split_0209	GCA_054384955.1_S.212_3
split_0210	GCA_013166775.1_S.80_10
split_0210	GCA_019057375.1_S.14_4
split_0210	GCA_054384955.1_S.212_3
split_0211	GCA_019057375.1_S.14_4
split_0211	GCA_054384955.1_S.212_3
split_0212	GCA_019894795.1_S.175_1
split_0212	GCA_030603365.1_S.2_65
split_0213	GCA_016839945.1_S.119_6
split_0213	GCA_016840095.1_S.107_8
split_0214	GCA_021399345.1_S.125_51
split_0214	GCA_023270155.1_S.116_5
split_0215	GCA_018238545.1_S.42_19
split_0215	GCA_023705905.1_S.254_5
split_0215	GCA_023705945.1_S.178_1
split_0215	GCA_030611665.1_S.92_6
split_0215	GCA_030668875.1_S.29_39
split_0216	GCA_018238545.1_S.42_19
split_0216	GCA_023705905.1_S.254_5
split_0216	GCA_030611665.1_S.92_6
split_0216	GCA_030668875.1_S.29_39
split_0217	GCA_023705905.1_S.254_5
split_0217	GCA_030611665.1_S.92_6
split_0217	GCA_030668875.1_S.29_39
split_0218	GCA_023705905.1_S.254_5
split_0218	GCA_030668875.1_S.29_39
split_0219	GCA_019057815.1_S.27_29
split_0219	GCA_023705985.1_S.10_26
split_0219	GCA_030638685.1_S.137_8
split_0220	GCA_019057815.1_S.27_29
split_0220	GCA_023705985.1_S.10_26
split_0221	GCA_013166835.1_S.149_7
split_0221	GCA_016839365.1_S.71_16
split_0221	GCA_016839805.1_S.49_19
split_0221	GCA_016839995.1_S.137_2
split_0221	GCA_016840065.1_S.69_22
split_0221	GCA_016840135.1_S.100_19
split_0221	GCA_016840585.1_S.138_7
split_0221	GCA_018238155.1_S.20_25
split_0221	GCA_019058165.1_S.216_3
split_0221	GCA_019058275.1_S.54_80
split_0221	GCA_029882335.1_S.458_2
split_0221	GCA_029882335.1_S.555_23
split_0221	GCA_030602675.1_S.427_12
split_0221	GCA_030614005.1_S.82_43
split_0221	GCA_030671945.1_S.59_8
split_0221	GCA_035531115.1_S.231_2
split_0221	GCA_048939415.1_S.38_9
split_0221	GCA_054381535.1_S.352_12
split_0221	GCA_054386155.1_S.89_17
split_0222	GCA_013166835.1_S.149_7
split_0222	GCA_016839365.1_S.71_16
split_0222	GCA_016839805.1_S.49_19
split_0222	GCA_016839995.1_S.137_2
split_0222	GCA_016840065.1_S.69_22
split_0222	GCA_016840135.1_S.100_19
split_0222	GCA_016840585.1_S.138_7
split_0222	GCA_018238155.1_S.20_25
split_0222	GCA_019058165.1_S.216_3
split_0222	GCA_019058275.1_S.54_80
split_0222	GCA_029882335.1_S.555_23
split_0222	GCA_030602675.1_S.427_12
split_0222	GCA_030671945.1_S.59_8
split_0222	GCA_048939415.1_S.38_9
split_0222	GCA_054381535.1_S.352_12
split_0222	GCA_054386155.1_S.89_17
split_0223	GCA_013166835.1_S.149_7
split_0223	GCA_018238155.1_S.20_25
split_0223	GCA_019058165.1_S.216_3
split_0223	GCA_019058275.1_S.54_80
split_0223	GCA_029882335.1_S.555_23
split_0223	GCA_030602675.1_S.427_12
split_0223	GCA_030671945.1_S.59_8
split_0223	GCA_054381535.1_S.352_12
split_0223	GCA_054386155.1_S.89_17
split_0224	GCA_013166835.1_S.149_7
split_0224	GCA_018238155.1_S.20_25
split_0224	GCA_019058165.1_S.216_3
split_0224	GCA_019058275.1_S.54_80
split_0224	GCA_030602675.1_S.427_12
split_0224	GCA_030671945.1_S.59_8
split_0224	GCA_054381535.1_S.352_12
split_0224	GCA_054386155.1_S.89_17
split_0225	GCA_013166835.1_S.149_7
split_0225	GCA_018238155.1_S.20_25
split_0225	GCA_019058165.1_S.216_3
split_0225	GCA_019058275.1_S.54_80
split_0225	GCA_030602675.1_S.427_12
split_0225	GCA_030671945.1_S.59_8
split_0225	GCA_054381535.1_S.352_12
split_0226	GCA_013166835.1_S.149_7
split_0226	GCA_019058165.1_S.216_3
split_0226	GCA_019058275.1_S.54_80
split_0226	GCA_030602675.1_S.427_12
split_0226	GCA_030671945.1_S.59_8
split_0226	GCA_054381535.1_S.352_12
split_0227	GCA_013166835.1_S.149_7
split_0227	GCA_019058165.1_S.216_3
split_0227	GCA_030671945.1_S.59_8
split_0227	GCA_054381535.1_S.352_12
split_0228	GCA_013166835.1_S.149_7
split_0228	GCA_019058165.1_S.216_3
split_0228	GCA_030671945.1_S.59_8
split_0229	GCA_013166835.1_S.149_7
split_0229	GCA_030671945.1_S.59_8
split_0230	GCA_019058275.1_S.54_80
split_0230	GCA_030602675.1_S.427_12
split_0231	GCA_016839365.1_S.71_16
split_0231	GCA_016839805.1_S.49_19
split_0231	GCA_016839995.1_S.137_2
split_0231	GCA_016840065.1_S.69_22
split_0231	GCA_016840135.1_S.100_19
split_0231	GCA_016840585.1_S.138_7
split_0231	GCA_048939415.1_S.38_9
split_0232	GCA_016839365.1_S.71_16
split_0232	GCA_016839995.1_S.137_2
split_0232	GCA_016840065.1_S.69_22
split_0232	GCA_016840135.1_S.100_19
split_0232	GCA_016840585.1_S.138_7
split_0232	GCA_048939415.1_S.38_9
split_0233	GCA_016839365.1_S.71_16
split_0233	GCA_016839995.1_S.137_2
split_0233	GCA_016840585.1_S.138_7
split_0233	GCA_048939415.1_S.38_9
split_0234	GCA_016840585.1_S.138_7
split_0234	GCA_048939415.1_S.38_9
split_0235	GCA_016839365.1_S.71_16
split_0235	GCA_016839995.1_S.137_2
split_0236	GCA_016840065.1_S.69_22
split_0236	GCA_016840135.1_S.100_19
split_0237	GCA_029882335.1_S.458_2
split_0237	GCA_030614005.1_S.82_43
split_0237	GCA_035531115.1_S.231_2
split_0238	GCA_030614005.1_S.82_43
split_0238	GCA_035531115.1_S.231_2
split_0239	GCA_021513695.1_S.1_988
split_0239	GCA_021513715.1_S.1_1072
split_0240	GCA_001940655.1_S.19_20
split_0240	GCA_004524385.1_S.73_4
split_0240	GCA_005223125.1_S.56_12
split_0240	GCA_008080735.1_S.2_116
split_0240	GCA_011364925.1_S.90_9
split_0240	GCA_013375475.1_S.20_2
split_0240	GCA_013375485.1_S.225_3
split_0240	GCA_014728035.1_S.34_25
split_0240	GCA_016839585.1_S.47_41
split_0240	GCA_016839745.1_S.167_17
split_0240	GCA_016839815.1_S.66_76
split_0240	GCA_016839915.1_S.162_4
split_0240	GCA_016840545.1_S.163_9
split_0240	GCA_016840655.1_S.57_27
split_0240	GCA_016926735.1_S.202_5
split_0240	GCA_016930515.1_S.148_6
split_0240	GCA_018238625.1_S.77_31
split_0240	GCA_019057355.1_S.53_4
split_0240	GCA_019057795.1_S.65_140
split_0240	GCA_019057815.1_S.35_47
split_0240	GCA_019058365.1_S.40_67
split_0240	GCA_019058425.1_S.93_26
split_0240	GCA_019058445.1_S.9_505
split_0240	GCA_019894715.1_S.220_14
split_0240	GCA_019894815.1_S.217_11
split_0240	GCA_019894855.1_S.4_4
split_0240	GCA_019894955.1_S.198_6
split_0240	GCA_019894975.1_S.137_6
split_0240	GCA_020343655.1_S.1_217
split_0240	GCA_020344955.1_S.1_582
split_0240	GCA_023705985.1_S.173_1
split_0240	GCA_029856045.1_S.36_142
split_0240	GCA_029856085.1_S.126_27
split_0240	GCA_029856145.1_S.3_101
split_0240	GCA_029856155.1_S.87_4
split_0240	GCA_029856445.1_S.326_6
split_0240	GCA_030599585.1_S.8_36
split_0240	GCA_030603385.1_S.30_103
split_0240	GCA_030605895.1_S.265_4
split_0240	GCA_030606485.1_S.7_36
split_0240	GCA_030612905.1_S.1_4
split_0240	GCA_030615145.1_S.170_3
split_0240	GCA_030615235.1_S.225_4
split_0240	GCA_030667705.1_S.2_2
split_0240	GCA_035530895.1_S.28_25
split_0240	GCA_036478875.1_S.104_9
split_0240	GCA_054387035.1_S.15_4
split_0240	GOMC.bin.12197_S.475_2
split_0240	GOMC.bin.19169_S.96_4
split_0240	GOMC.bin.27746_S.467_1
split_0240	GOMC.bin.9735_S.24_55
split_0241	GCA_001940655.1_S.19_20
split_0241	GCA_004524385.1_S.73_4
split_0241	GCA_005223125.1_S.56_12
split_0241	GCA_008080735.1_S.2_116
split_0241	GCA_011364925.1_S.90_9
split_0241	GCA_013375475.1_S.20_2
split_0241	GCA_013375485.1_S.225_3
split_0241	GCA_014728035.1_S.34_25
split_0241	GCA_016839585.1_S.47_41
split_0241	GCA_016839745.1_S.167_17
split_0241	GCA_016839915.1_S.162_4
split_0241	GCA_016840545.1_S.163_9
split_0241	GCA_016840655.1_S.57_27
split_0241	GCA_016926735.1_S.202_5
split_0241	GCA_016930515.1_S.148_6
split_0241	GCA_018238625.1_S.77_31
split_0241	GCA_019057355.1_S.53_4
split_0241	GCA_019057795.1_S.65_140
split_0241	GCA_019057815.1_S.35_47
split_0241	GCA_019058365.1_S.40_67
split_0241	GCA_019058425.1_S.93_26
split_0241	GCA_019058445.1_S.9_505
split_0241	GCA_019894715.1_S.220_14
split_0241	GCA_019894815.1_S.217_11
split_0241	GCA_019894855.1_S.4_4
split_0241	GCA_019894955.1_S.198_6
split_0241	GCA_019894975.1_S.137_6
split_0241	GCA_020343655.1_S.1_217
split_0241	GCA_020344955.1_S.1_582
split_0241	GCA_023705985.1_S.173_1
split_0241	GCA_029856045.1_S.36_142
split_0241	GCA_029856085.1_S.126_27
split_0241	GCA_029856145.1_S.3_101
split_0241	GCA_029856155.1_S.87_4
split_0241	GCA_029856445.1_S.326_6
split_0241	GCA_030599585.1_S.8_36
split_0241	GCA_030603385.1_S.30_103
split_0241	GCA_030605895.1_S.265_4
split_0241	GCA_030606485.1_S.7_36
split_0241	GCA_030612905.1_S.1_4
split_0241	GCA_030615145.1_S.170_3
split_0241	GCA_030615235.1_S.225_4
split_0241	GCA_030667705.1_S.2_2
split_0241	GCA_035530895.1_S.28_25
split_0241	GCA_036478875.1_S.104_9
split_0241	GCA_054387035.1_S.15_4
split_0241	GOMC.bin.12197_S.475_2
split_0241	GOMC.bin.19169_S.96_4
split_0241	GOMC.bin.27746_S.467_1
split_0241	GOMC.bin.9735_S.24_55
split_0242	GCA_001940655.1_S.19_20
split_0242	GCA_004524385.1_S.73_4
split_0242	GCA_005223125.1_S.56_12
split_0242	GCA_008080735.1_S.2_116
split_0242	GCA_011364925.1_S.90_9
split_0242	GCA_013375475.1_S.20_2
split_0242	GCA_013375485.1_S.225_3
split_0242	GCA_016839585.1_S.47_41
split_0242	GCA_016839745.1_S.167_17
split_0242	GCA_016839915.1_S.162_4
split_0242	GCA_016840545.1_S.163_9
split_0242	GCA_016840655.1_S.57_27
split_0242	GCA_016926735.1_S.202_5
split_0242	GCA_016930515.1_S.148_6
split_0242	GCA_018238625.1_S.77_31
split_0242	GCA_019057355.1_S.53_4
split_0242	GCA_019057795.1_S.65_140
split_0242	GCA_019057815.1_S.35_47
split_0242	GCA_019058365.1_S.40_67
split_0242	GCA_019058425.1_S.93_26
split_0242	GCA_019058445.1_S.9_505
split_0242	GCA_019894715.1_S.220_14
split_0242	GCA_019894815.1_S.217_11
split_0242	GCA_019894855.1_S.4_4
split_0242	GCA_019894955.1_S.198_6
split_0242	GCA_019894975.1_S.137_6
split_0242	GCA_020343655.1_S.1_217
split_0242	GCA_020344955.1_S.1_582
split_0242	GCA_023705985.1_S.173_1
split_0242	GCA_029856045.1_S.36_142
split_0242	GCA_029856085.1_S.126_27
split_0242	GCA_029856145.1_S.3_101
split_0242	GCA_029856155.1_S.87_4
split_0242	GCA_029856445.1_S.326_6
split_0242	GCA_030599585.1_S.8_36
split_0242	GCA_030603385.1_S.30_103
split_0242	GCA_030605895.1_S.265_4
split_0242	GCA_030606485.1_S.7_36
split_0242	GCA_030612905.1_S.1_4
split_0242	GCA_030615145.1_S.170_3
split_0242	GCA_030615235.1_S.225_4
split_0242	GCA_030667705.1_S.2_2
split_0242	GCA_035530895.1_S.28_25
split_0242	GCA_036478875.1_S.104_9
split_0242	GCA_054387035.1_S.15_4
split_0242	GOMC.bin.12197_S.475_2
split_0242	GOMC.bin.19169_S.96_4
split_0242	GOMC.bin.27746_S.467_1
split_0242	GOMC.bin.9735_S.24_55
split_0243	GCA_001940655.1_S.19_20
split_0243	GCA_004524385.1_S.73_4
split_0243	GCA_005223125.1_S.56_12
split_0243	GCA_008080735.1_S.2_116
split_0243	GCA_011364925.1_S.90_9
split_0243	GCA_013375475.1_S.20_2
split_0243	GCA_013375485.1_S.225_3
split_0243	GCA_016839585.1_S.47_41
split_0243	GCA_016839745.1_S.167_17
split_0243	GCA_016839915.1_S.162_4
split_0243	GCA_016840545.1_S.163_9
split_0243	GCA_016840655.1_S.57_27
split_0243	GCA_016926735.1_S.202_5
split_0243	GCA_016930515.1_S.148_6
split_0243	GCA_018238625.1_S.77_31
split_0243	GCA_019057355.1_S.53_4
split_0243	GCA_019057795.1_S.65_140
split_0243	GCA_019058365.1_S.40_67
split_0243	GCA_019058425.1_S.93_26
split_0243	GCA_019058445.1_S.9_505
split_0243	GCA_019894715.1_S.220_14
split_0243	GCA_019894815.1_S.217_11
split_0243	GCA_019894855.1_S.4_4
split_0243	GCA_019894955.1_S.198_6
split_0243	GCA_019894975.1_S.137_6
split_0243	GCA_020343655.1_S.1_217
split_0243	GCA_020344955.1_S.1_582
split_0243	GCA_029856045.1_S.36_142
split_0243	GCA_029856085.1_S.126_27
split_0243	GCA_029856145.1_S.3_101
split_0243	GCA_029856155.1_S.87_4
split_0243	GCA_029856445.1_S.326_6
split_0243	GCA_030599585.1_S.8_36
split_0243	GCA_030603385.1_S.30_103
split_0243	GCA_030605895.1_S.265_4
split_0243	GCA_030606485.1_S.7_36
split_0243	GCA_030612905.1_S.1_4
split_0243	GCA_030615145.1_S.170_3
split_0243	GCA_030615235.1_S.225_4
split_0243	GCA_030667705.1_S.2_2
split_0243	GCA_035530895.1_S.28_25
split_0243	GCA_036478875.1_S.104_9
split_0243	GCA_054387035.1_S.15_4
split_0243	GOMC.bin.12197_S.475_2
split_0243	GOMC.bin.19169_S.96_4
split_0243	GOMC.bin.27746_S.467_1
split_0243	GOMC.bin.9735_S.24_55
split_0244	GCA_004524385.1_S.73_4
split_0244	GCA_005223125.1_S.56_12
split_0244	GCA_008080735.1_S.2_116
split_0244	GCA_011364925.1_S.90_9
split_0244	GCA_013375475.1_S.20_2
split_0244	GCA_013375485.1_S.225_3
split_0244	GCA_016839585.1_S.47_41
split_0244	GCA_016839745.1_S.167_17
split_0244	GCA_016839915.1_S.162_4
split_0244	GCA_016840545.1_S.163_9
split_0244	GCA_016840655.1_S.57_27
split_0244	GCA_016926735.1_S.202_5
split_0244	GCA_016930515.1_S.148_6
split_0244	GCA_018238625.1_S.77_31
split_0244	GCA_019057355.1_S.53_4
split_0244	GCA_019057795.1_S.65_140
split_0244	GCA_019058365.1_S.40_67
split_0244	GCA_019058425.1_S.93_26
split_0244	GCA_019058445.1_S.9_505
split_0244	GCA_019894715.1_S.220_14
split_0244	GCA_019894815.1_S.217_11
split_0244	GCA_019894855.1_S.4_4
split_0244	GCA_019894955.1_S.198_6
split_0244	GCA_019894975.1_S.137_6
split_0244	GCA_020343655.1_S.1_217
split_0244	GCA_020344955.1_S.1_582
split_0244	GCA_029856045.1_S.36_142
split_0244	GCA_029856085.1_S.126_27
split_0244	GCA_029856145.1_S.3_101
split_0244	GCA_029856155.1_S.87_4
split_0244	GCA_029856445.1_S.326_6
split_0244	GCA_030599585.1_S.8_36
split_0244	GCA_030603385.1_S.30_103
split_0244	GCA_030605895.1_S.265_4
split_0244	GCA_030606485.1_S.7_36
split_0244	GCA_030612905.1_S.1_4
split_0244	GCA_030615145.1_S.170_3
split_0244	GCA_030615235.1_S.225_4
split_0244	GCA_030667705.1_S.2_2
split_0244	GCA_035530895.1_S.28_25
split_0244	GCA_036478875.1_S.104_9
split_0244	GCA_054387035.1_S.15_4
split_0244	GOMC.bin.12197_S.475_2
split_0244	GOMC.bin.19169_S.96_4
split_0244	GOMC.bin.27746_S.467_1
split_0244	GOMC.bin.9735_S.24_55
split_0245	GCA_004524385.1_S.73_4
split_0245	GCA_005223125.1_S.56_12
split_0245	GCA_008080735.1_S.2_116
split_0245	GCA_011364925.1_S.90_9
split_0245	GCA_013375475.1_S.20_2
split_0245	GCA_013375485.1_S.225_3
split_0245	GCA_016839585.1_S.47_41
split_0245	GCA_016839745.1_S.167_17
split_0245	GCA_016839915.1_S.162_4
split_0245	GCA_016840545.1_S.163_9
split_0245	GCA_016840655.1_S.57_27
split_0245	GCA_016926735.1_S.202_5
split_0245	GCA_016930515.1_S.148_6
split_0245	GCA_018238625.1_S.77_31
split_0245	GCA_019057355.1_S.53_4
split_0245	GCA_019057795.1_S.65_140
split_0245	GCA_019058365.1_S.40_67
split_0245	GCA_019058425.1_S.93_26
split_0245	GCA_019058445.1_S.9_505
split_0245	GCA_019894715.1_S.220_14
split_0245	GCA_019894815.1_S.217_11
split_0245	GCA_019894855.1_S.4_4
split_0245	GCA_019894955.1_S.198_6
split_0245	GCA_019894975.1_S.137_6
split_0245	GCA_020343655.1_S.1_217
split_0245	GCA_020344955.1_S.1_582
split_0245	GCA_029856085.1_S.126_27
split_0245	GCA_029856145.1_S.3_101
split_0245	GCA_029856155.1_S.87_4
split_0245	GCA_029856445.1_S.326_6
split_0245	GCA_030599585.1_S.8_36
split_0245	GCA_030603385.1_S.30_103
split_0245	GCA_030605895.1_S.265_4
split_0245	GCA_030612905.1_S.1_4
split_0245	GCA_030615145.1_S.170_3
split_0245	GCA_030615235.1_S.225_4
split_0245	GCA_030667705.1_S.2_2
split_0245	GCA_035530895.1_S.28_25
split_0245	GCA_036478875.1_S.104_9
split_0245	GCA_054387035.1_S.15_4
split_0245	GOMC.bin.19169_S.96_4
split_0245	GOMC.bin.27746_S.467_1
split_0245	GOMC.bin.9735_S.24_55
split_0246	GCA_004524385.1_S.73_4
split_0246	GCA_005223125.1_S.56_12
split_0246	GCA_008080735.1_S.2_116
split_0246	GCA_011364925.1_S.90_9
split_0246	GCA_013375475.1_S.20_2
split_0246	GCA_013375485.1_S.225_3
split_0246	GCA_016839585.1_S.47_41
split_0246	GCA_016839745.1_S.167_17
split_0246	GCA_016839915.1_S.162_4
split_0246	GCA_016840545.1_S.163_9
split_0246	GCA_016840655.1_S.57_27
split_0246	GCA_016926735.1_S.202_5
split_0246	GCA_018238625.1_S.77_31
split_0246	GCA_019057795.1_S.65_140
split_0246	GCA_019058365.1_S.40_67
split_0246	GCA_019058425.1_S.93_26
split_0246	GCA_019058445.1_S.9_505
split_0246	GCA_019894715.1_S.220_14
split_0246	GCA_019894815.1_S.217_11
split_0246	GCA_019894855.1_S.4_4
split_0246	GCA_019894955.1_S.198_6
split_0246	GCA_019894975.1_S.137_6
split_0246	GCA_020343655.1_S.1_217
split_0246	GCA_020344955.1_S.1_582
split_0246	GCA_029856085.1_S.126_27
split_0246	GCA_029856145.1_S.3_101
split_0246	GCA_029856155.1_S.87_4
split_0246	GCA_029856445.1_S.326_6
split_0246	GCA_030599585.1_S.8_36
split_0246	GCA_030603385.1_S.30_103
split_0246	GCA_030605895.1_S.265_4
split_0246	GCA_030612905.1_S.1_4
split_0246	GCA_030615145.1_S.170_3
split_0246	GCA_030615235.1_S.225_4
split_0246	GCA_030667705.1_S.2_2
split_0246	GCA_035530895.1_S.28_25
split_0246	GCA_036478875.1_S.104_9
split_0246	GCA_054387035.1_S.15_4
split_0246	GOMC.bin.19169_S.96_4
split_0246	GOMC.bin.27746_S.467_1
split_0246	GOMC.bin.9735_S.24_55
split_0247	GCA_004524385.1_S.73_4
split_0247	GCA_008080735.1_S.2_116
split_0247	GCA_016926735.1_S.202_5
split_0247	GCA_019058445.1_S.9_505
split_0247	GCA_019894715.1_S.220_14
split_0247	GCA_054387035.1_S.15_4
split_0248	GCA_004524385.1_S.73_4
split_0248	GCA_019058445.1_S.9_505
split_0249	GCA_008080735.1_S.2_116
split_0249	GCA_016926735.1_S.202_5
split_0249	GCA_019894715.1_S.220_14
split_0249	GCA_054387035.1_S.15_4
split_0250	GCA_008080735.1_S.2_116
split_0250	GCA_016926735.1_S.202_5
split_0250	GCA_019894715.1_S.220_14
split_0251	GCA_016926735.1_S.202_5
split_0251	GCA_019894715.1_S.220_14
split_0252	GCA_005223125.1_S.56_12
split_0252	GCA_011364925.1_S.90_9
split_0252	GCA_013375475.1_S.20_2
split_0252	GCA_013375485.1_S.225_3
split_0252	GCA_016839585.1_S.47_41
split_0252	GCA_016839745.1_S.167_17
split_0252	GCA_016839915.1_S.162_4
split_0252	GCA_016840545.1_S.163_9
split_0252	GCA_016840655.1_S.57_27
split_0252	GCA_018238625.1_S.77_31
split_0252	GCA_019057795.1_S.65_140
split_0252	GCA_019058365.1_S.40_67
split_0252	GCA_019058425.1_S.93_26
split_0252	GCA_019894815.1_S.217_11
split_0252	GCA_019894855.1_S.4_4
split_0252	GCA_019894955.1_S.198_6
split_0252	GCA_019894975.1_S.137_6
split_0252	GCA_020343655.1_S.1_217
split_0252	GCA_020344955.1_S.1_582
split_0252	GCA_029856085.1_S.126_27
split_0252	GCA_029856145.1_S.3_101
split_0252	GCA_029856155.1_S.87_4
split_0252	GCA_029856445.1_S.326_6
split_0252	GCA_030599585.1_S.8_36
split_0252	GCA_030603385.1_S.30_103
split_0252	GCA_030605895.1_S.265_4
split_0252	GCA_030612905.1_S.1_4
split_0252	GCA_030615145.1_S.170_3
split_0252	GCA_030615235.1_S.225_4
split_0252	GCA_030667705.1_S.2_2
split_0252	GCA_035530895.1_S.28_25
split_0252	GCA_036478875.1_S.104_9
split_0252	GOMC.bin.19169_S.96_4
split_0252	GOMC.bin.27746_S.467_1
split_0252	GOMC.bin.9735_S.24_55
split_0253	GCA_005223125.1_S.56_12
split_0253	GCA_011364925.1_S.90_9
split_0253	GCA_013375475.1_S.20_2
split_0253	GCA_013375485.1_S.225_3
split_0253	GCA_016839585.1_S.47_41
split_0253	GCA_016839745.1_S.167_17
split_0253	GCA_016839915.1_S.162_4
split_0253	GCA_016840545.1_S.163_9
split_0253	GCA_016840655.1_S.57_27
split_0253	GCA_018238625.1_S.77_31
split_0253	GCA_019057795.1_S.65_140
split_0253	GCA_019058365.1_S.40_67
split_0253	GCA_019058425.1_S.93_26
split_0253	GCA_019894815.1_S.217_11
split_0253	GCA_019894855.1_S.4_4
split_0253	GCA_019894955.1_S.198_6
split_0253	GCA_019894975.1_S.137_6
split_0253	GCA_020343655.1_S.1_217
split_0253	GCA_020344955.1_S.1_582
split_0253	GCA_029856085.1_S.126_27
split_0253	GCA_029856145.1_S.3_101
split_0253	GCA_029856155.1_S.87_4
split_0253	GCA_029856445.1_S.326_6
split_0253	GCA_030599585.1_S.8_36
split_0253	GCA_030603385.1_S.30_103
split_0253	GCA_030605895.1_S.265_4
split_0253	GCA_030612905.1_S.1_4
split_0253	GCA_030615235.1_S.225_4
split_0253	GCA_030667705.1_S.2_2
split_0253	GCA_035530895.1_S.28_25
split_0253	GCA_036478875.1_S.104_9
split_0253	GOMC.bin.19169_S.96_4
split_0253	GOMC.bin.27746_S.467_1
split_0253	GOMC.bin.9735_S.24_55
split_0254	GCA_005223125.1_S.56_12
split_0254	GCA_013375485.1_S.225_3
split_0254	GCA_016839585.1_S.47_41
split_0254	GCA_016839915.1_S.162_4
split_0254	GCA_019058365.1_S.40_67
split_0254	GCA_019058425.1_S.93_26
split_0254	GCA_019894975.1_S.137_6
split_0254	GCA_020343655.1_S.1_217
split_0254	GCA_020344955.1_S.1_582
split_0254	GCA_029856085.1_S.126_27
split_0254	GCA_029856145.1_S.3_101
split_0254	GCA_029856155.1_S.87_4
split_0254	GCA_029856445.1_S.326_6
split_0254	GCA_030603385.1_S.30_103
split_0254	GCA_030605895.1_S.265_4
split_0254	GCA_036478875.1_S.104_9
split_0254	GOMC.bin.9735_S.24_55
split_0255	GCA_005223125.1_S.56_12
split_0255	GCA_013375485.1_S.225_3
split_0255	GCA_016839915.1_S.162_4
split_0255	GCA_019058365.1_S.40_67
split_0255	GCA_019058425.1_S.93_26
split_0255	GCA_019894975.1_S.137_6
split_0255	GCA_020343655.1_S.1_217
split_0255	GCA_020344955.1_S.1_582
split_0255	GCA_029856085.1_S.126_27
split_0255	GCA_029856145.1_S.3_101
split_0255	GCA_029856155.1_S.87_4
split_0255	GCA_029856445.1_S.326_6
split_0255	GCA_030603385.1_S.30_103
split_0255	GCA_030605895.1_S.265_4
split_0255	GCA_036478875.1_S.104_9
split_0256	GCA_005223125.1_S.56_12
split_0256	GCA_013375485.1_S.225_3
split_0256	GCA_016839915.1_S.162_4
split_0256	GCA_019058365.1_S.40_67
split_0256	GCA_019058425.1_S.93_26
split_0256	GCA_020343655.1_S.1_217
split_0256	GCA_020344955.1_S.1_582
split_0256	GCA_029856145.1_S.3_101
split_0256	GCA_029856155.1_S.87_4
split_0256	GCA_030605895.1_S.265_4
split_0256	GCA_036478875.1_S.104_9
split_0257	GCA_005223125.1_S.56_12
split_0257	GCA_013375485.1_S.225_3
split_0257	GCA_019058365.1_S.40_67
split_0257	GCA_019058425.1_S.93_26
split_0257	GCA_020343655.1_S.1_217
split_0257	GCA_020344955.1_S.1_582
split_0257	GCA_029856155.1_S.87_4
split_0257	GCA_030605895.1_S.265_4
split_0257	GCA_036478875.1_S.104_9
split_0258	GCA_005223125.1_S.56_12
split_0258	GCA_013375485.1_S.225_3
split_0258	GCA_030605895.1_S.265_4
split_0258	GCA_036478875.1_S.104_9
split_0259	GCA_013375485.1_S.225_3
split_0259	GCA_030605895.1_S.265_4
split_0259	GCA_036478875.1_S.104_9
split_0260	GCA_030605895.1_S.265_4
split_0260	GCA_036478875.1_S.104_9
split_0261	GCA_019058365.1_S.40_67
split_0261	GCA_019058425.1_S.93_26
split_0261	GCA_020343655.1_S.1_217
split_0261	GCA_020344955.1_S.1_582
split_0261	GCA_029856155.1_S.87_4
split_0262	GCA_019058365.1_S.40_67
split_0262	GCA_019058425.1_S.93_26
split_0262	GCA_020344955.1_S.1_582
split_0262	GCA_029856155.1_S.87_4
split_0263	GCA_019058365.1_S.40_67
split_0263	GCA_019058425.1_S.93_26
split_0263	GCA_029856155.1_S.87_4
split_0264	GCA_019058365.1_S.40_67
split_0264	GCA_029856155.1_S.87_4
split_0265	GCA_016839915.1_S.162_4
split_0265	GCA_029856145.1_S.3_101
split_0266	GCA_019894975.1_S.137_6
split_0266	GCA_029856085.1_S.126_27
split_0266	GCA_029856445.1_S.326_6
split_0266	GCA_030603385.1_S.30_103
split_0267	GCA_029856085.1_S.126_27
split_0267	GCA_029856445.1_S.326_6
split_0267	GCA_030603385.1_S.30_103
split_0268	GCA_029856085.1_S.126_27
split_0268	GCA_030603385.1_S.30_103
split_0269	GCA_016839585.1_S.47_41
split_0269	GOMC.bin.9735_S.24_55
split_0270	GCA_011364925.1_S.90_9
split_0270	GCA_013375475.1_S.20_2
split_0270	GCA_016839745.1_S.167_17
split_0270	GCA_016840545.1_S.163_9
split_0270	GCA_016840655.1_S.57_27
split_0270	GCA_018238625.1_S.77_31
split_0270	GCA_019057795.1_S.65_140
split_0270	GCA_019894815.1_S.217_11
split_0270	GCA_019894855.1_S.4_4
split_0270	GCA_019894955.1_S.198_6
split_0270	GCA_030599585.1_S.8_36
split_0270	GCA_030612905.1_S.1_4
split_0270	GCA_030615235.1_S.225_4
split_0270	GCA_030667705.1_S.2_2
split_0270	GCA_035530895.1_S.28_25
split_0270	GOMC.bin.19169_S.96_4
split_0270	GOMC.bin.27746_S.467_1
split_0271	GCA_011364925.1_S.90_9
split_0271	GCA_013375475.1_S.20_2
split_0271	GCA_016839745.1_S.167_17
split_0271	GCA_018238625.1_S.77_31
split_0271	GCA_019057795.1_S.65_140
split_0271	GCA_019894855.1_S.4_4
split_0271	GCA_030599585.1_S.8_36
split_0271	GCA_030612905.1_S.1_4
split_0271	GCA_030615235.1_S.225_4
split_0271	GCA_035530895.1_S.28_25
split_0271	GOMC.bin.19169_S.96_4
split_0271	GOMC.bin.27746_S.467_1
split_0272	GCA_011364925.1_S.90_9
split_0272	GCA_013375475.1_S.20_2
split_0272	GCA_016839745.1_S.167_17
split_0272	GCA_019894855.1_S.4_4
split_0272	GCA_030599585.1_S.8_36
split_0272	GCA_030615235.1_S.225_4
split_0272	GCA_035530895.1_S.28_25
split_0272	GOMC.bin.27746_S.467_1
split_0273	GCA_011364925.1_S.90_9
split_0273	GCA_013375475.1_S.20_2
split_0273	GCA_016839745.1_S.167_17
split_0274	GCA_011364925.1_S.90_9
split_0274	GCA_013375475.1_S.20_2
split_0275	GCA_019894855.1_S.4_4
split_0275	GCA_030599585.1_S.8_36
split_0275	GCA_030615235.1_S.225_4
split_0275	GCA_035530895.1_S.28_25
split_0275	GOMC.bin.27746_S.467_1
split_0276	GCA_019894855.1_S.4_4
split_0276	GCA_030599585.1_S.8_36
split_0276	GOMC.bin.27746_S.467_1
split_0277	GCA_019894855.1_S.4_4
split_0277	GOMC.bin.27746_S.467_1
split_0278	GCA_030615235.1_S.225_4
split_0278	GCA_035530895.1_S.28_25
split_0279	GCA_018238625.1_S.77_31
split_0279	GCA_019057795.1_S.65_140
split_0279	GCA_030612905.1_S.1_4
split_0279	GOMC.bin.19169_S.96_4
split_0280	GCA_018238625.1_S.77_31
split_0280	GCA_030612905.1_S.1_4
split_0280	GOMC.bin.19169_S.96_4
split_0281	GCA_018238625.1_S.77_31
split_0281	GOMC.bin.19169_S.96_4
split_0282	GCA_016840545.1_S.163_9
split_0282	GCA_016840655.1_S.57_27
split_0282	GCA_019894815.1_S.217_11
split_0282	GCA_019894955.1_S.198_6
split_0282	GCA_030667705.1_S.2_2
split_0283	GCA_016840545.1_S.163_9
split_0283	GCA_019894815.1_S.217_11
split_0283	GCA_019894955.1_S.198_6
split_0283	GCA_030667705.1_S.2_2
split_0284	GCA_019894815.1_S.217_11
split_0284	GCA_019894955.1_S.198_6
split_0284	GCA_030667705.1_S.2_2
split_0285	GCA_019894815.1_S.217_11
split_0285	GCA_030667705.1_S.2_2
split_0286	GCA_016930515.1_S.148_6
split_0286	GCA_019057355.1_S.53_4
split_0287	GCA_029856045.1_S.36_142
split_0287	GCA_030606485.1_S.7_36
split_0287	GOMC.bin.12197_S.475_2
split_0288	GCA_029856045.1_S.36_142
split_0288	GCA_030606485.1_S.7_36
split_0289	GCA_019057815.1_S.35_47
split_0289	GCA_023705985.1_S.173_1
split_0290	GCA_016840725.1_S.222_1
split_0290	GCA_019056875.1_S.391_2
split_0290	GCA_019058315.1_S.2_91
split_0291	GCA_019056875.1_S.391_2
split_0291	GCA_019058315.1_S.2_91
split_0292	GCA_000247545.1_S.1_316
split_0292	GCA_000270325.1_S.1_795
split_0292	GCA_000405685.1_S.6_30
split_0292	GCA_000494145.1_S.71_10
split_0292	GCA_000960885.1_S.175_11
split_0292	GCA_001189275.1_S.1_1525
split_0292	GCA_001516585.1_S.1_5
split_0292	GCA_001717005.1_S.56_2
split_0292	GCA_001717025.1_S.70_4
split_0292	GCA_001768965.1_S.30_12
split_0292	GCA_002255025.1_S.83_4
split_0292	GCA_002255045.1_S.80_7
split_0292	GCA_002496475.1_S.4_6
split_0292	GCA_002508315.1_S.12_9
split_0292	GCA_002898395.1_S.1_29
split_0292	GCA_003056285.1_S.19_10
split_0292	GCA_003649155.1_S.127_4
split_0292	GCA_003650815.1_S.121_4
split_0292	GCA_003650925.1_S.1_65
split_0292	GCA_003661385.1_S.54_10
split_0292	GCA_011605715.1_S.123_3
split_0292	GCA_011605725.1_S.7_62
split_0292	GCA_013153275.1_S.26_16
split_0292	GCA_013153895.1_S.137_17
split_0292	GCA_013154355.1_S.86_16
split_0292	GCA_015520425.1_S.39_7
split_0292	GCA_015520475.1_S.60_9
split_0292	GCA_015521385.1_S.138_17
split_0292	GCA_015521775.1_S.12_102
split_0292	GCA_015522685.1_S.35_50
split_0292	GCA_017601345.1_S.4_17
split_0292	GCA_017601395.1_S.82_14
split_0292	GCA_020833025.1_S.61_48
split_0292	GCA_020833055.1_S.13_55
split_0292	GCA_020833575.1_S.68_4
split_0292	GCA_021157985.1_S.32_8
split_0292	GCA_021158805.1_S.120_7
split_0292	GCA_021159365.1_S.4_58
split_0292	GCA_021161825.1_S.120_42
split_0292	GCA_021162845.1_S.25_10
split_0292	GCA_021163245.1_S.19_7
split_0292	GCA_021323375.2_S.5_26
split_0292	GCA_021414365.1_S.26_30
split_0292	GCA_021650775.1_S.92_1
split_0292	GCA_021819105.1_S.1_45
split_0292	GCA_021822995.1_S.47_8
split_0292	GCA_021827865.1_S.13_283
split_0292	GCA_021851265.1_S.42_9
split_0292	GCA_022014875.1_S.50_8
split_0292	GCA_022865705.1_S.58_8
split_0292	GCA_023252335.1_S.116_2
split_0292	GCA_023256215.1_S.10_16
split_0292	GCA_023269735.1_S.10_48
split_0292	GCA_023269855.1_S.16_43
split_0292	GCA_023269865.1_S.28_30
split_0292	GCA_023539395.1_S.81_51
split_0292	GCA_023539445.1_S.35_75
split_0292	GCA_023539495.1_S.89_33
split_0292	GCA_025058055.1_S.6_2
split_0292	GCA_025058225.1_S.5_109
split_0292	GCA_025059205.1_S.29_68
split_0292	GCA_025059415.1_S.22_12
split_0292	GCA_025059595.1_S.22_81
split_0292	GCA_026015185.1_S.95_42
split_0292	GCA_026015225.1_S.104_3
split_0292	GCA_026413695.1_S.253_3
split_0292	GCA_026413845.1_S.44_66
split_0292	GCA_026990885.1_S.187_5
split_0292	GCA_027002815.1_S.31_14
split_0292	GCA_027017025.1_S.3_2
split_0292	GCA_027017165.1_S.50_2
split_0292	GCA_027036495.1_S.69_105
split_0292	GCA_027068725.1_S.467_13
split_0292	GCA_027078475.1_S.72_18
split_0292	GCA_027491395.1_S.26_143
split_0292	GCA_027491415.1_S.30_129
split_0292	GCA_027491435.1_S.5_120
split_0292	GCA_027491455.1_S.119_13
split_0292	GCA_027491485.1_S.2_353
split_0292	GCA_027491735.1_S.16_19
split_0292	GCA_027491785.1_S.47_149
split_0292	GCA_027491845.1_S.115_2
split_0292	GCA_027491915.1_S.4_125
split_0292	GCA_027491935.1_S.5_21
split_0292	GCA_027492035.1_S.9_180
split_0292	GCA_027492205.1_S.6_110
split_0292	GCA_027886795.1_S.190_4
split_0292	GCA_028275385.1_S.23_9
split_0292	GCA_029258885.1_S.2_432
split_0292	GCA_029259355.1_S.2_96
split_0292	GCA_029785615.1_S.8_14
split_0292	GCA_029785825.1_S.1_1036
split_0292	GCA_029850555.1_S.152_10
split_0292	GCA_030037995.1_S.186_18
split_0292	GCA_030059675.1_S.16_88
split_0292	GCA_030130125.1_S.43_18
split_0292	GCA_030611625.1_S.316_4
split_0292	GCA_030612265.1_S.131_4
split_0292	GCA_030613185.1_S.143_4
split_0292	GCA_032159055.1_S.7_5
split_0292	GCA_032249095.1_S.10_6
split_0292	GCA_032249575.1_S.32_6
split_0292	GCA_032906765.1_S.5_156
split_0292	GCA_033581555.1_S.5_81
split_0292	GCA_035517955.1_S.125_21
split_0292	GCA_035524675.1_S.86_7
split_0292	GCA_035638535.1_S.62_5
split_0292	GCA_036833835.1_S.12_39
split_0292	GCA_037917675.1_S.41_31
split_0292	GCA_037917685.1_S.6_285
split_0292	GCA_037917695.1_S.154_3
split_0292	GCA_038741355.1_S.27_3
split_0292	GCA_038825355.1_S.75_5
split_0292	GCA_038850115.1_S.17_8
split_0292	GCA_038851865.1_S.10_34
split_0292	GCA_038852005.1_S.14_18
split_0292	GCA_038852135.1_S.78_6
split_0292	GCA_038852745.1_S.5_68
split_0292	GCA_038854015.1_S.191_58
split_0292	GCA_038867495.1_S.37_4
split_0292	GCA_038867575.1_S.2_67
split_0292	GCA_038867595.1_S.17_29
split_0292	GCA_038867695.1_S.19_10
split_0292	GCA_038868895.1_S.12_7
split_0292	GCA_038869875.1_S.13_31
split_0292	GCA_038870235.1_S.21_16
split_0292	GCA_038870495.1_S.2_128
split_0292	GCA_038874235.1_S.21_2
split_0292	GCA_038874475.1_S.10_40
split_0292	GCA_038880875.1_S.30_9
split_0292	GCA_038882635.1_S.7_15
split_0292	GCA_038882795.1_S.116_5
split_0292	GCA_038883055.1_S.50_8
split_0292	GCA_038883075.1_S.1_7
split_0292	GCA_038884295.1_S.20_24
split_0292	GCA_038885155.1_S.4_101
split_0292	GCA_038885955.1_S.25_2
split_0292	GCA_038886635.1_S.7_49
split_0292	GCA_038888615.1_S.1_470
split_0292	GCA_038893295.1_S.6_74
split_0292	GCA_038893495.1_S.1_1140
split_0292	GCA_038894895.1_S.23_7
split_0292	GCA_038895095.1_S.2_102
split_0292	GCA_038895415.1_S.21_27
split_0292	GCA_038896855.1_S.5_56
split_0292	GCA_038897415.1_S.2_32
split_0292	GCA_038897555.1_S.8_48
split_0292	GCA_038897935.1_S.2_82
split_0292	GCA_038898035.1_S.15_24
split_0292	GCA_038991975.1_S.4_29
split_0292	GCA_039630055.1_S.34_52
split_0292	GCA_039630085.1_S.56_19
split_0292	GCA_039793485.1_S.21_33
split_0292	GCA_041287325.1_S.86_6
split_0292	GCA_041479945.1_S.33_15
split_0292	GCA_041641295.1_S.1_399
split_0292	GCA_041641305.1_S.2_133
split_0292	GCA_054384155.1_S.1_33
split_0292	GCA_902812485.1_S.31_14
split_0292	GCA_937921685.1_S.6_29
split_0292	GCA_937974645.1_S.31_6
split_0292	GCA_938017985.1_S.38_29
split_0292	GCA_938027595.1_S.7_150
split_0292	GCA_938042195.1_S.15_59
split_0292	GCA_938045545.1_S.24_50
split_0292	GCA_938083505.1_S.4_49
split_0292	GCF_000007225.1_S.1_1577
split_0292	GCF_000015205.1_S.1_936
split_0292	GCF_000015225.1_S.1_528
split_0292	GCF_000015805.1_S.1_1722
split_0292	GCF_000018305.1_S.1_888
split_0292	GCF_000019605.1_S.1_1332
split_0292	GCF_000019805.1_S.1_1435
split_0292	GCF_000148385.1_S.1_1184
split_0292	GCF_000190315.1_S.1_2142
split_0292	GCF_000193375.1_S.1_471
split_0292	GCF_000234805.1_S.1_514
split_0292	GCF_000993805.1_S.1_1375
split_0292	GCF_001316265.1_S.1_244
split_0292	GCF_001663375.1_S.60_4
split_0292	GCF_001748385.1_S.1_276
split_0292	GCF_002077075.2_S.62_14
split_0292	GCF_002506515.1_S.53_2
split_0292	GCF_003947435.1_S.105_26
split_0292	GCF_008000775.2_S.1_2371
split_0292	GCF_014876775.1_S.1_904
split_0292	GCF_022693705.1_S.1_1067
split_0292	GCF_023256255.1_S.47_21
split_0292	GCF_025641885.1_S.1_253
split_0292	GCF_026000775.1_S.1_830
split_0292	GCF_038883215.1_S.2_123
split_0292	GCF_038893935.1_S.10_12
split_0292	GOMC.bin.18465_S.161_4
split_0292	GOMC.bin.1960_S.46_8
split_0292	GOMC.bin.2203_S.10_3
split_0292	GOMC.bin.2212_S.58_1
split_0292	GOMC.bin.2724_S.128_6
split_0292	GOMC.bin.2762_S.108_5
split_0292	GOMC.bin.2807_S.267_7
split_0292	GOMC.bin.2843_S.162_11
split_0292	GOMC.bin.2851_S.185_5
split_0292	GOMC.bin.2857_S.72_14
split_0292	GOMC.bin.2866_S.40_11
split_0292	GOMC.bin.2873_S.3_14
split_0292	GOMC.bin.2897_S.86_3
split_0292	GOMC.bin.2898_S.150_4
split_0292	GOMC.bin.2899_S.155_13
split_0292	GOMC.bin.3004_S.10_7
split_0292	GOMC.bin.3195_S.26_3
split_0292	GOMC.bin.3202_S.82_32
split_0292	GOMC.bin.3209_S.30_5
split_0292	GOMC.bin.3227_S.24_3
split_0292	GOMC.bin.3445_S.63_47
split_0292	GOMC.bin.37746_S.68_1
split_0292	GOMC.bin.3970_S.67_3
split_0292	GOMC.bin.4175_S.31_22
split_0292	GOMC.bin.4304_S.93_5
split_0292	GOMC.bin.6596_S.28_12
split_0292	GOMC.bin.781_S.279_2
split_0293	GCA_000247545.1_S.1_316
split_0293	GCA_000270325.1_S.1_795
split_0293	GCA_000405685.1_S.6_30
split_0293	GCA_000494145.1_S.71_10
split_0293	GCA_000960885.1_S.175_11
split_0293	GCA_001189275.1_S.1_1525
split_0293	GCA_001516585.1_S.1_5
split_0293	GCA_001717005.1_S.56_2
split_0293	GCA_001717025.1_S.70_4
split_0293	GCA_001768965.1_S.30_12
split_0293	GCA_002255025.1_S.83_4
split_0293	GCA_002255045.1_S.80_7
split_0293	GCA_002496475.1_S.4_6
split_0293	GCA_002508315.1_S.12_9
split_0293	GCA_002898395.1_S.1_29
split_0293	GCA_003056285.1_S.19_10
split_0293	GCA_003649155.1_S.127_4
split_0293	GCA_003650815.1_S.121_4
split_0293	GCA_003650925.1_S.1_65
split_0293	GCA_003661385.1_S.54_10
split_0293	GCA_011605715.1_S.123_3
split_0293	GCA_011605725.1_S.7_62
split_0293	GCA_013153275.1_S.26_16
split_0293	GCA_013153895.1_S.137_17
split_0293	GCA_013154355.1_S.86_16
split_0293	GCA_015520425.1_S.39_7
split_0293	GCA_015520475.1_S.60_9
split_0293	GCA_015521385.1_S.138_17
split_0293	GCA_015521775.1_S.12_102
split_0293	GCA_015522685.1_S.35_50
split_0293	GCA_017601345.1_S.4_17
split_0293	GCA_017601395.1_S.82_14
split_0293	GCA_020833025.1_S.61_48
split_0293	GCA_020833055.1_S.13_55
split_0293	GCA_020833575.1_S.68_4
split_0293	GCA_021157985.1_S.32_8
split_0293	GCA_021158805.1_S.120_7
split_0293	GCA_021159365.1_S.4_58
split_0293	GCA_021161825.1_S.120_42
split_0293	GCA_021162845.1_S.25_10
split_0293	GCA_021163245.1_S.19_7
split_0293	GCA_021323375.2_S.5_26
split_0293	GCA_021414365.1_S.26_30
split_0293	GCA_021650775.1_S.92_1
split_0293	GCA_021819105.1_S.1_45
split_0293	GCA_021822995.1_S.47_8
split_0293	GCA_021827865.1_S.13_283
split_0293	GCA_021851265.1_S.42_9
split_0293	GCA_022014875.1_S.50_8
split_0293	GCA_022865705.1_S.58_8
split_0293	GCA_023252335.1_S.116_2
split_0293	GCA_023256215.1_S.10_16
split_0293	GCA_023269735.1_S.10_48
split_0293	GCA_023269855.1_S.16_43
split_0293	GCA_023269865.1_S.28_30
split_0293	GCA_023539395.1_S.81_51
split_0293	GCA_023539445.1_S.35_75
split_0293	GCA_023539495.1_S.89_33
split_0293	GCA_025058055.1_S.6_2
split_0293	GCA_025058225.1_S.5_109
split_0293	GCA_025059205.1_S.29_68
split_0293	GCA_025059415.1_S.22_12
split_0293	GCA_025059595.1_S.22_81
split_0293	GCA_026015185.1_S.95_42
split_0293	GCA_026015225.1_S.104_3
split_0293	GCA_026413695.1_S.253_3
split_0293	GCA_026413845.1_S.44_66
split_0293	GCA_026990885.1_S.187_5
split_0293	GCA_027002815.1_S.31_14
split_0293	GCA_027017025.1_S.3_2
split_0293	GCA_027017165.1_S.50_2
split_0293	GCA_027036495.1_S.69_105
split_0293	GCA_027068725.1_S.467_13
split_0293	GCA_027078475.1_S.72_18
split_0293	GCA_027491395.1_S.26_143
split_0293	GCA_027491415.1_S.30_129
split_0293	GCA_027491435.1_S.5_120
split_0293	GCA_027491455.1_S.119_13
split_0293	GCA_027491485.1_S.2_353
split_0293	GCA_027491735.1_S.16_19
split_0293	GCA_027491785.1_S.47_149
split_0293	GCA_027491845.1_S.115_2
split_0293	GCA_027491915.1_S.4_125
split_0293	GCA_027491935.1_S.5_21
split_0293	GCA_027492035.1_S.9_180
split_0293	GCA_027492205.1_S.6_110
split_0293	GCA_027886795.1_S.190_4
split_0293	GCA_028275385.1_S.23_9
split_0293	GCA_029258885.1_S.2_432
split_0293	GCA_029259355.1_S.2_96
split_0293	GCA_029785615.1_S.8_14
split_0293	GCA_029785825.1_S.1_1036
split_0293	GCA_029850555.1_S.152_10
split_0293	GCA_030037995.1_S.186_18
split_0293	GCA_030059675.1_S.16_88
split_0293	GCA_030130125.1_S.43_18
split_0293	GCA_030611625.1_S.316_4
split_0293	GCA_030612265.1_S.131_4
split_0293	GCA_030613185.1_S.143_4
split_0293	GCA_032159055.1_S.7_5
split_0293	GCA_032249095.1_S.10_6
split_0293	GCA_032249575.1_S.32_6
split_0293	GCA_032906765.1_S.5_156
split_0293	GCA_033581555.1_S.5_81
split_0293	GCA_035517955.1_S.125_21
split_0293	GCA_035524675.1_S.86_7
split_0293	GCA_035638535.1_S.62_5
split_0293	GCA_036833835.1_S.12_39
split_0293	GCA_037917675.1_S.41_31
split_0293	GCA_037917685.1_S.6_285
split_0293	GCA_037917695.1_S.154_3
split_0293	GCA_038741355.1_S.27_3
split_0293	GCA_038825355.1_S.75_5
split_0293	GCA_038850115.1_S.17_8
split_0293	GCA_038851865.1_S.10_34
split_0293	GCA_038852005.1_S.14_18
split_0293	GCA_038852135.1_S.78_6
split_0293	GCA_038852745.1_S.5_68
split_0293	GCA_038854015.1_S.191_58
split_0293	GCA_038867495.1_S.37_4
split_0293	GCA_038867575.1_S.2_67
split_0293	GCA_038867595.1_S.17_29
split_0293	GCA_038867695.1_S.19_10
split_0293	GCA_038868895.1_S.12_7
split_0293	GCA_038869875.1_S.13_31
split_0293	GCA_038870235.1_S.21_16
split_0293	GCA_038870495.1_S.2_128
split_0293	GCA_038874235.1_S.21_2
split_0293	GCA_038874475.1_S.10_40
split_0293	GCA_038880875.1_S.30_9
split_0293	GCA_038882635.1_S.7_15
split_0293	GCA_038882795.1_S.116_5
split_0293	GCA_038883055.1_S.50_8
split_0293	GCA_038883075.1_S.1_7
split_0293	GCA_038884295.1_S.20_24
split_0293	GCA_038885155.1_S.4_101
split_0293	GCA_038885955.1_S.25_2
split_0293	GCA_038886635.1_S.7_49
split_0293	GCA_038888615.1_S.1_470
split_0293	GCA_038893295.1_S.6_74
split_0293	GCA_038893495.1_S.1_1140
split_0293	GCA_038894895.1_S.23_7
split_0293	GCA_038895095.1_S.2_102
split_0293	GCA_038895415.1_S.21_27
split_0293	GCA_038896855.1_S.5_56
split_0293	GCA_038897415.1_S.2_32
split_0293	GCA_038897555.1_S.8_48
split_0293	GCA_038897935.1_S.2_82
split_0293	GCA_038898035.1_S.15_24
split_0293	GCA_038991975.1_S.4_29
split_0293	GCA_039630055.1_S.34_52
split_0293	GCA_039630085.1_S.56_19
split_0293	GCA_039793485.1_S.21_33
split_0293	GCA_041287325.1_S.86_6
split_0293	GCA_041479945.1_S.33_15
split_0293	GCA_041641295.1_S.1_399
split_0293	GCA_041641305.1_S.2_133
split_0293	GCA_902812485.1_S.31_14
split_0293	GCA_937921685.1_S.6_29
split_0293	GCA_937974645.1_S.31_6
split_0293	GCA_938017985.1_S.38_29
split_0293	GCA_938027595.1_S.7_150
split_0293	GCA_938042195.1_S.15_59
split_0293	GCA_938045545.1_S.24_50
split_0293	GCA_938083505.1_S.4_49
split_0293	GCF_000007225.1_S.1_1577
split_0293	GCF_000015205.1_S.1_936
split_0293	GCF_000015225.1_S.1_528
split_0293	GCF_000015805.1_S.1_1722
split_0293	GCF_000018305.1_S.1_888
split_0293	GCF_000019605.1_S.1_1332
split_0293	GCF_000019805.1_S.1_1435
split_0293	GCF_000148385.1_S.1_1184
split_0293	GCF_000190315.1_S.1_2142
split_0293	GCF_000193375.1_S.1_471
split_0293	GCF_000234805.1_S.1_514
split_0293	GCF_000993805.1_S.1_1375
split_0293	GCF_001316265.1_S.1_244
split_0293	GCF_001663375.1_S.60_4
split_0293	GCF_001748385.1_S.1_276
split_0293	GCF_002077075.2_S.62_14
split_0293	GCF_002506515.1_S.53_2
split_0293	GCF_003947435.1_S.105_26
split_0293	GCF_008000775.2_S.1_2371
split_0293	GCF_014876775.1_S.1_904
split_0293	GCF_022693705.1_S.1_1067
split_0293	GCF_023256255.1_S.47_21
split_0293	GCF_025641885.1_S.1_253
split_0293	GCF_026000775.1_S.1_830
split_0293	GCF_038883215.1_S.2_123
split_0293	GCF_038893935.1_S.10_12
split_0293	GOMC.bin.18465_S.161_4
split_0293	GOMC.bin.1960_S.46_8
split_0293	GOMC.bin.2203_S.10_3
split_0293	GOMC.bin.2212_S.58_1
split_0293	GOMC.bin.2724_S.128_6
split_0293	GOMC.bin.2762_S.108_5
split_0293	GOMC.bin.2807_S.267_7
split_0293	GOMC.bin.2843_S.162_11
split_0293	GOMC.bin.2851_S.185_5
split_0293	GOMC.bin.2857_S.72_14
split_0293	GOMC.bin.2866_S.40_11
split_0293	GOMC.bin.2873_S.3_14
split_0293	GOMC.bin.2897_S.86_3
split_0293	GOMC.bin.2898_S.150_4
split_0293	GOMC.bin.2899_S.155_13
split_0293	GOMC.bin.3004_S.10_7
split_0293	GOMC.bin.3195_S.26_3
split_0293	GOMC.bin.3202_S.82_32
split_0293	GOMC.bin.3209_S.30_5
split_0293	GOMC.bin.3227_S.24_3
split_0293	GOMC.bin.3445_S.63_47
split_0293	GOMC.bin.37746_S.68_1
split_0293	GOMC.bin.3970_S.67_3
split_0293	GOMC.bin.4175_S.31_22
split_0293	GOMC.bin.4304_S.93_5
split_0293	GOMC.bin.6596_S.28_12
split_0293	GOMC.bin.781_S.279_2
split_0294	GCA_000247545.1_S.1_316
split_0294	GCA_000270325.1_S.1_795
split_0294	GCA_000405685.1_S.6_30
split_0294	GCA_000494145.1_S.71_10
split_0294	GCA_000960885.1_S.175_11
split_0294	GCA_001189275.1_S.1_1525
split_0294	GCA_001516585.1_S.1_5
split_0294	GCA_001717005.1_S.56_2
split_0294	GCA_001717025.1_S.70_4
split_0294	GCA_001768965.1_S.30_12
split_0294	GCA_002255025.1_S.83_4
split_0294	GCA_002255045.1_S.80_7
split_0294	GCA_002496475.1_S.4_6
split_0294	GCA_002508315.1_S.12_9
split_0294	GCA_002898395.1_S.1_29
split_0294	GCA_003056285.1_S.19_10
split_0294	GCA_003649155.1_S.127_4
split_0294	GCA_003650815.1_S.121_4
split_0294	GCA_003650925.1_S.1_65
split_0294	GCA_003661385.1_S.54_10
split_0294	GCA_011605715.1_S.123_3
split_0294	GCA_011605725.1_S.7_62
split_0294	GCA_013153275.1_S.26_16
split_0294	GCA_013153895.1_S.137_17
split_0294	GCA_013154355.1_S.86_16
split_0294	GCA_015520425.1_S.39_7
split_0294	GCA_015520475.1_S.60_9
split_0294	GCA_015521385.1_S.138_17
split_0294	GCA_015521775.1_S.12_102
split_0294	GCA_015522685.1_S.35_50
split_0294	GCA_017601345.1_S.4_17
split_0294	GCA_017601395.1_S.82_14
split_0294	GCA_020833025.1_S.61_48
split_0294	GCA_020833055.1_S.13_55
split_0294	GCA_020833575.1_S.68_4
split_0294	GCA_021157985.1_S.32_8
split_0294	GCA_021158805.1_S.120_7
split_0294	GCA_021159365.1_S.4_58
split_0294	GCA_021161825.1_S.120_42
split_0294	GCA_021162845.1_S.25_10
split_0294	GCA_021163245.1_S.19_7
split_0294	GCA_021323375.2_S.5_26
split_0294	GCA_021650775.1_S.92_1
split_0294	GCA_021819105.1_S.1_45
split_0294	GCA_021822995.1_S.47_8
split_0294	GCA_021827865.1_S.13_283
split_0294	GCA_021851265.1_S.42_9
split_0294	GCA_022014875.1_S.50_8
split_0294	GCA_022865705.1_S.58_8
split_0294	GCA_023256215.1_S.10_16
split_0294	GCA_023269735.1_S.10_48
split_0294	GCA_023269855.1_S.16_43
split_0294	GCA_023269865.1_S.28_30
split_0294	GCA_023539395.1_S.81_51
split_0294	GCA_023539445.1_S.35_75
split_0294	GCA_023539495.1_S.89_33
split_0294	GCA_025058055.1_S.6_2
split_0294	GCA_025058225.1_S.5_109
split_0294	GCA_025059205.1_S.29_68
split_0294	GCA_025059415.1_S.22_12
split_0294	GCA_025059595.1_S.22_81
split_0294	GCA_026015185.1_S.95_42
split_0294	GCA_026015225.1_S.104_3
split_0294	GCA_026413695.1_S.253_3
split_0294	GCA_026413845.1_S.44_66
split_0294	GCA_026990885.1_S.187_5
split_0294	GCA_027002815.1_S.31_14
split_0294	GCA_027017025.1_S.3_2
split_0294	GCA_027017165.1_S.50_2
split_0294	GCA_027036495.1_S.69_105
split_0294	GCA_027068725.1_S.467_13
split_0294	GCA_027078475.1_S.72_18
split_0294	GCA_027491395.1_S.26_143
split_0294	GCA_027491415.1_S.30_129
split_0294	GCA_027491435.1_S.5_120
split_0294	GCA_027491455.1_S.119_13
split_0294	GCA_027491485.1_S.2_353
split_0294	GCA_027491735.1_S.16_19
split_0294	GCA_027491785.1_S.47_149
split_0294	GCA_027491845.1_S.115_2
split_0294	GCA_027491915.1_S.4_125
split_0294	GCA_027491935.1_S.5_21
split_0294	GCA_027492035.1_S.9_180
split_0294	GCA_027492205.1_S.6_110
split_0294	GCA_027886795.1_S.190_4
split_0294	GCA_028275385.1_S.23_9
split_0294	GCA_029258885.1_S.2_432
split_0294	GCA_029259355.1_S.2_96
split_0294	GCA_029785615.1_S.8_14
split_0294	GCA_029785825.1_S.1_1036
split_0294	GCA_029850555.1_S.152_10
split_0294	GCA_030037995.1_S.186_18
split_0294	GCA_030059675.1_S.16_88
split_0294	GCA_030130125.1_S.43_18
split_0294	GCA_030611625.1_S.316_4
split_0294	GCA_030612265.1_S.131_4
split_0294	GCA_030613185.1_S.143_4
split_0294	GCA_032159055.1_S.7_5
split_0294	GCA_032249095.1_S.10_6
split_0294	GCA_032249575.1_S.32_6
split_0294	GCA_032906765.1_S.5_156
split_0294	GCA_033581555.1_S.5_81
split_0294	GCA_035517955.1_S.125_21
split_0294	GCA_035524675.1_S.86_7
split_0294	GCA_035638535.1_S.62_5
split_0294	GCA_036833835.1_S.12_39
split_0294	GCA_037917675.1_S.41_31
split_0294	GCA_037917685.1_S.6_285
split_0294	GCA_037917695.1_S.154_3
split_0294	GCA_038741355.1_S.27_3
split_0294	GCA_038825355.1_S.75_5
split_0294	GCA_038850115.1_S.17_8
split_0294	GCA_038851865.1_S.10_34
split_0294	GCA_038852005.1_S.14_18
split_0294	GCA_038852135.1_S.78_6
split_0294	GCA_038852745.1_S.5_68
split_0294	GCA_038854015.1_S.191_58
split_0294	GCA_038867495.1_S.37_4
split_0294	GCA_038867575.1_S.2_67
split_0294	GCA_038867595.1_S.17_29
split_0294	GCA_038867695.1_S.19_10
split_0294	GCA_038868895.1_S.12_7
split_0294	GCA_038869875.1_S.13_31
split_0294	GCA_038870235.1_S.21_16
split_0294	GCA_038870495.1_S.2_128
split_0294	GCA_038874235.1_S.21_2
split_0294	GCA_038874475.1_S.10_40
split_0294	GCA_038880875.1_S.30_9
split_0294	GCA_038882635.1_S.7_15
split_0294	GCA_038882795.1_S.116_5
split_0294	GCA_038883055.1_S.50_8
split_0294	GCA_038883075.1_S.1_7
split_0294	GCA_038884295.1_S.20_24
split_0294	GCA_038885155.1_S.4_101
split_0294	GCA_038885955.1_S.25_2
split_0294	GCA_038886635.1_S.7_49
split_0294	GCA_038888615.1_S.1_470
split_0294	GCA_038893295.1_S.6_74
split_0294	GCA_038893495.1_S.1_1140
split_0294	GCA_038894895.1_S.23_7
split_0294	GCA_038895095.1_S.2_102
split_0294	GCA_038895415.1_S.21_27
split_0294	GCA_038896855.1_S.5_56
split_0294	GCA_038897415.1_S.2_32
split_0294	GCA_038897555.1_S.8_48
split_0294	GCA_038897935.1_S.2_82
split_0294	GCA_038898035.1_S.15_24
split_0294	GCA_038991975.1_S.4_29
split_0294	GCA_039630055.1_S.34_52
split_0294	GCA_039630085.1_S.56_19
split_0294	GCA_039793485.1_S.21_33
split_0294	GCA_041287325.1_S.86_6
split_0294	GCA_041479945.1_S.33_15
split_0294	GCA_041641295.1_S.1_399
split_0294	GCA_041641305.1_S.2_133
split_0294	GCA_902812485.1_S.31_14
split_0294	GCA_937921685.1_S.6_29
split_0294	GCA_937974645.1_S.31_6
split_0294	GCA_938017985.1_S.38_29
split_0294	GCA_938027595.1_S.7_150
split_0294	GCA_938042195.1_S.15_59
split_0294	GCA_938045545.1_S.24_50
split_0294	GCA_938083505.1_S.4_49
split_0294	GCF_000007225.1_S.1_1577
split_0294	GCF_000015205.1_S.1_936
split_0294	GCF_000015225.1_S.1_528
split_0294	GCF_000015805.1_S.1_1722
split_0294	GCF_000018305.1_S.1_888
split_0294	GCF_000019605.1_S.1_1332
split_0294	GCF_000019805.1_S.1_1435
split_0294	GCF_000148385.1_S.1_1184
split_0294	GCF_000190315.1_S.1_2142
split_0294	GCF_000193375.1_S.1_471
split_0294	GCF_000234805.1_S.1_514
split_0294	GCF_000993805.1_S.1_1375
split_0294	GCF_001316265.1_S.1_244
split_0294	GCF_001663375.1_S.60_4
split_0294	GCF_001748385.1_S.1_276
split_0294	GCF_002077075.2_S.62_14
split_0294	GCF_002506515.1_S.53_2
split_0294	GCF_003947435.1_S.105_26
split_0294	GCF_008000775.2_S.1_2371
split_0294	GCF_014876775.1_S.1_904
split_0294	GCF_022693705.1_S.1_1067
split_0294	GCF_023256255.1_S.47_21
split_0294	GCF_025641885.1_S.1_253
split_0294	GCF_026000775.1_S.1_830
split_0294	GCF_038883215.1_S.2_123
split_0294	GCF_038893935.1_S.10_12
split_0294	GOMC.bin.18465_S.161_4
split_0294	GOMC.bin.1960_S.46_8
split_0294	GOMC.bin.2203_S.10_3
split_0294	GOMC.bin.2212_S.58_1
split_0294	GOMC.bin.2724_S.128_6
split_0294	GOMC.bin.2762_S.108_5
split_0294	GOMC.bin.2807_S.267_7
split_0294	GOMC.bin.2843_S.162_11
split_0294	GOMC.bin.2851_S.185_5
split_0294	GOMC.bin.2857_S.72_14
split_0294	GOMC.bin.2866_S.40_11
split_0294	GOMC.bin.2873_S.3_14
split_0294	GOMC.bin.2897_S.86_3
split_0294	GOMC.bin.2898_S.150_4
split_0294	GOMC.bin.2899_S.155_13
split_0294	GOMC.bin.3004_S.10_7
split_0294	GOMC.bin.3195_S.26_3
split_0294	GOMC.bin.3202_S.82_32
split_0294	GOMC.bin.3209_S.30_5
split_0294	GOMC.bin.3227_S.24_3
split_0294	GOMC.bin.3445_S.63_47
split_0294	GOMC.bin.3970_S.67_3
split_0294	GOMC.bin.4175_S.31_22
split_0294	GOMC.bin.4304_S.93_5
split_0294	GOMC.bin.6596_S.28_12
split_0294	GOMC.bin.781_S.279_2
split_0295	GCA_000247545.1_S.1_316
split_0295	GCA_000270325.1_S.1_795
split_0295	GCA_000405685.1_S.6_30
split_0295	GCA_000494145.1_S.71_10
split_0295	GCA_000960885.1_S.175_11
split_0295	GCA_001189275.1_S.1_1525
split_0295	GCA_001516585.1_S.1_5
split_0295	GCA_001717005.1_S.56_2
split_0295	GCA_001717025.1_S.70_4
split_0295	GCA_001768965.1_S.30_12
split_0295	GCA_002255025.1_S.83_4
split_0295	GCA_002255045.1_S.80_7
split_0295	GCA_002496475.1_S.4_6
split_0295	GCA_002508315.1_S.12_9
split_0295	GCA_002898395.1_S.1_29
split_0295	GCA_003056285.1_S.19_10
split_0295	GCA_003649155.1_S.127_4
split_0295	GCA_003650815.1_S.121_4
split_0295	GCA_003650925.1_S.1_65
split_0295	GCA_003661385.1_S.54_10
split_0295	GCA_011605715.1_S.123_3
split_0295	GCA_011605725.1_S.7_62
split_0295	GCA_013153275.1_S.26_16
split_0295	GCA_013153895.1_S.137_17
split_0295	GCA_013154355.1_S.86_16
split_0295	GCA_015520425.1_S.39_7
split_0295	GCA_015520475.1_S.60_9
split_0295	GCA_015521385.1_S.138_17
split_0295	GCA_015521775.1_S.12_102
split_0295	GCA_015522685.1_S.35_50
split_0295	GCA_017601345.1_S.4_17
split_0295	GCA_017601395.1_S.82_14
split_0295	GCA_020833025.1_S.61_48
split_0295	GCA_020833055.1_S.13_55
split_0295	GCA_020833575.1_S.68_4
split_0295	GCA_021157985.1_S.32_8
split_0295	GCA_021158805.1_S.120_7
split_0295	GCA_021159365.1_S.4_58
split_0295	GCA_021161825.1_S.120_42
split_0295	GCA_021162845.1_S.25_10
split_0295	GCA_021163245.1_S.19_7
split_0295	GCA_021323375.2_S.5_26
split_0295	GCA_021650775.1_S.92_1
split_0295	GCA_021819105.1_S.1_45
split_0295	GCA_021822995.1_S.47_8
split_0295	GCA_021827865.1_S.13_283
split_0295	GCA_021851265.1_S.42_9
split_0295	GCA_022014875.1_S.50_8
split_0295	GCA_022865705.1_S.58_8
split_0295	GCA_023256215.1_S.10_16
split_0295	GCA_023269735.1_S.10_48
split_0295	GCA_023269855.1_S.16_43
split_0295	GCA_023269865.1_S.28_30
split_0295	GCA_023539395.1_S.81_51
split_0295	GCA_023539445.1_S.35_75
split_0295	GCA_023539495.1_S.89_33
split_0295	GCA_025058055.1_S.6_2
split_0295	GCA_025058225.1_S.5_109
split_0295	GCA_025059205.1_S.29_68
split_0295	GCA_025059415.1_S.22_12
split_0295	GCA_025059595.1_S.22_81
split_0295	GCA_026015185.1_S.95_42
split_0295	GCA_026015225.1_S.104_3
split_0295	GCA_026413695.1_S.253_3
split_0295	GCA_026413845.1_S.44_66
split_0295	GCA_026990885.1_S.187_5
split_0295	GCA_027002815.1_S.31_14
split_0295	GCA_027017025.1_S.3_2
split_0295	GCA_027017165.1_S.50_2
split_0295	GCA_027036495.1_S.69_105
split_0295	GCA_027068725.1_S.467_13
split_0295	GCA_027078475.1_S.72_18
split_0295	GCA_027491395.1_S.26_143
split_0295	GCA_027491415.1_S.30_129
split_0295	GCA_027491435.1_S.5_120
split_0295	GCA_027491455.1_S.119_13
split_0295	GCA_027491485.1_S.2_353
split_0295	GCA_027491735.1_S.16_19
split_0295	GCA_027491785.1_S.47_149
split_0295	GCA_027491845.1_S.115_2
split_0295	GCA_027491915.1_S.4_125
split_0295	GCA_027491935.1_S.5_21
split_0295	GCA_027492035.1_S.9_180
split_0295	GCA_027492205.1_S.6_110
split_0295	GCA_027886795.1_S.190_4
split_0295	GCA_028275385.1_S.23_9
split_0295	GCA_029258885.1_S.2_432
split_0295	GCA_029259355.1_S.2_96
split_0295	GCA_029785615.1_S.8_14
split_0295	GCA_029785825.1_S.1_1036
split_0295	GCA_029850555.1_S.152_10
split_0295	GCA_030037995.1_S.186_18
split_0295	GCA_030059675.1_S.16_88
split_0295	GCA_030130125.1_S.43_18
split_0295	GCA_032159055.1_S.7_5
split_0295	GCA_032249095.1_S.10_6
split_0295	GCA_032249575.1_S.32_6
split_0295	GCA_032906765.1_S.5_156
split_0295	GCA_033581555.1_S.5_81
split_0295	GCA_035517955.1_S.125_21
split_0295	GCA_035524675.1_S.86_7
split_0295	GCA_035638535.1_S.62_5
split_0295	GCA_036833835.1_S.12_39
split_0295	GCA_037917675.1_S.41_31
split_0295	GCA_037917685.1_S.6_285
split_0295	GCA_037917695.1_S.154_3
split_0295	GCA_038741355.1_S.27_3
split_0295	GCA_038825355.1_S.75_5
split_0295	GCA_038850115.1_S.17_8
split_0295	GCA_038851865.1_S.10_34
split_0295	GCA_038852005.1_S.14_18
split_0295	GCA_038852135.1_S.78_6
split_0295	GCA_038852745.1_S.5_68
split_0295	GCA_038854015.1_S.191_58
split_0295	GCA_038867495.1_S.37_4
split_0295	GCA_038867575.1_S.2_67
split_0295	GCA_038867595.1_S.17_29
split_0295	GCA_038867695.1_S.19_10
split_0295	GCA_038868895.1_S.12_7
split_0295	GCA_038869875.1_S.13_31
split_0295	GCA_038870235.1_S.21_16
split_0295	GCA_038870495.1_S.2_128
split_0295	GCA_038874235.1_S.21_2
split_0295	GCA_038874475.1_S.10_40
split_0295	GCA_038880875.1_S.30_9
split_0295	GCA_038882635.1_S.7_15
split_0295	GCA_038882795.1_S.116_5
split_0295	GCA_038883055.1_S.50_8
split_0295	GCA_038883075.1_S.1_7
split_0295	GCA_038884295.1_S.20_24
split_0295	GCA_038885155.1_S.4_101
split_0295	GCA_038885955.1_S.25_2
split_0295	GCA_038886635.1_S.7_49
split_0295	GCA_038888615.1_S.1_470
split_0295	GCA_038893295.1_S.6_74
split_0295	GCA_038893495.1_S.1_1140
split_0295	GCA_038894895.1_S.23_7
split_0295	GCA_038895095.1_S.2_102
split_0295	GCA_038895415.1_S.21_27
split_0295	GCA_038896855.1_S.5_56
split_0295	GCA_038897415.1_S.2_32
split_0295	GCA_038897555.1_S.8_48
split_0295	GCA_038897935.1_S.2_82
split_0295	GCA_038898035.1_S.15_24
split_0295	GCA_038991975.1_S.4_29
split_0295	GCA_039630055.1_S.34_52
split_0295	GCA_039630085.1_S.56_19
split_0295	GCA_039793485.1_S.21_33
split_0295	GCA_041287325.1_S.86_6
split_0295	GCA_041479945.1_S.33_15
split_0295	GCA_041641295.1_S.1_399
split_0295	GCA_041641305.1_S.2_133
split_0295	GCA_902812485.1_S.31_14
split_0295	GCA_937921685.1_S.6_29
split_0295	GCA_937974645.1_S.31_6
split_0295	GCA_938017985.1_S.38_29
split_0295	GCA_938027595.1_S.7_150
split_0295	GCA_938042195.1_S.15_59
split_0295	GCA_938045545.1_S.24_50
split_0295	GCA_938083505.1_S.4_49
split_0295	GCF_000007225.1_S.1_1577
split_0295	GCF_000015205.1_S.1_936
split_0295	GCF_000015225.1_S.1_528
split_0295	GCF_000015805.1_S.1_1722
split_0295	GCF_000018305.1_S.1_888
split_0295	GCF_000019605.1_S.1_1332
split_0295	GCF_000019805.1_S.1_1435
split_0295	GCF_000148385.1_S.1_1184
split_0295	GCF_000190315.1_S.1_2142
split_0295	GCF_000193375.1_S.1_471
split_0295	GCF_000234805.1_S.1_514
split_0295	GCF_000993805.1_S.1_1375
split_0295	GCF_001316265.1_S.1_244
split_0295	GCF_001663375.1_S.60_4
split_0295	GCF_001748385.1_S.1_276
split_0295	GCF_002077075.2_S.62_14
split_0295	GCF_002506515.1_S.53_2
split_0295	GCF_003947435.1_S.105_26
split_0295	GCF_014876775.1_S.1_904
split_0295	GCF_022693705.1_S.1_1067
split_0295	GCF_023256255.1_S.47_21
split_0295	GCF_025641885.1_S.1_253
split_0295	GCF_026000775.1_S.1_830
split_0295	GCF_038883215.1_S.2_123
split_0295	GCF_038893935.1_S.10_12
split_0295	GOMC.bin.18465_S.161_4
split_0295	GOMC.bin.1960_S.46_8
split_0295	GOMC.bin.2203_S.10_3
split_0295	GOMC.bin.2212_S.58_1
split_0295	GOMC.bin.2724_S.128_6
split_0295	GOMC.bin.2762_S.108_5
split_0295	GOMC.bin.2807_S.267_7
split_0295	GOMC.bin.2843_S.162_11
split_0295	GOMC.bin.2851_S.185_5
split_0295	GOMC.bin.2857_S.72_14
split_0295	GOMC.bin.2866_S.40_11
split_0295	GOMC.bin.2873_S.3_14
split_0295	GOMC.bin.2897_S.86_3
split_0295	GOMC.bin.2898_S.150_4
split_0295	GOMC.bin.2899_S.155_13
split_0295	GOMC.bin.3004_S.10_7
split_0295	GOMC.bin.3195_S.26_3
split_0295	GOMC.bin.3202_S.82_32
split_0295	GOMC.bin.3209_S.30_5
split_0295	GOMC.bin.3227_S.24_3
split_0295	GOMC.bin.3445_S.63_47
split_0295	GOMC.bin.3970_S.67_3
split_0295	GOMC.bin.4175_S.31_22
split_0295	GOMC.bin.4304_S.93_5
split_0295	GOMC.bin.6596_S.28_12
split_0295	GOMC.bin.781_S.279_2
split_0296	GCA_000247545.1_S.1_316
split_0296	GCA_000270325.1_S.1_795
split_0296	GCA_000405685.1_S.6_30
split_0296	GCA_000494145.1_S.71_10
split_0296	GCA_000960885.1_S.175_11
split_0296	GCA_001189275.1_S.1_1525
split_0296	GCA_001516585.1_S.1_5
split_0296	GCA_001768965.1_S.30_12
split_0296	GCA_002255025.1_S.83_4
split_0296	GCA_002255045.1_S.80_7
split_0296	GCA_002496475.1_S.4_6
split_0296	GCA_002508315.1_S.12_9
split_0296	GCA_002898395.1_S.1_29
split_0296	GCA_003056285.1_S.19_10
split_0296	GCA_003649155.1_S.127_4
split_0296	GCA_003650815.1_S.121_4
split_0296	GCA_003650925.1_S.1_65
split_0296	GCA_011605715.1_S.123_3
split_0296	GCA_011605725.1_S.7_62
split_0296	GCA_013153275.1_S.26_16
split_0296	GCA_013153895.1_S.137_17
split_0296	GCA_013154355.1_S.86_16
split_0296	GCA_015520425.1_S.39_7
split_0296	GCA_015520475.1_S.60_9
split_0296	GCA_015521775.1_S.12_102
split_0296	GCA_017601345.1_S.4_17
split_0296	GCA_017601395.1_S.82_14
split_0296	GCA_020833025.1_S.61_48
split_0296	GCA_020833575.1_S.68_4
split_0296	GCA_021157985.1_S.32_8
split_0296	GCA_021159365.1_S.4_58
split_0296	GCA_021161825.1_S.120_42
split_0296	GCA_021162845.1_S.25_10
split_0296	GCA_021163245.1_S.19_7
split_0296	GCA_021323375.2_S.5_26
split_0296	GCA_021650775.1_S.92_1
split_0296	GCA_022014875.1_S.50_8
split_0296	GCA_022865705.1_S.58_8
split_0296	GCA_023256215.1_S.10_16
split_0296	GCA_023269735.1_S.10_48
split_0296	GCA_023269855.1_S.16_43
split_0296	GCA_023539395.1_S.81_51
split_0296	GCA_023539445.1_S.35_75
split_0296	GCA_023539495.1_S.89_33
split_0296	GCA_025058055.1_S.6_2
split_0296	GCA_025058225.1_S.5_109
split_0296	GCA_025059205.1_S.29_68
split_0296	GCA_025059415.1_S.22_12
split_0296	GCA_025059595.1_S.22_81
split_0296	GCA_026015185.1_S.95_42
split_0296	GCA_026015225.1_S.104_3
split_0296	GCA_026413695.1_S.253_3
split_0296	GCA_026413845.1_S.44_66
split_0296	GCA_027002815.1_S.31_14
split_0296	GCA_027017025.1_S.3_2
split_0296	GCA_027017165.1_S.50_2
split_0296	GCA_027036495.1_S.69_105
split_0296	GCA_027068725.1_S.467_13
split_0296	GCA_028275385.1_S.23_9
split_0296	GCA_029258885.1_S.2_432
split_0296	GCA_029259355.1_S.2_96
split_0296	GCA_030059675.1_S.16_88
split_0296	GCA_032249095.1_S.10_6
split_0296	GCA_032249575.1_S.32_6
split_0296	GCA_033581555.1_S.5_81
split_0296	GCA_035517955.1_S.125_21
split_0296	GCA_035524675.1_S.86_7
split_0296	GCA_035638535.1_S.62_5
split_0296	GCA_036833835.1_S.12_39
split_0296	GCA_038741355.1_S.27_3
split_0296	GCA_038825355.1_S.75_5
split_0296	GCA_038850115.1_S.17_8
split_0296	GCA_038851865.1_S.10_34
split_0296	GCA_038852005.1_S.14_18
split_0296	GCA_038852135.1_S.78_6
split_0296	GCA_038854015.1_S.191_58
split_0296	GCA_038867495.1_S.37_4
split_0296	GCA_038867575.1_S.2_67
split_0296	GCA_038867595.1_S.17_29
split_0296	GCA_038867695.1_S.19_10
split_0296	GCA_038868895.1_S.12_7
split_0296	GCA_038869875.1_S.13_31
split_0296	GCA_038870235.1_S.21_16
split_0296	GCA_038870495.1_S.2_128
split_0296	GCA_038874235.1_S.21_2
split_0296	GCA_038874475.1_S.10_40
split_0296	GCA_038880875.1_S.30_9
split_0296	GCA_038882635.1_S.7_15
split_0296	GCA_038882795.1_S.116_5
split_0296	GCA_038883075.1_S.1_7
split_0296	GCA_038884295.1_S.20_24
split_0296	GCA_038885155.1_S.4_101
split_0296	GCA_038885955.1_S.25_2
split_0296	GCA_038886635.1_S.7_49
split_0296	GCA_038893295.1_S.6_74
split_0296	GCA_038893495.1_S.1_1140
split_0296	GCA_038894895.1_S.23_7
split_0296	GCA_038895095.1_S.2_102
split_0296	GCA_038895415.1_S.21_27
split_0296	GCA_038896855.1_S.5_56
split_0296	GCA_038897415.1_S.2_32
split_0296	GCA_038897555.1_S.8_48
split_0296	GCA_038897935.1_S.2_82
split_0296	GCA_038898035.1_S.15_24
split_0296	GCA_038991975.1_S.4_29
split_0296	GCA_039630055.1_S.34_52
split_0296	GCA_039630085.1_S.56_19
split_0296	GCA_039793485.1_S.21_33
split_0296	GCA_041287325.1_S.86_6
split_0296	GCA_041479945.1_S.33_15
split_0296	GCA_041641295.1_S.1_399
split_0296	GCA_041641305.1_S.2_133
split_0296	GCA_937921685.1_S.6_29
split_0296	GCA_937974645.1_S.31_6
split_0296	GCA_938017985.1_S.38_29
split_0296	GCA_938027595.1_S.7_150
split_0296	GCA_938042195.1_S.15_59
split_0296	GCA_938045545.1_S.24_50
split_0296	GCA_938083505.1_S.4_49
split_0296	GCF_000007225.1_S.1_1577
split_0296	GCF_000015205.1_S.1_936
split_0296	GCF_000015225.1_S.1_528
split_0296	GCF_000015805.1_S.1_1722
split_0296	GCF_000018305.1_S.1_888
split_0296	GCF_000019805.1_S.1_1435
split_0296	GCF_000148385.1_S.1_1184
split_0296	GCF_000190315.1_S.1_2142
split_0296	GCF_000193375.1_S.1_471
split_0296	GCF_000234805.1_S.1_514
split_0296	GCF_000993805.1_S.1_1375
split_0296	GCF_001316265.1_S.1_244
split_0296	GCF_001663375.1_S.60_4
split_0296	GCF_001748385.1_S.1_276
split_0296	GCF_002077075.2_S.62_14
split_0296	GCF_002506515.1_S.53_2
split_0296	GCF_014876775.1_S.1_904
split_0296	GCF_022693705.1_S.1_1067
split_0296	GCF_023256255.1_S.47_21
split_0296	GCF_025641885.1_S.1_253
split_0296	GCF_026000775.1_S.1_830
split_0296	GCF_038883215.1_S.2_123
split_0296	GCF_038893935.1_S.10_12
split_0296	GOMC.bin.18465_S.161_4
split_0296	GOMC.bin.1960_S.46_8
split_0296	GOMC.bin.2203_S.10_3
split_0296	GOMC.bin.2212_S.58_1
split_0296	GOMC.bin.2724_S.128_6
split_0296	GOMC.bin.2762_S.108_5
split_0296	GOMC.bin.2843_S.162_11
split_0296	GOMC.bin.2851_S.185_5
split_0296	GOMC.bin.2857_S.72_14
split_0296	GOMC.bin.2866_S.40_11
split_0296	GOMC.bin.2873_S.3_14
split_0296	GOMC.bin.2898_S.150_4
split_0296	GOMC.bin.2899_S.155_13
split_0296	GOMC.bin.3004_S.10_7
split_0296	GOMC.bin.3195_S.26_3
split_0296	GOMC.bin.3202_S.82_32
split_0296	GOMC.bin.3209_S.30_5
split_0296	GOMC.bin.3227_S.24_3
split_0296	GOMC.bin.6596_S.28_12
split_0296	GOMC.bin.781_S.279_2
split_0297	GCA_000247545.1_S.1_316
split_0297	GCA_000960885.1_S.175_11
split_0297	GCA_001189275.1_S.1_1525
split_0297	GCA_001516585.1_S.1_5
split_0297	GCA_002496475.1_S.4_6
split_0297	GCA_002508315.1_S.12_9
split_0297	GCA_003650815.1_S.121_4
split_0297	GCA_013153275.1_S.26_16
split_0297	GCA_013153895.1_S.137_17
split_0297	GCA_013154355.1_S.86_16
split_0297	GCA_015521775.1_S.12_102
split_0297	GCA_020833025.1_S.61_48
split_0297	GCA_020833575.1_S.68_4
split_0297	GCA_021161825.1_S.120_42
split_0297	GCA_021163245.1_S.19_7
split_0297	GCA_022014875.1_S.50_8
split_0297	GCA_023256215.1_S.10_16
split_0297	GCA_023269735.1_S.10_48
split_0297	GCA_027002815.1_S.31_14
split_0297	GCA_027017025.1_S.3_2
split_0297	GCA_027017165.1_S.50_2
split_0297	GCA_027036495.1_S.69_105
split_0297	GCA_027068725.1_S.467_13
split_0297	GCA_029258885.1_S.2_432
split_0297	GCA_036833835.1_S.12_39
split_0297	GCA_038854015.1_S.191_58
split_0297	GCA_038893295.1_S.6_74
split_0297	GCA_038893495.1_S.1_1140
split_0297	GCA_038894895.1_S.23_7
split_0297	GCA_038895095.1_S.2_102
split_0297	GCA_038895415.1_S.21_27
split_0297	GCA_038898035.1_S.15_24
split_0297	GCA_041287325.1_S.86_6
split_0297	GCA_938027595.1_S.7_150
split_0297	GCF_000007225.1_S.1_1577
split_0297	GCF_000015205.1_S.1_936
split_0297	GCF_000015225.1_S.1_528
split_0297	GCF_000015805.1_S.1_1722
split_0297	GCF_000018305.1_S.1_888
split_0297	GCF_000019805.1_S.1_1435
split_0297	GCF_000148385.1_S.1_1184
split_0297	GCF_000190315.1_S.1_2142
split_0297	GCF_000193375.1_S.1_471
split_0297	GCF_000234805.1_S.1_514
split_0297	GCF_000993805.1_S.1_1375
split_0297	GCF_001316265.1_S.1_244
split_0297	GCF_001663375.1_S.60_4
split_0297	GCF_001748385.1_S.1_276
split_0297	GCF_002077075.2_S.62_14
split_0297	GCF_002506515.1_S.53_2
split_0297	GCF_014876775.1_S.1_904
split_0297	GCF_022693705.1_S.1_1067
split_0297	GCF_023256255.1_S.47_21
split_0297	GCF_025641885.1_S.1_253
split_0297	GCF_026000775.1_S.1_830
split_0297	GCF_038883215.1_S.2_123
split_0297	GCF_038893935.1_S.10_12
split_0297	GOMC.bin.2724_S.128_6
split_0297	GOMC.bin.2851_S.185_5
split_0297	GOMC.bin.2857_S.72_14
split_0297	GOMC.bin.2873_S.3_14
split_0297	GOMC.bin.2899_S.155_13
split_0297	GOMC.bin.3004_S.10_7
split_0297	GOMC.bin.3202_S.82_32
split_0297	GOMC.bin.6596_S.28_12
split_0298	GCA_000247545.1_S.1_316
split_0298	GCA_000960885.1_S.175_11
split_0298	GCA_001189275.1_S.1_1525
split_0298	GCA_001516585.1_S.1_5
split_0298	GCA_002496475.1_S.4_6
split_0298	GCA_002508315.1_S.12_9
split_0298	GCA_013153275.1_S.26_16
split_0298	GCA_013153895.1_S.137_17
split_0298	GCA_013154355.1_S.86_16
split_0298	GCA_015521775.1_S.12_102
split_0298	GCA_020833025.1_S.61_48
split_0298	GCA_020833575.1_S.68_4
split_0298	GCA_021163245.1_S.19_7
split_0298	GCA_022014875.1_S.50_8
split_0298	GCA_023256215.1_S.10_16
split_0298	GCA_023269735.1_S.10_48
split_0298	GCA_027002815.1_S.31_14
split_0298	GCA_027017025.1_S.3_2
split_0298	GCA_027036495.1_S.69_105
split_0298	GCA_027068725.1_S.467_13
split_0298	GCA_036833835.1_S.12_39
split_0298	GCA_038854015.1_S.191_58
split_0298	GCA_038893295.1_S.6_74
split_0298	GCA_038893495.1_S.1_1140
split_0298	GCA_038894895.1_S.23_7
split_0298	GCA_038895095.1_S.2_102
split_0298	GCA_038895415.1_S.21_27
split_0298	GCA_038898035.1_S.15_24
split_0298	GCA_041287325.1_S.86_6
split_0298	GCA_938027595.1_S.7_150
split_0298	GCF_000007225.1_S.1_1577
split_0298	GCF_000015205.1_S.1_936
split_0298	GCF_000015225.1_S.1_528
split_0298	GCF_000015805.1_S.1_1722
split_0298	GCF_000018305.1_S.1_888
split_0298	GCF_000019805.1_S.1_1435
split_0298	GCF_000148385.1_S.1_1184
split_0298	GCF_000190315.1_S.1_2142
split_0298	GCF_000193375.1_S.1_471
split_0298	GCF_000234805.1_S.1_514
split_0298	GCF_000993805.1_S.1_1375
split_0298	GCF_001316265.1_S.1_244
split_0298	GCF_001663375.1_S.60_4
split_0298	GCF_001748385.1_S.1_276
split_0298	GCF_002077075.2_S.62_14
split_0298	GCF_002506515.1_S.53_2
split_0298	GCF_014876775.1_S.1_904
split_0298	GCF_022693705.1_S.1_1067
split_0298	GCF_023256255.1_S.47_21
split_0298	GCF_025641885.1_S.1_253
split_0298	GCF_026000775.1_S.1_830
split_0298	GCF_038883215.1_S.2_123
split_0298	GCF_038893935.1_S.10_12
split_0298	GOMC.bin.2851_S.185_5
split_0298	GOMC.bin.2873_S.3_14
split_0298	GOMC.bin.6596_S.28_12
split_0299	GCA_000247545.1_S.1_316
split_0299	GCA_000960885.1_S.175_11
split_0299	GCA_001189275.1_S.1_1525
split_0299	GCA_001516585.1_S.1_5
split_0299	GCA_002496475.1_S.4_6
split_0299	GCA_002508315.1_S.12_9
split_0299	GCA_013153275.1_S.26_16
split_0299	GCA_013153895.1_S.137_17
split_0299	GCA_013154355.1_S.86_16
split_0299	GCA_015521775.1_S.12_102
split_0299	GCA_020833025.1_S.61_48
split_0299	GCA_022014875.1_S.50_8
split_0299	GCA_023256215.1_S.10_16
split_0299	GCA_023269735.1_S.10_48
split_0299	GCA_027002815.1_S.31_14
split_0299	GCA_027036495.1_S.69_105
split_0299	GCA_027068725.1_S.467_13
split_0299	GCA_036833835.1_S.12_39
split_0299	GCA_038854015.1_S.191_58
split_0299	GCA_038893295.1_S.6_74
split_0299	GCA_038893495.1_S.1_1140
split_0299	GCA_038894895.1_S.23_7
split_0299	GCA_038895415.1_S.21_27
split_0299	GCA_038898035.1_S.15_24
split_0299	GCA_041287325.1_S.86_6
split_0299	GCA_938027595.1_S.7_150
split_0299	GCF_000007225.1_S.1_1577
split_0299	GCF_000015205.1_S.1_936
split_0299	GCF_000015805.1_S.1_1722
split_0299	GCF_000018305.1_S.1_888
split_0299	GCF_000019805.1_S.1_1435
split_0299	GCF_000148385.1_S.1_1184
split_0299	GCF_000190315.1_S.1_2142
split_0299	GCF_000193375.1_S.1_471
split_0299	GCF_000234805.1_S.1_514
split_0299	GCF_001316265.1_S.1_244
split_0299	GCF_001663375.1_S.60_4
split_0299	GCF_001748385.1_S.1_276
split_0299	GCF_002077075.2_S.62_14
split_0299	GCF_002506515.1_S.53_2
split_0299	GCF_023256255.1_S.47_21
split_0299	GCF_025641885.1_S.1_253
split_0299	GCF_026000775.1_S.1_830
split_0299	GCF_038893935.1_S.10_12
split_0299	GOMC.bin.2851_S.185_5
split_0299	GOMC.bin.2873_S.3_14
split_0299	GOMC.bin.6596_S.28_12
split_0300	GCA_000247545.1_S.1_316
split_0300	GCA_000960885.1_S.175_11
split_0300	GCA_001189275.1_S.1_1525
split_0300	GCA_001516585.1_S.1_5
split_0300	GCA_002496475.1_S.4_6
split_0300	GCA_002508315.1_S.12_9
split_0300	GCA_013153275.1_S.26_16
split_0300	GCA_013153895.1_S.137_17
split_0300	GCA_013154355.1_S.86_16
split_0300	GCA_015521775.1_S.12_102
split_0300	GCA_020833025.1_S.61_48
split_0300	GCA_022014875.1_S.50_8
split_0300	GCA_023256215.1_S.10_16
split_0300	GCA_027002815.1_S.31_14
split_0300	GCA_027036495.1_S.69_105
split_0300	GCA_027068725.1_S.467_13
split_0300	GCA_036833835.1_S.12_39
split_0300	GCA_038893295.1_S.6_74
split_0300	GCA_038893495.1_S.1_1140
split_0300	GCA_038894895.1_S.23_7
split_0300	GCA_038895415.1_S.21_27
split_0300	GCA_041287325.1_S.86_6
split_0300	GCA_938027595.1_S.7_150
split_0300	GCF_000007225.1_S.1_1577
split_0300	GCF_000015205.1_S.1_936
split_0300	GCF_000015805.1_S.1_1722
split_0300	GCF_000018305.1_S.1_888
split_0300	GCF_000019805.1_S.1_1435
split_0300	GCF_000148385.1_S.1_1184
split_0300	GCF_000190315.1_S.1_2142
split_0300	GCF_000193375.1_S.1_471
split_0300	GCF_000234805.1_S.1_514
split_0300	GCF_001316265.1_S.1_244
split_0300	GCF_001663375.1_S.60_4
split_0300	GCF_001748385.1_S.1_276
split_0300	GCF_002077075.2_S.62_14
split_0300	GCF_002506515.1_S.53_2
split_0300	GCF_023256255.1_S.47_21
split_0300	GCF_025641885.1_S.1_253
split_0300	GCF_026000775.1_S.1_830
split_0300	GCF_038893935.1_S.10_12
split_0300	GOMC.bin.2873_S.3_14
split_0301	GCA_000247545.1_S.1_316
split_0301	GCA_000960885.1_S.175_11
split_0301	GCA_001189275.1_S.1_1525
split_0301	GCA_001516585.1_S.1_5
split_0301	GCA_002496475.1_S.4_6
split_0301	GCA_002508315.1_S.12_9
split_0301	GCA_013153275.1_S.26_16
split_0301	GCA_013153895.1_S.137_17
split_0301	GCA_013154355.1_S.86_16
split_0301	GCA_015521775.1_S.12_102
split_0301	GCA_020833025.1_S.61_48
split_0301	GCA_022014875.1_S.50_8
split_0301	GCA_023256215.1_S.10_16
split_0301	GCA_027002815.1_S.31_14
split_0301	GCA_027036495.1_S.69_105
split_0301	GCA_027068725.1_S.467_13
split_0301	GCA_036833835.1_S.12_39
split_0301	GCA_038893295.1_S.6_74
split_0301	GCA_038893495.1_S.1_1140
split_0301	GCA_038894895.1_S.23_7
split_0301	GCA_038895415.1_S.21_27
split_0301	GCA_041287325.1_S.86_6
split_0301	GCA_938027595.1_S.7_150
split_0301	GCF_000007225.1_S.1_1577
split_0301	GCF_000015205.1_S.1_936
split_0301	GCF_000015805.1_S.1_1722
split_0301	GCF_000018305.1_S.1_888
split_0301	GCF_000019805.1_S.1_1435
split_0301	GCF_000148385.1_S.1_1184
split_0301	GCF_000190315.1_S.1_2142
split_0301	GCF_000193375.1_S.1_471
split_0301	GCF_000234805.1_S.1_514
split_0301	GCF_001316265.1_S.1_244
split_0301	GCF_001663375.1_S.60_4
split_0301	GCF_001748385.1_S.1_276
split_0301	GCF_002077075.2_S.62_14
split_0301	GCF_002506515.1_S.53_2
split_0301	GCF_023256255.1_S.47_21
split_0301	GCF_025641885.1_S.1_253
split_0301	GCF_026000775.1_S.1_830
split_0301	GCF_038893935.1_S.10_12
split_0302	GCA_000247545.1_S.1_316
split_0302	GCA_000960885.1_S.175_11
split_0302	GCA_001189275.1_S.1_1525
split_0302	GCA_015521775.1_S.12_102
split_0302	GCA_020833025.1_S.61_48
split_0302	GCA_027002815.1_S.31_14
split_0302	GCA_036833835.1_S.12_39
split_0302	GCA_038893295.1_S.6_74
split_0302	GCA_038893495.1_S.1_1140
split_0302	GCA_038894895.1_S.23_7
split_0302	GCA_038895415.1_S.21_27
split_0302	GCA_041287325.1_S.86_6
split_0302	GCA_938027595.1_S.7_150
split_0302	GCF_000007225.1_S.1_1577
split_0302	GCF_000015205.1_S.1_936
split_0302	GCF_000015805.1_S.1_1722
split_0302	GCF_000019805.1_S.1_1435
split_0302	GCF_000193375.1_S.1_471
split_0302	GCF_000234805.1_S.1_514
split_0302	GCF_002077075.2_S.62_14
split_0302	GCF_025641885.1_S.1_253
split_0302	GCF_038893935.1_S.10_12
split_0303	GCA_000247545.1_S.1_316
split_0303	GCA_000960885.1_S.175_11
split_0303	GCA_001189275.1_S.1_1525
split_0303	GCA_020833025.1_S.61_48
split_0303	GCA_036833835.1_S.12_39
split_0303	GCA_038893295.1_S.6_74
split_0303	GCA_038893495.1_S.1_1140
split_0303	GCA_038894895.1_S.23_7
split_0303	GCA_038895415.1_S.21_27
split_0303	GCA_041287325.1_S.86_6
split_0303	GCA_938027595.1_S.7_150
split_0303	GCF_000007225.1_S.1_1577
split_0303	GCF_000015205.1_S.1_936
split_0303	GCF_000015805.1_S.1_1722
split_0303	GCF_000019805.1_S.1_1435
split_0303	GCF_000193375.1_S.1_471
split_0303	GCF_000234805.1_S.1_514
split_0303	GCF_002077075.2_S.62_14
split_0303	GCF_025641885.1_S.1_253
split_0303	GCF_038893935.1_S.10_12
split_0304	GCA_000247545.1_S.1_316
split_0304	GCA_001189275.1_S.1_1525
split_0304	GCA_020833025.1_S.61_48
split_0304	GCA_036833835.1_S.12_39
split_0304	GCA_038893295.1_S.6_74
split_0304	GCA_038894895.1_S.23_7
split_0304	GCA_038895415.1_S.21_27
split_0304	GCA_041287325.1_S.86_6
split_0304	GCA_938027595.1_S.7_150
split_0304	GCF_000007225.1_S.1_1577
split_0304	GCF_000015205.1_S.1_936
split_0304	GCF_000015805.1_S.1_1722
split_0304	GCF_000019805.1_S.1_1435
split_0304	GCF_000234805.1_S.1_514
split_0304	GCF_025641885.1_S.1_253
split_0304	GCF_038893935.1_S.10_12
split_0305	GCA_000247545.1_S.1_316
split_0305	GCA_001189275.1_S.1_1525
split_0305	GCA_036833835.1_S.12_39
split_0305	GCA_038893295.1_S.6_74
split_0305	GCA_038894895.1_S.23_7
split_0305	GCA_038895415.1_S.21_27
split_0305	GCA_041287325.1_S.86_6
split_0305	GCA_938027595.1_S.7_150
split_0305	GCF_000007225.1_S.1_1577
split_0305	GCF_000015205.1_S.1_936
split_0305	GCF_000015805.1_S.1_1722
split_0305	GCF_000019805.1_S.1_1435
split_0305	GCF_000234805.1_S.1_514
split_0305	GCF_025641885.1_S.1_253
split_0305	GCF_038893935.1_S.10_12
split_0306	GCA_000247545.1_S.1_316
split_0306	GCA_001189275.1_S.1_1525
split_0306	GCA_036833835.1_S.12_39
split_0306	GCA_038894895.1_S.23_7
split_0306	GCA_038895415.1_S.21_27
split_0306	GCF_000007225.1_S.1_1577
split_0306	GCF_000015205.1_S.1_936
split_0306	GCF_000019805.1_S.1_1435
split_0306	GCF_000234805.1_S.1_514
split_0306	GCF_025641885.1_S.1_253
split_0306	GCF_038893935.1_S.10_12
split_0307	GCA_000247545.1_S.1_316
split_0307	GCA_038894895.1_S.23_7
split_0307	GCF_000007225.1_S.1_1577
split_0307	GCF_000234805.1_S.1_514
split_0307	GCF_025641885.1_S.1_253
split_0307	GCF_038893935.1_S.10_12
split_0308	GCA_000247545.1_S.1_316
split_0308	GCF_000007225.1_S.1_1577
split_0308	GCF_000234805.1_S.1_514
split_0308	GCF_025641885.1_S.1_253
split_0308	GCF_038893935.1_S.10_12
split_0309	GCA_000247545.1_S.1_316
split_0309	GCF_038893935.1_S.10_12
split_0310	GCF_000007225.1_S.1_1577
split_0310	GCF_000234805.1_S.1_514
split_0310	GCF_025641885.1_S.1_253
split_0311	GCF_000234805.1_S.1_514
split_0311	GCF_025641885.1_S.1_253
split_0312	GCA_001189275.1_S.1_1525
split_0312	GCA_036833835.1_S.12_39
split_0312	GCA_038895415.1_S.21_27
split_0312	GCF_000015205.1_S.1_936
split_0312	GCF_000019805.1_S.1_1435
split_0313	GCA_001189275.1_S.1_1525
split_0313	GCA_036833835.1_S.12_39
split_0313	GCA_038895415.1_S.21_27
split_0313	GCF_000019805.1_S.1_1435
split_0314	GCA_001189275.1_S.1_1525
split_0314	GCA_036833835.1_S.12_39
split_0314	GCA_038895415.1_S.21_27
split_0315	GCA_001189275.1_S.1_1525
split_0315	GCA_038895415.1_S.21_27
split_0316	GCA_038893295.1_S.6_74
split_0316	GCA_041287325.1_S.86_6
split_0316	GCA_938027595.1_S.7_150
split_0316	GCF_000015805.1_S.1_1722
split_0317	GCA_038893295.1_S.6_74
split_0317	GCA_041287325.1_S.86_6
split_0318	GCA_938027595.1_S.7_150
split_0318	GCF_000015805.1_S.1_1722
split_0319	GCA_000960885.1_S.175_11
split_0319	GCA_038893495.1_S.1_1140
split_0319	GCF_000193375.1_S.1_471
split_0319	GCF_002077075.2_S.62_14
split_0320	GCA_038893495.1_S.1_1140
split_0320	GCF_000193375.1_S.1_471
split_0320	GCF_002077075.2_S.62_14
split_0321	GCF_000193375.1_S.1_471
split_0321	GCF_002077075.2_S.62_14
split_0322	GCA_015521775.1_S.12_102
split_0322	GCA_027002815.1_S.31_14
split_0323	GCA_001516585.1_S.1_5
split_0323	GCA_002496475.1_S.4_6
split_0323	GCA_002508315.1_S.12_9
split_0323	GCA_013153275.1_S.26_16
split_0323	GCA_013153895.1_S.137_17
split_0323	GCA_013154355.1_S.86_16
split_0323	GCA_022014875.1_S.50_8
split_0323	GCA_023256215.1_S.10_16
split_0323	GCA_027036495.1_S.69_105
split_0323	GCA_027068725.1_S.467_13
split_0323	GCF_000018305.1_S.1_888
split_0323	GCF_000148385.1_S.1_1184
split_0323	GCF_000190315.1_S.1_2142
split_0323	GCF_001316265.1_S.1_244
split_0323	GCF_001663375.1_S.60_4
split_0323	GCF_001748385.1_S.1_276
split_0323	GCF_002506515.1_S.53_2
split_0323	GCF_023256255.1_S.47_21
split_0323	GCF_026000775.1_S.1_830
split_0324	GCA_001516585.1_S.1_5
split_0324	GCA_002496475.1_S.4_6
split_0324	GCA_002508315.1_S.12_9
split_0324	GCA_022014875.1_S.50_8
split_0324	GCA_023256215.1_S.10_16
split_0324	GCF_000018305.1_S.1_888
split_0324	GCF_000148385.1_S.1_1184
split_0324	GCF_000190315.1_S.1_2142
split_0324	GCF_001316265.1_S.1_244
split_0324	GCF_001663375.1_S.60_4
split_0324	GCF_001748385.1_S.1_276
split_0324	GCF_002506515.1_S.53_2
split_0324	GCF_023256255.1_S.47_21
split_0324	GCF_026000775.1_S.1_830
split_0325	GCA_001516585.1_S.1_5
split_0325	GCA_002508315.1_S.12_9
split_0325	GCF_000018305.1_S.1_888
split_0325	GCF_001663375.1_S.60_4
split_0325	GCF_002506515.1_S.53_2
split_0325	GCF_023256255.1_S.47_21
split_0326	GCA_001516585.1_S.1_5
split_0326	GCA_002508315.1_S.12_9
split_0327	GCF_000018305.1_S.1_888
split_0327	GCF_001663375.1_S.60_4
split_0327	GCF_002506515.1_S.53_2
split_0327	GCF_023256255.1_S.47_21
split_0328	GCF_000018305.1_S.1_888
split_0328	GCF_002506515.1_S.53_2
split_0328	GCF_023256255.1_S.47_21
split_0329	GCF_000018305.1_S.1_888
split_0329	GCF_002506515.1_S.53_2
split_0330	GCA_002496475.1_S.4_6
split_0330	GCA_022014875.1_S.50_8
split_0330	GCA_023256215.1_S.10_16
split_0330	GCF_000148385.1_S.1_1184
split_0330	GCF_000190315.1_S.1_2142
split_0330	GCF_001316265.1_S.1_244
split_0330	GCF_001748385.1_S.1_276
split_0330	GCF_026000775.1_S.1_830
split_0331	GCA_002496475.1_S.4_6
split_0331	GCA_023256215.1_S.10_16
split_0331	GCF_000148385.1_S.1_1184
split_0331	GCF_000190315.1_S.1_2142
split_0331	GCF_001316265.1_S.1_244
split_0331	GCF_001748385.1_S.1_276
split_0331	GCF_026000775.1_S.1_830
split_0332	GCA_002496475.1_S.4_6
split_0332	GCA_023256215.1_S.10_16
split_0332	GCF_000148385.1_S.1_1184
split_0332	GCF_000190315.1_S.1_2142
split_0332	GCF_001316265.1_S.1_244
split_0332	GCF_026000775.1_S.1_830
split_0333	GCA_002496475.1_S.4_6
split_0333	GCF_000148385.1_S.1_1184
split_0333	GCF_000190315.1_S.1_2142
split_0333	GCF_001316265.1_S.1_244
split_0333	GCF_026000775.1_S.1_830
split_0334	GCA_002496475.1_S.4_6
split_0334	GCF_026000775.1_S.1_830
split_0335	GCF_000148385.1_S.1_1184
split_0335	GCF_000190315.1_S.1_2142
split_0335	GCF_001316265.1_S.1_244
split_0336	GCF_000148385.1_S.1_1184
split_0336	GCF_001316265.1_S.1_244
split_0337	GCA_013153275.1_S.26_16
split_0337	GCA_013153895.1_S.137_17
split_0337	GCA_013154355.1_S.86_16
split_0337	GCA_027036495.1_S.69_105
split_0337	GCA_027068725.1_S.467_13
split_0338	GCA_013153275.1_S.26_16
split_0338	GCA_013153895.1_S.137_17
split_0338	GCA_013154355.1_S.86_16
split_0338	GCA_027068725.1_S.467_13
split_0339	GCA_013153275.1_S.26_16
split_0339	GCA_013153895.1_S.137_17
split_0339	GCA_013154355.1_S.86_16
split_0340	GCA_013153895.1_S.137_17
split_0340	GCA_013154355.1_S.86_16
split_0341	GCA_023269735.1_S.10_48
split_0341	GCA_038854015.1_S.191_58
split_0341	GCA_038898035.1_S.15_24
split_0341	GOMC.bin.2851_S.185_5
split_0341	GOMC.bin.6596_S.28_12
split_0342	GCA_023269735.1_S.10_48
split_0342	GCA_038854015.1_S.191_58
split_0342	GCA_038898035.1_S.15_24
split_0342	GOMC.bin.6596_S.28_12
split_0343	GCA_038854015.1_S.191_58
split_0343	GCA_038898035.1_S.15_24
split_0343	GOMC.bin.6596_S.28_12
split_0344	GCA_038854015.1_S.191_58
split_0344	GCA_038898035.1_S.15_24
split_0345	GCA_020833575.1_S.68_4
split_0345	GCA_021163245.1_S.19_7
split_0345	GCA_027017025.1_S.3_2
split_0345	GCA_038895095.1_S.2_102
split_0345	GCF_000015225.1_S.1_528
split_0345	GCF_000993805.1_S.1_1375
split_0345	GCF_014876775.1_S.1_904
split_0345	GCF_022693705.1_S.1_1067
split_0345	GCF_038883215.1_S.2_123
split_0346	GCA_020833575.1_S.68_4
split_0346	GCA_027017025.1_S.3_2
split_0346	GCA_038895095.1_S.2_102
split_0346	GCF_000015225.1_S.1_528
split_0346	GCF_000993805.1_S.1_1375
split_0346	GCF_014876775.1_S.1_904
split_0346	GCF_022693705.1_S.1_1067
split_0346	GCF_038883215.1_S.2_123
split_0347	GCA_020833575.1_S.68_4
split_0347	GCA_038895095.1_S.2_102
split_0347	GCF_000015225.1_S.1_528
split_0347	GCF_000993805.1_S.1_1375
split_0347	GCF_014876775.1_S.1_904
split_0347	GCF_022693705.1_S.1_1067
split_0347	GCF_038883215.1_S.2_123
split_0348	GCA_020833575.1_S.68_4
split_0348	GCA_038895095.1_S.2_102
split_0349	GCF_000015225.1_S.1_528
split_0349	GCF_000993805.1_S.1_1375
split_0349	GCF_014876775.1_S.1_904
split_0349	GCF_022693705.1_S.1_1067
split_0349	GCF_038883215.1_S.2_123
split_0350	GCF_000015225.1_S.1_528
split_0350	GCF_038883215.1_S.2_123
split_0351	GCF_000993805.1_S.1_1375
split_0351	GCF_014876775.1_S.1_904
split_0351	GCF_022693705.1_S.1_1067
split_0352	GCF_014876775.1_S.1_904
split_0352	GCF_022693705.1_S.1_1067
split_0353	GCA_003650815.1_S.121_4
split_0353	GCA_021161825.1_S.120_42
split_0353	GCA_027017165.1_S.50_2
split_0353	GCA_029258885.1_S.2_432
split_0353	GOMC.bin.2724_S.128_6
split_0353	GOMC.bin.2857_S.72_14
split_0353	GOMC.bin.2899_S.155_13
split_0353	GOMC.bin.3004_S.10_7
split_0353	GOMC.bin.3202_S.82_32
split_0354	GCA_003650815.1_S.121_4
split_0354	GCA_021161825.1_S.120_42
split_0354	GCA_027017165.1_S.50_2
split_0354	GCA_029258885.1_S.2_432
split_0354	GOMC.bin.3004_S.10_7
split_0354	GOMC.bin.3202_S.82_32
split_0355	GCA_021161825.1_S.120_42
split_0355	GCA_027017165.1_S.50_2
split_0355	GOMC.bin.3004_S.10_7
split_0355	GOMC.bin.3202_S.82_32
split_0356	GCA_021161825.1_S.120_42
split_0356	GCA_027017165.1_S.50_2
split_0356	GOMC.bin.3202_S.82_32
split_0357	GCA_027017165.1_S.50_2
split_0357	GOMC.bin.3202_S.82_32
split_0358	GCA_003650815.1_S.121_4
split_0358	GCA_029258885.1_S.2_432
split_0359	GOMC.bin.2724_S.128_6
split_0359	GOMC.bin.2857_S.72_14
split_0359	GOMC.bin.2899_S.155_13
split_0360	GOMC.bin.2724_S.128_6
split_0360	GOMC.bin.2857_S.72_14
split_0361	GCA_000270325.1_S.1_795
split_0361	GCA_000405685.1_S.6_30
split_0361	GCA_000494145.1_S.71_10
split_0361	GCA_001768965.1_S.30_12
split_0361	GCA_002255025.1_S.83_4
split_0361	GCA_002255045.1_S.80_7
split_0361	GCA_002898395.1_S.1_29
split_0361	GCA_003056285.1_S.19_10
split_0361	GCA_003649155.1_S.127_4
split_0361	GCA_003650925.1_S.1_65
split_0361	GCA_011605715.1_S.123_3
split_0361	GCA_011605725.1_S.7_62
split_0361	GCA_015520425.1_S.39_7
split_0361	GCA_015520475.1_S.60_9
split_0361	GCA_017601345.1_S.4_17
split_0361	GCA_017601395.1_S.82_14
split_0361	GCA_021157985.1_S.32_8
split_0361	GCA_021159365.1_S.4_58
split_0361	GCA_021162845.1_S.25_10
split_0361	GCA_021323375.2_S.5_26
split_0361	GCA_021650775.1_S.92_1
split_0361	GCA_022865705.1_S.58_8
split_0361	GCA_023269855.1_S.16_43
split_0361	GCA_023539395.1_S.81_51
split_0361	GCA_023539445.1_S.35_75
split_0361	GCA_023539495.1_S.89_33
split_0361	GCA_025058055.1_S.6_2
split_0361	GCA_025058225.1_S.5_109
split_0361	GCA_025059205.1_S.29_68
split_0361	GCA_025059415.1_S.22_12
split_0361	GCA_025059595.1_S.22_81
split_0361	GCA_026015185.1_S.95_42
split_0361	GCA_026015225.1_S.104_3
split_0361	GCA_026413695.1_S.253_3
split_0361	GCA_026413845.1_S.44_66
split_0361	GCA_028275385.1_S.23_9
split_0361	GCA_029259355.1_S.2_96
split_0361	GCA_030059675.1_S.16_88
split_0361	GCA_032249095.1_S.10_6
split_0361	GCA_032249575.1_S.32_6
split_0361	GCA_033581555.1_S.5_81
split_0361	GCA_035517955.1_S.125_21
split_0361	GCA_035524675.1_S.86_7
split_0361	GCA_035638535.1_S.62_5
split_0361	GCA_038741355.1_S.27_3
split_0361	GCA_038825355.1_S.75_5
split_0361	GCA_038850115.1_S.17_8
split_0361	GCA_038851865.1_S.10_34
split_0361	GCA_038852005.1_S.14_18
split_0361	GCA_038852135.1_S.78_6
split_0361	GCA_038867495.1_S.37_4
split_0361	GCA_038867575.1_S.2_67
split_0361	GCA_038867595.1_S.17_29
split_0361	GCA_038867695.1_S.19_10
split_0361	GCA_038868895.1_S.12_7
split_0361	GCA_038869875.1_S.13_31
split_0361	GCA_038870235.1_S.21_16
split_0361	GCA_038870495.1_S.2_128
split_0361	GCA_038874235.1_S.21_2
split_0361	GCA_038874475.1_S.10_40
split_0361	GCA_038880875.1_S.30_9
split_0361	GCA_038882635.1_S.7_15
split_0361	GCA_038882795.1_S.116_5
split_0361	GCA_038883075.1_S.1_7
split_0361	GCA_038884295.1_S.20_24
split_0361	GCA_038885155.1_S.4_101
split_0361	GCA_038885955.1_S.25_2
split_0361	GCA_038886635.1_S.7_49
split_0361	GCA_038896855.1_S.5_56
split_0361	GCA_038897415.1_S.2_32
split_0361	GCA_038897555.1_S.8_48
split_0361	GCA_038897935.1_S.2_82
split_0361	GCA_038991975.1_S.4_29
split_0361	GCA_039630055.1_S.34_52
split_0361	GCA_039630085.1_S.56_19
split_0361	GCA_039793485.1_S.21_33
split_0361	GCA_041479945.1_S.33_15
split_0361	GCA_041641295.1_S.1_399
split_0361	GCA_041641305.1_S.2_133
split_0361	GCA_937921685.1_S.6_29
split_0361	GCA_937974645.1_S.31_6
split_0361	GCA_938017985.1_S.38_29
split_0361	GCA_938042195.1_S.15_59
split_0361	GCA_938045545.1_S.24_50
split_0361	GCA_938083505.1_S.4_49
split_0361	GOMC.bin.18465_S.161_4
split_0361	GOMC.bin.1960_S.46_8
split_0361	GOMC.bin.2203_S.10_3
split_0361	GOMC.bin.2212_S.58_1
split_0361	GOMC.bin.2762_S.108_5
split_0361	GOMC.bin.2843_S.162_11
split_0361	GOMC.bin.2866_S.40_11
split_0361	GOMC.bin.2898_S.150_4
split_0361	GOMC.bin.3195_S.26_3
split_0361	GOMC.bin.3209_S.30_5
split_0361	GOMC.bin.3227_S.24_3
split_0361	GOMC.bin.781_S.279_2
split_0362	GCA_000270325.1_S.1_795
split_0362	GCA_000405685.1_S.6_30
split_0362	GCA_000494145.1_S.71_10
split_0362	GCA_001768965.1_S.30_12
split_0362	GCA_002255025.1_S.83_4
split_0362	GCA_002255045.1_S.80_7
split_0362	GCA_002898395.1_S.1_29
split_0362	GCA_003056285.1_S.19_10
split_0362	GCA_003649155.1_S.127_4
split_0362	GCA_011605715.1_S.123_3
split_0362	GCA_011605725.1_S.7_62
split_0362	GCA_015520425.1_S.39_7
split_0362	GCA_015520475.1_S.60_9
split_0362	GCA_017601345.1_S.4_17
split_0362	GCA_017601395.1_S.82_14
split_0362	GCA_021157985.1_S.32_8
split_0362	GCA_021159365.1_S.4_58
split_0362	GCA_021323375.2_S.5_26
split_0362	GCA_021650775.1_S.92_1
split_0362	GCA_022865705.1_S.58_8
split_0362	GCA_023269855.1_S.16_43
split_0362	GCA_023539395.1_S.81_51
split_0362	GCA_023539445.1_S.35_75
split_0362	GCA_023539495.1_S.89_33
split_0362	GCA_025058055.1_S.6_2
split_0362	GCA_025058225.1_S.5_109
split_0362	GCA_025059205.1_S.29_68
split_0362	GCA_025059415.1_S.22_12
split_0362	GCA_025059595.1_S.22_81
split_0362	GCA_026015185.1_S.95_42
split_0362	GCA_026015225.1_S.104_3
split_0362	GCA_026413695.1_S.253_3
split_0362	GCA_026413845.1_S.44_66
split_0362	GCA_028275385.1_S.23_9
split_0362	GCA_029259355.1_S.2_96
split_0362	GCA_030059675.1_S.16_88
split_0362	GCA_032249095.1_S.10_6
split_0362	GCA_032249575.1_S.32_6
split_0362	GCA_033581555.1_S.5_81
split_0362	GCA_035517955.1_S.125_21
split_0362	GCA_035524675.1_S.86_7
split_0362	GCA_035638535.1_S.62_5
split_0362	GCA_038741355.1_S.27_3
split_0362	GCA_038825355.1_S.75_5
split_0362	GCA_038850115.1_S.17_8
split_0362	GCA_038851865.1_S.10_34
split_0362	GCA_038852005.1_S.14_18
split_0362	GCA_038852135.1_S.78_6
split_0362	GCA_038867495.1_S.37_4
split_0362	GCA_038867575.1_S.2_67
split_0362	GCA_038867595.1_S.17_29
split_0362	GCA_038867695.1_S.19_10
split_0362	GCA_038868895.1_S.12_7
split_0362	GCA_038869875.1_S.13_31
split_0362	GCA_038870235.1_S.21_16
split_0362	GCA_038870495.1_S.2_128
split_0362	GCA_038874235.1_S.21_2
split_0362	GCA_038874475.1_S.10_40
split_0362	GCA_038880875.1_S.30_9
split_0362	GCA_038882635.1_S.7_15
split_0362	GCA_038882795.1_S.116_5
split_0362	GCA_038883075.1_S.1_7
split_0362	GCA_038884295.1_S.20_24
split_0362	GCA_038885155.1_S.4_101
split_0362	GCA_038885955.1_S.25_2
split_0362	GCA_038886635.1_S.7_49
split_0362	GCA_038896855.1_S.5_56
split_0362	GCA_038897415.1_S.2_32
split_0362	GCA_038897555.1_S.8_48
split_0362	GCA_038897935.1_S.2_82
split_0362	GCA_038991975.1_S.4_29
split_0362	GCA_039630055.1_S.34_52
split_0362	GCA_039630085.1_S.56_19
split_0362	GCA_039793485.1_S.21_33
split_0362	GCA_041479945.1_S.33_15
split_0362	GCA_041641295.1_S.1_399
split_0362	GCA_041641305.1_S.2_133
split_0362	GCA_937921685.1_S.6_29
split_0362	GCA_937974645.1_S.31_6
split_0362	GCA_938017985.1_S.38_29
split_0362	GCA_938042195.1_S.15_59
split_0362	GCA_938045545.1_S.24_50
split_0362	GCA_938083505.1_S.4_49
split_0362	GOMC.bin.18465_S.161_4
split_0362	GOMC.bin.1960_S.46_8
split_0362	GOMC.bin.2203_S.10_3
split_0362	GOMC.bin.2212_S.58_1
split_0362	GOMC.bin.2762_S.108_5
split_0362	GOMC.bin.2843_S.162_11
split_0362	GOMC.bin.2898_S.150_4
split_0362	GOMC.bin.3195_S.26_3
split_0362	GOMC.bin.3209_S.30_5
split_0362	GOMC.bin.3227_S.24_3
split_0362	GOMC.bin.781_S.279_2
split_0363	GCA_000270325.1_S.1_795
split_0363	GCA_000405685.1_S.6_30
split_0363	GCA_000494145.1_S.71_10
split_0363	GCA_001768965.1_S.30_12
split_0363	GCA_002255045.1_S.80_7
split_0363	GCA_002898395.1_S.1_29
split_0363	GCA_003056285.1_S.19_10
split_0363	GCA_011605715.1_S.123_3
split_0363	GCA_011605725.1_S.7_62
split_0363	GCA_015520425.1_S.39_7
split_0363	GCA_015520475.1_S.60_9
split_0363	GCA_017601345.1_S.4_17
split_0363	GCA_017601395.1_S.82_14
split_0363	GCA_021157985.1_S.32_8
split_0363	GCA_021159365.1_S.4_58
split_0363	GCA_021323375.2_S.5_26
split_0363	GCA_021650775.1_S.92_1
split_0363	GCA_022865705.1_S.58_8
split_0363	GCA_023269855.1_S.16_43
split_0363	GCA_023539395.1_S.81_51
split_0363	GCA_023539445.1_S.35_75
split_0363	GCA_023539495.1_S.89_33
split_0363	GCA_025058055.1_S.6_2
split_0363	GCA_025058225.1_S.5_109
split_0363	GCA_025059205.1_S.29_68
split_0363	GCA_025059415.1_S.22_12
split_0363	GCA_025059595.1_S.22_81
split_0363	GCA_026015185.1_S.95_42
split_0363	GCA_026015225.1_S.104_3
split_0363	GCA_026413695.1_S.253_3
split_0363	GCA_026413845.1_S.44_66
split_0363	GCA_028275385.1_S.23_9
split_0363	GCA_030059675.1_S.16_88
split_0363	GCA_032249095.1_S.10_6
split_0363	GCA_032249575.1_S.32_6
split_0363	GCA_033581555.1_S.5_81
split_0363	GCA_035517955.1_S.125_21
split_0363	GCA_035524675.1_S.86_7
split_0363	GCA_035638535.1_S.62_5
split_0363	GCA_038741355.1_S.27_3
split_0363	GCA_038825355.1_S.75_5
split_0363	GCA_038850115.1_S.17_8
split_0363	GCA_038851865.1_S.10_34
split_0363	GCA_038852005.1_S.14_18
split_0363	GCA_038852135.1_S.78_6
split_0363	GCA_038867495.1_S.37_4
split_0363	GCA_038867575.1_S.2_67
split_0363	GCA_038867595.1_S.17_29
split_0363	GCA_038867695.1_S.19_10
split_0363	GCA_038868895.1_S.12_7
split_0363	GCA_038869875.1_S.13_31
split_0363	GCA_038870235.1_S.21_16
split_0363	GCA_038870495.1_S.2_128
split_0363	GCA_038874235.1_S.21_2
split_0363	GCA_038874475.1_S.10_40
split_0363	GCA_038880875.1_S.30_9
split_0363	GCA_038882635.1_S.7_15
split_0363	GCA_038882795.1_S.116_5
split_0363	GCA_038883075.1_S.1_7
split_0363	GCA_038884295.1_S.20_24
split_0363	GCA_038885155.1_S.4_101
split_0363	GCA_038885955.1_S.25_2
split_0363	GCA_038886635.1_S.7_49
split_0363	GCA_038896855.1_S.5_56
split_0363	GCA_038897415.1_S.2_32
split_0363	GCA_038897555.1_S.8_48
split_0363	GCA_038897935.1_S.2_82
split_0363	GCA_038991975.1_S.4_29
split_0363	GCA_039630055.1_S.34_52
split_0363	GCA_039630085.1_S.56_19
split_0363	GCA_039793485.1_S.21_33
split_0363	GCA_041479945.1_S.33_15
split_0363	GCA_041641295.1_S.1_399
split_0363	GCA_041641305.1_S.2_133
split_0363	GCA_937921685.1_S.6_29
split_0363	GCA_937974645.1_S.31_6
split_0363	GCA_938017985.1_S.38_29
split_0363	GCA_938042195.1_S.15_59
split_0363	GCA_938045545.1_S.24_50
split_0363	GCA_938083505.1_S.4_49
split_0363	GOMC.bin.1960_S.46_8
split_0363	GOMC.bin.2843_S.162_11
split_0363	GOMC.bin.3227_S.24_3
split_0363	GOMC.bin.781_S.279_2
split_0364	GCA_000270325.1_S.1_795
split_0364	GCA_000405685.1_S.6_30
split_0364	GCA_000494145.1_S.71_10
split_0364	GCA_001768965.1_S.30_12
split_0364	GCA_002255045.1_S.80_7
split_0364	GCA_002898395.1_S.1_29
split_0364	GCA_003056285.1_S.19_10
split_0364	GCA_011605715.1_S.123_3
split_0364	GCA_011605725.1_S.7_62
split_0364	GCA_015520425.1_S.39_7
split_0364	GCA_017601345.1_S.4_17
split_0364	GCA_017601395.1_S.82_14
split_0364	GCA_021157985.1_S.32_8
split_0364	GCA_021159365.1_S.4_58
split_0364	GCA_021323375.2_S.5_26
split_0364	GCA_021650775.1_S.92_1
split_0364	GCA_022865705.1_S.58_8
split_0364	GCA_023269855.1_S.16_43
split_0364	GCA_023539395.1_S.81_51
split_0364	GCA_023539445.1_S.35_75
split_0364	GCA_023539495.1_S.89_33
split_0364	GCA_025058055.1_S.6_2
split_0364	GCA_025058225.1_S.5_109
split_0364	GCA_025059205.1_S.29_68
split_0364	GCA_025059415.1_S.22_12
split_0364	GCA_025059595.1_S.22_81
split_0364	GCA_026015185.1_S.95_42
split_0364	GCA_026015225.1_S.104_3
split_0364	GCA_026413695.1_S.253_3
split_0364	GCA_026413845.1_S.44_66
split_0364	GCA_028275385.1_S.23_9
split_0364	GCA_030059675.1_S.16_88
split_0364	GCA_032249095.1_S.10_6
split_0364	GCA_032249575.1_S.32_6
split_0364	GCA_033581555.1_S.5_81
split_0364	GCA_035517955.1_S.125_21
split_0364	GCA_035524675.1_S.86_7
split_0364	GCA_035638535.1_S.62_5
split_0364	GCA_038741355.1_S.27_3
split_0364	GCA_038825355.1_S.75_5
split_0364	GCA_038850115.1_S.17_8
split_0364	GCA_038851865.1_S.10_34
split_0364	GCA_038852005.1_S.14_18
split_0364	GCA_038852135.1_S.78_6
split_0364	GCA_038867495.1_S.37_4
split_0364	GCA_038867575.1_S.2_67
split_0364	GCA_038867595.1_S.17_29
split_0364	GCA_038867695.1_S.19_10
split_0364	GCA_038868895.1_S.12_7
split_0364	GCA_038869875.1_S.13_31
split_0364	GCA_038870235.1_S.21_16
split_0364	GCA_038870495.1_S.2_128
split_0364	GCA_038874235.1_S.21_2
split_0364	GCA_038874475.1_S.10_40
split_0364	GCA_038880875.1_S.30_9
split_0364	GCA_038882635.1_S.7_15
split_0364	GCA_038882795.1_S.116_5
split_0364	GCA_038883075.1_S.1_7
split_0364	GCA_038884295.1_S.20_24
split_0364	GCA_038885155.1_S.4_101
split_0364	GCA_038885955.1_S.25_2
split_0364	GCA_038886635.1_S.7_49
split_0364	GCA_038896855.1_S.5_56
split_0364	GCA_038897415.1_S.2_32
split_0364	GCA_038897555.1_S.8_48
split_0364	GCA_038897935.1_S.2_82
split_0364	GCA_038991975.1_S.4_29
split_0364	GCA_039630055.1_S.34_52
split_0364	GCA_039630085.1_S.56_19
split_0364	GCA_039793485.1_S.21_33
split_0364	GCA_041479945.1_S.33_15
split_0364	GCA_041641295.1_S.1_399
split_0364	GCA_041641305.1_S.2_133
split_0364	GCA_937921685.1_S.6_29
split_0364	GCA_937974645.1_S.31_6
split_0364	GCA_938017985.1_S.38_29
split_0364	GCA_938042195.1_S.15_59
split_0364	GCA_938045545.1_S.24_50
split_0364	GCA_938083505.1_S.4_49
split_0364	GOMC.bin.1960_S.46_8
split_0364	GOMC.bin.3227_S.24_3
split_0364	GOMC.bin.781_S.279_2
split_0365	GCA_000270325.1_S.1_795
split_0365	GCA_000405685.1_S.6_30
split_0365	GCA_000494145.1_S.71_10
split_0365	GCA_002255045.1_S.80_7
split_0365	GCA_002898395.1_S.1_29
split_0365	GCA_003056285.1_S.19_10
split_0365	GCA_011605715.1_S.123_3
split_0365	GCA_011605725.1_S.7_62
split_0365	GCA_015520425.1_S.39_7
split_0365	GCA_017601345.1_S.4_17
split_0365	GCA_017601395.1_S.82_14
split_0365	GCA_021157985.1_S.32_8
split_0365	GCA_021159365.1_S.4_58
split_0365	GCA_021323375.2_S.5_26
split_0365	GCA_021650775.1_S.92_1
split_0365	GCA_022865705.1_S.58_8
split_0365	GCA_023269855.1_S.16_43
split_0365	GCA_023539395.1_S.81_51
split_0365	GCA_023539445.1_S.35_75
split_0365	GCA_023539495.1_S.89_33
split_0365	GCA_025058055.1_S.6_2
split_0365	GCA_025058225.1_S.5_109
split_0365	GCA_025059205.1_S.29_68
split_0365	GCA_025059415.1_S.22_12
split_0365	GCA_025059595.1_S.22_81
split_0365	GCA_026413695.1_S.253_3
split_0365	GCA_026413845.1_S.44_66
split_0365	GCA_030059675.1_S.16_88
split_0365	GCA_032249095.1_S.10_6
split_0365	GCA_032249575.1_S.32_6
split_0365	GCA_033581555.1_S.5_81
split_0365	GCA_038741355.1_S.27_3
split_0365	GCA_038850115.1_S.17_8
split_0365	GCA_038867495.1_S.37_4
split_0365	GCA_038867595.1_S.17_29
split_0365	GCA_038867695.1_S.19_10
split_0365	GCA_038868895.1_S.12_7
split_0365	GCA_038869875.1_S.13_31
split_0365	GCA_038870235.1_S.21_16
split_0365	GCA_038870495.1_S.2_128
split_0365	GCA_038874235.1_S.21_2
split_0365	GCA_038874475.1_S.10_40
split_0365	GCA_038880875.1_S.30_9
split_0365	GCA_038882635.1_S.7_15
split_0365	GCA_038885155.1_S.4_101
split_0365	GCA_038885955.1_S.25_2
split_0365	GCA_038886635.1_S.7_49
split_0365	GCA_038896855.1_S.5_56
split_0365	GCA_038897415.1_S.2_32
split_0365	GCA_038897555.1_S.8_48
split_0365	GCA_038897935.1_S.2_82
split_0365	GCA_038991975.1_S.4_29
split_0365	GCA_039630055.1_S.34_52
split_0365	GCA_039630085.1_S.56_19
split_0365	GCA_039793485.1_S.21_33
split_0365	GCA_041479945.1_S.33_15
split_0365	GCA_041641295.1_S.1_399
split_0365	GCA_041641305.1_S.2_133
split_0365	GCA_937921685.1_S.6_29
split_0365	GCA_937974645.1_S.31_6
split_0365	GCA_938017985.1_S.38_29
split_0365	GCA_938045545.1_S.24_50
split_0365	GCA_938083505.1_S.4_49
split_0365	GOMC.bin.1960_S.46_8
split_0365	GOMC.bin.3227_S.24_3
split_0365	GOMC.bin.781_S.279_2
split_0366	GCA_000270325.1_S.1_795
split_0366	GCA_000405685.1_S.6_30
split_0366	GCA_000494145.1_S.71_10
split_0366	GCA_002255045.1_S.80_7
split_0366	GCA_002898395.1_S.1_29
split_0366	GCA_003056285.1_S.19_10
split_0366	GCA_011605725.1_S.7_62
split_0366	GCA_015520425.1_S.39_7
split_0366	GCA_017601345.1_S.4_17
split_0366	GCA_017601395.1_S.82_14
split_0366	GCA_021157985.1_S.32_8
split_0366	GCA_021159365.1_S.4_58
split_0366	GCA_021323375.2_S.5_26
split_0366	GCA_021650775.1_S.92_1
split_0366	GCA_022865705.1_S.58_8
split_0366	GCA_023269855.1_S.16_43
split_0366	GCA_023539395.1_S.81_51
split_0366	GCA_023539445.1_S.35_75
split_0366	GCA_023539495.1_S.89_33
split_0366	GCA_025058055.1_S.6_2
split_0366	GCA_025058225.1_S.5_109
split_0366	GCA_025059205.1_S.29_68
split_0366	GCA_025059415.1_S.22_12
split_0366	GCA_025059595.1_S.22_81
split_0366	GCA_026413695.1_S.253_3
split_0366	GCA_026413845.1_S.44_66
split_0366	GCA_030059675.1_S.16_88
split_0366	GCA_032249095.1_S.10_6
split_0366	GCA_032249575.1_S.32_6
split_0366	GCA_033581555.1_S.5_81
split_0366	GCA_038741355.1_S.27_3
split_0366	GCA_038850115.1_S.17_8
split_0366	GCA_038867495.1_S.37_4
split_0366	GCA_038867595.1_S.17_29
split_0366	GCA_038867695.1_S.19_10
split_0366	GCA_038869875.1_S.13_31
split_0366	GCA_038870235.1_S.21_16
split_0366	GCA_038870495.1_S.2_128
split_0366	GCA_038874235.1_S.21_2
split_0366	GCA_038880875.1_S.30_9
split_0366	GCA_038885155.1_S.4_101
split_0366	GCA_038885955.1_S.25_2
split_0366	GCA_038886635.1_S.7_49
split_0366	GCA_038896855.1_S.5_56
split_0366	GCA_038897415.1_S.2_32
split_0366	GCA_038897555.1_S.8_48
split_0366	GCA_038897935.1_S.2_82
split_0366	GCA_038991975.1_S.4_29
split_0366	GCA_039630055.1_S.34_52
split_0366	GCA_039630085.1_S.56_19
split_0366	GCA_041479945.1_S.33_15
split_0366	GCA_041641295.1_S.1_399
split_0366	GCA_041641305.1_S.2_133
split_0366	GCA_937921685.1_S.6_29
split_0366	GCA_937974645.1_S.31_6
split_0366	GCA_938017985.1_S.38_29
split_0366	GCA_938045545.1_S.24_50
split_0366	GCA_938083505.1_S.4_49
split_0366	GOMC.bin.1960_S.46_8
split_0366	GOMC.bin.3227_S.24_3
split_0366	GOMC.bin.781_S.279_2
split_0367	GCA_000270325.1_S.1_795
split_0367	GCA_000405685.1_S.6_30
split_0367	GCA_000494145.1_S.71_10
split_0367	GCA_002255045.1_S.80_7
split_0367	GCA_002898395.1_S.1_29
split_0367	GCA_003056285.1_S.19_10
split_0367	GCA_011605725.1_S.7_62
split_0367	GCA_015520425.1_S.39_7
split_0367	GCA_017601345.1_S.4_17
split_0367	GCA_017601395.1_S.82_14
split_0367	GCA_021157985.1_S.32_8
split_0367	GCA_021159365.1_S.4_58
split_0367	GCA_021323375.2_S.5_26
split_0367	GCA_021650775.1_S.92_1
split_0367	GCA_023269855.1_S.16_43
split_0367	GCA_023539395.1_S.81_51
split_0367	GCA_023539445.1_S.35_75
split_0367	GCA_023539495.1_S.89_33
split_0367	GCA_025058055.1_S.6_2
split_0367	GCA_025058225.1_S.5_109
split_0367	GCA_025059205.1_S.29_68
split_0367	GCA_025059415.1_S.22_12
split_0367	GCA_025059595.1_S.22_81
split_0367	GCA_026413695.1_S.253_3
split_0367	GCA_026413845.1_S.44_66
split_0367	GCA_030059675.1_S.16_88
split_0367	GCA_032249095.1_S.10_6
split_0367	GCA_032249575.1_S.32_6
split_0367	GCA_033581555.1_S.5_81
split_0367	GCA_038741355.1_S.27_3
split_0367	GCA_038850115.1_S.17_8
split_0367	GCA_038867495.1_S.37_4
split_0367	GCA_038867595.1_S.17_29
split_0367	GCA_038867695.1_S.19_10
split_0367	GCA_038869875.1_S.13_31
split_0367	GCA_038870235.1_S.21_16
split_0367	GCA_038870495.1_S.2_128
split_0367	GCA_038874235.1_S.21_2
split_0367	GCA_038880875.1_S.30_9
split_0367	GCA_038885155.1_S.4_101
split_0367	GCA_038885955.1_S.25_2
split_0367	GCA_038886635.1_S.7_49
split_0367	GCA_038896855.1_S.5_56
split_0367	GCA_038897415.1_S.2_32
split_0367	GCA_038897555.1_S.8_48
split_0367	GCA_038897935.1_S.2_82
split_0367	GCA_038991975.1_S.4_29
split_0367	GCA_039630055.1_S.34_52
split_0367	GCA_039630085.1_S.56_19
split_0367	GCA_041641295.1_S.1_399
split_0367	GCA_041641305.1_S.2_133
split_0367	GCA_937921685.1_S.6_29
split_0367	GCA_937974645.1_S.31_6
split_0367	GCA_938017985.1_S.38_29
split_0367	GCA_938045545.1_S.24_50
split_0367	GCA_938083505.1_S.4_49
split_0367	GOMC.bin.1960_S.46_8
split_0367	GOMC.bin.3227_S.24_3
split_0367	GOMC.bin.781_S.279_2
split_0368	GCA_000270325.1_S.1_795
split_0368	GCA_000405685.1_S.6_30
split_0368	GCA_000494145.1_S.71_10
split_0368	GCA_002898395.1_S.1_29
split_0368	GCA_003056285.1_S.19_10
split_0368	GCA_015520425.1_S.39_7
split_0368	GCA_021157985.1_S.32_8
split_0368	GCA_021159365.1_S.4_58
split_0368	GCA_021323375.2_S.5_26
split_0368	GCA_021650775.1_S.92_1
split_0368	GCA_023269855.1_S.16_43
split_0368	GCA_023539395.1_S.81_51
split_0368	GCA_023539445.1_S.35_75
split_0368	GCA_023539495.1_S.89_33
split_0368	GCA_025058055.1_S.6_2
split_0368	GCA_025058225.1_S.5_109
split_0368	GCA_025059205.1_S.29_68
split_0368	GCA_025059415.1_S.22_12
split_0368	GCA_025059595.1_S.22_81
split_0368	GCA_026413695.1_S.253_3
split_0368	GCA_026413845.1_S.44_66
split_0368	GCA_030059675.1_S.16_88
split_0368	GCA_032249095.1_S.10_6
split_0368	GCA_032249575.1_S.32_6
split_0368	GCA_033581555.1_S.5_81
split_0368	GCA_038741355.1_S.27_3
split_0368	GCA_038869875.1_S.13_31
split_0368	GCA_038870235.1_S.21_16
split_0368	GCA_038874235.1_S.21_2
split_0368	GCA_038880875.1_S.30_9
split_0368	GCA_038885955.1_S.25_2
split_0368	GCA_038886635.1_S.7_49
split_0368	GCA_038896855.1_S.5_56
split_0368	GCA_038897415.1_S.2_32
split_0368	GCA_038897555.1_S.8_48
split_0368	GCA_038897935.1_S.2_82
split_0368	GCA_038991975.1_S.4_29
split_0368	GCA_039630055.1_S.34_52
split_0368	GCA_039630085.1_S.56_19
split_0368	GCA_041641295.1_S.1_399
split_0368	GCA_041641305.1_S.2_133
split_0368	GCA_937921685.1_S.6_29
split_0368	GCA_937974645.1_S.31_6
split_0368	GCA_938017985.1_S.38_29
split_0368	GCA_938083505.1_S.4_49
split_0368	GOMC.bin.1960_S.46_8
split_0368	GOMC.bin.3227_S.24_3
split_0368	GOMC.bin.781_S.279_2
split_0369	GCA_000270325.1_S.1_795
split_0369	GCA_000494145.1_S.71_10
split_0369	GCA_002898395.1_S.1_29
split_0369	GCA_003056285.1_S.19_10
split_0369	GCA_015520425.1_S.39_7
split_0369	GCA_023539445.1_S.35_75
split_0369	GCA_025058055.1_S.6_2
split_0369	GCA_025058225.1_S.5_109
split_0369	GCA_025059205.1_S.29_68
split_0369	GCA_025059595.1_S.22_81
split_0369	GCA_026413695.1_S.253_3
split_0369	GCA_030059675.1_S.16_88
split_0369	GCA_032249095.1_S.10_6
split_0369	GCA_032249575.1_S.32_6
split_0369	GCA_033581555.1_S.5_81
split_0369	GCA_038741355.1_S.27_3
split_0369	GCA_038869875.1_S.13_31
split_0369	GCA_038870235.1_S.21_16
split_0369	GCA_038874235.1_S.21_2
split_0369	GCA_038885955.1_S.25_2
split_0369	GCA_038886635.1_S.7_49
split_0369	GCA_038896855.1_S.5_56
split_0369	GCA_038897555.1_S.8_48
split_0369	GCA_038991975.1_S.4_29
split_0369	GCA_039630085.1_S.56_19
split_0369	GCA_041641295.1_S.1_399
split_0369	GCA_041641305.1_S.2_133
split_0369	GCA_937921685.1_S.6_29
split_0369	GCA_938017985.1_S.38_29
split_0369	GCA_938083505.1_S.4_49
split_0369	GOMC.bin.781_S.279_2
split_0370	GCA_000270325.1_S.1_795
split_0370	GCA_002898395.1_S.1_29
split_0370	GCA_003056285.1_S.19_10
split_0370	GCA_015520425.1_S.39_7
split_0370	GCA_023539445.1_S.35_75
split_0370	GCA_025059205.1_S.29_68
split_0370	GCA_025059595.1_S.22_81
split_0370	GCA_026413695.1_S.253_3
split_0370	GCA_030059675.1_S.16_88
split_0370	GCA_032249095.1_S.10_6
split_0370	GCA_038741355.1_S.27_3
split_0370	GCA_038869875.1_S.13_31
split_0370	GCA_038870235.1_S.21_16
split_0370	GCA_038874235.1_S.21_2
split_0370	GCA_038885955.1_S.25_2
split_0370	GCA_038886635.1_S.7_49
split_0370	GCA_038896855.1_S.5_56
split_0370	GCA_038897555.1_S.8_48
split_0370	GCA_041641295.1_S.1_399
split_0370	GCA_041641305.1_S.2_133
split_0370	GCA_937921685.1_S.6_29
split_0370	GCA_938017985.1_S.38_29
split_0370	GCA_938083505.1_S.4_49
split_0370	GOMC.bin.781_S.279_2
split_0371	GCA_000270325.1_S.1_795
split_0371	GCA_002898395.1_S.1_29
split_0371	GCA_015520425.1_S.39_7
split_0371	GCA_025059595.1_S.22_81
split_0371	GCA_026413695.1_S.253_3
split_0371	GCA_030059675.1_S.16_88
split_0371	GCA_032249095.1_S.10_6
split_0371	GCA_038741355.1_S.27_3
split_0371	GCA_038869875.1_S.13_31
split_0371	GCA_038874235.1_S.21_2
split_0371	GCA_038885955.1_S.25_2
split_0371	GCA_038886635.1_S.7_49
split_0371	GCA_038896855.1_S.5_56
split_0371	GCA_041641295.1_S.1_399
split_0371	GCA_041641305.1_S.2_133
split_0371	GCA_937921685.1_S.6_29
split_0371	GCA_938017985.1_S.38_29
split_0371	GOMC.bin.781_S.279_2
split_0372	GCA_000270325.1_S.1_795
split_0372	GCA_002898395.1_S.1_29
split_0372	GCA_025059595.1_S.22_81
split_0372	GCA_026413695.1_S.253_3
split_0372	GCA_032249095.1_S.10_6
split_0372	GCA_038741355.1_S.27_3
split_0372	GCA_038869875.1_S.13_31
split_0372	GCA_038874235.1_S.21_2
split_0372	GCA_038885955.1_S.25_2
split_0372	GCA_038886635.1_S.7_49
split_0372	GCA_038896855.1_S.5_56
split_0372	GCA_041641295.1_S.1_399
split_0372	GCA_041641305.1_S.2_133
split_0372	GCA_937921685.1_S.6_29
split_0372	GCA_938017985.1_S.38_29
split_0372	GOMC.bin.781_S.279_2
split_0373	GCA_000270325.1_S.1_795
split_0373	GCA_026413695.1_S.253_3
split_0373	GCA_038869875.1_S.13_31
split_0373	GCA_038886635.1_S.7_49
split_0373	GCA_041641305.1_S.2_133
split_0373	GOMC.bin.781_S.279_2
split_0374	GCA_000270325.1_S.1_795
split_0374	GCA_026413695.1_S.253_3
split_0374	GCA_038869875.1_S.13_31
split_0374	GCA_038886635.1_S.7_49
split_0374	GCA_041641305.1_S.2_133
split_0375	GCA_000270325.1_S.1_795
split_0375	GCA_038869875.1_S.13_31
split_0375	GCA_041641305.1_S.2_133
split_0376	GCA_000270325.1_S.1_795
split_0376	GCA_038869875.1_S.13_31
split_0377	GCA_026413695.1_S.253_3
split_0377	GCA_038886635.1_S.7_49
split_0378	GCA_002898395.1_S.1_29
split_0378	GCA_025059595.1_S.22_81
split_0378	GCA_032249095.1_S.10_6
split_0378	GCA_038741355.1_S.27_3
split_0378	GCA_038874235.1_S.21_2
split_0378	GCA_038885955.1_S.25_2
split_0378	GCA_038896855.1_S.5_56
split_0378	GCA_041641295.1_S.1_399
split_0378	GCA_937921685.1_S.6_29
split_0378	GCA_938017985.1_S.38_29
split_0379	GCA_002898395.1_S.1_29
split_0379	GCA_025059595.1_S.22_81
split_0379	GCA_032249095.1_S.10_6
split_0379	GCA_038741355.1_S.27_3
split_0379	GCA_038885955.1_S.25_2
split_0379	GCA_038896855.1_S.5_56
split_0379	GCA_041641295.1_S.1_399
split_0379	GCA_937921685.1_S.6_29
split_0380	GCA_002898395.1_S.1_29
split_0380	GCA_025059595.1_S.22_81
split_0380	GCA_038741355.1_S.27_3
split_0380	GCA_038885955.1_S.25_2
split_0380	GCA_038896855.1_S.5_56
split_0380	GCA_041641295.1_S.1_399
split_0380	GCA_937921685.1_S.6_29
split_0381	GCA_002898395.1_S.1_29
split_0381	GCA_025059595.1_S.22_81
split_0381	GCA_038741355.1_S.27_3
split_0381	GCA_038896855.1_S.5_56
split_0381	GCA_041641295.1_S.1_399
split_0381	GCA_937921685.1_S.6_29
split_0382	GCA_002898395.1_S.1_29
split_0382	GCA_025059595.1_S.22_81
split_0382	GCA_038741355.1_S.27_3
split_0382	GCA_041641295.1_S.1_399
split_0382	GCA_937921685.1_S.6_29
split_0383	GCA_002898395.1_S.1_29
split_0383	GCA_038741355.1_S.27_3
split_0383	GCA_041641295.1_S.1_399
split_0383	GCA_937921685.1_S.6_29
split_0384	GCA_002898395.1_S.1_29
split_0384	GCA_038741355.1_S.27_3
split_0384	GCA_041641295.1_S.1_399
split_0385	GCA_038741355.1_S.27_3
split_0385	GCA_041641295.1_S.1_399
split_0386	GCA_038874235.1_S.21_2
split_0386	GCA_938017985.1_S.38_29
split_0387	GCA_015520425.1_S.39_7
split_0387	GCA_030059675.1_S.16_88
split_0388	GCA_003056285.1_S.19_10
split_0388	GCA_023539445.1_S.35_75
split_0388	GCA_025059205.1_S.29_68
split_0388	GCA_038870235.1_S.21_16
split_0388	GCA_038897555.1_S.8_48
split_0388	GCA_938083505.1_S.4_49
split_0389	GCA_003056285.1_S.19_10
split_0389	GCA_023539445.1_S.35_75
split_0389	GCA_025059205.1_S.29_68
split_0389	GCA_038897555.1_S.8_48
split_0389	GCA_938083505.1_S.4_49
split_0390	GCA_023539445.1_S.35_75
split_0390	GCA_025059205.1_S.29_68
split_0390	GCA_038897555.1_S.8_48
split_0390	GCA_938083505.1_S.4_49
split_0391	GCA_025059205.1_S.29_68
split_0391	GCA_038897555.1_S.8_48
split_0391	GCA_938083505.1_S.4_49
split_0392	GCA_025059205.1_S.29_68
split_0392	GCA_038897555.1_S.8_48
split_0393	GCA_000494145.1_S.71_10
split_0393	GCA_025058055.1_S.6_2
split_0393	GCA_025058225.1_S.5_109
split_0393	GCA_032249575.1_S.32_6
split_0393	GCA_033581555.1_S.5_81
split_0393	GCA_038991975.1_S.4_29
split_0393	GCA_039630085.1_S.56_19
split_0394	GCA_000494145.1_S.71_10
split_0394	GCA_032249575.1_S.32_6
split_0394	GCA_038991975.1_S.4_29
split_0395	GCA_000494145.1_S.71_10
split_0395	GCA_032249575.1_S.32_6
split_0396	GCA_025058055.1_S.6_2
split_0396	GCA_025058225.1_S.5_109
split_0396	GCA_033581555.1_S.5_81
split_0396	GCA_039630085.1_S.56_19
split_0397	GCA_025058055.1_S.6_2
split_0397	GCA_025058225.1_S.5_109
split_0398	GCA_033581555.1_S.5_81
split_0398	GCA_039630085.1_S.56_19
split_0399	GCA_000405685.1_S.6_30
split_0399	GCA_021157985.1_S.32_8
split_0399	GCA_021159365.1_S.4_58
split_0399	GCA_021323375.2_S.5_26
split_0399	GCA_021650775.1_S.92_1
split_0399	GCA_023269855.1_S.16_43
split_0399	GCA_023539395.1_S.81_51
split_0399	GCA_023539495.1_S.89_33
split_0399	GCA_025059415.1_S.22_12
split_0399	GCA_026413845.1_S.44_66
split_0399	GCA_038880875.1_S.30_9
split_0399	GCA_038897415.1_S.2_32
split_0399	GCA_038897935.1_S.2_82
split_0399	GCA_039630055.1_S.34_52
split_0399	GCA_937974645.1_S.31_6
split_0399	GOMC.bin.1960_S.46_8
split_0399	GOMC.bin.3227_S.24_3
split_0400	GCA_000405685.1_S.6_30
split_0400	GCA_023269855.1_S.16_43
split_0400	GCA_023539395.1_S.81_51
split_0400	GCA_026413845.1_S.44_66
split_0400	GCA_038880875.1_S.30_9
split_0400	GCA_038897415.1_S.2_32
split_0400	GCA_039630055.1_S.34_52
split_0401	GCA_000405685.1_S.6_30
split_0401	GCA_023269855.1_S.16_43
split_0401	GCA_023539395.1_S.81_51
split_0401	GCA_026413845.1_S.44_66
split_0401	GCA_038880875.1_S.30_9
split_0401	GCA_039630055.1_S.34_52
split_0402	GCA_000405685.1_S.6_30
split_0402	GCA_023269855.1_S.16_43
split_0402	GCA_023539395.1_S.81_51
split_0402	GCA_038880875.1_S.30_9
split_0403	GCA_000405685.1_S.6_30
split_0403	GCA_023269855.1_S.16_43
split_0403	GCA_023539395.1_S.81_51
split_0404	GCA_000405685.1_S.6_30
split_0404	GCA_023539395.1_S.81_51
split_0405	GCA_026413845.1_S.44_66
split_0405	GCA_039630055.1_S.34_52
split_0406	GCA_021157985.1_S.32_8
split_0406	GCA_021159365.1_S.4_58
split_0406	GCA_021323375.2_S.5_26
split_0406	GCA_021650775.1_S.92_1
split_0406	GCA_023539495.1_S.89_33
split_0406	GCA_025059415.1_S.22_12
split_0406	GCA_038897935.1_S.2_82
split_0406	GCA_937974645.1_S.31_6
split_0406	GOMC.bin.1960_S.46_8
split_0406	GOMC.bin.3227_S.24_3
split_0407	GCA_021157985.1_S.32_8
split_0407	GCA_021323375.2_S.5_26
split_0407	GCA_023539495.1_S.89_33
split_0407	GCA_025059415.1_S.22_12
split_0407	GCA_038897935.1_S.2_82
split_0407	GCA_937974645.1_S.31_6
split_0407	GOMC.bin.1960_S.46_8
split_0407	GOMC.bin.3227_S.24_3
split_0408	GCA_025059415.1_S.22_12
split_0408	GOMC.bin.3227_S.24_3
split_0409	GCA_021157985.1_S.32_8
split_0409	GCA_021323375.2_S.5_26
split_0409	GCA_023539495.1_S.89_33
split_0409	GCA_038897935.1_S.2_82
split_0409	GCA_937974645.1_S.31_6
split_0409	GOMC.bin.1960_S.46_8
split_0410	GCA_021323375.2_S.5_26
split_0410	GCA_023539495.1_S.89_33
split_0410	GCA_038897935.1_S.2_82
split_0410	GCA_937974645.1_S.31_6
split_0410	GOMC.bin.1960_S.46_8
split_0411	GCA_021323375.2_S.5_26
split_0411	GCA_023539495.1_S.89_33
split_0411	GCA_038897935.1_S.2_82
split_0411	GCA_937974645.1_S.31_6
split_0412	GCA_021323375.2_S.5_26
split_0412	GCA_023539495.1_S.89_33
split_0413	GCA_038897935.1_S.2_82
split_0413	GCA_937974645.1_S.31_6
split_0414	GCA_021159365.1_S.4_58
split_0414	GCA_021650775.1_S.92_1
split_0415	GCA_002255045.1_S.80_7
split_0415	GCA_011605725.1_S.7_62
split_0415	GCA_017601345.1_S.4_17
split_0415	GCA_017601395.1_S.82_14
split_0415	GCA_038850115.1_S.17_8
split_0415	GCA_038867495.1_S.37_4
split_0415	GCA_038867595.1_S.17_29
split_0415	GCA_038867695.1_S.19_10
split_0415	GCA_038870495.1_S.2_128
split_0415	GCA_038885155.1_S.4_101
split_0415	GCA_938045545.1_S.24_50
split_0416	GCA_011605725.1_S.7_62
split_0416	GCA_017601345.1_S.4_17
split_0416	GCA_017601395.1_S.82_14
split_0416	GCA_038850115.1_S.17_8
split_0416	GCA_038867495.1_S.37_4
split_0416	GCA_038867595.1_S.17_29
split_0416	GCA_038867695.1_S.19_10
split_0416	GCA_038870495.1_S.2_128
split_0416	GCA_038885155.1_S.4_101
split_0416	GCA_938045545.1_S.24_50
split_0417	GCA_011605725.1_S.7_62
split_0417	GCA_017601345.1_S.4_17
split_0417	GCA_017601395.1_S.82_14
split_0417	GCA_038850115.1_S.17_8
split_0417	GCA_038867595.1_S.17_29
split_0417	GCA_038870495.1_S.2_128
split_0417	GCA_038885155.1_S.4_101
split_0417	GCA_938045545.1_S.24_50
split_0418	GCA_011605725.1_S.7_62
split_0418	GCA_017601395.1_S.82_14
split_0418	GCA_038850115.1_S.17_8
split_0418	GCA_038870495.1_S.2_128
split_0418	GCA_038885155.1_S.4_101
split_0418	GCA_938045545.1_S.24_50
split_0419	GCA_011605725.1_S.7_62
split_0419	GCA_017601395.1_S.82_14
split_0419	GCA_038885155.1_S.4_101
split_0419	GCA_938045545.1_S.24_50
split_0420	GCA_017601395.1_S.82_14
split_0420	GCA_038885155.1_S.4_101
split_0420	GCA_938045545.1_S.24_50
split_0421	GCA_017601395.1_S.82_14
split_0421	GCA_938045545.1_S.24_50
split_0422	GCA_038850115.1_S.17_8
split_0422	GCA_038870495.1_S.2_128
split_0423	GCA_017601345.1_S.4_17
split_0423	GCA_038867595.1_S.17_29
split_0424	GCA_038867495.1_S.37_4
split_0424	GCA_038867695.1_S.19_10
split_0425	GCA_022865705.1_S.58_8
split_0425	GCA_041479945.1_S.33_15
split_0426	GCA_011605715.1_S.123_3
split_0426	GCA_038868895.1_S.12_7
split_0426	GCA_038874475.1_S.10_40
split_0426	GCA_038882635.1_S.7_15
split_0426	GCA_039793485.1_S.21_33
split_0427	GCA_011605715.1_S.123_3
split_0427	GCA_038882635.1_S.7_15
split_0427	GCA_039793485.1_S.21_33
split_0428	GCA_011605715.1_S.123_3
split_0428	GCA_039793485.1_S.21_33
split_0429	GCA_038868895.1_S.12_7
split_0429	GCA_038874475.1_S.10_40
split_0430	GCA_001768965.1_S.30_12
split_0430	GCA_026015185.1_S.95_42
split_0430	GCA_026015225.1_S.104_3
split_0430	GCA_028275385.1_S.23_9
split_0430	GCA_035517955.1_S.125_21
split_0430	GCA_035524675.1_S.86_7
split_0430	GCA_035638535.1_S.62_5
split_0430	GCA_038825355.1_S.75_5
split_0430	GCA_038851865.1_S.10_34
split_0430	GCA_038852005.1_S.14_18
split_0430	GCA_038852135.1_S.78_6
split_0430	GCA_038867575.1_S.2_67
split_0430	GCA_038882795.1_S.116_5
split_0430	GCA_038883075.1_S.1_7
split_0430	GCA_038884295.1_S.20_24
split_0430	GCA_938042195.1_S.15_59
split_0431	GCA_001768965.1_S.30_12
split_0431	GCA_028275385.1_S.23_9
split_0431	GCA_035517955.1_S.125_21
split_0431	GCA_035524675.1_S.86_7
split_0431	GCA_035638535.1_S.62_5
split_0431	GCA_038825355.1_S.75_5
split_0431	GCA_038851865.1_S.10_34
split_0431	GCA_038852005.1_S.14_18
split_0431	GCA_038867575.1_S.2_67
split_0431	GCA_038883075.1_S.1_7
split_0431	GCA_038884295.1_S.20_24
split_0431	GCA_938042195.1_S.15_59
split_0432	GCA_001768965.1_S.30_12
split_0432	GCA_028275385.1_S.23_9
split_0432	GCA_035517955.1_S.125_21
split_0432	GCA_035524675.1_S.86_7
split_0432	GCA_035638535.1_S.62_5
split_0432	GCA_038851865.1_S.10_34
split_0432	GCA_038867575.1_S.2_67
split_0432	GCA_938042195.1_S.15_59
split_0433	GCA_001768965.1_S.30_12
split_0433	GCA_035517955.1_S.125_21
split_0433	GCA_035524675.1_S.86_7
split_0433	GCA_035638535.1_S.62_5
split_0434	GCA_001768965.1_S.30_12
split_0434	GCA_035517955.1_S.125_21
split_0434	GCA_035524675.1_S.86_7
split_0435	GCA_001768965.1_S.30_12
split_0435	GCA_035524675.1_S.86_7
split_0436	GCA_028275385.1_S.23_9
split_0436	GCA_038851865.1_S.10_34
split_0436	GCA_038867575.1_S.2_67
split_0436	GCA_938042195.1_S.15_59
split_0437	GCA_038851865.1_S.10_34
split_0437	GCA_038867575.1_S.2_67
split_0437	GCA_938042195.1_S.15_59
split_0438	GCA_038851865.1_S.10_34
split_0438	GCA_938042195.1_S.15_59
split_0439	GCA_038825355.1_S.75_5
split_0439	GCA_038852005.1_S.14_18
split_0439	GCA_038883075.1_S.1_7
split_0439	GCA_038884295.1_S.20_24
split_0440	GCA_038825355.1_S.75_5
split_0440	GCA_038884295.1_S.20_24
split_0441	GCA_038852005.1_S.14_18
split_0441	GCA_038883075.1_S.1_7
split_0442	GCA_026015185.1_S.95_42
split_0442	GCA_026015225.1_S.104_3
split_0442	GCA_038852135.1_S.78_6
split_0442	GCA_038882795.1_S.116_5
split_0443	GCA_026015185.1_S.95_42
split_0443	GCA_026015225.1_S.104_3
split_0444	GCA_038852135.1_S.78_6
split_0444	GCA_038882795.1_S.116_5
split_0445	GCA_015520475.1_S.60_9
split_0445	GOMC.bin.2843_S.162_11
split_0446	GCA_002255025.1_S.83_4
split_0446	GCA_003649155.1_S.127_4
split_0446	GCA_029259355.1_S.2_96
split_0446	GOMC.bin.18465_S.161_4
split_0446	GOMC.bin.2203_S.10_3
split_0446	GOMC.bin.2212_S.58_1
split_0446	GOMC.bin.2762_S.108_5
split_0446	GOMC.bin.2898_S.150_4
split_0446	GOMC.bin.3195_S.26_3
split_0446	GOMC.bin.3209_S.30_5
split_0447	GCA_002255025.1_S.83_4
split_0447	GCA_003649155.1_S.127_4
split_0447	GOMC.bin.18465_S.161_4
split_0447	GOMC.bin.2203_S.10_3
split_0447	GOMC.bin.2212_S.58_1
split_0447	GOMC.bin.2762_S.108_5
split_0447	GOMC.bin.2898_S.150_4
split_0447	GOMC.bin.3195_S.26_3
split_0447	GOMC.bin.3209_S.30_5
split_0448	GCA_002255025.1_S.83_4
split_0448	GCA_003649155.1_S.127_4
split_0448	GOMC.bin.18465_S.161_4
split_0448	GOMC.bin.2203_S.10_3
split_0448	GOMC.bin.2212_S.58_1
split_0448	GOMC.bin.2762_S.108_5
split_0448	GOMC.bin.2898_S.150_4
split_0448	GOMC.bin.3209_S.30_5
split_0449	GCA_002255025.1_S.83_4
split_0449	GCA_003649155.1_S.127_4
split_0449	GOMC.bin.18465_S.161_4
split_0449	GOMC.bin.2212_S.58_1
split_0449	GOMC.bin.2762_S.108_5
split_0449	GOMC.bin.2898_S.150_4
split_0449	GOMC.bin.3209_S.30_5
split_0450	GCA_002255025.1_S.83_4
split_0450	GOMC.bin.2212_S.58_1
split_0450	GOMC.bin.2762_S.108_5
split_0451	GCA_002255025.1_S.83_4
split_0451	GOMC.bin.2212_S.58_1
split_0452	GCA_003649155.1_S.127_4
split_0452	GOMC.bin.18465_S.161_4
split_0452	GOMC.bin.2898_S.150_4
split_0452	GOMC.bin.3209_S.30_5
split_0453	GCA_003649155.1_S.127_4
split_0453	GOMC.bin.18465_S.161_4
split_0453	GOMC.bin.3209_S.30_5
split_0454	GCA_003649155.1_S.127_4
split_0454	GOMC.bin.3209_S.30_5
split_0455	GCA_003650925.1_S.1_65
split_0455	GCA_021162845.1_S.25_10
split_0455	GOMC.bin.2866_S.40_11
split_0456	GCA_003650925.1_S.1_65
split_0456	GCA_021162845.1_S.25_10
split_0457	GCA_001717005.1_S.56_2
split_0457	GCA_001717025.1_S.70_4
split_0457	GCA_003661385.1_S.54_10
split_0457	GCA_015521385.1_S.138_17
split_0457	GCA_015522685.1_S.35_50
split_0457	GCA_020833055.1_S.13_55
split_0457	GCA_021158805.1_S.120_7
split_0457	GCA_021819105.1_S.1_45
split_0457	GCA_021822995.1_S.47_8
split_0457	GCA_021827865.1_S.13_283
split_0457	GCA_021851265.1_S.42_9
split_0457	GCA_023269865.1_S.28_30
split_0457	GCA_026990885.1_S.187_5
split_0457	GCA_027078475.1_S.72_18
split_0457	GCA_027491395.1_S.26_143
split_0457	GCA_027491415.1_S.30_129
split_0457	GCA_027491435.1_S.5_120
split_0457	GCA_027491455.1_S.119_13
split_0457	GCA_027491485.1_S.2_353
split_0457	GCA_027491735.1_S.16_19
split_0457	GCA_027491785.1_S.47_149
split_0457	GCA_027491845.1_S.115_2
split_0457	GCA_027491915.1_S.4_125
split_0457	GCA_027491935.1_S.5_21
split_0457	GCA_027492035.1_S.9_180
split_0457	GCA_027492205.1_S.6_110
split_0457	GCA_027886795.1_S.190_4
split_0457	GCA_029785615.1_S.8_14
split_0457	GCA_029785825.1_S.1_1036
split_0457	GCA_029850555.1_S.152_10
split_0457	GCA_030037995.1_S.186_18
split_0457	GCA_030130125.1_S.43_18
split_0457	GCA_032159055.1_S.7_5
split_0457	GCA_032906765.1_S.5_156
split_0457	GCA_037917675.1_S.41_31
split_0457	GCA_037917685.1_S.6_285
split_0457	GCA_037917695.1_S.154_3
split_0457	GCA_038852745.1_S.5_68
split_0457	GCA_038883055.1_S.50_8
split_0457	GCA_038888615.1_S.1_470
split_0457	GCA_902812485.1_S.31_14
split_0457	GCF_000019605.1_S.1_1332
split_0457	GCF_003947435.1_S.105_26
split_0457	GOMC.bin.2807_S.267_7
split_0457	GOMC.bin.2897_S.86_3
split_0457	GOMC.bin.3445_S.63_47
split_0457	GOMC.bin.3970_S.67_3
split_0457	GOMC.bin.4175_S.31_22
split_0457	GOMC.bin.4304_S.93_5
split_0458	GCA_001717005.1_S.56_2
split_0458	GCA_001717025.1_S.70_4
split_0458	GCA_021819105.1_S.1_45
split_0458	GCA_021822995.1_S.47_8
split_0458	GCA_021827865.1_S.13_283
split_0458	GCA_021851265.1_S.42_9
split_0458	GCA_026990885.1_S.187_5
split_0458	GCA_027886795.1_S.190_4
split_0458	GCA_029785615.1_S.8_14
split_0458	GCA_029785825.1_S.1_1036
split_0458	GCA_029850555.1_S.152_10
split_0458	GCA_030037995.1_S.186_18
split_0458	GCA_032906765.1_S.5_156
split_0458	GCA_038852745.1_S.5_68
split_0458	GCA_038883055.1_S.50_8
split_0458	GCA_902812485.1_S.31_14
split_0458	GOMC.bin.4304_S.93_5
split_0459	GCA_001717005.1_S.56_2
split_0459	GCA_001717025.1_S.70_4
split_0459	GCA_038852745.1_S.5_68
split_0460	GCA_001717005.1_S.56_2
split_0460	GCA_001717025.1_S.70_4
split_0461	GCA_021819105.1_S.1_45
split_0461	GCA_021822995.1_S.47_8
split_0461	GCA_021827865.1_S.13_283
split_0461	GCA_021851265.1_S.42_9
split_0461	GCA_026990885.1_S.187_5
split_0461	GCA_027886795.1_S.190_4
split_0461	GCA_029785615.1_S.8_14
split_0461	GCA_029785825.1_S.1_1036
split_0461	GCA_029850555.1_S.152_10
split_0461	GCA_030037995.1_S.186_18
split_0461	GCA_032906765.1_S.5_156
split_0461	GCA_038883055.1_S.50_8
split_0461	GCA_902812485.1_S.31_14
split_0461	GOMC.bin.4304_S.93_5
split_0462	GCA_021819105.1_S.1_45
split_0462	GCA_021822995.1_S.47_8
split_0462	GCA_021827865.1_S.13_283
split_0462	GCA_021851265.1_S.42_9
split_0462	GCA_026990885.1_S.187_5
split_0462	GCA_027886795.1_S.190_4
split_0462	GCA_029785615.1_S.8_14
split_0462	GCA_029785825.1_S.1_1036
split_0462	GCA_030037995.1_S.186_18
split_0462	GCA_032906765.1_S.5_156
split_0462	GCA_038883055.1_S.50_8
split_0462	GOMC.bin.4304_S.93_5
split_0463	GCA_026990885.1_S.187_5
split_0463	GOMC.bin.4304_S.93_5
split_0464	GCA_021819105.1_S.1_45
split_0464	GCA_021822995.1_S.47_8
split_0464	GCA_021827865.1_S.13_283
split_0464	GCA_021851265.1_S.42_9
split_0464	GCA_027886795.1_S.190_4
split_0464	GCA_029785615.1_S.8_14
split_0464	GCA_029785825.1_S.1_1036
split_0464	GCA_030037995.1_S.186_18
split_0464	GCA_032906765.1_S.5_156
split_0464	GCA_038883055.1_S.50_8
split_0465	GCA_021819105.1_S.1_45
split_0465	GCA_021822995.1_S.47_8
split_0465	GCA_021827865.1_S.13_283
split_0465	GCA_021851265.1_S.42_9
split_0465	GCA_027886795.1_S.190_4
split_0465	GCA_029785615.1_S.8_14
split_0465	GCA_029785825.1_S.1_1036
split_0465	GCA_030037995.1_S.186_18
split_0465	GCA_032906765.1_S.5_156
split_0466	GCA_021819105.1_S.1_45
split_0466	GCA_021822995.1_S.47_8
split_0466	GCA_021827865.1_S.13_283
split_0466	GCA_021851265.1_S.42_9
split_0466	GCA_029785615.1_S.8_14
split_0466	GCA_029785825.1_S.1_1036
split_0466	GCA_032906765.1_S.5_156
split_0467	GCA_021819105.1_S.1_45
split_0467	GCA_021822995.1_S.47_8
split_0467	GCA_021827865.1_S.13_283
split_0467	GCA_021851265.1_S.42_9
split_0467	GCA_029785615.1_S.8_14
split_0467	GCA_029785825.1_S.1_1036
split_0468	GCA_021822995.1_S.47_8
split_0468	GCA_021827865.1_S.13_283
split_0468	GCA_021851265.1_S.42_9
split_0468	GCA_029785615.1_S.8_14
split_0468	GCA_029785825.1_S.1_1036
split_0469	GCA_021822995.1_S.47_8
split_0469	GCA_021827865.1_S.13_283
split_0469	GCA_021851265.1_S.42_9
split_0469	GCA_029785615.1_S.8_14
split_0470	GCA_021827865.1_S.13_283
split_0470	GCA_021851265.1_S.42_9
split_0470	GCA_029785615.1_S.8_14
split_0471	GCA_021827865.1_S.13_283
split_0471	GCA_029785615.1_S.8_14
split_0472	GCA_027886795.1_S.190_4
split_0472	GCA_030037995.1_S.186_18
split_0473	GCA_029850555.1_S.152_10
split_0473	GCA_902812485.1_S.31_14
split_0474	GCA_003661385.1_S.54_10
split_0474	GCA_015521385.1_S.138_17
split_0474	GCA_015522685.1_S.35_50
split_0474	GCA_020833055.1_S.13_55
split_0474	GCA_021158805.1_S.120_7
split_0474	GCA_023269865.1_S.28_30
split_0474	GCA_027078475.1_S.72_18
split_0474	GCA_027491395.1_S.26_143
split_0474	GCA_027491415.1_S.30_129
split_0474	GCA_027491435.1_S.5_120
split_0474	GCA_027491455.1_S.119_13
split_0474	GCA_027491485.1_S.2_353
split_0474	GCA_027491735.1_S.16_19
split_0474	GCA_027491785.1_S.47_149
split_0474	GCA_027491845.1_S.115_2
split_0474	GCA_027491915.1_S.4_125
split_0474	GCA_027491935.1_S.5_21
split_0474	GCA_027492035.1_S.9_180
split_0474	GCA_027492205.1_S.6_110
split_0474	GCA_030130125.1_S.43_18
split_0474	GCA_032159055.1_S.7_5
split_0474	GCA_037917675.1_S.41_31
split_0474	GCA_037917685.1_S.6_285
split_0474	GCA_037917695.1_S.154_3
split_0474	GCA_038888615.1_S.1_470
split_0474	GCF_000019605.1_S.1_1332
split_0474	GCF_003947435.1_S.105_26
split_0474	GOMC.bin.2807_S.267_7
split_0474	GOMC.bin.2897_S.86_3
split_0474	GOMC.bin.3445_S.63_47
split_0474	GOMC.bin.3970_S.67_3
split_0474	GOMC.bin.4175_S.31_22
split_0475	GCA_003661385.1_S.54_10
split_0475	GCA_015521385.1_S.138_17
split_0475	GCA_015522685.1_S.35_50
split_0475	GCA_020833055.1_S.13_55
split_0475	GCA_021158805.1_S.120_7
split_0475	GCA_023269865.1_S.28_30
split_0475	GCA_027078475.1_S.72_18
split_0475	GCA_027491395.1_S.26_143
split_0475	GCA_027491415.1_S.30_129
split_0475	GCA_027491435.1_S.5_120
split_0475	GCA_027491485.1_S.2_353
split_0475	GCA_027491735.1_S.16_19
split_0475	GCA_027491785.1_S.47_149
split_0475	GCA_027491915.1_S.4_125
split_0475	GCA_027491935.1_S.5_21
split_0475	GCA_027492205.1_S.6_110
split_0475	GCA_030130125.1_S.43_18
split_0475	GCA_032159055.1_S.7_5
split_0475	GCA_037917675.1_S.41_31
split_0475	GCA_037917685.1_S.6_285
split_0475	GCA_037917695.1_S.154_3
split_0475	GCA_038888615.1_S.1_470
split_0475	GCF_000019605.1_S.1_1332
split_0475	GCF_003947435.1_S.105_26
split_0475	GOMC.bin.2807_S.267_7
split_0475	GOMC.bin.2897_S.86_3
split_0475	GOMC.bin.3445_S.63_47
split_0475	GOMC.bin.3970_S.67_3
split_0475	GOMC.bin.4175_S.31_22
split_0476	GCA_015521385.1_S.138_17
split_0476	GCA_015522685.1_S.35_50
split_0476	GCA_020833055.1_S.13_55
split_0476	GCA_021158805.1_S.120_7
split_0476	GCA_023269865.1_S.28_30
split_0476	GCA_027078475.1_S.72_18
split_0476	GCA_027491395.1_S.26_143
split_0476	GCA_027491415.1_S.30_129
split_0476	GCA_027491435.1_S.5_120
split_0476	GCA_027491485.1_S.2_353
split_0476	GCA_027491735.1_S.16_19
split_0476	GCA_027491785.1_S.47_149
split_0476	GCA_027491915.1_S.4_125
split_0476	GCA_027491935.1_S.5_21
split_0476	GCA_027492205.1_S.6_110
split_0476	GCA_030130125.1_S.43_18
split_0476	GCA_032159055.1_S.7_5
split_0476	GCA_037917685.1_S.6_285
split_0476	GCA_037917695.1_S.154_3
split_0476	GCA_038888615.1_S.1_470
split_0476	GCF_000019605.1_S.1_1332
split_0476	GCF_003947435.1_S.105_26
split_0476	GOMC.bin.2807_S.267_7
split_0476	GOMC.bin.2897_S.86_3
split_0476	GOMC.bin.3445_S.63_47
split_0476	GOMC.bin.3970_S.67_3
split_0476	GOMC.bin.4175_S.31_22
split_0477	GCA_015521385.1_S.138_17
split_0477	GCA_015522685.1_S.35_50
split_0477	GCA_020833055.1_S.13_55
split_0477	GCA_021158805.1_S.120_7
split_0477	GCA_023269865.1_S.28_30
split_0477	GCA_027078475.1_S.72_18
split_0477	GCA_027491395.1_S.26_143
split_0477	GCA_027491415.1_S.30_129
split_0477	GCA_027491435.1_S.5_120
split_0477	GCA_027491485.1_S.2_353
split_0477	GCA_027491735.1_S.16_19
split_0477	GCA_027491785.1_S.47_149
split_0477	GCA_027491915.1_S.4_125
split_0477	GCA_027492205.1_S.6_110
split_0477	GCA_030130125.1_S.43_18
split_0477	GCA_032159055.1_S.7_5
split_0477	GCA_037917695.1_S.154_3
split_0477	GCA_038888615.1_S.1_470
split_0477	GCF_000019605.1_S.1_1332
split_0477	GCF_003947435.1_S.105_26
split_0477	GOMC.bin.2807_S.267_7
split_0477	GOMC.bin.2897_S.86_3
split_0477	GOMC.bin.3445_S.63_47
split_0477	GOMC.bin.3970_S.67_3
split_0477	GOMC.bin.4175_S.31_22
split_0478	GCA_015521385.1_S.138_17
split_0478	GCA_015522685.1_S.35_50
split_0478	GCA_020833055.1_S.13_55
split_0478	GCA_021158805.1_S.120_7
split_0478	GCA_023269865.1_S.28_30
split_0478	GCA_027078475.1_S.72_18
split_0478	GCA_027491395.1_S.26_143
split_0478	GCA_027491415.1_S.30_129
split_0478	GCA_027491435.1_S.5_120
split_0478	GCA_027491485.1_S.2_353
split_0478	GCA_027491735.1_S.16_19
split_0478	GCA_027491785.1_S.47_149
split_0478	GCA_027492205.1_S.6_110
split_0478	GCA_030130125.1_S.43_18
split_0478	GCA_032159055.1_S.7_5
split_0478	GCA_037917695.1_S.154_3
split_0478	GCA_038888615.1_S.1_470
split_0478	GCF_000019605.1_S.1_1332
split_0478	GCF_003947435.1_S.105_26
split_0478	GOMC.bin.2807_S.267_7
split_0478	GOMC.bin.2897_S.86_3
split_0478	GOMC.bin.3445_S.63_47
split_0478	GOMC.bin.3970_S.67_3
split_0478	GOMC.bin.4175_S.31_22
split_0479	GCA_015521385.1_S.138_17
split_0479	GCA_015522685.1_S.35_50
split_0479	GCA_020833055.1_S.13_55
split_0479	GCA_021158805.1_S.120_7
split_0479	GCA_023269865.1_S.28_30
split_0479	GCA_027078475.1_S.72_18
split_0479	GCA_027491395.1_S.26_143
split_0479	GCA_027491435.1_S.5_120
split_0479	GCA_027491485.1_S.2_353
split_0479	GCA_027491735.1_S.16_19
split_0479	GCA_027491785.1_S.47_149
split_0479	GCA_030130125.1_S.43_18
split_0479	GCA_032159055.1_S.7_5
split_0479	GCA_038888615.1_S.1_470
split_0479	GCF_000019605.1_S.1_1332
split_0479	GCF_003947435.1_S.105_26
split_0479	GOMC.bin.2807_S.267_7
split_0479	GOMC.bin.2897_S.86_3
split_0479	GOMC.bin.3445_S.63_47
split_0479	GOMC.bin.3970_S.67_3
split_0479	GOMC.bin.4175_S.31_22
split_0480	GOMC.bin.2807_S.267_7
split_0480	GOMC.bin.2897_S.86_3
split_0481	GCA_015521385.1_S.138_17
split_0481	GCA_015522685.1_S.35_50
split_0481	GCA_020833055.1_S.13_55
split_0481	GCA_021158805.1_S.120_7
split_0481	GCA_023269865.1_S.28_30
split_0481	GCA_027078475.1_S.72_18
split_0481	GCA_027491395.1_S.26_143
split_0481	GCA_027491435.1_S.5_120
split_0481	GCA_027491485.1_S.2_353
split_0481	GCA_027491735.1_S.16_19
split_0481	GCA_027491785.1_S.47_149
split_0481	GCA_030130125.1_S.43_18
split_0481	GCA_032159055.1_S.7_5
split_0481	GCA_038888615.1_S.1_470
split_0481	GCF_000019605.1_S.1_1332
split_0481	GCF_003947435.1_S.105_26
split_0481	GOMC.bin.3445_S.63_47
split_0481	GOMC.bin.3970_S.67_3
split_0481	GOMC.bin.4175_S.31_22
split_0482	GCA_015521385.1_S.138_17
split_0482	GCA_015522685.1_S.35_50
split_0482	GCA_020833055.1_S.13_55
split_0482	GCA_021158805.1_S.120_7
split_0482	GCA_027078475.1_S.72_18
split_0482	GCA_027491395.1_S.26_143
split_0482	GCA_027491435.1_S.5_120
split_0482	GCA_027491485.1_S.2_353
split_0482	GCA_027491785.1_S.47_149
split_0482	GCA_030130125.1_S.43_18
split_0482	GCA_032159055.1_S.7_5
split_0482	GCA_038888615.1_S.1_470
split_0482	GCF_000019605.1_S.1_1332
split_0482	GOMC.bin.3445_S.63_47
split_0482	GOMC.bin.3970_S.67_3
split_0482	GOMC.bin.4175_S.31_22
split_0483	GCA_015521385.1_S.138_17
split_0483	GCA_015522685.1_S.35_50
split_0483	GCA_020833055.1_S.13_55
split_0483	GCA_021158805.1_S.120_7
split_0483	GCA_027078475.1_S.72_18
split_0483	GCA_027491395.1_S.26_143
split_0483	GCA_027491485.1_S.2_353
split_0483	GCA_027491785.1_S.47_149
split_0483	GCA_030130125.1_S.43_18
split_0483	GCA_032159055.1_S.7_5
split_0483	GCA_038888615.1_S.1_470
split_0483	GCF_000019605.1_S.1_1332
split_0483	GOMC.bin.3445_S.63_47
split_0483	GOMC.bin.3970_S.67_3
split_0483	GOMC.bin.4175_S.31_22
split_0484	GCA_015521385.1_S.138_17
split_0484	GCA_015522685.1_S.35_50
split_0484	GCA_021158805.1_S.120_7
split_0484	GCA_027078475.1_S.72_18
split_0484	GCA_027491395.1_S.26_143
split_0484	GCA_027491485.1_S.2_353
split_0484	GCA_027491785.1_S.47_149
split_0484	GCA_030130125.1_S.43_18
split_0484	GCA_032159055.1_S.7_5
split_0484	GOMC.bin.3445_S.63_47
split_0484	GOMC.bin.3970_S.67_3
split_0484	GOMC.bin.4175_S.31_22
split_0485	GCA_015521385.1_S.138_17
split_0485	GCA_021158805.1_S.120_7
split_0485	GCA_027078475.1_S.72_18
split_0485	GCA_027491395.1_S.26_143
split_0485	GCA_027491485.1_S.2_353
split_0485	GCA_030130125.1_S.43_18
split_0485	GOMC.bin.3445_S.63_47
split_0485	GOMC.bin.3970_S.67_3
split_0485	GOMC.bin.4175_S.31_22
split_0486	GCA_015521385.1_S.138_17
split_0486	GCA_027078475.1_S.72_18
split_0486	GCA_027491395.1_S.26_143
split_0486	GCA_030130125.1_S.43_18
split_0486	GOMC.bin.3445_S.63_47
split_0486	GOMC.bin.3970_S.67_3
split_0486	GOMC.bin.4175_S.31_22
split_0487	GCA_015521385.1_S.138_17
split_0487	GCA_027491395.1_S.26_143
split_0487	GCA_030130125.1_S.43_18
split_0487	GOMC.bin.3445_S.63_47
split_0487	GOMC.bin.3970_S.67_3
split_0487	GOMC.bin.4175_S.31_22
split_0488	GCA_015521385.1_S.138_17
split_0488	GOMC.bin.4175_S.31_22
split_0489	GCA_027491395.1_S.26_143
split_0489	GCA_030130125.1_S.43_18
split_0489	GOMC.bin.3445_S.63_47
split_0489	GOMC.bin.3970_S.67_3
split_0490	GOMC.bin.3445_S.63_47
split_0490	GOMC.bin.3970_S.67_3
split_0491	GCA_027491395.1_S.26_143
split_0491	GCA_030130125.1_S.43_18
split_0492	GCA_021158805.1_S.120_7
split_0492	GCA_027491485.1_S.2_353
split_0493	GCA_015522685.1_S.35_50
split_0493	GCA_027491785.1_S.47_149
split_0493	GCA_032159055.1_S.7_5
split_0494	GCA_027491785.1_S.47_149
split_0494	GCA_032159055.1_S.7_5
split_0495	GCA_020833055.1_S.13_55
split_0495	GCA_038888615.1_S.1_470
split_0495	GCF_000019605.1_S.1_1332
split_0496	GCA_020833055.1_S.13_55
split_0496	GCF_000019605.1_S.1_1332
split_0497	GCA_023269865.1_S.28_30
split_0497	GCA_027491735.1_S.16_19
split_0497	GCF_003947435.1_S.105_26
split_0498	GCA_023269865.1_S.28_30
split_0498	GCF_003947435.1_S.105_26
split_0499	GCA_027491415.1_S.30_129
split_0499	GCA_027492205.1_S.6_110
split_0499	GCA_037917695.1_S.154_3
split_0500	GCA_027491415.1_S.30_129
split_0500	GCA_027492205.1_S.6_110
split_0501	GCA_027491935.1_S.5_21
split_0501	GCA_037917685.1_S.6_285
split_0502	GCA_003661385.1_S.54_10
split_0502	GCA_037917675.1_S.41_31
split_0503	GCA_027491455.1_S.119_13
split_0503	GCA_027491845.1_S.115_2
split_0503	GCA_027492035.1_S.9_180
split_0504	GCA_027491455.1_S.119_13
split_0504	GCA_027492035.1_S.9_180
split_0505	GCA_030611625.1_S.316_4
split_0505	GCA_030612265.1_S.131_4
split_0505	GCA_030613185.1_S.143_4
split_0505	GCF_008000775.2_S.1_2371
split_0506	GCA_030611625.1_S.316_4
split_0506	GCA_030612265.1_S.131_4
split_0506	GCF_008000775.2_S.1_2371
split_0507	GCA_030611625.1_S.316_4
split_0507	GCA_030612265.1_S.131_4
split_0508	GCA_021414365.1_S.26_30
split_0508	GCA_023252335.1_S.116_2
split_0508	GOMC.bin.37746_S.68_1
split_0509	GCA_021414365.1_S.26_30
split_0509	GOMC.bin.37746_S.68_1
split_0510	GCA_014729935.1_S.42_6
split_0510	GCA_016932935.1_S.275_4
split_0510	GCA_030587475.2_S.59_11
split_0510	GCA_041305945.1_S.1_2685
split_0511	GCA_016932935.1_S.275_4
split_0511	GCA_030587475.2_S.59_11
split_0511	GCA_041305945.1_S.1_2685
split_0512	GCA_016932935.1_S.275_4
split_0512	GCA_030587475.2_S.59_11
split_0513	GCA_018238965.1_S.189_17
split_0513	GCA_025839675.1_S.1_1003
split_0514	GCA_019058015.1_S.35_5
split_0514	GCA_019058135.1_S.336_3
split_0514	GCA_030606485.1_S.10_569
split_0515	GCA_019058135.1_S.336_3
split_0515	GCA_030606485.1_S.10_569
split_0516	GCA_016840745.1_S.337_2
split_0516	GCA_016930515.1_S.130_12
split_0516	GCA_019057355.1_S.202_6
split_0517	GCA_016930515.1_S.130_12
split_0517	GCA_019057355.1_S.202_6
split_0518	GCA_004524535.1_S.36_26
split_0518	GCA_019058295.1_S.26_17
split_0518	GCA_019058445.1_S.10_44
split_0518	GCA_029856295.1_S.127_6
split_0519	GCA_004524535.1_S.36_26
split_0519	GCA_019058295.1_S.26_17
split_0520	GCA_019058445.1_S.10_44
split_0520	GCA_029856295.1_S.127_6
split_0521	GCA_008080735.1_S.26_26
split_0521	GCA_014730165.1_S.347_46
split_0521	GCA_016839555.1_S.4_175
split_0521	GCA_016926735.1_S.100_42
split_0521	GCA_019894715.1_S.177_23
split_0521	GCA_037386725.1_S.72_7
split_0521	GOMC.bin.7564_S.387_4
split_0522	GCA_008080735.1_S.26_26
split_0522	GCA_014730165.1_S.347_46
split_0522	GCA_016839555.1_S.4_175
split_0522	GCA_016926735.1_S.100_42
split_0522	GCA_019894715.1_S.177_23
split_0522	GOMC.bin.7564_S.387_4
split_0523	GCA_008080735.1_S.26_26
split_0523	GCA_016839555.1_S.4_175
split_0523	GCA_016926735.1_S.100_42
split_0523	GCA_019894715.1_S.177_23
split_0523	GOMC.bin.7564_S.387_4
split_0524	GCA_008080735.1_S.26_26
split_0524	GCA_016839555.1_S.4_175
split_0524	GOMC.bin.7564_S.387_4
split_0525	GCA_016839555.1_S.4_175
split_0525	GOMC.bin.7564_S.387_4
split_0526	GCA_016926735.1_S.100_42
split_0526	GCA_019894715.1_S.177_23
split_0527	GCA_005223125.1_S.2_37
split_0527	GCA_013375485.1_S.235_5
split_0527	GCA_016839585.1_S.60_47
split_0527	GCA_016839705.1_S.27_16
split_0527	GCA_016839915.1_S.81_42
split_0527	GCA_016840085.1_S.79_36
split_0527	GCA_019058245.1_S.20_28
split_0527	GCA_019058365.1_S.12_51
split_0527	GCA_019058425.1_S.37_30
split_0527	GCA_019894975.1_S.55_46
split_0527	GCA_020343655.1_S.1_1947
split_0527	GCA_020344955.1_S.1_2669
split_0527	GCA_029856085.1_S.163_14
split_0527	GCA_029856145.1_S.24_64
split_0527	GCA_029856155.1_S.52_130
split_0527	GCA_029856445.1_S.60_4
split_0527	GCA_030603385.1_S.9_12
split_0527	GCA_030605895.1_S.12_6
split_0527	GCA_036478875.1_S.78_21
split_0527	GOMC.bin.9735_S.103_3
split_0528	GCA_005223125.1_S.2_37
split_0528	GCA_013375485.1_S.235_5
split_0528	GCA_016839705.1_S.27_16
split_0528	GCA_016839915.1_S.81_42
split_0528	GCA_016840085.1_S.79_36
split_0528	GCA_019058245.1_S.20_28
split_0528	GCA_019058365.1_S.12_51
split_0528	GCA_019058425.1_S.37_30
split_0528	GCA_019894975.1_S.55_46
split_0528	GCA_020343655.1_S.1_1947
split_0528	GCA_020344955.1_S.1_2669
split_0528	GCA_029856085.1_S.163_14
split_0528	GCA_029856145.1_S.24_64
split_0528	GCA_029856155.1_S.52_130
split_0528	GCA_029856445.1_S.60_4
split_0528	GCA_030603385.1_S.9_12
split_0528	GCA_030605895.1_S.12_6
split_0528	GCA_036478875.1_S.78_21
split_0529	GCA_005223125.1_S.2_37
split_0529	GCA_013375485.1_S.235_5
split_0529	GCA_016839705.1_S.27_16
split_0529	GCA_016839915.1_S.81_42
split_0529	GCA_019058245.1_S.20_28
split_0529	GCA_019058365.1_S.12_51
split_0529	GCA_019058425.1_S.37_30
split_0529	GCA_019894975.1_S.55_46
split_0529	GCA_020343655.1_S.1_1947
split_0529	GCA_020344955.1_S.1_2669
split_0529	GCA_029856085.1_S.163_14
split_0529	GCA_029856145.1_S.24_64
split_0529	GCA_029856155.1_S.52_130
split_0529	GCA_029856445.1_S.60_4
split_0529	GCA_030603385.1_S.9_12
split_0529	GCA_030605895.1_S.12_6
split_0529	GCA_036478875.1_S.78_21
split_0530	GCA_005223125.1_S.2_37
split_0530	GCA_013375485.1_S.235_5
split_0530	GCA_016839705.1_S.27_16
split_0530	GCA_016839915.1_S.81_42
split_0530	GCA_019058245.1_S.20_28
split_0530	GCA_019058365.1_S.12_51
split_0530	GCA_019058425.1_S.37_30
split_0530	GCA_020343655.1_S.1_1947
split_0530	GCA_020344955.1_S.1_2669
split_0530	GCA_029856145.1_S.24_64
split_0530	GCA_029856155.1_S.52_130
split_0530	GCA_030605895.1_S.12_6
split_0530	GCA_036478875.1_S.78_21
split_0531	GCA_005223125.1_S.2_37
split_0531	GCA_013375485.1_S.235_5
split_0531	GCA_016839915.1_S.81_42
split_0531	GCA_019058245.1_S.20_28
split_0531	GCA_019058365.1_S.12_51
split_0531	GCA_019058425.1_S.37_30
split_0531	GCA_020343655.1_S.1_1947
split_0531	GCA_020344955.1_S.1_2669
split_0531	GCA_029856145.1_S.24_64
split_0531	GCA_029856155.1_S.52_130
split_0531	GCA_030605895.1_S.12_6
split_0531	GCA_036478875.1_S.78_21
split_0532	GCA_005223125.1_S.2_37
split_0532	GCA_013375485.1_S.235_5
split_0532	GCA_016839915.1_S.81_42
split_0532	GCA_019058245.1_S.20_28
split_0532	GCA_020343655.1_S.1_1947
split_0532	GCA_020344955.1_S.1_2669
split_0532	GCA_029856145.1_S.24_64
split_0532	GCA_030605895.1_S.12_6
split_0532	GCA_036478875.1_S.78_21
split_0533	GCA_005223125.1_S.2_37
split_0533	GCA_013375485.1_S.235_5
split_0533	GCA_019058245.1_S.20_28
split_0533	GCA_030605895.1_S.12_6
split_0533	GCA_036478875.1_S.78_21
split_0534	GCA_005223125.1_S.2_37
split_0534	GCA_019058245.1_S.20_28
split_0534	GCA_030605895.1_S.12_6
split_0534	GCA_036478875.1_S.78_21
split_0535	GCA_019058245.1_S.20_28
split_0535	GCA_030605895.1_S.12_6
split_0535	GCA_036478875.1_S.78_21
split_0536	GCA_030605895.1_S.12_6
split_0536	GCA_036478875.1_S.78_21
split_0537	GCA_016839915.1_S.81_42
split_0537	GCA_020343655.1_S.1_1947
split_0537	GCA_020344955.1_S.1_2669
split_0537	GCA_029856145.1_S.24_64
split_0538	GCA_016839915.1_S.81_42
split_0538	GCA_020344955.1_S.1_2669
split_0538	GCA_029856145.1_S.24_64
split_0539	GCA_016839915.1_S.81_42
split_0539	GCA_029856145.1_S.24_64
split_0540	GCA_019058365.1_S.12_51
split_0540	GCA_019058425.1_S.37_30
split_0540	GCA_029856155.1_S.52_130
split_0541	GCA_019058365.1_S.12_51
split_0541	GCA_029856155.1_S.52_130
split_0542	GCA_019894975.1_S.55_46
split_0542	GCA_029856085.1_S.163_14
split_0542	GCA_029856445.1_S.60_4
split_0542	GCA_030603385.1_S.9_12
split_0543	GCA_029856085.1_S.163_14
split_0543	GCA_029856445.1_S.60_4
split_0543	GCA_030603385.1_S.9_12
split_0544	GCA_029856085.1_S.163_14
split_0544	GCA_030603385.1_S.9_12
split_0545	GCA_016839585.1_S.60_47
split_0545	GOMC.bin.9735_S.103_3
split_0546	GCA_004524725.1_S.153_40
split_0546	GCA_016839765.1_S.82_7
split_0546	GCA_016840165.1_S.4_79
split_0546	GCA_016840545.1_S.162_1
split_0546	GCA_019894815.1_S.257_9
split_0546	GCA_019894955.1_S.187_10
split_0546	GCA_030667705.1_S.119_2
split_0547	GCA_004524725.1_S.153_40
split_0547	GCA_016839765.1_S.82_7
split_0547	GCA_016840165.1_S.4_79
split_0547	GCA_016840545.1_S.162_1
split_0548	GCA_004524725.1_S.153_40
split_0548	GCA_016840165.1_S.4_79
split_0549	GCA_016839765.1_S.82_7
split_0549	GCA_016840545.1_S.162_1
split_0550	GCA_019894815.1_S.257_9
split_0550	GCA_019894955.1_S.187_10
split_0550	GCA_030667705.1_S.119_2
split_0551	GCA_019894815.1_S.257_9
split_0551	GCA_030667705.1_S.119_2
split_0552	GCA_004375715.1_S.211_15
split_0552	GCA_011364925.1_S.22_47
split_0552	GCA_013375475.1_S.133_5
split_0552	GCA_016839745.1_S.93_40
split_0552	GCA_019894855.1_S.98_16
split_0552	GCA_019894885.1_S.206_6
split_0552	GCA_029856235.1_S.105_6
split_0552	GCA_030599585.1_S.35_29
split_0552	GCA_030615235.1_S.168_3
split_0552	GCA_035530895.1_S.100_8
split_0552	GOMC.bin.4504_S.130_10
split_0553	GCA_004375715.1_S.211_15
split_0553	GCA_013375475.1_S.133_5
split_0553	GCA_016839745.1_S.93_40
split_0553	GCA_019894855.1_S.98_16
split_0553	GCA_019894885.1_S.206_6
split_0553	GCA_029856235.1_S.105_6
split_0553	GCA_030599585.1_S.35_29
split_0553	GCA_030615235.1_S.168_3
split_0553	GCA_035530895.1_S.100_8
split_0553	GOMC.bin.4504_S.130_10
split_0554	GCA_004375715.1_S.211_15
split_0554	GCA_019894855.1_S.98_16
split_0554	GCA_019894885.1_S.206_6
split_0554	GCA_030599585.1_S.35_29
split_0554	GCA_030615235.1_S.168_3
split_0554	GCA_035530895.1_S.100_8
split_0554	GOMC.bin.4504_S.130_10
split_0555	GCA_004375715.1_S.211_15
split_0555	GCA_019894855.1_S.98_16
split_0555	GCA_019894885.1_S.206_6
split_0555	GCA_030599585.1_S.35_29
split_0555	GCA_030615235.1_S.168_3
split_0555	GCA_035530895.1_S.100_8
split_0556	GCA_004375715.1_S.211_15
split_0556	GCA_019894855.1_S.98_16
split_0556	GCA_030599585.1_S.35_29
split_0557	GCA_004375715.1_S.211_15
split_0557	GCA_030599585.1_S.35_29
split_0558	GCA_019894885.1_S.206_6
split_0558	GCA_030615235.1_S.168_3
split_0558	GCA_035530895.1_S.100_8
split_0559	GCA_019894885.1_S.206_6
split_0559	GCA_035530895.1_S.100_8
split_0560	GCA_013375475.1_S.133_5
split_0560	GCA_016839745.1_S.93_40
split_0560	GCA_029856235.1_S.105_6
split_0561	GCA_013375475.1_S.133_5
split_0561	GCA_029856235.1_S.105_6
split_0562	GCA_018238625.1_S.74_37
split_0562	GCA_019057795.1_S.68_56
split_0562	GCA_030606095.1_S.319_4
split_0562	GCA_030612905.1_S.255_7
split_0562	GCA_030615145.1_S.104_12
split_0563	GCA_018238625.1_S.74_37
split_0563	GCA_030612905.1_S.255_7
split_0564	GCA_019057795.1_S.68_56
split_0564	GCA_030606095.1_S.319_4
split_0564	GCA_030615145.1_S.104_12
split_0565	GCA_019057795.1_S.68_56
split_0565	GCA_030615145.1_S.104_12
