split_id	gene_id
split_0001	ERR2027894_bin.22|G0000002
split_0001	ERR2027902_bin.36|G0000003
split_0002	CRR476095_bin.3|G0000001
split_0002	ERR2027894_bin.22|G0000002
split_0002	ERR2027902_bin.36|G0000003
split_0003	CRR476095_bin.3|G0000001
split_0003	ERR2027894_bin.22|G0000002
split_0003	ERR2027902_bin.36|G0000003
split_0003	GCA_000309865.1|G0000005
split_0004	CRR476095_bin.3|G0000001
split_0004	ERR2027894_bin.22|G0000002
split_0004	ERR2027902_bin.36|G0000003
split_0004	GCA_000309865.1|G0000005
split_0004	GCA_030019205.1|G0000228
split_0005	CRR476095_bin.3|G0000001
split_0005	ERR2027894_bin.22|G0000002
split_0005	ERR2027902_bin.36|G0000003
split_0005	GCA_000309865.1|G0000005
split_0005	GCA_027491455.1|G0000204
split_0005	GCA_030019205.1|G0000228
split_0006	CRR476095_bin.3|G0000001
split_0006	ERR2027894_bin.22|G0000002
split_0006	ERR2027902_bin.36|G0000003
split_0006	GCA_000309865.1|G0000005
split_0006	GCA_023269735.1|G0000178
split_0006	GCA_027491455.1|G0000204
split_0006	GCA_027492035.1|G0000206
split_0006	GCA_030019205.1|G0000228
split_0007	CRR476095_bin.3|G0000001
split_0007	ERR2027894_bin.22|G0000002
split_0007	ERR2027902_bin.36|G0000003
split_0007	GCA_000309865.1|G0000005
split_0007	GCA_001273385.1|G0000008
split_0007	GCA_001593935.1|G0000019
split_0007	GCA_002011035.2|G0000025
split_0007	GCA_016926735.1|G0000102
split_0007	GCA_017601265.1|G0000110
split_0007	GCA_018396535.1|G0000119
split_0007	GCA_018397035.1|G0000128
split_0007	GCA_023131225.1|G0000174
split_0007	GCA_023269735.1|G0000178
split_0007	GCA_025058425.1|G0000180
split_0007	GCA_025059045.1|G0000181
split_0007	GCA_027491455.1|G0000204
split_0007	GCA_027492035.1|G0000206
split_0007	GCA_030019205.1|G0000228
split_0007	GCA_038825625.1|G0000268
split_0007	GCA_038873015.1|G0000281
split_0007	GCA_038883335.1|G0000283
split_0007	GOMC.bin.1512|G0000323
split_0008	CRR476095_bin.3|G0000001
split_0008	ERR2027894_bin.22|G0000002
split_0008	ERR2027902_bin.36|G0000003
split_0008	GCA_000309865.1|G0000005
split_0008	GCA_001273385.1|G0000008
split_0008	GCA_001593935.1|G0000019
split_0008	GCA_002011035.2|G0000025
split_0008	GCA_014728835.1|G0000080
split_0008	GCA_016292335.1|G0000088
split_0008	GCA_016926735.1|G0000102
split_0008	GCA_017601265.1|G0000110
split_0008	GCA_018396535.1|G0000119
split_0008	GCA_018397035.1|G0000128
split_0008	GCA_023131225.1|G0000174
split_0008	GCA_023269735.1|G0000178
split_0008	GCA_025058425.1|G0000180
split_0008	GCA_025059045.1|G0000181
split_0008	GCA_027491455.1|G0000204
split_0008	GCA_027492035.1|G0000206
split_0008	GCA_030019205.1|G0000228
split_0008	GCA_038825625.1|G0000268
split_0008	GCA_038873015.1|G0000281
split_0008	GCA_038883335.1|G0000283
split_0008	GOMC.bin.1512|G0000323
split_0009	CRR476095_bin.3|G0000001
split_0009	ERR2027894_bin.22|G0000002
split_0009	ERR2027902_bin.36|G0000003
split_0009	GCA_000309865.1|G0000005
split_0009	GCA_001273385.1|G0000008
split_0009	GCA_001593855.1|G0000014
split_0009	GCA_001593935.1|G0000019
split_0009	GCA_001766815.1|G0000022
split_0009	GCA_001940655.1|G0000023
split_0009	GCA_002011035.2|G0000025
split_0009	GCA_002067315.1|G0000026
split_0009	GCA_002494765.1|G0000032
split_0009	GCA_002497075.1|G0000033
split_0009	GCA_002502685.1|G0000036
split_0009	GCA_004212075.1|G0000058
split_0009	GCA_004524365.1|G0000063
split_0009	GCA_004524535.1|G0000065
split_0009	GCA_005223125.1|G0000067
split_0009	GCA_011364925.1|G0000073
split_0009	GCA_014728835.1|G0000080
split_0009	GCA_014729055.1|G0000081
split_0009	GCA_014730165.1|G0000082
split_0009	GCA_014859835.1|G0000083
split_0009	GCA_016292335.1|G0000088
split_0009	GCA_016839425.1|G0000093
split_0009	GCA_016839585.1|G0000094
split_0009	GCA_016839765.1|G0000095
split_0009	GCA_016840695.1|G0000099
split_0009	GCA_016926735.1|G0000102
split_0009	GCA_016933055.1|G0000105
split_0009	GCA_017601265.1|G0000110
split_0009	GCA_018396405.1|G0000116
split_0009	GCA_018396535.1|G0000119
split_0009	GCA_018396865.1|G0000126
split_0009	GCA_018397035.1|G0000128
split_0009	GCA_018814355.1|G0000129
split_0009	GCA_019057385.1|G0000134
split_0009	GCA_019058015.1|G0000135
split_0009	GCA_019058135.1|G0000136
split_0009	GCA_019058445.1|G0000138
split_0009	GCA_020350825.1|G0000147
split_0009	GCA_020725055.1|G0000155
split_0009	GCA_021161405.1|G0000161
split_0009	GCA_021498095.1|G0000167
split_0009	GCA_023131225.1|G0000174
split_0009	GCA_023269735.1|G0000178
split_0009	GCA_025058425.1|G0000180
split_0009	GCA_025059045.1|G0000181
split_0009	GCA_025839675.1|G0000186
split_0009	GCA_026394375.1|G0000200
split_0009	GCA_026413605.1|G0000202
split_0009	GCA_027491455.1|G0000204
split_0009	GCA_027491845.1|G0000205
split_0009	GCA_027492035.1|G0000206
split_0009	GCA_028716125.1|G0000210
split_0009	GCA_029259155.1|G0000213
split_0009	GCA_029259185.1|G0000215
split_0009	GCA_029838175.1|G0000217
split_0009	GCA_029856295.1|G0000218
split_0009	GCA_030019205.1|G0000228
split_0009	GCA_030587475.2|G0000230
split_0009	GCA_030604065.1|G0000233
split_0009	GCA_030605385.1|G0000235
split_0009	GCA_030610785.1|G0000237
split_0009	GCA_030611625.1|G0000238
split_0009	GCA_030612095.1|G0000239
split_0009	GCA_030612265.1|G0000240
split_0009	GCA_030837285.1|G0000244
split_0009	GCA_034190145.1|G0000249
split_0009	GCA_034190245.1|G0000250
split_0009	GCA_037386725.1|G0000259
split_0009	GCA_037917685.1|G0000260
split_0009	GCA_038736355.1|G0000263
split_0009	GCA_038817485.1|G0000265
split_0009	GCA_038818435.1|G0000266
split_0009	GCA_038825625.1|G0000268
split_0009	GCA_038852745.1|G0000278
split_0009	GCA_038873015.1|G0000281
split_0009	GCA_038883335.1|G0000283
split_0009	GCA_041305945.1|G0000288
split_0009	GCA_048887225.1|G0000298
split_0009	GCA_048939465.1|G0000301
split_0009	GCA_052246955.1|G0000302
split_0009	GCA_052626505.1|G0000305
split_0009	GCA_054384275.1|G0000307
split_0009	GCA_054384275.1|G0000308
split_0009	GCA_054384595.1|G0000309
split_0009	GCA_054386615.1|G0000310
split_0009	GCA_054387695.1|G0000311
split_0009	GCF_000011005.1|G0000315
split_0009	GCF_021023085.1|G0000319
split_0009	GOMC.bin.11076|G0000320
split_0009	GOMC.bin.1197|G0000321
split_0009	GOMC.bin.1512|G0000323
split_0009	GOMC.bin.2212|G0000328
split_0009	GOMC.bin.2493|G0000329
split_0009	GOMC.bin.2497|G0000330
split_0009	GOMC.bin.9181|G0000346
split_0010	CRR476095_bin.3|G0000001
split_0010	ERR2027894_bin.22|G0000002
split_0010	ERR2027902_bin.36|G0000003
split_0010	GCA_000309865.1|G0000005
split_0010	GCA_001273385.1|G0000008
split_0010	GCA_001593855.1|G0000014
split_0010	GCA_001593865.1|G0000015
split_0010	GCA_001593935.1|G0000018
split_0010	GCA_001593935.1|G0000019
split_0010	GCA_001766815.1|G0000022
split_0010	GCA_001940655.1|G0000023
split_0010	GCA_002011035.2|G0000025
split_0010	GCA_002067315.1|G0000026
split_0010	GCA_002490245.1|G0000031
split_0010	GCA_002494765.1|G0000032
split_0010	GCA_002497075.1|G0000033
split_0010	GCA_002502685.1|G0000036
split_0010	GCA_002503985.1|G0000037
split_0010	GCA_003662645.1|G0000055
split_0010	GCA_004212075.1|G0000058
split_0010	GCA_004377185.1|G0000062
split_0010	GCA_004524365.1|G0000063
split_0010	GCA_004524535.1|G0000065
split_0010	GCA_005223125.1|G0000067
split_0010	GCA_005878985.1|G0000068
split_0010	GCA_011046235.1|G0000070
split_0010	GCA_011364925.1|G0000073
split_0010	GCA_011605725.1|G0000074
split_0010	GCA_014728835.1|G0000080
split_0010	GCA_014729055.1|G0000081
split_0010	GCA_014730165.1|G0000082
split_0010	GCA_014859835.1|G0000083
split_0010	GCA_014859835.1|G0000085
split_0010	GCA_015520475.1|G0000087
split_0010	GCA_016292335.1|G0000088
split_0010	GCA_016839425.1|G0000093
split_0010	GCA_016839585.1|G0000094
split_0010	GCA_016839765.1|G0000095
split_0010	GCA_016840695.1|G0000099
split_0010	GCA_016874675.1|G0000101
split_0010	GCA_016926735.1|G0000102
split_0010	GCA_016933055.1|G0000105
split_0010	GCA_017601265.1|G0000110
split_0010	GCA_017885655.1|G0000114
split_0010	GCA_018396405.1|G0000116
split_0010	GCA_018396415.1|G0000117
split_0010	GCA_018396535.1|G0000118
split_0010	GCA_018396535.1|G0000119
split_0010	GCA_018396755.1|G0000125
split_0010	GCA_018396865.1|G0000126
split_0010	GCA_018397035.1|G0000128
split_0010	GCA_018814355.1|G0000129
split_0010	GCA_018814355.1|G0000131
split_0010	GCA_019057385.1|G0000134
split_0010	GCA_019058015.1|G0000135
split_0010	GCA_019058135.1|G0000136
split_0010	GCA_019058445.1|G0000138
split_0010	GCA_019685575.1|G0000140
split_0010	GCA_020029475.1|G0000142
split_0010	GCA_020345945.1|G0000145
split_0010	GCA_020350825.1|G0000147
split_0010	GCA_020725055.1|G0000155
split_0010	GCA_020725985.1|G0000156
split_0010	GCA_021161405.1|G0000161
split_0010	GCA_021498095.1|G0000167
split_0010	GCA_021790425.1|G0000168
split_0010	GCA_021798195.1|G0000169
split_0010	GCA_021802125.1|G0000170
split_0010	GCA_022848865.1|G0000172
split_0010	GCA_023131225.1|G0000174
split_0010	GCA_023269735.1|G0000178
split_0010	GCA_023379385.1|G0000179
split_0010	GCA_025058425.1|G0000180
split_0010	GCA_025059045.1|G0000181
split_0010	GCA_025059045.1|G0000182
split_0010	GCA_025839675.1|G0000186
split_0010	GCA_026014815.1|G0000189
split_0010	GCA_026394375.1|G0000200
split_0010	GCA_026413605.1|G0000202
split_0010	GCA_026414225.1|G0000203
split_0010	GCA_027491455.1|G0000204
split_0010	GCA_027491845.1|G0000205
split_0010	GCA_027492035.1|G0000206
split_0010	GCA_028275385.1|G0000207
split_0010	GCA_028679985.1|G0000208
split_0010	GCA_028716125.1|G0000210
split_0010	GCA_029259155.1|G0000213
split_0010	GCA_029259185.1|G0000215
split_0010	GCA_029838175.1|G0000217
split_0010	GCA_029856295.1|G0000218
split_0010	GCA_029858465.1|G0000220
split_0010	GCA_029907465.1|G0000223
split_0010	GCA_029932465.1|G0000224
split_0010	GCA_030018475.1|G0000227
split_0010	GCA_030019205.1|G0000228
split_0010	GCA_030019485.1|G0000229
split_0010	GCA_030587475.2|G0000230
split_0010	GCA_030604065.1|G0000233
split_0010	GCA_030605245.1|G0000234
split_0010	GCA_030605385.1|G0000235
split_0010	GCA_030606525.1|G0000236
split_0010	GCA_030610785.1|G0000237
split_0010	GCA_030611625.1|G0000238
split_0010	GCA_030612095.1|G0000239
split_0010	GCA_030612265.1|G0000240
split_0010	GCA_030615265.1|G0000241
split_0010	GCA_030673205.1|G0000242
split_0010	GCA_030837285.1|G0000244
split_0010	GCA_030837285.1|G0000247
split_0010	GCA_034190145.1|G0000249
split_0010	GCA_034190245.1|G0000250
split_0010	GCA_036795795.1|G0000258
split_0010	GCA_037386725.1|G0000259
split_0010	GCA_037917685.1|G0000260
split_0010	GCA_038736355.1|G0000263
split_0010	GCA_038817485.1|G0000265
split_0010	GCA_038818435.1|G0000266
split_0010	GCA_038825625.1|G0000268
split_0010	GCA_038846965.1|G0000270
split_0010	GCA_038851035.1|G0000271
split_0010	GCA_038852315.1|G0000275
split_0010	GCA_038852745.1|G0000278
split_0010	GCA_038873015.1|G0000281
split_0010	GCA_038883335.1|G0000283
split_0010	GCA_041305945.1|G0000288
split_0010	GCA_041657955.1|G0000289
split_0010	GCA_048887225.1|G0000298
split_0010	GCA_048939465.1|G0000301
split_0010	GCA_052246955.1|G0000302
split_0010	GCA_052626505.1|G0000305
split_0010	GCA_054384275.1|G0000307
split_0010	GCA_054384275.1|G0000308
split_0010	GCA_054384595.1|G0000309
split_0010	GCA_054386615.1|G0000310
split_0010	GCA_054387695.1|G0000311
split_0010	GCA_975093245.1|G0000314
split_0010	GCF_000011005.1|G0000315
split_0010	GCF_021023085.1|G0000319
split_0010	GOMC.bin.11076|G0000320
split_0010	GOMC.bin.1197|G0000321
split_0010	GOMC.bin.1512|G0000323
split_0010	GOMC.bin.16739|G0000324
split_0010	GOMC.bin.16989|G0000325
split_0010	GOMC.bin.2212|G0000328
split_0010	GOMC.bin.2493|G0000329
split_0010	GOMC.bin.2497|G0000330
split_0010	GOMC.bin.2843|G0000332
split_0010	GOMC.bin.2900|G0000336
split_0010	GOMC.bin.5642|G0000343
split_0010	GOMC.bin.7988|G0000345
split_0010	GOMC.bin.9181|G0000346
split_0011	ERR4283445_bin.66|G0000004
split_0011	GCA_001273385.1|G0000007
split_0011	GCA_001273385.1|G0000009
split_0011	GCA_001399795.1|G0000011
split_0011	GCA_001515205.2|G0000013
split_0011	GCA_001593865.1|G0000016
split_0011	GCA_001593935.1|G0000017
split_0011	GCA_001593935.1|G0000020
split_0011	GCA_001717025.1|G0000021
split_0011	GCA_002067315.1|G0000028
split_0011	GCA_002067865.1|G0000029
split_0011	GCA_002490245.1|G0000030
split_0011	GCA_002497075.1|G0000034
split_0011	GCA_002507245.1|G0000038
split_0011	GCA_002508545.1|G0000039
split_0011	GCA_003133625.1|G0000042
split_0011	GCA_003135935.1|G0000043
split_0011	GCA_003551675.1|G0000044
split_0011	GCA_003552585.1|G0000045
split_0011	GCA_003560595.1|G0000047
split_0011	GCA_003649205.1|G0000048
split_0011	GCA_003649745.1|G0000049
split_0011	GCA_003650785.1|G0000050
split_0011	GCA_003650925.1|G0000051
split_0011	GCA_003661265.1|G0000052
split_0011	GCA_003661385.1|G0000053
split_0011	GCA_003661605.2|G0000054
split_0011	GCA_004028775.1|G0000056
split_0011	GCA_004376295.1|G0000059
split_0011	GCA_004376295.1|G0000060
split_0011	GCA_004376645.1|G0000061
split_0011	GCA_004524535.1|G0000064
split_0011	GCA_005191415.1|G0000066
split_0011	GCA_007129655.1|G0000069
split_0011	GCA_013415695.1|G0000076
split_0011	GCA_013415695.1|G0000077
split_0011	GCA_013791785.1|G0000078
split_0011	GCA_014859835.1|G0000084
split_0011	GCA_015520475.1|G0000086
split_0011	GCA_016292335.1|G0000089
split_0011	GCA_016292335.1|G0000090
split_0011	GCA_016550395.1|G0000091
split_0011	GCA_016840065.1|G0000096
split_0011	GCA_016840135.1|G0000097
split_0011	GCA_016840425.1|G0000098
split_0011	GCA_016874675.1|G0000100
split_0011	GCA_016930055.1|G0000103
split_0011	GCA_016930055.1|G0000104
split_0011	GCA_016939415.1|G0000106
split_0011	GCA_017601265.1|G0000107
split_0011	GCA_017601265.1|G0000108
split_0011	GCA_017601265.1|G0000109
split_0011	GCA_017601265.1|G0000111
split_0011	GCA_017601265.1|G0000112
split_0011	GCA_017608385.1|G0000113
split_0011	GCA_018396405.1|G0000115
split_0011	GCA_018396535.1|G0000120
split_0011	GCA_018396695.1|G0000121
split_0011	GCA_018396695.1|G0000122
split_0011	GCA_018396725.1|G0000123
split_0011	GCA_018396755.1|G0000124
split_0011	GCA_018396865.1|G0000127
split_0011	GCA_018814355.1|G0000130
split_0011	GCA_018814355.1|G0000132
split_0011	GCA_019058315.1|G0000137
split_0011	GCA_019721035.1|G0000141
split_0011	GCA_020345945.1|G0000143
split_0011	GCA_020345945.1|G0000144
split_0011	GCA_020348985.1|G0000146
split_0011	GCA_020352645.1|G0000148
split_0011	GCA_020355125.1|G0000150
split_0011	GCA_020355125.1|G0000151
split_0011	GCA_020355125.1|G0000152
split_0011	GCA_020355125.1|G0000153
split_0011	GCA_020355125.1|G0000154
split_0011	GCA_020854925.1|G0000157
split_0011	GCA_021158125.1|G0000159
split_0011	GCA_021161865.1|G0000162
split_0011	GCA_021162845.1|G0000164
split_0011	GCA_021323375.2|G0000166
split_0011	GCA_021806165.1|G0000171
split_0011	GCA_023131225.1|G0000175
split_0011	GCA_023269735.1|G0000177
split_0011	GCA_025059045.1|G0000183
split_0011	GCA_025061095.1|G0000184
split_0011	GCA_025839675.1|G0000185
split_0011	GCA_025920635.1|G0000187
split_0011	GCA_026014495.1|G0000188
split_0011	GCA_026014815.1|G0000190
split_0011	GCA_026014815.1|G0000191
split_0011	GCA_026014815.1|G0000192
split_0011	GCA_026015035.1|G0000194
split_0011	GCA_026015035.1|G0000195
split_0011	GCA_026015035.1|G0000196
split_0011	GCA_026015185.1|G0000197
split_0011	GCA_026394375.1|G0000201
split_0011	GCA_028679985.1|G0000209
split_0011	GCA_029258885.1|G0000211
split_0011	GCA_029259155.1|G0000212
split_0011	GCA_029838175.1|G0000216
split_0011	GCA_029856435.1|G0000219
split_0011	GCA_029858465.1|G0000221
split_0011	GCA_029907465.1|G0000222
split_0011	GCA_029934005.1|G0000225
split_0011	GCA_030018135.1|G0000226
split_0011	GCA_030594725.1|G0000231
split_0011	GCA_030603445.1|G0000232
split_0011	GCA_030837285.1|G0000243
split_0011	GCA_030837285.1|G0000245
split_0011	GCA_030837285.1|G0000246
split_0011	GCA_030837285.1|G0000248
split_0011	GCA_034660895.1|G0000252
split_0011	GCA_035529455.1|G0000254
split_0011	GCA_035529455.1|G0000255
split_0011	GCA_035531115.1|G0000256
split_0011	GCA_036733165.1|G0000257
split_0011	GCA_038817485.1|G0000264
split_0011	GCA_038825615.1|G0000267
split_0011	GCA_038846965.1|G0000269
split_0011	GCA_038851035.1|G0000272
split_0011	GCA_038852315.1|G0000273
split_0011	GCA_038852315.1|G0000274
split_0011	GCA_038852745.1|G0000276
split_0011	GCA_038852745.1|G0000277
split_0011	GCA_038852745.1|G0000279
split_0011	GCA_038866625.1|G0000280
split_0011	GCA_038881315.1|G0000282
split_0011	GCA_038883485.1|G0000284
split_0011	GCA_038883485.1|G0000285
split_0011	GCA_038894255.1|G0000286
split_0011	GCA_040225955.1|G0000287
split_0011	GCA_041862235.1|G0000290
split_0011	GCA_046539605.1|G0000293
split_0011	GCA_046539605.1|G0000294
split_0011	GCA_046539605.1|G0000295
split_0011	GCA_048882045.1|G0000296
split_0011	GCA_048886645.1|G0000297
split_0011	GCA_048938295.1|G0000299
split_0011	GCA_048939465.1|G0000300
split_0011	GCA_052584985.1|G0000303
split_0011	GCA_052584985.1|G0000304
split_0011	GCA_054381345.1|G0000306
split_0011	GCA_054390655.1|G0000312
split_0011	GCA_905202485.1|G0000313
split_0011	GCF_000308215.1|G0000317
split_0011	GCF_021023085.1|G0000318
split_0011	GOMC.bin.1512|G0000322
split_0011	GOMC.bin.18087|G0000326
split_0011	GOMC.bin.2212|G0000327
split_0011	GOMC.bin.2724|G0000331
split_0011	GOMC.bin.2847|G0000333
split_0011	GOMC.bin.2866|G0000334
split_0011	GOMC.bin.2875|G0000335
split_0011	GOMC.bin.2900|G0000337
split_0011	GOMC.bin.3037|G0000338
split_0011	GOMC.bin.3194|G0000339
split_0011	GOMC.bin.3195|G0000340
split_0011	GOMC.bin.5632|G0000341
split_0011	GOMC.bin.5632|G0000342
split_0011	GOMC.bin.7984|G0000344
split_0011	GOMC.bin.921|G0000347
split_0012	ERR4283445_bin.66|G0000004
split_0012	GCA_001273385.1|G0000007
split_0012	GCA_001399795.1|G0000011
split_0012	GCA_001515205.2|G0000013
split_0012	GCA_001593865.1|G0000016
split_0012	GCA_001593935.1|G0000017
split_0012	GCA_001593935.1|G0000020
split_0012	GCA_001717025.1|G0000021
split_0012	GCA_002067315.1|G0000028
split_0012	GCA_002067865.1|G0000029
split_0012	GCA_002490245.1|G0000030
split_0012	GCA_002497075.1|G0000034
split_0012	GCA_002507245.1|G0000038
split_0012	GCA_002508545.1|G0000039
split_0012	GCA_003133625.1|G0000042
split_0012	GCA_003135935.1|G0000043
split_0012	GCA_003551675.1|G0000044
split_0012	GCA_003552585.1|G0000045
split_0012	GCA_003560595.1|G0000047
split_0012	GCA_003649205.1|G0000048
split_0012	GCA_003649745.1|G0000049
split_0012	GCA_003650785.1|G0000050
split_0012	GCA_003650925.1|G0000051
split_0012	GCA_003661265.1|G0000052
split_0012	GCA_003661385.1|G0000053
split_0012	GCA_003661605.2|G0000054
split_0012	GCA_004028775.1|G0000056
split_0012	GCA_004376295.1|G0000059
split_0012	GCA_004376295.1|G0000060
split_0012	GCA_004376645.1|G0000061
split_0012	GCA_004524535.1|G0000064
split_0012	GCA_005191415.1|G0000066
split_0012	GCA_007129655.1|G0000069
split_0012	GCA_013415695.1|G0000076
split_0012	GCA_013415695.1|G0000077
split_0012	GCA_013791785.1|G0000078
split_0012	GCA_014859835.1|G0000084
split_0012	GCA_015520475.1|G0000086
split_0012	GCA_016292335.1|G0000089
split_0012	GCA_016292335.1|G0000090
split_0012	GCA_016550395.1|G0000091
split_0012	GCA_016840065.1|G0000096
split_0012	GCA_016840135.1|G0000097
split_0012	GCA_016840425.1|G0000098
split_0012	GCA_016874675.1|G0000100
split_0012	GCA_016930055.1|G0000103
split_0012	GCA_016930055.1|G0000104
split_0012	GCA_017601265.1|G0000108
split_0012	GCA_017601265.1|G0000111
split_0012	GCA_017601265.1|G0000112
split_0012	GCA_017608385.1|G0000113
split_0012	GCA_018396405.1|G0000115
split_0012	GCA_018396535.1|G0000120
split_0012	GCA_018396695.1|G0000121
split_0012	GCA_018396695.1|G0000122
split_0012	GCA_018396725.1|G0000123
split_0012	GCA_018396755.1|G0000124
split_0012	GCA_018396865.1|G0000127
split_0012	GCA_018814355.1|G0000130
split_0012	GCA_018814355.1|G0000132
split_0012	GCA_019058315.1|G0000137
split_0012	GCA_020345945.1|G0000143
split_0012	GCA_020345945.1|G0000144
split_0012	GCA_020348985.1|G0000146
split_0012	GCA_020352645.1|G0000148
split_0012	GCA_020355125.1|G0000150
split_0012	GCA_020355125.1|G0000151
split_0012	GCA_020355125.1|G0000152
split_0012	GCA_020355125.1|G0000153
split_0012	GCA_020355125.1|G0000154
split_0012	GCA_020854925.1|G0000157
split_0012	GCA_021158125.1|G0000159
split_0012	GCA_021161865.1|G0000162
split_0012	GCA_021162845.1|G0000164
split_0012	GCA_021323375.2|G0000166
split_0012	GCA_023131225.1|G0000175
split_0012	GCA_023269735.1|G0000177
split_0012	GCA_025059045.1|G0000183
split_0012	GCA_025061095.1|G0000184
split_0012	GCA_025839675.1|G0000185
split_0012	GCA_025920635.1|G0000187
split_0012	GCA_026014495.1|G0000188
split_0012	GCA_026014815.1|G0000190
split_0012	GCA_026014815.1|G0000191
split_0012	GCA_026014815.1|G0000192
split_0012	GCA_026015035.1|G0000194
split_0012	GCA_026015035.1|G0000195
split_0012	GCA_026015035.1|G0000196
split_0012	GCA_026015185.1|G0000197
split_0012	GCA_026394375.1|G0000201
split_0012	GCA_028679985.1|G0000209
split_0012	GCA_029258885.1|G0000211
split_0012	GCA_029838175.1|G0000216
split_0012	GCA_029856435.1|G0000219
split_0012	GCA_029858465.1|G0000221
split_0012	GCA_029907465.1|G0000222
split_0012	GCA_029934005.1|G0000225
split_0012	GCA_030018135.1|G0000226
split_0012	GCA_030594725.1|G0000231
split_0012	GCA_030603445.1|G0000232
split_0012	GCA_030837285.1|G0000243
split_0012	GCA_030837285.1|G0000245
split_0012	GCA_030837285.1|G0000246
split_0012	GCA_030837285.1|G0000248
split_0012	GCA_034660895.1|G0000252
split_0012	GCA_035529455.1|G0000254
split_0012	GCA_035529455.1|G0000255
split_0012	GCA_035531115.1|G0000256
split_0012	GCA_036733165.1|G0000257
split_0012	GCA_038817485.1|G0000264
split_0012	GCA_038825615.1|G0000267
split_0012	GCA_038846965.1|G0000269
split_0012	GCA_038851035.1|G0000272
split_0012	GCA_038852315.1|G0000273
split_0012	GCA_038852315.1|G0000274
split_0012	GCA_038852745.1|G0000276
split_0012	GCA_038852745.1|G0000279
split_0012	GCA_038866625.1|G0000280
split_0012	GCA_038883485.1|G0000284
split_0012	GCA_038883485.1|G0000285
split_0012	GCA_038894255.1|G0000286
split_0012	GCA_040225955.1|G0000287
split_0012	GCA_041862235.1|G0000290
split_0012	GCA_046539605.1|G0000293
split_0012	GCA_046539605.1|G0000294
split_0012	GCA_046539605.1|G0000295
split_0012	GCA_048882045.1|G0000296
split_0012	GCA_048886645.1|G0000297
split_0012	GCA_048938295.1|G0000299
split_0012	GCA_048939465.1|G0000300
split_0012	GCA_052584985.1|G0000303
split_0012	GCA_052584985.1|G0000304
split_0012	GCA_054381345.1|G0000306
split_0012	GCA_054390655.1|G0000312
split_0012	GCA_905202485.1|G0000313
split_0012	GCF_000308215.1|G0000317
split_0012	GCF_021023085.1|G0000318
split_0012	GOMC.bin.1512|G0000322
split_0012	GOMC.bin.18087|G0000326
split_0012	GOMC.bin.2212|G0000327
split_0012	GOMC.bin.2724|G0000331
split_0012	GOMC.bin.2847|G0000333
split_0012	GOMC.bin.2866|G0000334
split_0012	GOMC.bin.2875|G0000335
split_0012	GOMC.bin.2900|G0000337
split_0012	GOMC.bin.3037|G0000338
split_0012	GOMC.bin.3194|G0000339
split_0012	GOMC.bin.3195|G0000340
split_0012	GOMC.bin.5632|G0000341
split_0012	GOMC.bin.5632|G0000342
split_0012	GOMC.bin.7984|G0000344
split_0012	GOMC.bin.921|G0000347
split_0013	ERR4283445_bin.66|G0000004
split_0013	GCA_001273385.1|G0000007
split_0013	GCA_001515205.2|G0000013
split_0013	GCA_001593935.1|G0000020
split_0013	GCA_001717025.1|G0000021
split_0013	GCA_002067315.1|G0000028
split_0013	GCA_002067865.1|G0000029
split_0013	GCA_002490245.1|G0000030
split_0013	GCA_002497075.1|G0000034
split_0013	GCA_002508545.1|G0000039
split_0013	GCA_003133625.1|G0000042
split_0013	GCA_003135935.1|G0000043
split_0013	GCA_003551675.1|G0000044
split_0013	GCA_003552585.1|G0000045
split_0013	GCA_003560595.1|G0000047
split_0013	GCA_003649745.1|G0000049
split_0013	GCA_003650925.1|G0000051
split_0013	GCA_003661265.1|G0000052
split_0013	GCA_003661605.2|G0000054
split_0013	GCA_004028775.1|G0000056
split_0013	GCA_004376295.1|G0000059
split_0013	GCA_007129655.1|G0000069
split_0013	GCA_013415695.1|G0000076
split_0013	GCA_013415695.1|G0000077
split_0013	GCA_013791785.1|G0000078
split_0013	GCA_014859835.1|G0000084
split_0013	GCA_015520475.1|G0000086
split_0013	GCA_016292335.1|G0000089
split_0013	GCA_016292335.1|G0000090
split_0013	GCA_016840425.1|G0000098
split_0013	GCA_016874675.1|G0000100
split_0013	GCA_016930055.1|G0000103
split_0013	GCA_017601265.1|G0000108
split_0013	GCA_017601265.1|G0000112
split_0013	GCA_017608385.1|G0000113
split_0013	GCA_018396405.1|G0000115
split_0013	GCA_018396535.1|G0000120
split_0013	GCA_018396695.1|G0000122
split_0013	GCA_018396725.1|G0000123
split_0013	GCA_018814355.1|G0000130
split_0013	GCA_018814355.1|G0000132
split_0013	GCA_020345945.1|G0000144
split_0013	GCA_020355125.1|G0000150
split_0013	GCA_020355125.1|G0000152
split_0013	GCA_020355125.1|G0000153
split_0013	GCA_020355125.1|G0000154
split_0013	GCA_020854925.1|G0000157
split_0013	GCA_021161865.1|G0000162
split_0013	GCA_021323375.2|G0000166
split_0013	GCA_025059045.1|G0000183
split_0013	GCA_025061095.1|G0000184
split_0013	GCA_025839675.1|G0000185
split_0013	GCA_025920635.1|G0000187
split_0013	GCA_026014495.1|G0000188
split_0013	GCA_026014815.1|G0000191
split_0013	GCA_026015035.1|G0000194
split_0013	GCA_026015035.1|G0000196
split_0013	GCA_026015185.1|G0000197
split_0013	GCA_026394375.1|G0000201
split_0013	GCA_028679985.1|G0000209
split_0013	GCA_029258885.1|G0000211
split_0013	GCA_029858465.1|G0000221
split_0013	GCA_029907465.1|G0000222
split_0013	GCA_030018135.1|G0000226
split_0013	GCA_030594725.1|G0000231
split_0013	GCA_030603445.1|G0000232
split_0013	GCA_030837285.1|G0000243
split_0013	GCA_030837285.1|G0000245
split_0013	GCA_030837285.1|G0000246
split_0013	GCA_035529455.1|G0000254
split_0013	GCA_035529455.1|G0000255
split_0013	GCA_036733165.1|G0000257
split_0013	GCA_038817485.1|G0000264
split_0013	GCA_038851035.1|G0000272
split_0013	GCA_038852315.1|G0000273
split_0013	GCA_038852315.1|G0000274
split_0013	GCA_038866625.1|G0000280
split_0013	GCA_038883485.1|G0000285
split_0013	GCA_038894255.1|G0000286
split_0013	GCA_040225955.1|G0000287
split_0013	GCA_041862235.1|G0000290
split_0013	GCA_046539605.1|G0000293
split_0013	GCA_046539605.1|G0000294
split_0013	GCA_046539605.1|G0000295
split_0013	GCA_048886645.1|G0000297
split_0013	GCA_052584985.1|G0000303
split_0013	GCA_905202485.1|G0000313
split_0013	GCF_000308215.1|G0000317
split_0013	GCF_021023085.1|G0000318
split_0013	GOMC.bin.1512|G0000322
split_0013	GOMC.bin.18087|G0000326
split_0013	GOMC.bin.2866|G0000334
split_0013	GOMC.bin.3037|G0000338
split_0013	GOMC.bin.3194|G0000339
split_0013	GOMC.bin.3195|G0000340
split_0013	GOMC.bin.5632|G0000342
split_0013	GOMC.bin.921|G0000347
split_0014	ERR4283445_bin.66|G0000004
split_0014	GCA_002067315.1|G0000028
split_0014	GCA_002067865.1|G0000029
split_0014	GCA_002497075.1|G0000034
split_0014	GCA_002508545.1|G0000039
split_0014	GCA_003135935.1|G0000043
split_0014	GCA_003551675.1|G0000044
split_0014	GCA_003552585.1|G0000045
split_0014	GCA_003560595.1|G0000047
split_0014	GCA_007129655.1|G0000069
split_0014	GCA_013415695.1|G0000077
split_0014	GCA_018396405.1|G0000115
split_0014	GCA_018396535.1|G0000120
split_0014	GCA_018814355.1|G0000130
split_0014	GCA_020345945.1|G0000144
split_0014	GCA_026394375.1|G0000201
split_0014	GCA_028679985.1|G0000209
split_0014	GCA_029907465.1|G0000222
split_0014	GCA_030594725.1|G0000231
split_0014	GCA_030837285.1|G0000246
split_0014	GCA_035529455.1|G0000255
split_0014	GCA_038852315.1|G0000274
split_0014	GCA_046539605.1|G0000295
split_0014	GCA_905202485.1|G0000313
split_0014	GCF_000308215.1|G0000317
split_0014	GCF_021023085.1|G0000318
split_0015	ERR4283445_bin.66|G0000004
split_0015	GCA_002067315.1|G0000028
split_0015	GCA_002067865.1|G0000029
split_0015	GCA_002497075.1|G0000034
split_0015	GCA_002508545.1|G0000039
split_0015	GCA_003135935.1|G0000043
split_0015	GCA_003551675.1|G0000044
split_0015	GCA_003552585.1|G0000045
split_0015	GCA_003560595.1|G0000047
split_0015	GCA_007129655.1|G0000069
split_0015	GCA_013415695.1|G0000077
split_0015	GCA_018814355.1|G0000130
split_0015	GCA_020345945.1|G0000144
split_0015	GCA_026394375.1|G0000201
split_0015	GCA_028679985.1|G0000209
split_0015	GCA_029907465.1|G0000222
split_0015	GCA_030594725.1|G0000231
split_0015	GCA_030837285.1|G0000246
split_0015	GCA_035529455.1|G0000255
split_0015	GCA_038852315.1|G0000274
split_0015	GCA_046539605.1|G0000295
split_0015	GCA_905202485.1|G0000313
split_0015	GCF_000308215.1|G0000317
split_0015	GCF_021023085.1|G0000318
split_0016	ERR4283445_bin.66|G0000004
split_0016	GCA_002067315.1|G0000028
split_0016	GCA_002067865.1|G0000029
split_0016	GCA_002497075.1|G0000034
split_0016	GCA_002508545.1|G0000039
split_0016	GCA_003135935.1|G0000043
split_0016	GCA_003551675.1|G0000044
split_0016	GCA_003552585.1|G0000045
split_0016	GCA_003560595.1|G0000047
split_0016	GCA_007129655.1|G0000069
split_0016	GCA_013415695.1|G0000077
split_0016	GCA_018814355.1|G0000130
split_0016	GCA_026394375.1|G0000201
split_0016	GCA_028679985.1|G0000209
split_0016	GCA_029907465.1|G0000222
split_0016	GCA_030594725.1|G0000231
split_0016	GCA_035529455.1|G0000255
split_0016	GCA_038852315.1|G0000274
split_0016	GCA_046539605.1|G0000295
split_0016	GCA_905202485.1|G0000313
split_0016	GCF_000308215.1|G0000317
split_0016	GCF_021023085.1|G0000318
split_0017	ERR4283445_bin.66|G0000004
split_0017	GCA_002067865.1|G0000029
split_0017	GCA_002497075.1|G0000034
split_0017	GCA_002508545.1|G0000039
split_0017	GCA_003135935.1|G0000043
split_0017	GCA_003551675.1|G0000044
split_0017	GCA_003552585.1|G0000045
split_0017	GCA_003560595.1|G0000047
split_0017	GCA_007129655.1|G0000069
split_0017	GCA_013415695.1|G0000077
split_0017	GCA_018814355.1|G0000130
split_0017	GCA_026394375.1|G0000201
split_0017	GCA_028679985.1|G0000209
split_0017	GCA_029907465.1|G0000222
split_0017	GCA_030594725.1|G0000231
split_0017	GCA_035529455.1|G0000255
split_0017	GCA_038852315.1|G0000274
split_0017	GCA_046539605.1|G0000295
split_0017	GCA_905202485.1|G0000313
split_0017	GCF_000308215.1|G0000317
split_0018	ERR4283445_bin.66|G0000004
split_0018	GCA_002067865.1|G0000029
split_0018	GCA_002497075.1|G0000034
split_0018	GCA_002508545.1|G0000039
split_0018	GCA_003135935.1|G0000043
split_0018	GCA_003551675.1|G0000044
split_0018	GCA_003552585.1|G0000045
split_0018	GCA_003560595.1|G0000047
split_0018	GCA_007129655.1|G0000069
split_0018	GCA_013415695.1|G0000077
split_0018	GCA_018814355.1|G0000130
split_0018	GCA_026394375.1|G0000201
split_0018	GCA_028679985.1|G0000209
split_0018	GCA_029907465.1|G0000222
split_0018	GCA_035529455.1|G0000255
split_0018	GCA_038852315.1|G0000274
split_0018	GCA_046539605.1|G0000295
split_0018	GCA_905202485.1|G0000313
split_0018	GCF_000308215.1|G0000317
split_0019	ERR4283445_bin.66|G0000004
split_0019	GCA_002508545.1|G0000039
split_0019	GCA_905202485.1|G0000313
split_0019	GCF_000308215.1|G0000317
split_0020	ERR4283445_bin.66|G0000004
split_0020	GCA_002508545.1|G0000039
split_0020	GCA_905202485.1|G0000313
split_0021	GCA_002508545.1|G0000039
split_0021	GCA_905202485.1|G0000313
split_0022	GCA_002067865.1|G0000029
split_0022	GCA_002497075.1|G0000034
split_0022	GCA_003135935.1|G0000043
split_0022	GCA_003551675.1|G0000044
split_0022	GCA_003552585.1|G0000045
split_0022	GCA_003560595.1|G0000047
split_0022	GCA_007129655.1|G0000069
split_0022	GCA_013415695.1|G0000077
split_0022	GCA_018814355.1|G0000130
split_0022	GCA_026394375.1|G0000201
split_0022	GCA_028679985.1|G0000209
split_0022	GCA_029907465.1|G0000222
split_0022	GCA_035529455.1|G0000255
split_0022	GCA_038852315.1|G0000274
split_0022	GCA_046539605.1|G0000295
split_0023	GCA_002067865.1|G0000029
split_0023	GCA_002497075.1|G0000034
split_0023	GCA_003135935.1|G0000043
split_0023	GCA_013415695.1|G0000077
split_0023	GCA_026394375.1|G0000201
split_0023	GCA_028679985.1|G0000209
split_0023	GCA_029907465.1|G0000222
split_0023	GCA_046539605.1|G0000295
split_0024	GCA_002067865.1|G0000029
split_0024	GCA_002497075.1|G0000034
split_0024	GCA_013415695.1|G0000077
split_0025	GCA_002067865.1|G0000029
split_0025	GCA_002497075.1|G0000034
split_0026	GCA_003135935.1|G0000043
split_0026	GCA_026394375.1|G0000201
split_0026	GCA_028679985.1|G0000209
split_0026	GCA_029907465.1|G0000222
split_0026	GCA_046539605.1|G0000295
split_0027	GCA_003135935.1|G0000043
split_0027	GCA_026394375.1|G0000201
split_0027	GCA_028679985.1|G0000209
split_0027	GCA_029907465.1|G0000222
split_0028	GCA_003135935.1|G0000043
split_0028	GCA_026394375.1|G0000201
split_0029	GCA_028679985.1|G0000209
split_0029	GCA_029907465.1|G0000222
split_0030	GCA_003551675.1|G0000044
split_0030	GCA_003552585.1|G0000045
split_0030	GCA_003560595.1|G0000047
split_0030	GCA_007129655.1|G0000069
split_0030	GCA_018814355.1|G0000130
split_0030	GCA_035529455.1|G0000255
split_0030	GCA_038852315.1|G0000274
split_0031	GCA_003551675.1|G0000044
split_0031	GCA_003552585.1|G0000045
split_0031	GCA_003560595.1|G0000047
split_0031	GCA_007129655.1|G0000069
split_0032	GCA_003551675.1|G0000044
split_0032	GCA_003552585.1|G0000045
split_0032	GCA_003560595.1|G0000047
split_0033	GCA_003551675.1|G0000044
split_0033	GCA_003560595.1|G0000047
split_0034	GCA_018814355.1|G0000130
split_0034	GCA_035529455.1|G0000255
split_0034	GCA_038852315.1|G0000274
split_0035	GCA_018814355.1|G0000130
split_0035	GCA_038852315.1|G0000274
split_0036	GCA_002067315.1|G0000028
split_0036	GCF_021023085.1|G0000318
split_0037	GCA_020345945.1|G0000144
split_0037	GCA_030837285.1|G0000246
split_0038	GCA_018396405.1|G0000115
split_0038	GCA_018396535.1|G0000120
split_0039	GCA_001273385.1|G0000007
split_0039	GCA_001515205.2|G0000013
split_0039	GCA_001593935.1|G0000020
split_0039	GCA_001717025.1|G0000021
split_0039	GCA_002490245.1|G0000030
split_0039	GCA_003133625.1|G0000042
split_0039	GCA_003649745.1|G0000049
split_0039	GCA_003650925.1|G0000051
split_0039	GCA_003661265.1|G0000052
split_0039	GCA_003661605.2|G0000054
split_0039	GCA_004028775.1|G0000056
split_0039	GCA_004376295.1|G0000059
split_0039	GCA_013415695.1|G0000076
split_0039	GCA_013791785.1|G0000078
split_0039	GCA_014859835.1|G0000084
split_0039	GCA_015520475.1|G0000086
split_0039	GCA_016292335.1|G0000089
split_0039	GCA_016292335.1|G0000090
split_0039	GCA_016840425.1|G0000098
split_0039	GCA_016874675.1|G0000100
split_0039	GCA_016930055.1|G0000103
split_0039	GCA_017601265.1|G0000108
split_0039	GCA_017601265.1|G0000112
split_0039	GCA_017608385.1|G0000113
split_0039	GCA_018396695.1|G0000122
split_0039	GCA_018396725.1|G0000123
split_0039	GCA_018814355.1|G0000132
split_0039	GCA_020355125.1|G0000150
split_0039	GCA_020355125.1|G0000152
split_0039	GCA_020355125.1|G0000153
split_0039	GCA_020355125.1|G0000154
split_0039	GCA_020854925.1|G0000157
split_0039	GCA_021161865.1|G0000162
split_0039	GCA_021323375.2|G0000166
split_0039	GCA_025059045.1|G0000183
split_0039	GCA_025061095.1|G0000184
split_0039	GCA_025839675.1|G0000185
split_0039	GCA_025920635.1|G0000187
split_0039	GCA_026014495.1|G0000188
split_0039	GCA_026014815.1|G0000191
split_0039	GCA_026015035.1|G0000194
split_0039	GCA_026015035.1|G0000196
split_0039	GCA_026015185.1|G0000197
split_0039	GCA_029258885.1|G0000211
split_0039	GCA_029858465.1|G0000221
split_0039	GCA_030018135.1|G0000226
split_0039	GCA_030603445.1|G0000232
split_0039	GCA_030837285.1|G0000243
split_0039	GCA_030837285.1|G0000245
split_0039	GCA_035529455.1|G0000254
split_0039	GCA_036733165.1|G0000257
split_0039	GCA_038817485.1|G0000264
split_0039	GCA_038851035.1|G0000272
split_0039	GCA_038852315.1|G0000273
split_0039	GCA_038866625.1|G0000280
split_0039	GCA_038883485.1|G0000285
split_0039	GCA_038894255.1|G0000286
split_0039	GCA_040225955.1|G0000287
split_0039	GCA_041862235.1|G0000290
split_0039	GCA_046539605.1|G0000293
split_0039	GCA_046539605.1|G0000294
split_0039	GCA_048886645.1|G0000297
split_0039	GCA_052584985.1|G0000303
split_0039	GOMC.bin.1512|G0000322
split_0039	GOMC.bin.18087|G0000326
split_0039	GOMC.bin.2866|G0000334
split_0039	GOMC.bin.3037|G0000338
split_0039	GOMC.bin.3194|G0000339
split_0039	GOMC.bin.3195|G0000340
split_0039	GOMC.bin.5632|G0000342
split_0039	GOMC.bin.921|G0000347
split_0040	GCA_001273385.1|G0000007
split_0040	GCA_001515205.2|G0000013
split_0040	GCA_001593935.1|G0000020
split_0040	GCA_001717025.1|G0000021
split_0040	GCA_002490245.1|G0000030
split_0040	GCA_003133625.1|G0000042
split_0040	GCA_003649745.1|G0000049
split_0040	GCA_003650925.1|G0000051
split_0040	GCA_003661265.1|G0000052
split_0040	GCA_003661605.2|G0000054
split_0040	GCA_004028775.1|G0000056
split_0040	GCA_004376295.1|G0000059
split_0040	GCA_013415695.1|G0000076
split_0040	GCA_013791785.1|G0000078
split_0040	GCA_014859835.1|G0000084
split_0040	GCA_015520475.1|G0000086
split_0040	GCA_016292335.1|G0000090
split_0040	GCA_016840425.1|G0000098
split_0040	GCA_016874675.1|G0000100
split_0040	GCA_016930055.1|G0000103
split_0040	GCA_017601265.1|G0000108
split_0040	GCA_017601265.1|G0000112
split_0040	GCA_017608385.1|G0000113
split_0040	GCA_018396695.1|G0000122
split_0040	GCA_018396725.1|G0000123
split_0040	GCA_018814355.1|G0000132
split_0040	GCA_020355125.1|G0000150
split_0040	GCA_020355125.1|G0000152
split_0040	GCA_020355125.1|G0000153
split_0040	GCA_020355125.1|G0000154
split_0040	GCA_020854925.1|G0000157
split_0040	GCA_021161865.1|G0000162
split_0040	GCA_021323375.2|G0000166
split_0040	GCA_025059045.1|G0000183
split_0040	GCA_025061095.1|G0000184
split_0040	GCA_025839675.1|G0000185
split_0040	GCA_025920635.1|G0000187
split_0040	GCA_026014495.1|G0000188
split_0040	GCA_026014815.1|G0000191
split_0040	GCA_026015035.1|G0000194
split_0040	GCA_026015035.1|G0000196
split_0040	GCA_026015185.1|G0000197
split_0040	GCA_029258885.1|G0000211
split_0040	GCA_029858465.1|G0000221
split_0040	GCA_030018135.1|G0000226
split_0040	GCA_030603445.1|G0000232
split_0040	GCA_030837285.1|G0000243
split_0040	GCA_030837285.1|G0000245
split_0040	GCA_035529455.1|G0000254
split_0040	GCA_036733165.1|G0000257
split_0040	GCA_038817485.1|G0000264
split_0040	GCA_038851035.1|G0000272
split_0040	GCA_038852315.1|G0000273
split_0040	GCA_038866625.1|G0000280
split_0040	GCA_038883485.1|G0000285
split_0040	GCA_038894255.1|G0000286
split_0040	GCA_040225955.1|G0000287
split_0040	GCA_041862235.1|G0000290
split_0040	GCA_046539605.1|G0000293
split_0040	GCA_046539605.1|G0000294
split_0040	GCA_048886645.1|G0000297
split_0040	GCA_052584985.1|G0000303
split_0040	GOMC.bin.1512|G0000322
split_0040	GOMC.bin.18087|G0000326
split_0040	GOMC.bin.2866|G0000334
split_0040	GOMC.bin.3037|G0000338
split_0040	GOMC.bin.3194|G0000339
split_0040	GOMC.bin.3195|G0000340
split_0040	GOMC.bin.5632|G0000342
split_0040	GOMC.bin.921|G0000347
split_0041	GCA_001273385.1|G0000007
split_0041	GCA_001515205.2|G0000013
split_0041	GCA_001593935.1|G0000020
split_0041	GCA_001717025.1|G0000021
split_0041	GCA_002490245.1|G0000030
split_0041	GCA_003133625.1|G0000042
split_0041	GCA_003661265.1|G0000052
split_0041	GCA_003661605.2|G0000054
split_0041	GCA_004028775.1|G0000056
split_0041	GCA_004376295.1|G0000059
split_0041	GCA_013415695.1|G0000076
split_0041	GCA_013791785.1|G0000078
split_0041	GCA_014859835.1|G0000084
split_0041	GCA_015520475.1|G0000086
split_0041	GCA_016292335.1|G0000090
split_0041	GCA_016930055.1|G0000103
split_0041	GCA_017601265.1|G0000108
split_0041	GCA_017601265.1|G0000112
split_0041	GCA_017608385.1|G0000113
split_0041	GCA_018396695.1|G0000122
split_0041	GCA_018396725.1|G0000123
split_0041	GCA_018814355.1|G0000132
split_0041	GCA_020355125.1|G0000150
split_0041	GCA_020355125.1|G0000152
split_0041	GCA_020355125.1|G0000153
split_0041	GCA_020355125.1|G0000154
split_0041	GCA_021323375.2|G0000166
split_0041	GCA_025059045.1|G0000183
split_0041	GCA_025839675.1|G0000185
split_0041	GCA_025920635.1|G0000187
split_0041	GCA_026014495.1|G0000188
split_0041	GCA_026014815.1|G0000191
split_0041	GCA_026015035.1|G0000194
split_0041	GCA_026015035.1|G0000196
split_0041	GCA_026015185.1|G0000197
split_0041	GCA_029858465.1|G0000221
split_0041	GCA_030018135.1|G0000226
split_0041	GCA_030837285.1|G0000243
split_0041	GCA_030837285.1|G0000245
split_0041	GCA_035529455.1|G0000254
split_0041	GCA_038817485.1|G0000264
split_0041	GCA_038852315.1|G0000273
split_0041	GCA_038883485.1|G0000285
split_0041	GCA_038894255.1|G0000286
split_0041	GCA_040225955.1|G0000287
split_0041	GCA_041862235.1|G0000290
split_0041	GCA_046539605.1|G0000293
split_0041	GCA_046539605.1|G0000294
split_0041	GCA_052584985.1|G0000303
split_0041	GOMC.bin.1512|G0000322
split_0041	GOMC.bin.3194|G0000339
split_0041	GOMC.bin.3195|G0000340
split_0041	GOMC.bin.5632|G0000342
split_0042	GCA_001273385.1|G0000007
split_0042	GCA_001515205.2|G0000013
split_0042	GCA_001593935.1|G0000020
split_0042	GCA_001717025.1|G0000021
split_0042	GCA_002490245.1|G0000030
split_0042	GCA_003133625.1|G0000042
split_0042	GCA_003661265.1|G0000052
split_0042	GCA_003661605.2|G0000054
split_0042	GCA_004028775.1|G0000056
split_0042	GCA_004376295.1|G0000059
split_0042	GCA_013415695.1|G0000076
split_0042	GCA_013791785.1|G0000078
split_0042	GCA_014859835.1|G0000084
split_0042	GCA_015520475.1|G0000086
split_0042	GCA_016292335.1|G0000090
split_0042	GCA_016930055.1|G0000103
split_0042	GCA_017601265.1|G0000108
split_0042	GCA_017601265.1|G0000112
split_0042	GCA_017608385.1|G0000113
split_0042	GCA_018396695.1|G0000122
split_0042	GCA_018396725.1|G0000123
split_0042	GCA_018814355.1|G0000132
split_0042	GCA_020355125.1|G0000150
split_0042	GCA_020355125.1|G0000152
split_0042	GCA_020355125.1|G0000153
split_0042	GCA_020355125.1|G0000154
split_0042	GCA_021323375.2|G0000166
split_0042	GCA_025059045.1|G0000183
split_0042	GCA_025839675.1|G0000185
split_0042	GCA_025920635.1|G0000187
split_0042	GCA_026014495.1|G0000188
split_0042	GCA_026014815.1|G0000191
split_0042	GCA_026015035.1|G0000194
split_0042	GCA_026015035.1|G0000196
split_0042	GCA_026015185.1|G0000197
split_0042	GCA_029858465.1|G0000221
split_0042	GCA_030018135.1|G0000226
split_0042	GCA_030837285.1|G0000243
split_0042	GCA_030837285.1|G0000245
split_0042	GCA_035529455.1|G0000254
split_0042	GCA_038817485.1|G0000264
split_0042	GCA_038852315.1|G0000273
split_0042	GCA_038883485.1|G0000285
split_0042	GCA_038894255.1|G0000286
split_0042	GCA_040225955.1|G0000287
split_0042	GCA_041862235.1|G0000290
split_0042	GCA_046539605.1|G0000294
split_0042	GCA_052584985.1|G0000303
split_0042	GOMC.bin.1512|G0000322
split_0042	GOMC.bin.3194|G0000339
split_0042	GOMC.bin.3195|G0000340
split_0042	GOMC.bin.5632|G0000342
split_0043	GCA_001273385.1|G0000007
split_0043	GCA_001515205.2|G0000013
split_0043	GCA_001593935.1|G0000020
split_0043	GCA_001717025.1|G0000021
split_0043	GCA_002490245.1|G0000030
split_0043	GCA_003133625.1|G0000042
split_0043	GCA_003661265.1|G0000052
split_0043	GCA_003661605.2|G0000054
split_0043	GCA_004028775.1|G0000056
split_0043	GCA_004376295.1|G0000059
split_0043	GCA_013415695.1|G0000076
split_0043	GCA_013791785.1|G0000078
split_0043	GCA_014859835.1|G0000084
split_0043	GCA_015520475.1|G0000086
split_0043	GCA_016292335.1|G0000090
split_0043	GCA_016930055.1|G0000103
split_0043	GCA_017601265.1|G0000108
split_0043	GCA_017601265.1|G0000112
split_0043	GCA_018396695.1|G0000122
split_0043	GCA_018396725.1|G0000123
split_0043	GCA_018814355.1|G0000132
split_0043	GCA_020355125.1|G0000150
split_0043	GCA_020355125.1|G0000152
split_0043	GCA_020355125.1|G0000153
split_0043	GCA_020355125.1|G0000154
split_0043	GCA_021323375.2|G0000166
split_0043	GCA_025059045.1|G0000183
split_0043	GCA_025839675.1|G0000185
split_0043	GCA_025920635.1|G0000187
split_0043	GCA_026014495.1|G0000188
split_0043	GCA_026014815.1|G0000191
split_0043	GCA_026015035.1|G0000194
split_0043	GCA_026015035.1|G0000196
split_0043	GCA_026015185.1|G0000197
split_0043	GCA_029858465.1|G0000221
split_0043	GCA_030018135.1|G0000226
split_0043	GCA_030837285.1|G0000243
split_0043	GCA_030837285.1|G0000245
split_0043	GCA_035529455.1|G0000254
split_0043	GCA_038817485.1|G0000264
split_0043	GCA_038852315.1|G0000273
split_0043	GCA_038883485.1|G0000285
split_0043	GCA_038894255.1|G0000286
split_0043	GCA_040225955.1|G0000287
split_0043	GCA_041862235.1|G0000290
split_0043	GCA_046539605.1|G0000294
split_0043	GCA_052584985.1|G0000303
split_0043	GOMC.bin.1512|G0000322
split_0043	GOMC.bin.3195|G0000340
split_0043	GOMC.bin.5632|G0000342
split_0044	GCA_001273385.1|G0000007
split_0044	GCA_001593935.1|G0000020
split_0044	GCA_002490245.1|G0000030
split_0044	GCA_003661265.1|G0000052
split_0044	GCA_015520475.1|G0000086
split_0044	GCA_016292335.1|G0000090
split_0044	GCA_016930055.1|G0000103
split_0044	GCA_017601265.1|G0000112
split_0044	GCA_018396695.1|G0000122
split_0044	GCA_020355125.1|G0000150
split_0044	GCA_020355125.1|G0000152
split_0044	GCA_020355125.1|G0000153
split_0044	GCA_021323375.2|G0000166
split_0044	GCA_025839675.1|G0000185
split_0044	GCA_026014495.1|G0000188
split_0044	GCA_026014815.1|G0000191
split_0044	GCA_026015035.1|G0000194
split_0044	GCA_026015035.1|G0000196
split_0044	GCA_030837285.1|G0000243
split_0044	GCA_030837285.1|G0000245
split_0044	GCA_040225955.1|G0000287
split_0044	GCA_052584985.1|G0000303
split_0044	GOMC.bin.1512|G0000322
split_0044	GOMC.bin.5632|G0000342
split_0045	GCA_001273385.1|G0000007
split_0045	GCA_001593935.1|G0000020
split_0045	GCA_002490245.1|G0000030
split_0045	GCA_003661265.1|G0000052
split_0045	GCA_015520475.1|G0000086
split_0045	GCA_016292335.1|G0000090
split_0045	GCA_016930055.1|G0000103
split_0045	GCA_017601265.1|G0000112
split_0045	GCA_018396695.1|G0000122
split_0045	GCA_020355125.1|G0000150
split_0045	GCA_020355125.1|G0000152
split_0045	GCA_020355125.1|G0000153
split_0045	GCA_021323375.2|G0000166
split_0045	GCA_025839675.1|G0000185
split_0045	GCA_026014495.1|G0000188
split_0045	GCA_026014815.1|G0000191
split_0045	GCA_026015035.1|G0000194
split_0045	GCA_026015035.1|G0000196
split_0045	GCA_030837285.1|G0000243
split_0045	GCA_030837285.1|G0000245
split_0045	GOMC.bin.1512|G0000322
split_0045	GOMC.bin.5632|G0000342
split_0046	GCA_001273385.1|G0000007
split_0046	GCA_001593935.1|G0000020
split_0046	GCA_002490245.1|G0000030
split_0046	GCA_015520475.1|G0000086
split_0046	GCA_016292335.1|G0000090
split_0046	GCA_016930055.1|G0000103
split_0046	GCA_017601265.1|G0000112
split_0046	GCA_018396695.1|G0000122
split_0046	GCA_020355125.1|G0000150
split_0046	GCA_020355125.1|G0000152
split_0046	GCA_020355125.1|G0000153
split_0046	GCA_021323375.2|G0000166
split_0046	GCA_025839675.1|G0000185
split_0046	GCA_026014495.1|G0000188
split_0046	GCA_026014815.1|G0000191
split_0046	GCA_026015035.1|G0000194
split_0046	GCA_026015035.1|G0000196
split_0046	GCA_030837285.1|G0000243
split_0046	GCA_030837285.1|G0000245
split_0046	GOMC.bin.1512|G0000322
split_0046	GOMC.bin.5632|G0000342
split_0047	GCA_001273385.1|G0000007
split_0047	GCA_001593935.1|G0000020
split_0047	GCA_002490245.1|G0000030
split_0047	GCA_015520475.1|G0000086
split_0047	GCA_016292335.1|G0000090
split_0047	GCA_016930055.1|G0000103
split_0047	GCA_017601265.1|G0000112
split_0047	GCA_018396695.1|G0000122
split_0047	GCA_020355125.1|G0000150
split_0047	GCA_020355125.1|G0000152
split_0047	GCA_020355125.1|G0000153
split_0047	GCA_021323375.2|G0000166
split_0047	GCA_025839675.1|G0000185
split_0047	GCA_026014495.1|G0000188
split_0047	GCA_026014815.1|G0000191
split_0047	GCA_026015035.1|G0000194
split_0047	GCA_026015035.1|G0000196
split_0047	GCA_030837285.1|G0000243
split_0047	GCA_030837285.1|G0000245
split_0047	GOMC.bin.1512|G0000322
split_0048	GCA_001273385.1|G0000007
split_0048	GCA_020355125.1|G0000150
split_0048	GCA_020355125.1|G0000152
split_0048	GCA_021323375.2|G0000166
split_0048	GCA_025839675.1|G0000185
split_0048	GCA_026014495.1|G0000188
split_0048	GCA_030837285.1|G0000243
split_0048	GOMC.bin.1512|G0000322
split_0049	GCA_001273385.1|G0000007
split_0049	GCA_021323375.2|G0000166
split_0049	GCA_026014495.1|G0000188
split_0049	GCA_030837285.1|G0000243
split_0049	GOMC.bin.1512|G0000322
split_0050	GCA_001273385.1|G0000007
split_0050	GCA_021323375.2|G0000166
split_0050	GCA_026014495.1|G0000188
split_0050	GCA_030837285.1|G0000243
split_0051	GCA_001273385.1|G0000007
split_0051	GCA_021323375.2|G0000166
split_0051	GCA_026014495.1|G0000188
split_0052	GCA_001273385.1|G0000007
split_0052	GCA_026014495.1|G0000188
split_0053	GCA_020355125.1|G0000150
split_0053	GCA_020355125.1|G0000152
split_0053	GCA_025839675.1|G0000185
split_0054	GCA_020355125.1|G0000152
split_0054	GCA_025839675.1|G0000185
split_0055	GCA_001593935.1|G0000020
split_0055	GCA_002490245.1|G0000030
split_0055	GCA_015520475.1|G0000086
split_0055	GCA_016292335.1|G0000090
split_0055	GCA_016930055.1|G0000103
split_0055	GCA_017601265.1|G0000112
split_0055	GCA_018396695.1|G0000122
split_0055	GCA_020355125.1|G0000153
split_0055	GCA_026014815.1|G0000191
split_0055	GCA_026015035.1|G0000194
split_0055	GCA_026015035.1|G0000196
split_0055	GCA_030837285.1|G0000245
split_0056	GCA_001593935.1|G0000020
split_0056	GCA_002490245.1|G0000030
split_0056	GCA_015520475.1|G0000086
split_0056	GCA_016292335.1|G0000090
split_0056	GCA_016930055.1|G0000103
split_0056	GCA_017601265.1|G0000112
split_0056	GCA_018396695.1|G0000122
split_0056	GCA_020355125.1|G0000153
split_0056	GCA_026014815.1|G0000191
split_0056	GCA_026015035.1|G0000194
split_0056	GCA_030837285.1|G0000245
split_0057	GCA_001593935.1|G0000020
split_0057	GCA_015520475.1|G0000086
split_0057	GCA_020355125.1|G0000153
split_0057	GCA_026015035.1|G0000194
split_0058	GCA_001593935.1|G0000020
split_0058	GCA_015520475.1|G0000086
split_0059	GCA_020355125.1|G0000153
split_0059	GCA_026015035.1|G0000194
split_0060	GCA_002490245.1|G0000030
split_0060	GCA_016292335.1|G0000090
split_0060	GCA_016930055.1|G0000103
split_0060	GCA_017601265.1|G0000112
split_0060	GCA_018396695.1|G0000122
split_0060	GCA_026014815.1|G0000191
split_0060	GCA_030837285.1|G0000245
split_0061	GCA_016292335.1|G0000090
split_0061	GCA_016930055.1|G0000103
split_0061	GCA_017601265.1|G0000112
split_0061	GCA_018396695.1|G0000122
split_0061	GCA_026014815.1|G0000191
split_0061	GCA_030837285.1|G0000245
split_0062	GCA_016292335.1|G0000090
split_0062	GCA_016930055.1|G0000103
split_0062	GCA_018396695.1|G0000122
split_0062	GCA_026014815.1|G0000191
split_0063	GCA_016930055.1|G0000103
split_0063	GCA_018396695.1|G0000122
split_0063	GCA_026014815.1|G0000191
split_0064	GCA_016930055.1|G0000103
split_0064	GCA_026014815.1|G0000191
split_0065	GCA_017601265.1|G0000112
split_0065	GCA_030837285.1|G0000245
split_0066	GCA_040225955.1|G0000287
split_0066	GCA_052584985.1|G0000303
split_0067	GCA_001515205.2|G0000013
split_0067	GCA_001717025.1|G0000021
split_0067	GCA_003133625.1|G0000042
split_0067	GCA_003661605.2|G0000054
split_0067	GCA_004028775.1|G0000056
split_0067	GCA_004376295.1|G0000059
split_0067	GCA_013415695.1|G0000076
split_0067	GCA_013791785.1|G0000078
split_0067	GCA_014859835.1|G0000084
split_0067	GCA_017601265.1|G0000108
split_0067	GCA_018396725.1|G0000123
split_0067	GCA_018814355.1|G0000132
split_0067	GCA_020355125.1|G0000154
split_0067	GCA_025059045.1|G0000183
split_0067	GCA_025920635.1|G0000187
split_0067	GCA_026015185.1|G0000197
split_0067	GCA_029858465.1|G0000221
split_0067	GCA_030018135.1|G0000226
split_0067	GCA_035529455.1|G0000254
split_0067	GCA_038817485.1|G0000264
split_0067	GCA_038852315.1|G0000273
split_0067	GCA_038883485.1|G0000285
split_0067	GCA_038894255.1|G0000286
split_0067	GCA_041862235.1|G0000290
split_0067	GCA_046539605.1|G0000294
split_0067	GOMC.bin.3195|G0000340
split_0068	GCA_001515205.2|G0000013
split_0068	GCA_001717025.1|G0000021
split_0068	GCA_003133625.1|G0000042
split_0068	GCA_003661605.2|G0000054
split_0068	GCA_004028775.1|G0000056
split_0068	GCA_004376295.1|G0000059
split_0068	GCA_013415695.1|G0000076
split_0068	GCA_013791785.1|G0000078
split_0068	GCA_014859835.1|G0000084
split_0068	GCA_017601265.1|G0000108
split_0068	GCA_018396725.1|G0000123
split_0068	GCA_018814355.1|G0000132
split_0068	GCA_020355125.1|G0000154
split_0068	GCA_025059045.1|G0000183
split_0068	GCA_025920635.1|G0000187
split_0068	GCA_026015185.1|G0000197
split_0068	GCA_029858465.1|G0000221
split_0068	GCA_030018135.1|G0000226
split_0068	GCA_035529455.1|G0000254
split_0068	GCA_038852315.1|G0000273
split_0068	GCA_038883485.1|G0000285
split_0068	GCA_038894255.1|G0000286
split_0068	GCA_041862235.1|G0000290
split_0068	GCA_046539605.1|G0000294
split_0068	GOMC.bin.3195|G0000340
split_0069	GCA_001515205.2|G0000013
split_0069	GCA_001717025.1|G0000021
split_0069	GCA_003661605.2|G0000054
split_0069	GCA_004028775.1|G0000056
split_0069	GCA_004376295.1|G0000059
split_0069	GCA_013415695.1|G0000076
split_0069	GCA_013791785.1|G0000078
split_0069	GCA_014859835.1|G0000084
split_0069	GCA_017601265.1|G0000108
split_0069	GCA_018396725.1|G0000123
split_0069	GCA_018814355.1|G0000132
split_0069	GCA_020355125.1|G0000154
split_0069	GCA_025920635.1|G0000187
split_0069	GCA_026015185.1|G0000197
split_0069	GCA_029858465.1|G0000221
split_0069	GCA_030018135.1|G0000226
split_0069	GCA_035529455.1|G0000254
split_0069	GCA_038852315.1|G0000273
split_0069	GCA_038883485.1|G0000285
split_0069	GCA_046539605.1|G0000294
split_0069	GOMC.bin.3195|G0000340
split_0070	GCA_001515205.2|G0000013
split_0070	GCA_030018135.1|G0000226
split_0071	GCA_001717025.1|G0000021
split_0071	GCA_003661605.2|G0000054
split_0071	GCA_004028775.1|G0000056
split_0071	GCA_004376295.1|G0000059
split_0071	GCA_013415695.1|G0000076
split_0071	GCA_013791785.1|G0000078
split_0071	GCA_014859835.1|G0000084
split_0071	GCA_017601265.1|G0000108
split_0071	GCA_018396725.1|G0000123
split_0071	GCA_018814355.1|G0000132
split_0071	GCA_020355125.1|G0000154
split_0071	GCA_025920635.1|G0000187
split_0071	GCA_026015185.1|G0000197
split_0071	GCA_029858465.1|G0000221
split_0071	GCA_035529455.1|G0000254
split_0071	GCA_038852315.1|G0000273
split_0071	GCA_038883485.1|G0000285
split_0071	GCA_046539605.1|G0000294
split_0071	GOMC.bin.3195|G0000340
split_0072	GCA_001717025.1|G0000021
split_0072	GCA_003661605.2|G0000054
split_0072	GCA_004028775.1|G0000056
split_0072	GCA_004376295.1|G0000059
split_0072	GCA_013415695.1|G0000076
split_0072	GCA_013791785.1|G0000078
split_0072	GCA_014859835.1|G0000084
split_0072	GCA_017601265.1|G0000108
split_0072	GCA_018396725.1|G0000123
split_0072	GCA_018814355.1|G0000132
split_0072	GCA_020355125.1|G0000154
split_0072	GCA_025920635.1|G0000187
split_0072	GCA_026015185.1|G0000197
split_0072	GCA_029858465.1|G0000221
split_0072	GCA_035529455.1|G0000254
split_0072	GCA_038852315.1|G0000273
split_0072	GCA_038883485.1|G0000285
split_0072	GCA_046539605.1|G0000294
split_0073	GCA_001717025.1|G0000021
split_0073	GCA_004028775.1|G0000056
split_0073	GCA_013415695.1|G0000076
split_0073	GCA_013791785.1|G0000078
split_0073	GCA_014859835.1|G0000084
split_0073	GCA_017601265.1|G0000108
split_0073	GCA_018814355.1|G0000132
split_0073	GCA_029858465.1|G0000221
split_0073	GCA_035529455.1|G0000254
split_0073	GCA_038852315.1|G0000273
split_0073	GCA_046539605.1|G0000294
split_0074	GCA_001717025.1|G0000021
split_0074	GCA_013791785.1|G0000078
split_0074	GCA_017601265.1|G0000108
split_0074	GCA_035529455.1|G0000254
split_0075	GCA_001717025.1|G0000021
split_0075	GCA_013791785.1|G0000078
split_0075	GCA_035529455.1|G0000254
split_0076	GCA_001717025.1|G0000021
split_0076	GCA_013791785.1|G0000078
split_0077	GCA_004028775.1|G0000056
split_0077	GCA_013415695.1|G0000076
split_0077	GCA_014859835.1|G0000084
split_0077	GCA_018814355.1|G0000132
split_0077	GCA_029858465.1|G0000221
split_0077	GCA_038852315.1|G0000273
split_0077	GCA_046539605.1|G0000294
split_0078	GCA_004028775.1|G0000056
split_0078	GCA_014859835.1|G0000084
split_0078	GCA_018814355.1|G0000132
split_0078	GCA_029858465.1|G0000221
split_0078	GCA_038852315.1|G0000273
split_0079	GCA_004028775.1|G0000056
split_0079	GCA_014859835.1|G0000084
split_0079	GCA_018814355.1|G0000132
split_0079	GCA_038852315.1|G0000273
split_0080	GCA_004028775.1|G0000056
split_0080	GCA_014859835.1|G0000084
split_0080	GCA_018814355.1|G0000132
split_0081	GCA_014859835.1|G0000084
split_0081	GCA_018814355.1|G0000132
split_0082	GCA_013415695.1|G0000076
split_0082	GCA_046539605.1|G0000294
split_0083	GCA_003661605.2|G0000054
split_0083	GCA_004376295.1|G0000059
split_0083	GCA_018396725.1|G0000123
split_0083	GCA_020355125.1|G0000154
split_0083	GCA_025920635.1|G0000187
split_0083	GCA_026015185.1|G0000197
split_0083	GCA_038883485.1|G0000285
split_0084	GCA_003661605.2|G0000054
split_0084	GCA_018396725.1|G0000123
split_0084	GCA_020355125.1|G0000154
split_0084	GCA_026015185.1|G0000197
split_0084	GCA_038883485.1|G0000285
split_0085	GCA_018396725.1|G0000123
split_0085	GCA_020355125.1|G0000154
split_0085	GCA_026015185.1|G0000197
split_0085	GCA_038883485.1|G0000285
split_0086	GCA_018396725.1|G0000123
split_0086	GCA_026015185.1|G0000197
split_0087	GCA_020355125.1|G0000154
split_0087	GCA_038883485.1|G0000285
split_0088	GCA_004376295.1|G0000059
split_0088	GCA_025920635.1|G0000187
split_0089	GCA_003133625.1|G0000042
split_0089	GCA_025059045.1|G0000183
split_0089	GCA_038894255.1|G0000286
split_0089	GCA_041862235.1|G0000290
split_0090	GCA_003133625.1|G0000042
split_0090	GCA_038894255.1|G0000286
split_0090	GCA_041862235.1|G0000290
split_0091	GCA_003133625.1|G0000042
split_0091	GCA_041862235.1|G0000290
split_0092	GCA_017608385.1|G0000113
split_0092	GOMC.bin.3194|G0000339
split_0093	GCA_003649745.1|G0000049
split_0093	GCA_003650925.1|G0000051
split_0093	GCA_016840425.1|G0000098
split_0093	GCA_016874675.1|G0000100
split_0093	GCA_020854925.1|G0000157
split_0093	GCA_021161865.1|G0000162
split_0093	GCA_025061095.1|G0000184
split_0093	GCA_029258885.1|G0000211
split_0093	GCA_030603445.1|G0000232
split_0093	GCA_036733165.1|G0000257
split_0093	GCA_038851035.1|G0000272
split_0093	GCA_038866625.1|G0000280
split_0093	GCA_048886645.1|G0000297
split_0093	GOMC.bin.18087|G0000326
split_0093	GOMC.bin.2866|G0000334
split_0093	GOMC.bin.3037|G0000338
split_0093	GOMC.bin.921|G0000347
split_0094	GCA_003649745.1|G0000049
split_0094	GCA_016840425.1|G0000098
split_0094	GCA_016874675.1|G0000100
split_0094	GCA_020854925.1|G0000157
split_0094	GCA_021161865.1|G0000162
split_0094	GCA_029258885.1|G0000211
split_0094	GCA_030603445.1|G0000232
split_0094	GCA_036733165.1|G0000257
split_0094	GCA_038851035.1|G0000272
split_0094	GCA_038866625.1|G0000280
split_0094	GCA_048886645.1|G0000297
split_0094	GOMC.bin.18087|G0000326
split_0094	GOMC.bin.3037|G0000338
split_0094	GOMC.bin.921|G0000347
split_0095	GCA_003649745.1|G0000049
split_0095	GCA_016840425.1|G0000098
split_0095	GCA_016874675.1|G0000100
split_0095	GCA_020854925.1|G0000157
split_0095	GCA_021161865.1|G0000162
split_0095	GCA_030603445.1|G0000232
split_0095	GCA_036733165.1|G0000257
split_0095	GCA_038851035.1|G0000272
split_0095	GCA_038866625.1|G0000280
split_0095	GCA_048886645.1|G0000297
split_0095	GOMC.bin.18087|G0000326
split_0095	GOMC.bin.3037|G0000338
split_0095	GOMC.bin.921|G0000347
split_0096	GCA_003649745.1|G0000049
split_0096	GCA_016840425.1|G0000098
split_0096	GCA_016874675.1|G0000100
split_0096	GCA_021161865.1|G0000162
split_0096	GCA_038851035.1|G0000272
split_0096	GCA_038866625.1|G0000280
split_0096	GCA_048886645.1|G0000297
split_0096	GOMC.bin.18087|G0000326
split_0096	GOMC.bin.3037|G0000338
split_0096	GOMC.bin.921|G0000347
split_0097	GCA_003649745.1|G0000049
split_0097	GCA_021161865.1|G0000162
split_0097	GOMC.bin.18087|G0000326
split_0097	GOMC.bin.921|G0000347
split_0098	GCA_021161865.1|G0000162
split_0098	GOMC.bin.18087|G0000326
split_0098	GOMC.bin.921|G0000347
split_0099	GCA_021161865.1|G0000162
split_0099	GOMC.bin.18087|G0000326
split_0100	GCA_016840425.1|G0000098
split_0100	GCA_016874675.1|G0000100
split_0100	GCA_038851035.1|G0000272
split_0100	GCA_038866625.1|G0000280
split_0100	GCA_048886645.1|G0000297
split_0100	GOMC.bin.3037|G0000338
split_0101	GCA_016840425.1|G0000098
split_0101	GCA_016874675.1|G0000100
split_0101	GCA_038851035.1|G0000272
split_0101	GCA_048886645.1|G0000297
split_0102	GCA_016840425.1|G0000098
split_0102	GCA_048886645.1|G0000297
split_0103	GCA_016874675.1|G0000100
split_0103	GCA_038851035.1|G0000272
split_0104	GCA_038866625.1|G0000280
split_0104	GOMC.bin.3037|G0000338
split_0105	GCA_020854925.1|G0000157
split_0105	GCA_030603445.1|G0000232
split_0105	GCA_036733165.1|G0000257
split_0106	GCA_020854925.1|G0000157
split_0106	GCA_030603445.1|G0000232
split_0107	GCA_003650925.1|G0000051
split_0107	GCA_025061095.1|G0000184
split_0107	GOMC.bin.2866|G0000334
split_0108	GCA_025061095.1|G0000184
split_0108	GOMC.bin.2866|G0000334
split_0109	GCA_001399795.1|G0000011
split_0109	GCA_001593865.1|G0000016
split_0109	GCA_001593935.1|G0000017
split_0109	GCA_002507245.1|G0000038
split_0109	GCA_003649205.1|G0000048
split_0109	GCA_003650785.1|G0000050
split_0109	GCA_003661385.1|G0000053
split_0109	GCA_004376295.1|G0000060
split_0109	GCA_004376645.1|G0000061
split_0109	GCA_004524535.1|G0000064
split_0109	GCA_005191415.1|G0000066
split_0109	GCA_016550395.1|G0000091
split_0109	GCA_016840065.1|G0000096
split_0109	GCA_016840135.1|G0000097
split_0109	GCA_016930055.1|G0000104
split_0109	GCA_017601265.1|G0000111
split_0109	GCA_018396695.1|G0000121
split_0109	GCA_018396755.1|G0000124
split_0109	GCA_018396865.1|G0000127
split_0109	GCA_019058315.1|G0000137
split_0109	GCA_020345945.1|G0000143
split_0109	GCA_020348985.1|G0000146
split_0109	GCA_020352645.1|G0000148
split_0109	GCA_020355125.1|G0000151
split_0109	GCA_021158125.1|G0000159
split_0109	GCA_021162845.1|G0000164
split_0109	GCA_023131225.1|G0000175
split_0109	GCA_023269735.1|G0000177
split_0109	GCA_026014815.1|G0000190
split_0109	GCA_026014815.1|G0000192
split_0109	GCA_026015035.1|G0000195
split_0109	GCA_029838175.1|G0000216
split_0109	GCA_029856435.1|G0000219
split_0109	GCA_029934005.1|G0000225
split_0109	GCA_030837285.1|G0000248
split_0109	GCA_034660895.1|G0000252
split_0109	GCA_035531115.1|G0000256
split_0109	GCA_038825615.1|G0000267
split_0109	GCA_038846965.1|G0000269
split_0109	GCA_038852745.1|G0000276
split_0109	GCA_038852745.1|G0000279
split_0109	GCA_038883485.1|G0000284
split_0109	GCA_048882045.1|G0000296
split_0109	GCA_048938295.1|G0000299
split_0109	GCA_048939465.1|G0000300
split_0109	GCA_052584985.1|G0000304
split_0109	GCA_054381345.1|G0000306
split_0109	GCA_054390655.1|G0000312
split_0109	GOMC.bin.2212|G0000327
split_0109	GOMC.bin.2724|G0000331
split_0109	GOMC.bin.2847|G0000333
split_0109	GOMC.bin.2875|G0000335
split_0109	GOMC.bin.2900|G0000337
split_0109	GOMC.bin.5632|G0000341
split_0109	GOMC.bin.7984|G0000344
split_0110	GCA_001399795.1|G0000011
split_0110	GCA_001593865.1|G0000016
split_0110	GCA_002507245.1|G0000038
split_0110	GCA_003649205.1|G0000048
split_0110	GCA_003650785.1|G0000050
split_0110	GCA_003661385.1|G0000053
split_0110	GCA_004376645.1|G0000061
split_0110	GCA_004524535.1|G0000064
split_0110	GCA_005191415.1|G0000066
split_0110	GCA_016550395.1|G0000091
split_0110	GCA_016840065.1|G0000096
split_0110	GCA_016840135.1|G0000097
split_0110	GCA_018396695.1|G0000121
split_0110	GCA_018396755.1|G0000124
split_0110	GCA_018396865.1|G0000127
split_0110	GCA_019058315.1|G0000137
split_0110	GCA_020348985.1|G0000146
split_0110	GCA_020352645.1|G0000148
split_0110	GCA_021158125.1|G0000159
split_0110	GCA_021162845.1|G0000164
split_0110	GCA_023131225.1|G0000175
split_0110	GCA_023269735.1|G0000177
split_0110	GCA_026014815.1|G0000192
split_0110	GCA_029838175.1|G0000216
split_0110	GCA_029856435.1|G0000219
split_0110	GCA_029934005.1|G0000225
split_0110	GCA_030837285.1|G0000248
split_0110	GCA_034660895.1|G0000252
split_0110	GCA_035531115.1|G0000256
split_0110	GCA_038825615.1|G0000267
split_0110	GCA_038852745.1|G0000279
split_0110	GCA_048882045.1|G0000296
split_0110	GCA_048938295.1|G0000299
split_0110	GCA_048939465.1|G0000300
split_0110	GCA_052584985.1|G0000304
split_0110	GCA_054381345.1|G0000306
split_0110	GCA_054390655.1|G0000312
split_0110	GOMC.bin.2212|G0000327
split_0110	GOMC.bin.2724|G0000331
split_0110	GOMC.bin.2847|G0000333
split_0110	GOMC.bin.2875|G0000335
split_0110	GOMC.bin.2900|G0000337
split_0110	GOMC.bin.7984|G0000344
split_0111	GCA_001399795.1|G0000011
split_0111	GCA_001593865.1|G0000016
split_0111	GCA_002507245.1|G0000038
split_0111	GCA_003649205.1|G0000048
split_0111	GCA_003661385.1|G0000053
split_0111	GCA_004376645.1|G0000061
split_0111	GCA_004524535.1|G0000064
split_0111	GCA_005191415.1|G0000066
split_0111	GCA_016550395.1|G0000091
split_0111	GCA_016840065.1|G0000096
split_0111	GCA_016840135.1|G0000097
split_0111	GCA_018396695.1|G0000121
split_0111	GCA_018396755.1|G0000124
split_0111	GCA_018396865.1|G0000127
split_0111	GCA_019058315.1|G0000137
split_0111	GCA_020348985.1|G0000146
split_0111	GCA_020352645.1|G0000148
split_0111	GCA_021158125.1|G0000159
split_0111	GCA_021162845.1|G0000164
split_0111	GCA_023131225.1|G0000175
split_0111	GCA_026014815.1|G0000192
split_0111	GCA_029838175.1|G0000216
split_0111	GCA_029856435.1|G0000219
split_0111	GCA_029934005.1|G0000225
split_0111	GCA_030837285.1|G0000248
split_0111	GCA_034660895.1|G0000252
split_0111	GCA_035531115.1|G0000256
split_0111	GCA_038825615.1|G0000267
split_0111	GCA_038852745.1|G0000279
split_0111	GCA_048882045.1|G0000296
split_0111	GCA_048938295.1|G0000299
split_0111	GCA_048939465.1|G0000300
split_0111	GCA_052584985.1|G0000304
split_0111	GCA_054381345.1|G0000306
split_0111	GCA_054390655.1|G0000312
split_0111	GOMC.bin.2212|G0000327
split_0111	GOMC.bin.2724|G0000331
split_0111	GOMC.bin.2847|G0000333
split_0111	GOMC.bin.2875|G0000335
split_0111	GOMC.bin.7984|G0000344
split_0112	GCA_001399795.1|G0000011
split_0112	GCA_001593865.1|G0000016
split_0112	GCA_002507245.1|G0000038
split_0112	GCA_003661385.1|G0000053
split_0112	GCA_004376645.1|G0000061
split_0112	GCA_004524535.1|G0000064
split_0112	GCA_005191415.1|G0000066
split_0112	GCA_016550395.1|G0000091
split_0112	GCA_016840065.1|G0000096
split_0112	GCA_016840135.1|G0000097
split_0112	GCA_018396695.1|G0000121
split_0112	GCA_018396755.1|G0000124
split_0112	GCA_018396865.1|G0000127
split_0112	GCA_019058315.1|G0000137
split_0112	GCA_020348985.1|G0000146
split_0112	GCA_020352645.1|G0000148
split_0112	GCA_021158125.1|G0000159
split_0112	GCA_021162845.1|G0000164
split_0112	GCA_023131225.1|G0000175
split_0112	GCA_026014815.1|G0000192
split_0112	GCA_029838175.1|G0000216
split_0112	GCA_029856435.1|G0000219
split_0112	GCA_029934005.1|G0000225
split_0112	GCA_030837285.1|G0000248
split_0112	GCA_034660895.1|G0000252
split_0112	GCA_035531115.1|G0000256
split_0112	GCA_038825615.1|G0000267
split_0112	GCA_038852745.1|G0000279
split_0112	GCA_048882045.1|G0000296
split_0112	GCA_048938295.1|G0000299
split_0112	GCA_048939465.1|G0000300
split_0112	GCA_054381345.1|G0000306
split_0112	GCA_054390655.1|G0000312
split_0112	GOMC.bin.2212|G0000327
split_0112	GOMC.bin.2724|G0000331
split_0112	GOMC.bin.2847|G0000333
split_0112	GOMC.bin.2875|G0000335
split_0112	GOMC.bin.7984|G0000344
split_0113	GCA_001399795.1|G0000011
split_0113	GCA_001593865.1|G0000016
split_0113	GCA_002507245.1|G0000038
split_0113	GCA_004376645.1|G0000061
split_0113	GCA_016550395.1|G0000091
split_0113	GCA_016840065.1|G0000096
split_0113	GCA_016840135.1|G0000097
split_0113	GCA_018396695.1|G0000121
split_0113	GCA_018396755.1|G0000124
split_0113	GCA_018396865.1|G0000127
split_0113	GCA_020348985.1|G0000146
split_0113	GCA_020352645.1|G0000148
split_0113	GCA_021158125.1|G0000159
split_0113	GCA_021162845.1|G0000164
split_0113	GCA_023131225.1|G0000175
split_0113	GCA_026014815.1|G0000192
split_0113	GCA_029856435.1|G0000219
split_0113	GCA_029934005.1|G0000225
split_0113	GCA_030837285.1|G0000248
split_0113	GCA_034660895.1|G0000252
split_0113	GCA_038825615.1|G0000267
split_0113	GCA_038852745.1|G0000279
split_0113	GCA_048882045.1|G0000296
split_0113	GCA_048938295.1|G0000299
split_0113	GCA_048939465.1|G0000300
split_0113	GCA_054390655.1|G0000312
split_0113	GOMC.bin.2212|G0000327
split_0113	GOMC.bin.2724|G0000331
split_0113	GOMC.bin.2847|G0000333
split_0113	GOMC.bin.2875|G0000335
split_0114	GCA_001399795.1|G0000011
split_0114	GCA_001593865.1|G0000016
split_0114	GCA_004376645.1|G0000061
split_0114	GCA_016550395.1|G0000091
split_0114	GCA_016840065.1|G0000096
split_0114	GCA_016840135.1|G0000097
split_0114	GCA_018396755.1|G0000124
split_0114	GCA_020348985.1|G0000146
split_0114	GCA_020352645.1|G0000148
split_0114	GCA_021158125.1|G0000159
split_0114	GCA_021162845.1|G0000164
split_0114	GCA_023131225.1|G0000175
split_0114	GCA_029934005.1|G0000225
split_0114	GCA_030837285.1|G0000248
split_0114	GCA_034660895.1|G0000252
split_0114	GCA_038852745.1|G0000279
split_0114	GCA_048882045.1|G0000296
split_0114	GCA_048938295.1|G0000299
split_0114	GCA_048939465.1|G0000300
split_0114	GCA_054390655.1|G0000312
split_0114	GOMC.bin.2212|G0000327
split_0114	GOMC.bin.2724|G0000331
split_0114	GOMC.bin.2847|G0000333
split_0114	GOMC.bin.2875|G0000335
split_0115	GCA_001399795.1|G0000011
split_0115	GCA_004376645.1|G0000061
split_0115	GCA_016550395.1|G0000091
split_0115	GCA_016840065.1|G0000096
split_0115	GCA_016840135.1|G0000097
split_0115	GCA_020348985.1|G0000146
split_0115	GCA_020352645.1|G0000148
split_0115	GCA_021158125.1|G0000159
split_0115	GCA_023131225.1|G0000175
split_0115	GCA_029934005.1|G0000225
split_0115	GCA_030837285.1|G0000248
split_0115	GCA_034660895.1|G0000252
split_0115	GCA_048882045.1|G0000296
split_0115	GCA_048938295.1|G0000299
split_0115	GCA_048939465.1|G0000300
split_0115	GCA_054390655.1|G0000312
split_0115	GOMC.bin.2212|G0000327
split_0116	GCA_001399795.1|G0000011
split_0116	GCA_004376645.1|G0000061
split_0116	GCA_016550395.1|G0000091
split_0116	GCA_016840065.1|G0000096
split_0116	GCA_016840135.1|G0000097
split_0116	GCA_020348985.1|G0000146
split_0116	GCA_020352645.1|G0000148
split_0116	GCA_023131225.1|G0000175
split_0116	GCA_034660895.1|G0000252
split_0116	GCA_048882045.1|G0000296
split_0116	GCA_048938295.1|G0000299
split_0116	GCA_048939465.1|G0000300
split_0116	GCA_054390655.1|G0000312
split_0116	GOMC.bin.2212|G0000327
split_0117	GCA_001399795.1|G0000011
split_0117	GCA_004376645.1|G0000061
split_0117	GCA_023131225.1|G0000175
split_0117	GCA_034660895.1|G0000252
split_0118	GCA_001399795.1|G0000011
split_0118	GCA_004376645.1|G0000061
split_0118	GCA_023131225.1|G0000175
split_0119	GCA_004376645.1|G0000061
split_0119	GCA_023131225.1|G0000175
split_0120	GCA_016550395.1|G0000091
split_0120	GCA_016840065.1|G0000096
split_0120	GCA_016840135.1|G0000097
split_0120	GCA_020348985.1|G0000146
split_0120	GCA_020352645.1|G0000148
split_0120	GCA_048882045.1|G0000296
split_0120	GCA_048938295.1|G0000299
split_0120	GCA_048939465.1|G0000300
split_0120	GCA_054390655.1|G0000312
split_0120	GOMC.bin.2212|G0000327
split_0121	GCA_016550395.1|G0000091
split_0121	GCA_016840065.1|G0000096
split_0121	GCA_016840135.1|G0000097
split_0121	GCA_020348985.1|G0000146
split_0121	GCA_020352645.1|G0000148
split_0121	GCA_048882045.1|G0000296
split_0121	GCA_048938295.1|G0000299
split_0121	GCA_048939465.1|G0000300
split_0121	GCA_054390655.1|G0000312
split_0122	GCA_016550395.1|G0000091
split_0122	GCA_016840065.1|G0000096
split_0122	GCA_016840135.1|G0000097
split_0122	GCA_020348985.1|G0000146
split_0122	GCA_048882045.1|G0000296
split_0122	GCA_048938295.1|G0000299
split_0122	GCA_048939465.1|G0000300
split_0122	GCA_054390655.1|G0000312
split_0123	GCA_016550395.1|G0000091
split_0123	GCA_016840065.1|G0000096
split_0123	GCA_016840135.1|G0000097
split_0123	GCA_020348985.1|G0000146
split_0123	GCA_048882045.1|G0000296
split_0123	GCA_048938295.1|G0000299
split_0123	GCA_054390655.1|G0000312
split_0124	GCA_016550395.1|G0000091
split_0124	GCA_016840065.1|G0000096
split_0124	GCA_016840135.1|G0000097
split_0124	GCA_020348985.1|G0000146
split_0124	GCA_048882045.1|G0000296
split_0124	GCA_048938295.1|G0000299
split_0125	GCA_016550395.1|G0000091
split_0125	GCA_020348985.1|G0000146
split_0125	GCA_048882045.1|G0000296
split_0125	GCA_048938295.1|G0000299
split_0126	GCA_016550395.1|G0000091
split_0126	GCA_020348985.1|G0000146
split_0126	GCA_048882045.1|G0000296
split_0127	GCA_020348985.1|G0000146
split_0127	GCA_048882045.1|G0000296
split_0128	GCA_016840065.1|G0000096
split_0128	GCA_016840135.1|G0000097
split_0129	GCA_021158125.1|G0000159
split_0129	GCA_029934005.1|G0000225
split_0129	GCA_030837285.1|G0000248
split_0130	GCA_021158125.1|G0000159
split_0130	GCA_030837285.1|G0000248
split_0131	GCA_001593865.1|G0000016
split_0131	GCA_018396755.1|G0000124
split_0131	GCA_021162845.1|G0000164
split_0131	GCA_038852745.1|G0000279
split_0131	GOMC.bin.2724|G0000331
split_0131	GOMC.bin.2847|G0000333
split_0131	GOMC.bin.2875|G0000335
split_0132	GCA_001593865.1|G0000016
split_0132	GCA_021162845.1|G0000164
split_0132	GCA_038852745.1|G0000279
split_0132	GOMC.bin.2724|G0000331
split_0132	GOMC.bin.2847|G0000333
split_0132	GOMC.bin.2875|G0000335
split_0133	GCA_001593865.1|G0000016
split_0133	GCA_038852745.1|G0000279
split_0134	GCA_021162845.1|G0000164
split_0134	GOMC.bin.2724|G0000331
split_0134	GOMC.bin.2847|G0000333
split_0134	GOMC.bin.2875|G0000335
split_0135	GCA_021162845.1|G0000164
split_0135	GOMC.bin.2724|G0000331
split_0135	GOMC.bin.2875|G0000335
split_0136	GCA_021162845.1|G0000164
split_0136	GOMC.bin.2875|G0000335
split_0137	GCA_002507245.1|G0000038
split_0137	GCA_018396695.1|G0000121
split_0137	GCA_018396865.1|G0000127
split_0137	GCA_026014815.1|G0000192
split_0137	GCA_029856435.1|G0000219
split_0137	GCA_038825615.1|G0000267
split_0138	GCA_002507245.1|G0000038
split_0138	GCA_018396695.1|G0000121
split_0138	GCA_026014815.1|G0000192
split_0138	GCA_029856435.1|G0000219
split_0138	GCA_038825615.1|G0000267
split_0139	GCA_018396695.1|G0000121
split_0139	GCA_026014815.1|G0000192
split_0139	GCA_029856435.1|G0000219
split_0139	GCA_038825615.1|G0000267
split_0140	GCA_018396695.1|G0000121
split_0140	GCA_026014815.1|G0000192
split_0141	GCA_029856435.1|G0000219
split_0141	GCA_038825615.1|G0000267
split_0142	GCA_003661385.1|G0000053
split_0142	GCA_004524535.1|G0000064
split_0142	GCA_005191415.1|G0000066
split_0142	GCA_019058315.1|G0000137
split_0142	GCA_029838175.1|G0000216
split_0142	GCA_035531115.1|G0000256
split_0142	GCA_054381345.1|G0000306
split_0142	GOMC.bin.7984|G0000344
split_0143	GCA_003661385.1|G0000053
split_0143	GCA_004524535.1|G0000064
split_0143	GCA_005191415.1|G0000066
split_0143	GCA_029838175.1|G0000216
split_0143	GCA_035531115.1|G0000256
split_0143	GCA_054381345.1|G0000306
split_0143	GOMC.bin.7984|G0000344
split_0144	GCA_003661385.1|G0000053
split_0144	GCA_004524535.1|G0000064
split_0144	GCA_005191415.1|G0000066
split_0144	GCA_035531115.1|G0000256
split_0144	GCA_054381345.1|G0000306
split_0144	GOMC.bin.7984|G0000344
split_0145	GCA_003661385.1|G0000053
split_0145	GCA_035531115.1|G0000256
split_0146	GCA_004524535.1|G0000064
split_0146	GCA_005191415.1|G0000066
split_0146	GCA_054381345.1|G0000306
split_0146	GOMC.bin.7984|G0000344
split_0147	GCA_004524535.1|G0000064
split_0147	GCA_054381345.1|G0000306
split_0148	GCA_005191415.1|G0000066
split_0148	GOMC.bin.7984|G0000344
split_0149	GCA_003649205.1|G0000048
split_0149	GCA_052584985.1|G0000304
split_0150	GCA_003650785.1|G0000050
split_0150	GCA_023269735.1|G0000177
split_0150	GOMC.bin.2900|G0000337
split_0151	GCA_003650785.1|G0000050
split_0151	GCA_023269735.1|G0000177
split_0152	GCA_001593935.1|G0000017
split_0152	GCA_004376295.1|G0000060
split_0152	GCA_016930055.1|G0000104
split_0152	GCA_017601265.1|G0000111
split_0152	GCA_020345945.1|G0000143
split_0152	GCA_020355125.1|G0000151
split_0152	GCA_026014815.1|G0000190
split_0152	GCA_026015035.1|G0000195
split_0152	GCA_038846965.1|G0000269
split_0152	GCA_038852745.1|G0000276
split_0152	GCA_038883485.1|G0000284
split_0152	GOMC.bin.5632|G0000341
split_0153	GCA_001593935.1|G0000017
split_0153	GCA_004376295.1|G0000060
split_0153	GCA_017601265.1|G0000111
split_0153	GCA_020345945.1|G0000143
split_0153	GCA_020355125.1|G0000151
split_0153	GCA_026015035.1|G0000195
split_0153	GCA_038846965.1|G0000269
split_0153	GCA_038852745.1|G0000276
split_0153	GCA_038883485.1|G0000284
split_0153	GOMC.bin.5632|G0000341
split_0154	GCA_001593935.1|G0000017
split_0154	GCA_004376295.1|G0000060
split_0154	GCA_017601265.1|G0000111
split_0154	GCA_020345945.1|G0000143
split_0154	GCA_020355125.1|G0000151
split_0154	GCA_026015035.1|G0000195
split_0154	GCA_038846965.1|G0000269
split_0154	GCA_038852745.1|G0000276
split_0154	GCA_038883485.1|G0000284
split_0155	GCA_001593935.1|G0000017
split_0155	GCA_004376295.1|G0000060
split_0155	GCA_017601265.1|G0000111
split_0155	GCA_026015035.1|G0000195
split_0155	GCA_038846965.1|G0000269
split_0155	GCA_038852745.1|G0000276
split_0155	GCA_038883485.1|G0000284
split_0156	GCA_001593935.1|G0000017
split_0156	GCA_004376295.1|G0000060
split_0156	GCA_017601265.1|G0000111
split_0156	GCA_038852745.1|G0000276
split_0156	GCA_038883485.1|G0000284
split_0157	GCA_001593935.1|G0000017
split_0157	GCA_017601265.1|G0000111
split_0157	GCA_038852745.1|G0000276
split_0157	GCA_038883485.1|G0000284
split_0158	GCA_001593935.1|G0000017
split_0158	GCA_017601265.1|G0000111
split_0158	GCA_038852745.1|G0000276
split_0159	GCA_017601265.1|G0000111
split_0159	GCA_038852745.1|G0000276
split_0160	GCA_026015035.1|G0000195
split_0160	GCA_038846965.1|G0000269
split_0161	GCA_020345945.1|G0000143
split_0161	GCA_020355125.1|G0000151
split_0162	GCA_016930055.1|G0000104
split_0162	GCA_026014815.1|G0000190
split_0163	GCA_001273385.1|G0000009
split_0163	GCA_016939415.1|G0000106
split_0163	GCA_017601265.1|G0000107
split_0163	GCA_017601265.1|G0000109
split_0163	GCA_019721035.1|G0000141
split_0163	GCA_021806165.1|G0000171
split_0163	GCA_029259155.1|G0000212
split_0163	GCA_038852745.1|G0000277
split_0163	GCA_038881315.1|G0000282
split_0164	GCA_001273385.1|G0000009
split_0164	GCA_017601265.1|G0000107
split_0164	GCA_017601265.1|G0000109
split_0164	GCA_029259155.1|G0000212
split_0164	GCA_038852745.1|G0000277
split_0165	GCA_001273385.1|G0000009
split_0165	GCA_017601265.1|G0000107
split_0165	GCA_017601265.1|G0000109
split_0165	GCA_038852745.1|G0000277
split_0166	GCA_001273385.1|G0000009
split_0166	GCA_017601265.1|G0000107
split_0166	GCA_038852745.1|G0000277
split_0167	GCA_017601265.1|G0000107
split_0167	GCA_038852745.1|G0000277
split_0168	GCA_016939415.1|G0000106
split_0168	GCA_019721035.1|G0000141
split_0168	GCA_021806165.1|G0000171
split_0168	GCA_038881315.1|G0000282
split_0169	GCA_019721035.1|G0000141
split_0169	GCA_021806165.1|G0000171
split_0169	GCA_038881315.1|G0000282
split_0170	GCA_021806165.1|G0000171
split_0170	GCA_038881315.1|G0000282
split_0171	GCA_000309865.1|G0000006
split_0171	GCA_001273385.1|G0000010
split_0171	GCA_001509375.1|G0000012
split_0171	GCA_001940665.2|G0000024
split_0171	GCA_002067315.1|G0000027
split_0171	GCA_002501765.1|G0000035
split_0171	GCA_002839545.1|G0000040
split_0171	GCA_003104905.1|G0000041
split_0171	GCA_003554845.1|G0000046
split_0171	GCA_004193545.1|G0000057
split_0171	GCA_011049295.1|G0000071
split_0171	GCA_011052825.1|G0000072
split_0171	GCA_013329495.1|G0000075
split_0171	GCA_014361195.1|G0000079
split_0171	GCA_016839265.1|G0000092
split_0171	GCA_019057385.1|G0000133
split_0171	GCA_019429385.1|G0000139
split_0171	GCA_020355125.1|G0000149
split_0171	GCA_021108405.1|G0000158
split_0171	GCA_021159125.1|G0000160
split_0171	GCA_021162065.1|G0000163
split_0171	GCA_021163965.1|G0000165
split_0171	GCA_023128135.1|G0000173
split_0171	GCA_023229165.1|G0000176
split_0171	GCA_026015035.1|G0000193
split_0171	GCA_026015185.1|G0000198
split_0171	GCA_026015225.1|G0000199
split_0171	GCA_029259185.1|G0000214
split_0171	GCA_034660695.1|G0000251
split_0171	GCA_035269625.1|G0000253
split_0171	GCA_038730885.1|G0000261
split_0171	GCA_038736355.1|G0000262
split_0171	GCA_046538535.1|G0000291
split_0171	GCA_046538535.1|G0000292
split_0171	GCF_000011005.1|G0000316
split_0171	SRR22580806_bin.15|G0000348
split_0172	GCA_000309865.1|G0000006
split_0172	GCA_001273385.1|G0000010
split_0172	GCA_001509375.1|G0000012
split_0172	GCA_001940665.2|G0000024
split_0172	GCA_002067315.1|G0000027
split_0172	GCA_002501765.1|G0000035
split_0172	GCA_002839545.1|G0000040
split_0172	GCA_003104905.1|G0000041
split_0172	GCA_004193545.1|G0000057
split_0172	GCA_016839265.1|G0000092
split_0172	GCA_019057385.1|G0000133
split_0172	GCA_019429385.1|G0000139
split_0172	GCA_020355125.1|G0000149
split_0172	GCA_021108405.1|G0000158
split_0172	GCA_023128135.1|G0000173
split_0172	GCA_023229165.1|G0000176
split_0172	GCA_026015035.1|G0000193
split_0172	GCA_026015185.1|G0000198
split_0172	GCA_026015225.1|G0000199
split_0172	GCA_038730885.1|G0000261
split_0172	GCF_000011005.1|G0000316
split_0173	GCA_000309865.1|G0000006
split_0173	GCA_001940665.2|G0000024
split_0173	GCA_002067315.1|G0000027
split_0173	GCA_016839265.1|G0000092
split_0173	GCA_038730885.1|G0000261
split_0173	GCF_000011005.1|G0000316
split_0174	GCA_000309865.1|G0000006
split_0174	GCA_002067315.1|G0000027
split_0174	GCF_000011005.1|G0000316
split_0175	GCA_000309865.1|G0000006
split_0175	GCF_000011005.1|G0000316
split_0176	GCA_001940665.2|G0000024
split_0176	GCA_016839265.1|G0000092
split_0176	GCA_038730885.1|G0000261
split_0177	GCA_001940665.2|G0000024
split_0177	GCA_016839265.1|G0000092
split_0178	GCA_001273385.1|G0000010
split_0178	GCA_001509375.1|G0000012
split_0178	GCA_002501765.1|G0000035
split_0178	GCA_002839545.1|G0000040
split_0178	GCA_003104905.1|G0000041
split_0178	GCA_004193545.1|G0000057
split_0178	GCA_019057385.1|G0000133
split_0178	GCA_019429385.1|G0000139
split_0178	GCA_020355125.1|G0000149
split_0178	GCA_021108405.1|G0000158
split_0178	GCA_023128135.1|G0000173
split_0178	GCA_023229165.1|G0000176
split_0178	GCA_026015035.1|G0000193
split_0178	GCA_026015185.1|G0000198
split_0178	GCA_026015225.1|G0000199
split_0179	GCA_001273385.1|G0000010
split_0179	GCA_020355125.1|G0000149
split_0179	GCA_023128135.1|G0000173
split_0179	GCA_026015035.1|G0000193
split_0179	GCA_026015185.1|G0000198
split_0179	GCA_026015225.1|G0000199
split_0180	GCA_001273385.1|G0000010
split_0180	GCA_020355125.1|G0000149
split_0180	GCA_023128135.1|G0000173
split_0180	GCA_026015185.1|G0000198
split_0180	GCA_026015225.1|G0000199
split_0181	GCA_001273385.1|G0000010
split_0181	GCA_020355125.1|G0000149
split_0181	GCA_023128135.1|G0000173
split_0182	GCA_001273385.1|G0000010
split_0182	GCA_020355125.1|G0000149
split_0183	GCA_026015185.1|G0000198
split_0183	GCA_026015225.1|G0000199
split_0184	GCA_001509375.1|G0000012
split_0184	GCA_002501765.1|G0000035
split_0184	GCA_002839545.1|G0000040
split_0184	GCA_003104905.1|G0000041
split_0184	GCA_004193545.1|G0000057
split_0184	GCA_019057385.1|G0000133
split_0184	GCA_019429385.1|G0000139
split_0184	GCA_021108405.1|G0000158
split_0184	GCA_023229165.1|G0000176
split_0185	GCA_001509375.1|G0000012
split_0185	GCA_002501765.1|G0000035
split_0185	GCA_002839545.1|G0000040
split_0185	GCA_003104905.1|G0000041
split_0185	GCA_004193545.1|G0000057
split_0185	GCA_019429385.1|G0000139
split_0185	GCA_021108405.1|G0000158
split_0185	GCA_023229165.1|G0000176
split_0186	GCA_001509375.1|G0000012
split_0186	GCA_023229165.1|G0000176
split_0187	GCA_002501765.1|G0000035
split_0187	GCA_002839545.1|G0000040
split_0187	GCA_003104905.1|G0000041
split_0187	GCA_004193545.1|G0000057
split_0187	GCA_019429385.1|G0000139
split_0187	GCA_021108405.1|G0000158
split_0188	GCA_002501765.1|G0000035
split_0188	GCA_004193545.1|G0000057
split_0189	GCA_002839545.1|G0000040
split_0189	GCA_003104905.1|G0000041
split_0189	GCA_019429385.1|G0000139
split_0189	GCA_021108405.1|G0000158
split_0190	GCA_003104905.1|G0000041
split_0190	GCA_019429385.1|G0000139
split_0190	GCA_021108405.1|G0000158
split_0191	GCA_019429385.1|G0000139
split_0191	GCA_021108405.1|G0000158
split_0192	GCA_003554845.1|G0000046
split_0192	GCA_011049295.1|G0000071
split_0192	GCA_011052825.1|G0000072
split_0192	GCA_013329495.1|G0000075
split_0192	GCA_014361195.1|G0000079
split_0192	GCA_021159125.1|G0000160
split_0192	GCA_021162065.1|G0000163
split_0192	GCA_021163965.1|G0000165
split_0192	GCA_029259185.1|G0000214
split_0192	GCA_034660695.1|G0000251
split_0192	GCA_035269625.1|G0000253
split_0192	GCA_038736355.1|G0000262
split_0192	GCA_046538535.1|G0000291
split_0192	GCA_046538535.1|G0000292
split_0192	SRR22580806_bin.15|G0000348
split_0193	GCA_003554845.1|G0000046
split_0193	GCA_011049295.1|G0000071
split_0193	GCA_011052825.1|G0000072
split_0193	GCA_013329495.1|G0000075
split_0193	GCA_014361195.1|G0000079
split_0193	GCA_021159125.1|G0000160
split_0193	GCA_021162065.1|G0000163
split_0193	GCA_021163965.1|G0000165
split_0193	GCA_034660695.1|G0000251
split_0193	GCA_035269625.1|G0000253
split_0193	GCA_046538535.1|G0000291
split_0193	GCA_046538535.1|G0000292
split_0193	SRR22580806_bin.15|G0000348
split_0194	GCA_003554845.1|G0000046
split_0194	GCA_011049295.1|G0000071
split_0194	GCA_011052825.1|G0000072
split_0194	GCA_014361195.1|G0000079
split_0194	GCA_021159125.1|G0000160
split_0194	GCA_021162065.1|G0000163
split_0194	GCA_021163965.1|G0000165
split_0194	GCA_034660695.1|G0000251
split_0194	GCA_035269625.1|G0000253
split_0194	GCA_046538535.1|G0000291
split_0194	GCA_046538535.1|G0000292
split_0194	SRR22580806_bin.15|G0000348
split_0195	GCA_003554845.1|G0000046
split_0195	GCA_011049295.1|G0000071
split_0195	GCA_011052825.1|G0000072
split_0195	GCA_014361195.1|G0000079
split_0195	GCA_021159125.1|G0000160
split_0195	GCA_021162065.1|G0000163
split_0195	GCA_034660695.1|G0000251
split_0195	GCA_035269625.1|G0000253
split_0195	GCA_046538535.1|G0000291
split_0195	GCA_046538535.1|G0000292
split_0195	SRR22580806_bin.15|G0000348
split_0196	GCA_003554845.1|G0000046
split_0196	GCA_046538535.1|G0000292
split_0197	GCA_011049295.1|G0000071
split_0197	GCA_011052825.1|G0000072
split_0197	GCA_014361195.1|G0000079
split_0197	GCA_021159125.1|G0000160
split_0197	GCA_021162065.1|G0000163
split_0197	GCA_034660695.1|G0000251
split_0197	GCA_035269625.1|G0000253
split_0197	GCA_046538535.1|G0000291
split_0197	SRR22580806_bin.15|G0000348
split_0198	GCA_011049295.1|G0000071
split_0198	GCA_021159125.1|G0000160
split_0198	GCA_034660695.1|G0000251
split_0199	GCA_011049295.1|G0000071
split_0199	GCA_034660695.1|G0000251
split_0200	GCA_011052825.1|G0000072
split_0200	GCA_014361195.1|G0000079
split_0200	GCA_021162065.1|G0000163
split_0200	GCA_035269625.1|G0000253
split_0200	GCA_046538535.1|G0000291
split_0200	SRR22580806_bin.15|G0000348
split_0201	GCA_011052825.1|G0000072
split_0201	GCA_014361195.1|G0000079
split_0201	GCA_021162065.1|G0000163
split_0201	GCA_035269625.1|G0000253
split_0201	GCA_046538535.1|G0000291
split_0202	GCA_011052825.1|G0000072
split_0202	GCA_014361195.1|G0000079
split_0202	GCA_021162065.1|G0000163
split_0203	GCA_011052825.1|G0000072
split_0203	GCA_014361195.1|G0000079
split_0204	GCA_035269625.1|G0000253
split_0204	GCA_046538535.1|G0000291
split_0205	GCA_029259185.1|G0000214
split_0205	GCA_038736355.1|G0000262
split_0206	GCA_001593865.1|G0000015
split_0206	GCA_001593935.1|G0000018
split_0206	GCA_002490245.1|G0000031
split_0206	GCA_002503985.1|G0000037
split_0206	GCA_003662645.1|G0000055
split_0206	GCA_004377185.1|G0000062
split_0206	GCA_005878985.1|G0000068
split_0206	GCA_011046235.1|G0000070
split_0206	GCA_011605725.1|G0000074
split_0206	GCA_014859835.1|G0000085
split_0206	GCA_015520475.1|G0000087
split_0206	GCA_016874675.1|G0000101
split_0206	GCA_017885655.1|G0000114
split_0206	GCA_018396415.1|G0000117
split_0206	GCA_018396535.1|G0000118
split_0206	GCA_018396755.1|G0000125
split_0206	GCA_018814355.1|G0000131
split_0206	GCA_019685575.1|G0000140
split_0206	GCA_020029475.1|G0000142
split_0206	GCA_020345945.1|G0000145
split_0206	GCA_020725985.1|G0000156
split_0206	GCA_021790425.1|G0000168
split_0206	GCA_021798195.1|G0000169
split_0206	GCA_021802125.1|G0000170
split_0206	GCA_022848865.1|G0000172
split_0206	GCA_023379385.1|G0000179
split_0206	GCA_025059045.1|G0000182
split_0206	GCA_026014815.1|G0000189
split_0206	GCA_026414225.1|G0000203
split_0206	GCA_028275385.1|G0000207
split_0206	GCA_028679985.1|G0000208
split_0206	GCA_029858465.1|G0000220
split_0206	GCA_029907465.1|G0000223
split_0206	GCA_029932465.1|G0000224
split_0206	GCA_030018475.1|G0000227
split_0206	GCA_030019485.1|G0000229
split_0206	GCA_030605245.1|G0000234
split_0206	GCA_030606525.1|G0000236
split_0206	GCA_030615265.1|G0000241
split_0206	GCA_030673205.1|G0000242
split_0206	GCA_030837285.1|G0000247
split_0206	GCA_036795795.1|G0000258
split_0206	GCA_038846965.1|G0000270
split_0206	GCA_038851035.1|G0000271
split_0206	GCA_038852315.1|G0000275
split_0206	GCA_041657955.1|G0000289
split_0206	GCA_975093245.1|G0000314
split_0206	GOMC.bin.16739|G0000324
split_0206	GOMC.bin.16989|G0000325
split_0206	GOMC.bin.2843|G0000332
split_0206	GOMC.bin.2900|G0000336
split_0206	GOMC.bin.5642|G0000343
split_0206	GOMC.bin.7988|G0000345
split_0207	GCA_001593865.1|G0000015
split_0207	GCA_001593935.1|G0000018
split_0207	GCA_002490245.1|G0000031
split_0207	GCA_003662645.1|G0000055
split_0207	GCA_011605725.1|G0000074
split_0207	GCA_015520475.1|G0000087
split_0207	GCA_018396415.1|G0000117
split_0207	GCA_018396535.1|G0000118
split_0207	GCA_018396755.1|G0000125
split_0207	GCA_019685575.1|G0000140
split_0207	GCA_020345945.1|G0000145
split_0207	GCA_025059045.1|G0000182
split_0207	GCA_026014815.1|G0000189
split_0207	GCA_028275385.1|G0000207
split_0207	GCA_030615265.1|G0000241
split_0207	GCA_030837285.1|G0000247
split_0207	GCA_038846965.1|G0000270
split_0207	GOMC.bin.16739|G0000324
split_0207	GOMC.bin.2843|G0000332
split_0207	GOMC.bin.2900|G0000336
split_0207	GOMC.bin.5642|G0000343
split_0208	GCA_001593865.1|G0000015
split_0208	GCA_001593935.1|G0000018
split_0208	GCA_002490245.1|G0000031
split_0208	GCA_011605725.1|G0000074
split_0208	GCA_015520475.1|G0000087
split_0208	GCA_018396415.1|G0000117
split_0208	GCA_018396535.1|G0000118
split_0208	GCA_018396755.1|G0000125
split_0208	GCA_019685575.1|G0000140
split_0208	GCA_020345945.1|G0000145
split_0208	GCA_025059045.1|G0000182
split_0208	GCA_026014815.1|G0000189
split_0208	GCA_028275385.1|G0000207
split_0208	GCA_030615265.1|G0000241
split_0208	GCA_030837285.1|G0000247
split_0208	GCA_038846965.1|G0000270
split_0208	GOMC.bin.16739|G0000324
split_0208	GOMC.bin.2843|G0000332
split_0208	GOMC.bin.2900|G0000336
split_0208	GOMC.bin.5642|G0000343
split_0209	GCA_001593935.1|G0000018
split_0209	GCA_002490245.1|G0000031
split_0209	GCA_011605725.1|G0000074
split_0209	GCA_015520475.1|G0000087
split_0209	GCA_018396415.1|G0000117
split_0209	GCA_018396535.1|G0000118
split_0209	GCA_018396755.1|G0000125
split_0209	GCA_019685575.1|G0000140
split_0209	GCA_020345945.1|G0000145
split_0209	GCA_025059045.1|G0000182
split_0209	GCA_026014815.1|G0000189
split_0209	GCA_028275385.1|G0000207
split_0209	GCA_030615265.1|G0000241
split_0209	GCA_030837285.1|G0000247
split_0209	GCA_038846965.1|G0000270
split_0209	GOMC.bin.16739|G0000324
split_0209	GOMC.bin.2843|G0000332
split_0209	GOMC.bin.2900|G0000336
split_0209	GOMC.bin.5642|G0000343
split_0210	GCA_001593935.1|G0000018
split_0210	GCA_011605725.1|G0000074
split_0210	GCA_015520475.1|G0000087
split_0210	GCA_018396415.1|G0000117
split_0210	GCA_018396535.1|G0000118
split_0210	GCA_018396755.1|G0000125
split_0210	GCA_020345945.1|G0000145
split_0210	GCA_025059045.1|G0000182
split_0210	GCA_030837285.1|G0000247
split_0210	GCA_038846965.1|G0000270
split_0210	GOMC.bin.2843|G0000332
split_0210	GOMC.bin.5642|G0000343
split_0211	GCA_011605725.1|G0000074
split_0211	GCA_015520475.1|G0000087
split_0211	GCA_018396415.1|G0000117
split_0211	GCA_018396535.1|G0000118
split_0211	GCA_018396755.1|G0000125
split_0211	GCA_020345945.1|G0000145
split_0211	GCA_025059045.1|G0000182
split_0211	GCA_030837285.1|G0000247
split_0211	GCA_038846965.1|G0000270
split_0211	GOMC.bin.2843|G0000332
split_0211	GOMC.bin.5642|G0000343
split_0212	GCA_011605725.1|G0000074
split_0212	GCA_018396415.1|G0000117
split_0212	GCA_018396535.1|G0000118
split_0212	GCA_018396755.1|G0000125
split_0212	GCA_020345945.1|G0000145
split_0212	GCA_025059045.1|G0000182
split_0212	GCA_038846965.1|G0000270
split_0212	GOMC.bin.2843|G0000332
split_0212	GOMC.bin.5642|G0000343
split_0213	GCA_011605725.1|G0000074
split_0213	GCA_018396415.1|G0000117
split_0213	GCA_018396535.1|G0000118
split_0213	GCA_020345945.1|G0000145
split_0213	GCA_025059045.1|G0000182
split_0213	GCA_038846965.1|G0000270
split_0213	GOMC.bin.2843|G0000332
split_0213	GOMC.bin.5642|G0000343
split_0214	GCA_011605725.1|G0000074
split_0214	GCA_018396415.1|G0000117
split_0214	GCA_018396535.1|G0000118
split_0214	GCA_020345945.1|G0000145
split_0214	GCA_038846965.1|G0000270
split_0214	GOMC.bin.2843|G0000332
split_0215	GCA_018396415.1|G0000117
split_0215	GCA_018396535.1|G0000118
split_0215	GCA_020345945.1|G0000145
split_0215	GCA_038846965.1|G0000270
split_0215	GOMC.bin.2843|G0000332
split_0216	GCA_018396535.1|G0000118
split_0216	GCA_020345945.1|G0000145
split_0216	GCA_038846965.1|G0000270
split_0216	GOMC.bin.2843|G0000332
split_0217	GCA_018396535.1|G0000118
split_0217	GCA_020345945.1|G0000145
split_0217	GCA_038846965.1|G0000270
split_0218	GCA_018396535.1|G0000118
split_0218	GCA_020345945.1|G0000145
split_0219	GCA_025059045.1|G0000182
split_0219	GOMC.bin.5642|G0000343
split_0220	GCA_015520475.1|G0000087
split_0220	GCA_030837285.1|G0000247
split_0221	GCA_002490245.1|G0000031
split_0221	GCA_019685575.1|G0000140
split_0221	GCA_026014815.1|G0000189
split_0221	GCA_028275385.1|G0000207
split_0221	GCA_030615265.1|G0000241
split_0221	GOMC.bin.16739|G0000324
split_0221	GOMC.bin.2900|G0000336
split_0222	GCA_019685575.1|G0000140
split_0222	GCA_026014815.1|G0000189
split_0222	GCA_028275385.1|G0000207
split_0222	GCA_030615265.1|G0000241
split_0222	GOMC.bin.16739|G0000324
split_0222	GOMC.bin.2900|G0000336
split_0223	GCA_019685575.1|G0000140
split_0223	GCA_026014815.1|G0000189
split_0223	GCA_028275385.1|G0000207
split_0223	GCA_030615265.1|G0000241
split_0223	GOMC.bin.2900|G0000336
split_0224	GCA_019685575.1|G0000140
split_0224	GCA_030615265.1|G0000241
split_0225	GCA_026014815.1|G0000189
split_0225	GCA_028275385.1|G0000207
split_0225	GOMC.bin.2900|G0000336
split_0226	GCA_028275385.1|G0000207
split_0226	GOMC.bin.2900|G0000336
split_0227	GCA_002503985.1|G0000037
split_0227	GCA_004377185.1|G0000062
split_0227	GCA_005878985.1|G0000068
split_0227	GCA_011046235.1|G0000070
split_0227	GCA_014859835.1|G0000085
split_0227	GCA_016874675.1|G0000101
split_0227	GCA_017885655.1|G0000114
split_0227	GCA_018814355.1|G0000131
split_0227	GCA_020029475.1|G0000142
split_0227	GCA_020725985.1|G0000156
split_0227	GCA_021790425.1|G0000168
split_0227	GCA_021798195.1|G0000169
split_0227	GCA_021802125.1|G0000170
split_0227	GCA_022848865.1|G0000172
split_0227	GCA_023379385.1|G0000179
split_0227	GCA_026414225.1|G0000203
split_0227	GCA_028679985.1|G0000208
split_0227	GCA_029858465.1|G0000220
split_0227	GCA_029907465.1|G0000223
split_0227	GCA_029932465.1|G0000224
split_0227	GCA_030018475.1|G0000227
split_0227	GCA_030019485.1|G0000229
split_0227	GCA_030605245.1|G0000234
split_0227	GCA_030606525.1|G0000236
split_0227	GCA_030673205.1|G0000242
split_0227	GCA_036795795.1|G0000258
split_0227	GCA_038851035.1|G0000271
split_0227	GCA_038852315.1|G0000275
split_0227	GCA_041657955.1|G0000289
split_0227	GCA_975093245.1|G0000314
split_0227	GOMC.bin.16989|G0000325
split_0227	GOMC.bin.7988|G0000345
split_0228	GCA_002503985.1|G0000037
split_0228	GCA_004377185.1|G0000062
split_0228	GCA_005878985.1|G0000068
split_0228	GCA_014859835.1|G0000085
split_0228	GCA_016874675.1|G0000101
split_0228	GCA_017885655.1|G0000114
split_0228	GCA_018814355.1|G0000131
split_0228	GCA_020029475.1|G0000142
split_0228	GCA_020725985.1|G0000156
split_0228	GCA_021790425.1|G0000168
split_0228	GCA_021798195.1|G0000169
split_0228	GCA_021802125.1|G0000170
split_0228	GCA_022848865.1|G0000172
split_0228	GCA_023379385.1|G0000179
split_0228	GCA_026414225.1|G0000203
split_0228	GCA_028679985.1|G0000208
split_0228	GCA_029907465.1|G0000223
split_0228	GCA_029932465.1|G0000224
split_0228	GCA_030018475.1|G0000227
split_0228	GCA_030019485.1|G0000229
split_0228	GCA_030605245.1|G0000234
split_0228	GCA_030606525.1|G0000236
split_0228	GCA_030673205.1|G0000242
split_0228	GCA_036795795.1|G0000258
split_0228	GCA_038851035.1|G0000271
split_0228	GCA_038852315.1|G0000275
split_0228	GCA_041657955.1|G0000289
split_0228	GCA_975093245.1|G0000314
split_0228	GOMC.bin.7988|G0000345
split_0229	GCA_002503985.1|G0000037
split_0229	GCA_004377185.1|G0000062
split_0229	GCA_005878985.1|G0000068
split_0229	GCA_016874675.1|G0000101
split_0229	GCA_017885655.1|G0000114
split_0229	GCA_020029475.1|G0000142
split_0229	GCA_021790425.1|G0000168
split_0229	GCA_021798195.1|G0000169
split_0229	GCA_021802125.1|G0000170
split_0229	GCA_022848865.1|G0000172
split_0229	GCA_023379385.1|G0000179
split_0229	GCA_026414225.1|G0000203
split_0229	GCA_029932465.1|G0000224
split_0229	GCA_030018475.1|G0000227
split_0229	GCA_030019485.1|G0000229
split_0229	GCA_030605245.1|G0000234
split_0229	GCA_030606525.1|G0000236
split_0229	GCA_036795795.1|G0000258
split_0229	GCA_038851035.1|G0000271
split_0229	GCA_041657955.1|G0000289
split_0229	GCA_975093245.1|G0000314
split_0229	GOMC.bin.7988|G0000345
split_0230	GCA_002503985.1|G0000037
split_0230	GCA_004377185.1|G0000062
split_0230	GCA_005878985.1|G0000068
split_0230	GCA_016874675.1|G0000101
split_0230	GCA_017885655.1|G0000114
split_0230	GCA_020029475.1|G0000142
split_0230	GCA_021790425.1|G0000168
split_0230	GCA_021798195.1|G0000169
split_0230	GCA_021802125.1|G0000170
split_0230	GCA_022848865.1|G0000172
split_0230	GCA_030018475.1|G0000227
split_0230	GCA_030019485.1|G0000229
split_0230	GCA_030605245.1|G0000234
split_0230	GCA_030606525.1|G0000236
split_0230	GCA_036795795.1|G0000258
split_0230	GCA_038851035.1|G0000271
split_0230	GCA_041657955.1|G0000289
split_0230	GCA_975093245.1|G0000314
split_0230	GOMC.bin.7988|G0000345
split_0231	GCA_002503985.1|G0000037
split_0231	GCA_004377185.1|G0000062
split_0231	GCA_005878985.1|G0000068
split_0231	GCA_016874675.1|G0000101
split_0231	GCA_017885655.1|G0000114
split_0231	GCA_020029475.1|G0000142
split_0231	GCA_021790425.1|G0000168
split_0231	GCA_021798195.1|G0000169
split_0231	GCA_021802125.1|G0000170
split_0231	GCA_022848865.1|G0000172
split_0231	GCA_036795795.1|G0000258
split_0231	GCA_038851035.1|G0000271
split_0231	GCA_975093245.1|G0000314
split_0231	GOMC.bin.7988|G0000345
split_0232	GCA_002503985.1|G0000037
split_0232	GCA_004377185.1|G0000062
split_0232	GCA_005878985.1|G0000068
split_0232	GCA_016874675.1|G0000101
split_0232	GCA_017885655.1|G0000114
split_0232	GCA_020029475.1|G0000142
split_0232	GCA_021790425.1|G0000168
split_0232	GCA_021798195.1|G0000169
split_0232	GCA_021802125.1|G0000170
split_0232	GCA_022848865.1|G0000172
split_0232	GCA_038851035.1|G0000271
split_0232	GCA_975093245.1|G0000314
split_0232	GOMC.bin.7988|G0000345
split_0233	GCA_002503985.1|G0000037
split_0233	GCA_004377185.1|G0000062
split_0233	GCA_021790425.1|G0000168
split_0233	GCA_021798195.1|G0000169
split_0233	GCA_021802125.1|G0000170
split_0233	GCA_022848865.1|G0000172
split_0233	GOMC.bin.7988|G0000345
split_0234	GCA_002503985.1|G0000037
split_0234	GCA_004377185.1|G0000062
split_0234	GCA_021790425.1|G0000168
split_0234	GCA_021798195.1|G0000169
split_0234	GCA_021802125.1|G0000170
split_0234	GOMC.bin.7988|G0000345
split_0235	GCA_002503985.1|G0000037
split_0235	GCA_021790425.1|G0000168
split_0235	GCA_021798195.1|G0000169
split_0235	GCA_021802125.1|G0000170
split_0236	GCA_021790425.1|G0000168
split_0236	GCA_021798195.1|G0000169
split_0236	GCA_021802125.1|G0000170
split_0237	GCA_021790425.1|G0000168
split_0237	GCA_021798195.1|G0000169
split_0238	GCA_004377185.1|G0000062
split_0238	GOMC.bin.7988|G0000345
split_0239	GCA_005878985.1|G0000068
split_0239	GCA_016874675.1|G0000101
split_0239	GCA_017885655.1|G0000114
split_0239	GCA_020029475.1|G0000142
split_0239	GCA_038851035.1|G0000271
split_0239	GCA_975093245.1|G0000314
split_0240	GCA_005878985.1|G0000068
split_0240	GCA_017885655.1|G0000114
split_0240	GCA_020029475.1|G0000142
split_0240	GCA_975093245.1|G0000314
split_0241	GCA_005878985.1|G0000068
split_0241	GCA_017885655.1|G0000114
split_0242	GCA_020029475.1|G0000142
split_0242	GCA_975093245.1|G0000314
split_0243	GCA_016874675.1|G0000101
split_0243	GCA_038851035.1|G0000271
split_0244	GCA_030018475.1|G0000227
split_0244	GCA_030019485.1|G0000229
split_0244	GCA_030605245.1|G0000234
split_0244	GCA_030606525.1|G0000236
split_0244	GCA_041657955.1|G0000289
split_0245	GCA_030018475.1|G0000227
split_0245	GCA_030019485.1|G0000229
split_0245	GCA_030605245.1|G0000234
split_0245	GCA_041657955.1|G0000289
split_0246	GCA_030018475.1|G0000227
split_0246	GCA_030019485.1|G0000229
split_0246	GCA_030605245.1|G0000234
split_0247	GCA_030019485.1|G0000229
split_0247	GCA_030605245.1|G0000234
split_0248	GCA_023379385.1|G0000179
split_0248	GCA_026414225.1|G0000203
split_0248	GCA_029932465.1|G0000224
split_0249	GCA_023379385.1|G0000179
split_0249	GCA_029932465.1|G0000224
split_0250	GCA_014859835.1|G0000085
split_0250	GCA_018814355.1|G0000131
split_0250	GCA_020725985.1|G0000156
split_0250	GCA_028679985.1|G0000208
split_0250	GCA_029907465.1|G0000223
split_0250	GCA_030673205.1|G0000242
split_0250	GCA_038852315.1|G0000275
split_0251	GCA_014859835.1|G0000085
split_0251	GCA_018814355.1|G0000131
split_0251	GCA_038852315.1|G0000275
split_0252	GCA_014859835.1|G0000085
split_0252	GCA_018814355.1|G0000131
split_0253	GCA_020725985.1|G0000156
split_0253	GCA_028679985.1|G0000208
split_0253	GCA_029907465.1|G0000223
split_0253	GCA_030673205.1|G0000242
split_0254	GCA_020725985.1|G0000156
split_0254	GCA_028679985.1|G0000208
split_0254	GCA_029907465.1|G0000223
split_0255	GCA_020725985.1|G0000156
split_0255	GCA_028679985.1|G0000208
split_0256	GCA_011046235.1|G0000070
split_0256	GCA_029858465.1|G0000220
split_0256	GOMC.bin.16989|G0000325
split_0257	GCA_011046235.1|G0000070
split_0257	GCA_029858465.1|G0000220
split_0258	GCA_001593855.1|G0000014
split_0258	GCA_001766815.1|G0000022
split_0258	GCA_001940655.1|G0000023
split_0258	GCA_002067315.1|G0000026
split_0258	GCA_002494765.1|G0000032
split_0258	GCA_002497075.1|G0000033
split_0258	GCA_002502685.1|G0000036
split_0258	GCA_004212075.1|G0000058
split_0258	GCA_004524365.1|G0000063
split_0258	GCA_004524535.1|G0000065
split_0258	GCA_005223125.1|G0000067
split_0258	GCA_011364925.1|G0000073
split_0258	GCA_014729055.1|G0000081
split_0258	GCA_014730165.1|G0000082
split_0258	GCA_014859835.1|G0000083
split_0258	GCA_016839425.1|G0000093
split_0258	GCA_016839585.1|G0000094
split_0258	GCA_016839765.1|G0000095
split_0258	GCA_016840695.1|G0000099
split_0258	GCA_016933055.1|G0000105
split_0258	GCA_018396405.1|G0000116
split_0258	GCA_018396865.1|G0000126
split_0258	GCA_018814355.1|G0000129
split_0258	GCA_019057385.1|G0000134
split_0258	GCA_019058015.1|G0000135
split_0258	GCA_019058135.1|G0000136
split_0258	GCA_019058445.1|G0000138
split_0258	GCA_020350825.1|G0000147
split_0258	GCA_020725055.1|G0000155
split_0258	GCA_021161405.1|G0000161
split_0258	GCA_021498095.1|G0000167
split_0258	GCA_025839675.1|G0000186
split_0258	GCA_026394375.1|G0000200
split_0258	GCA_026413605.1|G0000202
split_0258	GCA_027491845.1|G0000205
split_0258	GCA_028716125.1|G0000210
split_0258	GCA_029259155.1|G0000213
split_0258	GCA_029259185.1|G0000215
split_0258	GCA_029838175.1|G0000217
split_0258	GCA_029856295.1|G0000218
split_0258	GCA_030587475.2|G0000230
split_0258	GCA_030604065.1|G0000233
split_0258	GCA_030605385.1|G0000235
split_0258	GCA_030610785.1|G0000237
split_0258	GCA_030611625.1|G0000238
split_0258	GCA_030612095.1|G0000239
split_0258	GCA_030612265.1|G0000240
split_0258	GCA_030837285.1|G0000244
split_0258	GCA_034190145.1|G0000249
split_0258	GCA_034190245.1|G0000250
split_0258	GCA_037386725.1|G0000259
split_0258	GCA_037917685.1|G0000260
split_0258	GCA_038736355.1|G0000263
split_0258	GCA_038817485.1|G0000265
split_0258	GCA_038818435.1|G0000266
split_0258	GCA_038852745.1|G0000278
split_0258	GCA_041305945.1|G0000288
split_0258	GCA_048887225.1|G0000298
split_0258	GCA_048939465.1|G0000301
split_0258	GCA_052246955.1|G0000302
split_0258	GCA_052626505.1|G0000305
split_0258	GCA_054384275.1|G0000307
split_0258	GCA_054384275.1|G0000308
split_0258	GCA_054384595.1|G0000309
split_0258	GCA_054386615.1|G0000310
split_0258	GCA_054387695.1|G0000311
split_0258	GCF_000011005.1|G0000315
split_0258	GCF_021023085.1|G0000319
split_0258	GOMC.bin.11076|G0000320
split_0258	GOMC.bin.1197|G0000321
split_0258	GOMC.bin.2212|G0000328
split_0258	GOMC.bin.2493|G0000329
split_0258	GOMC.bin.2497|G0000330
split_0258	GOMC.bin.9181|G0000346
split_0259	GCA_001593855.1|G0000014
split_0259	GCA_001766815.1|G0000022
split_0259	GCA_002494765.1|G0000032
split_0259	GCA_002497075.1|G0000033
split_0259	GCA_002502685.1|G0000036
split_0259	GCA_004212075.1|G0000058
split_0259	GCA_014859835.1|G0000083
split_0259	GCA_018396405.1|G0000116
split_0259	GCA_018814355.1|G0000129
split_0259	GCA_020350825.1|G0000147
split_0259	GCA_020725055.1|G0000155
split_0259	GCA_021161405.1|G0000161
split_0259	GCA_026394375.1|G0000200
split_0259	GCA_026413605.1|G0000202
split_0259	GCA_027491845.1|G0000205
split_0259	GCA_028716125.1|G0000210
split_0259	GCA_029259155.1|G0000213
split_0259	GCA_029259185.1|G0000215
split_0259	GCA_030604065.1|G0000233
split_0259	GCA_030605385.1|G0000235
split_0259	GCA_030612095.1|G0000239
split_0259	GCA_034190145.1|G0000249
split_0259	GCA_034190245.1|G0000250
split_0259	GCA_037917685.1|G0000260
split_0259	GCA_038736355.1|G0000263
split_0259	GCA_038818435.1|G0000266
split_0259	GCA_038852745.1|G0000278
split_0259	GCA_052246955.1|G0000302
split_0259	GOMC.bin.11076|G0000320
split_0259	GOMC.bin.1197|G0000321
split_0259	GOMC.bin.2212|G0000328
split_0259	GOMC.bin.2493|G0000329
split_0259	GOMC.bin.2497|G0000330
split_0260	GCA_001593855.1|G0000014
split_0260	GCA_001766815.1|G0000022
split_0260	GCA_002494765.1|G0000032
split_0260	GCA_002497075.1|G0000033
split_0260	GCA_002502685.1|G0000036
split_0260	GCA_004212075.1|G0000058
split_0260	GCA_014859835.1|G0000083
split_0260	GCA_018396405.1|G0000116
split_0260	GCA_018814355.1|G0000129
split_0260	GCA_020350825.1|G0000147
split_0260	GCA_020725055.1|G0000155
split_0260	GCA_021161405.1|G0000161
split_0260	GCA_026394375.1|G0000200
split_0260	GCA_026413605.1|G0000202
split_0260	GCA_027491845.1|G0000205
split_0260	GCA_028716125.1|G0000210
split_0260	GCA_029259155.1|G0000213
split_0260	GCA_029259185.1|G0000215
split_0260	GCA_030604065.1|G0000233
split_0260	GCA_030605385.1|G0000235
split_0260	GCA_030612095.1|G0000239
split_0260	GCA_034190145.1|G0000249
split_0260	GCA_034190245.1|G0000250
split_0260	GCA_037917685.1|G0000260
split_0260	GCA_038736355.1|G0000263
split_0260	GCA_038818435.1|G0000266
split_0260	GCA_052246955.1|G0000302
split_0260	GOMC.bin.11076|G0000320
split_0260	GOMC.bin.1197|G0000321
split_0260	GOMC.bin.2212|G0000328
split_0260	GOMC.bin.2493|G0000329
split_0260	GOMC.bin.2497|G0000330
split_0261	GCA_001593855.1|G0000014
split_0261	GCA_001766815.1|G0000022
split_0261	GCA_002494765.1|G0000032
split_0261	GCA_004212075.1|G0000058
split_0261	GCA_018396405.1|G0000116
split_0261	GCA_021161405.1|G0000161
split_0261	GCA_026413605.1|G0000202
split_0261	GCA_027491845.1|G0000205
split_0261	GCA_029259155.1|G0000213
split_0261	GCA_029259185.1|G0000215
split_0261	GCA_030605385.1|G0000235
split_0261	GCA_034190145.1|G0000249
split_0261	GCA_034190245.1|G0000250
split_0261	GCA_037917685.1|G0000260
split_0261	GCA_038736355.1|G0000263
split_0261	GCA_038818435.1|G0000266
split_0261	GCA_052246955.1|G0000302
split_0261	GOMC.bin.11076|G0000320
split_0261	GOMC.bin.1197|G0000321
split_0261	GOMC.bin.2212|G0000328
split_0261	GOMC.bin.2493|G0000329
split_0261	GOMC.bin.2497|G0000330
split_0262	GCA_001593855.1|G0000014
split_0262	GCA_001766815.1|G0000022
split_0262	GCA_002494765.1|G0000032
split_0262	GCA_004212075.1|G0000058
split_0262	GCA_018396405.1|G0000116
split_0262	GCA_021161405.1|G0000161
split_0262	GCA_027491845.1|G0000205
split_0262	GCA_029259185.1|G0000215
split_0262	GCA_030605385.1|G0000235
split_0262	GCA_034190145.1|G0000249
split_0262	GCA_034190245.1|G0000250
split_0262	GCA_037917685.1|G0000260
split_0262	GCA_038736355.1|G0000263
split_0262	GCA_038818435.1|G0000266
split_0262	GCA_052246955.1|G0000302
split_0262	GOMC.bin.11076|G0000320
split_0262	GOMC.bin.1197|G0000321
split_0262	GOMC.bin.2212|G0000328
split_0262	GOMC.bin.2497|G0000330
split_0263	GCA_001593855.1|G0000014
split_0263	GCA_001766815.1|G0000022
split_0263	GCA_002494765.1|G0000032
split_0263	GCA_004212075.1|G0000058
split_0263	GCA_018396405.1|G0000116
split_0263	GCA_027491845.1|G0000205
split_0263	GCA_029259185.1|G0000215
split_0263	GCA_034190145.1|G0000249
split_0263	GCA_034190245.1|G0000250
split_0263	GCA_037917685.1|G0000260
split_0263	GCA_038736355.1|G0000263
split_0263	GCA_038818435.1|G0000266
split_0263	GCA_052246955.1|G0000302
split_0263	GOMC.bin.11076|G0000320
split_0263	GOMC.bin.1197|G0000321
split_0263	GOMC.bin.2212|G0000328
split_0263	GOMC.bin.2497|G0000330
split_0264	GCA_001593855.1|G0000014
split_0264	GCA_001766815.1|G0000022
split_0264	GCA_002494765.1|G0000032
split_0264	GCA_004212075.1|G0000058
split_0264	GCA_027491845.1|G0000205
split_0264	GCA_029259185.1|G0000215
split_0264	GCA_034190145.1|G0000249
split_0264	GCA_034190245.1|G0000250
split_0264	GCA_037917685.1|G0000260
split_0264	GCA_038736355.1|G0000263
split_0264	GCA_052246955.1|G0000302
split_0264	GOMC.bin.11076|G0000320
split_0264	GOMC.bin.1197|G0000321
split_0264	GOMC.bin.2212|G0000328
split_0264	GOMC.bin.2497|G0000330
split_0265	GCA_001593855.1|G0000014
split_0265	GCA_001766815.1|G0000022
split_0265	GCA_002494765.1|G0000032
split_0265	GCA_004212075.1|G0000058
split_0265	GCA_027491845.1|G0000205
split_0265	GCA_029259185.1|G0000215
split_0265	GCA_034190145.1|G0000249
split_0265	GCA_034190245.1|G0000250
split_0265	GCA_037917685.1|G0000260
split_0265	GCA_052246955.1|G0000302
split_0265	GOMC.bin.11076|G0000320
split_0265	GOMC.bin.1197|G0000321
split_0265	GOMC.bin.2212|G0000328
split_0265	GOMC.bin.2497|G0000330
split_0266	GCA_001593855.1|G0000014
split_0266	GCA_001766815.1|G0000022
split_0266	GCA_002494765.1|G0000032
split_0266	GCA_004212075.1|G0000058
split_0266	GCA_027491845.1|G0000205
split_0266	GCA_034190145.1|G0000249
split_0266	GCA_034190245.1|G0000250
split_0266	GCA_037917685.1|G0000260
split_0266	GCA_052246955.1|G0000302
split_0266	GOMC.bin.11076|G0000320
split_0266	GOMC.bin.1197|G0000321
split_0266	GOMC.bin.2212|G0000328
split_0266	GOMC.bin.2497|G0000330
split_0267	GCA_001593855.1|G0000014
split_0267	GCA_001766815.1|G0000022
split_0267	GCA_002494765.1|G0000032
split_0267	GCA_004212075.1|G0000058
split_0267	GCA_027491845.1|G0000205
split_0267	GCA_034190145.1|G0000249
split_0267	GCA_034190245.1|G0000250
split_0267	GCA_037917685.1|G0000260
split_0267	GOMC.bin.11076|G0000320
split_0267	GOMC.bin.2212|G0000328
split_0267	GOMC.bin.2497|G0000330
split_0268	GCA_001593855.1|G0000014
split_0268	GCA_004212075.1|G0000058
split_0268	GCA_027491845.1|G0000205
split_0268	GCA_034190145.1|G0000249
split_0268	GCA_034190245.1|G0000250
split_0268	GCA_037917685.1|G0000260
split_0268	GOMC.bin.11076|G0000320
split_0268	GOMC.bin.2212|G0000328
split_0268	GOMC.bin.2497|G0000330
split_0269	GCA_001593855.1|G0000014
split_0269	GCA_027491845.1|G0000205
split_0269	GOMC.bin.2212|G0000328
split_0269	GOMC.bin.2497|G0000330
split_0270	GCA_001593855.1|G0000014
split_0270	GCA_027491845.1|G0000205
split_0271	GOMC.bin.2212|G0000328
split_0271	GOMC.bin.2497|G0000330
split_0272	GCA_004212075.1|G0000058
split_0272	GCA_034190145.1|G0000249
split_0272	GCA_034190245.1|G0000250
split_0272	GCA_037917685.1|G0000260
split_0272	GOMC.bin.11076|G0000320
split_0273	GCA_004212075.1|G0000058
split_0273	GCA_034190145.1|G0000249
split_0273	GCA_034190245.1|G0000250
split_0273	GOMC.bin.11076|G0000320
split_0274	GCA_004212075.1|G0000058
split_0274	GOMC.bin.11076|G0000320
split_0275	GCA_034190145.1|G0000249
split_0275	GCA_034190245.1|G0000250
split_0276	GCA_001766815.1|G0000022
split_0276	GCA_002494765.1|G0000032
split_0277	GCA_052246955.1|G0000302
split_0277	GOMC.bin.1197|G0000321
split_0278	GCA_018396405.1|G0000116
split_0278	GCA_038818435.1|G0000266
split_0279	GCA_021161405.1|G0000161
split_0279	GCA_030605385.1|G0000235
split_0280	GCA_026413605.1|G0000202
split_0280	GCA_029259155.1|G0000213
split_0280	GOMC.bin.2493|G0000329
split_0281	GCA_029259155.1|G0000213
split_0281	GOMC.bin.2493|G0000329
split_0282	GCA_002497075.1|G0000033
split_0282	GCA_002502685.1|G0000036
split_0282	GCA_014859835.1|G0000083
split_0282	GCA_018814355.1|G0000129
split_0282	GCA_020350825.1|G0000147
split_0282	GCA_020725055.1|G0000155
split_0282	GCA_026394375.1|G0000200
split_0282	GCA_028716125.1|G0000210
split_0282	GCA_030604065.1|G0000233
split_0282	GCA_030612095.1|G0000239
split_0283	GCA_002497075.1|G0000033
split_0283	GCA_002502685.1|G0000036
split_0283	GCA_020350825.1|G0000147
split_0283	GCA_026394375.1|G0000200
split_0283	GCA_030604065.1|G0000233
split_0283	GCA_030612095.1|G0000239
split_0284	GCA_002497075.1|G0000033
split_0284	GCA_026394375.1|G0000200
split_0285	GCA_002502685.1|G0000036
split_0285	GCA_020350825.1|G0000147
split_0285	GCA_030604065.1|G0000233
split_0285	GCA_030612095.1|G0000239
split_0286	GCA_020350825.1|G0000147
split_0286	GCA_030604065.1|G0000233
split_0286	GCA_030612095.1|G0000239
split_0287	GCA_030604065.1|G0000233
split_0287	GCA_030612095.1|G0000239
split_0288	GCA_014859835.1|G0000083
split_0288	GCA_018814355.1|G0000129
split_0288	GCA_020725055.1|G0000155
split_0288	GCA_028716125.1|G0000210
split_0289	GCA_014859835.1|G0000083
split_0289	GCA_018814355.1|G0000129
split_0290	GCA_020725055.1|G0000155
split_0290	GCA_028716125.1|G0000210
split_0291	GCA_001940655.1|G0000023
split_0291	GCA_002067315.1|G0000026
split_0291	GCA_004524365.1|G0000063
split_0291	GCA_004524535.1|G0000065
split_0291	GCA_005223125.1|G0000067
split_0291	GCA_011364925.1|G0000073
split_0291	GCA_014729055.1|G0000081
split_0291	GCA_014730165.1|G0000082
split_0291	GCA_016839425.1|G0000093
split_0291	GCA_016839585.1|G0000094
split_0291	GCA_016839765.1|G0000095
split_0291	GCA_016840695.1|G0000099
split_0291	GCA_016933055.1|G0000105
split_0291	GCA_018396865.1|G0000126
split_0291	GCA_019057385.1|G0000134
split_0291	GCA_019058015.1|G0000135
split_0291	GCA_019058135.1|G0000136
split_0291	GCA_019058445.1|G0000138
split_0291	GCA_021498095.1|G0000167
split_0291	GCA_025839675.1|G0000186
split_0291	GCA_029838175.1|G0000217
split_0291	GCA_029856295.1|G0000218
split_0291	GCA_030587475.2|G0000230
split_0291	GCA_030610785.1|G0000237
split_0291	GCA_030611625.1|G0000238
split_0291	GCA_030612265.1|G0000240
split_0291	GCA_030837285.1|G0000244
split_0291	GCA_037386725.1|G0000259
split_0291	GCA_038817485.1|G0000265
split_0291	GCA_041305945.1|G0000288
split_0291	GCA_048887225.1|G0000298
split_0291	GCA_048939465.1|G0000301
split_0291	GCA_052626505.1|G0000305
split_0291	GCA_054384275.1|G0000307
split_0291	GCA_054384275.1|G0000308
split_0291	GCA_054384595.1|G0000309
split_0291	GCA_054386615.1|G0000310
split_0291	GCA_054387695.1|G0000311
split_0291	GCF_000011005.1|G0000315
split_0291	GCF_021023085.1|G0000319
split_0291	GOMC.bin.9181|G0000346
split_0292	GCA_001940655.1|G0000023
split_0292	GCA_002067315.1|G0000026
split_0292	GCA_004524365.1|G0000063
split_0292	GCA_004524535.1|G0000065
split_0292	GCA_005223125.1|G0000067
split_0292	GCA_011364925.1|G0000073
split_0292	GCA_014729055.1|G0000081
split_0292	GCA_014730165.1|G0000082
split_0292	GCA_016839425.1|G0000093
split_0292	GCA_016839585.1|G0000094
split_0292	GCA_016839765.1|G0000095
split_0292	GCA_016840695.1|G0000099
split_0292	GCA_016933055.1|G0000105
split_0292	GCA_019058015.1|G0000135
split_0292	GCA_019058135.1|G0000136
split_0292	GCA_019058445.1|G0000138
split_0292	GCA_021498095.1|G0000167
split_0292	GCA_025839675.1|G0000186
split_0292	GCA_029838175.1|G0000217
split_0292	GCA_029856295.1|G0000218
split_0292	GCA_030587475.2|G0000230
split_0292	GCA_030610785.1|G0000237
split_0292	GCA_030611625.1|G0000238
split_0292	GCA_030612265.1|G0000240
split_0292	GCA_037386725.1|G0000259
split_0292	GCA_041305945.1|G0000288
split_0292	GCA_048887225.1|G0000298
split_0292	GCA_052626505.1|G0000305
split_0292	GCA_054384275.1|G0000307
split_0292	GCA_054384275.1|G0000308
split_0292	GCA_054384595.1|G0000309
split_0292	GCA_054386615.1|G0000310
split_0292	GCA_054387695.1|G0000311
split_0292	GCF_000011005.1|G0000315
split_0292	GCF_021023085.1|G0000319
split_0292	GOMC.bin.9181|G0000346
split_0293	GCA_001940655.1|G0000023
split_0293	GCA_004524365.1|G0000063
split_0293	GCA_004524535.1|G0000065
split_0293	GCA_005223125.1|G0000067
split_0293	GCA_011364925.1|G0000073
split_0293	GCA_014729055.1|G0000081
split_0293	GCA_014730165.1|G0000082
split_0293	GCA_016839425.1|G0000093
split_0293	GCA_016839585.1|G0000094
split_0293	GCA_016839765.1|G0000095
split_0293	GCA_016840695.1|G0000099
split_0293	GCA_016933055.1|G0000105
split_0293	GCA_019058015.1|G0000135
split_0293	GCA_019058135.1|G0000136
split_0293	GCA_019058445.1|G0000138
split_0293	GCA_021498095.1|G0000167
split_0293	GCA_025839675.1|G0000186
split_0293	GCA_029838175.1|G0000217
split_0293	GCA_029856295.1|G0000218
split_0293	GCA_030587475.2|G0000230
split_0293	GCA_030610785.1|G0000237
split_0293	GCA_030611625.1|G0000238
split_0293	GCA_030612265.1|G0000240
split_0293	GCA_037386725.1|G0000259
split_0293	GCA_041305945.1|G0000288
split_0293	GCA_048887225.1|G0000298
split_0293	GCA_052626505.1|G0000305
split_0293	GCA_054384275.1|G0000307
split_0293	GCA_054384275.1|G0000308
split_0293	GCA_054384595.1|G0000309
split_0293	GCA_054386615.1|G0000310
split_0293	GCA_054387695.1|G0000311
split_0293	GOMC.bin.9181|G0000346
split_0294	GCA_001940655.1|G0000023
split_0294	GCA_004524365.1|G0000063
split_0294	GCA_004524535.1|G0000065
split_0294	GCA_005223125.1|G0000067
split_0294	GCA_011364925.1|G0000073
split_0294	GCA_014729055.1|G0000081
split_0294	GCA_014730165.1|G0000082
split_0294	GCA_016839425.1|G0000093
split_0294	GCA_016839585.1|G0000094
split_0294	GCA_016839765.1|G0000095
split_0294	GCA_016840695.1|G0000099
split_0294	GCA_016933055.1|G0000105
split_0294	GCA_019058015.1|G0000135
split_0294	GCA_019058135.1|G0000136
split_0294	GCA_019058445.1|G0000138
split_0294	GCA_021498095.1|G0000167
split_0294	GCA_025839675.1|G0000186
split_0294	GCA_029838175.1|G0000217
split_0294	GCA_029856295.1|G0000218
split_0294	GCA_030610785.1|G0000237
split_0294	GCA_030611625.1|G0000238
split_0294	GCA_030612265.1|G0000240
split_0294	GCA_037386725.1|G0000259
split_0294	GCA_041305945.1|G0000288
split_0294	GCA_048887225.1|G0000298
split_0294	GCA_052626505.1|G0000305
split_0294	GCA_054384275.1|G0000307
split_0294	GCA_054384275.1|G0000308
split_0294	GCA_054384595.1|G0000309
split_0294	GCA_054387695.1|G0000311
split_0294	GOMC.bin.9181|G0000346
split_0295	GCA_001940655.1|G0000023
split_0295	GCA_014729055.1|G0000081
split_0295	GCA_016933055.1|G0000105
split_0295	GCA_021498095.1|G0000167
split_0295	GCA_025839675.1|G0000186
split_0295	GCA_030611625.1|G0000238
split_0295	GCA_030612265.1|G0000240
split_0295	GCA_041305945.1|G0000288
split_0295	GCA_054384275.1|G0000307
split_0295	GCA_054384275.1|G0000308
split_0295	GCA_054387695.1|G0000311
split_0296	GCA_014729055.1|G0000081
split_0296	GCA_016933055.1|G0000105
split_0296	GCA_021498095.1|G0000167
split_0296	GCA_025839675.1|G0000186
split_0296	GCA_030611625.1|G0000238
split_0296	GCA_030612265.1|G0000240
split_0296	GCA_041305945.1|G0000288
split_0296	GCA_054384275.1|G0000307
split_0296	GCA_054384275.1|G0000308
split_0296	GCA_054387695.1|G0000311
split_0297	GCA_014729055.1|G0000081
split_0297	GCA_021498095.1|G0000167
split_0297	GCA_041305945.1|G0000288
split_0297	GCA_054384275.1|G0000307
split_0297	GCA_054384275.1|G0000308
split_0297	GCA_054387695.1|G0000311
split_0298	GCA_014729055.1|G0000081
split_0298	GCA_041305945.1|G0000288
split_0298	GCA_054384275.1|G0000307
split_0298	GCA_054384275.1|G0000308
split_0299	GCA_041305945.1|G0000288
split_0299	GCA_054384275.1|G0000307
split_0299	GCA_054384275.1|G0000308
split_0300	GCA_054384275.1|G0000307
split_0300	GCA_054384275.1|G0000308
split_0301	GCA_021498095.1|G0000167
split_0301	GCA_054387695.1|G0000311
split_0302	GCA_016933055.1|G0000105
split_0302	GCA_025839675.1|G0000186
split_0302	GCA_030611625.1|G0000238
split_0302	GCA_030612265.1|G0000240
split_0303	GCA_016933055.1|G0000105
split_0303	GCA_025839675.1|G0000186
split_0304	GCA_030611625.1|G0000238
split_0304	GCA_030612265.1|G0000240
split_0305	GCA_004524365.1|G0000063
split_0305	GCA_004524535.1|G0000065
split_0305	GCA_005223125.1|G0000067
split_0305	GCA_011364925.1|G0000073
split_0305	GCA_014730165.1|G0000082
split_0305	GCA_016839425.1|G0000093
split_0305	GCA_016839585.1|G0000094
split_0305	GCA_016839765.1|G0000095
split_0305	GCA_016840695.1|G0000099
split_0305	GCA_019058015.1|G0000135
split_0305	GCA_019058135.1|G0000136
split_0305	GCA_019058445.1|G0000138
split_0305	GCA_029838175.1|G0000217
split_0305	GCA_029856295.1|G0000218
split_0305	GCA_030610785.1|G0000237
split_0305	GCA_037386725.1|G0000259
split_0305	GCA_048887225.1|G0000298
split_0305	GCA_052626505.1|G0000305
split_0305	GCA_054384595.1|G0000309
split_0305	GOMC.bin.9181|G0000346
split_0306	GCA_004524365.1|G0000063
split_0306	GCA_004524535.1|G0000065
split_0306	GCA_005223125.1|G0000067
split_0306	GCA_011364925.1|G0000073
split_0306	GCA_014730165.1|G0000082
split_0306	GCA_016839425.1|G0000093
split_0306	GCA_016839585.1|G0000094
split_0306	GCA_016839765.1|G0000095
split_0306	GCA_016840695.1|G0000099
split_0306	GCA_019058015.1|G0000135
split_0306	GCA_019058135.1|G0000136
split_0306	GCA_019058445.1|G0000138
split_0306	GCA_029856295.1|G0000218
split_0306	GCA_030610785.1|G0000237
split_0306	GCA_037386725.1|G0000259
split_0306	GCA_048887225.1|G0000298
split_0306	GCA_052626505.1|G0000305
split_0306	GCA_054384595.1|G0000309
split_0306	GOMC.bin.9181|G0000346
split_0307	GCA_004524365.1|G0000063
split_0307	GCA_004524535.1|G0000065
split_0307	GCA_014730165.1|G0000082
split_0307	GCA_016839425.1|G0000093
split_0307	GCA_016839585.1|G0000094
split_0307	GCA_016839765.1|G0000095
split_0307	GCA_016840695.1|G0000099
split_0307	GCA_019058015.1|G0000135
split_0307	GCA_019058135.1|G0000136
split_0307	GCA_019058445.1|G0000138
split_0307	GCA_029856295.1|G0000218
split_0307	GCA_030610785.1|G0000237
split_0307	GCA_037386725.1|G0000259
split_0307	GCA_048887225.1|G0000298
split_0307	GCA_052626505.1|G0000305
split_0307	GCA_054384595.1|G0000309
split_0307	GOMC.bin.9181|G0000346
split_0308	GCA_004524365.1|G0000063
split_0308	GCA_004524535.1|G0000065
split_0308	GCA_014730165.1|G0000082
split_0308	GCA_016839425.1|G0000093
split_0308	GCA_016839585.1|G0000094
split_0308	GCA_016839765.1|G0000095
split_0308	GCA_019058015.1|G0000135
split_0308	GCA_019058135.1|G0000136
split_0308	GCA_019058445.1|G0000138
split_0308	GCA_029856295.1|G0000218
split_0308	GCA_030610785.1|G0000237
split_0308	GCA_037386725.1|G0000259
split_0308	GCA_048887225.1|G0000298
split_0308	GCA_052626505.1|G0000305
split_0308	GCA_054384595.1|G0000309
split_0308	GOMC.bin.9181|G0000346
split_0309	GCA_004524365.1|G0000063
split_0309	GCA_004524535.1|G0000065
split_0309	GCA_014730165.1|G0000082
split_0309	GCA_016839425.1|G0000093
split_0309	GCA_016839585.1|G0000094
split_0309	GCA_016839765.1|G0000095
split_0309	GCA_019058015.1|G0000135
split_0309	GCA_019058135.1|G0000136
split_0309	GCA_019058445.1|G0000138
split_0309	GCA_030610785.1|G0000237
split_0309	GCA_037386725.1|G0000259
split_0309	GCA_048887225.1|G0000298
split_0309	GCA_052626505.1|G0000305
split_0309	GCA_054384595.1|G0000309
split_0309	GOMC.bin.9181|G0000346
split_0310	GCA_004524365.1|G0000063
split_0310	GCA_004524535.1|G0000065
split_0310	GCA_014730165.1|G0000082
split_0310	GCA_016839425.1|G0000093
split_0310	GCA_019058015.1|G0000135
split_0310	GCA_019058135.1|G0000136
split_0310	GCA_019058445.1|G0000138
split_0310	GCA_030610785.1|G0000237
split_0310	GCA_037386725.1|G0000259
split_0310	GCA_048887225.1|G0000298
split_0310	GCA_052626505.1|G0000305
split_0310	GCA_054384595.1|G0000309
split_0310	GOMC.bin.9181|G0000346
split_0311	GCA_004524365.1|G0000063
split_0311	GCA_004524535.1|G0000065
split_0311	GCA_016839425.1|G0000093
split_0311	GCA_019058015.1|G0000135
split_0311	GCA_019058135.1|G0000136
split_0311	GCA_019058445.1|G0000138
split_0311	GCA_030610785.1|G0000237
split_0311	GCA_048887225.1|G0000298
split_0311	GCA_054384595.1|G0000309
split_0311	GOMC.bin.9181|G0000346
split_0312	GCA_004524365.1|G0000063
split_0312	GCA_016839425.1|G0000093
split_0312	GCA_019058015.1|G0000135
split_0312	GCA_019058135.1|G0000136
split_0312	GCA_048887225.1|G0000298
split_0312	GOMC.bin.9181|G0000346
split_0313	GCA_004524365.1|G0000063
split_0313	GCA_016839425.1|G0000093
split_0313	GCA_019058015.1|G0000135
split_0313	GCA_019058135.1|G0000136
split_0313	GOMC.bin.9181|G0000346
split_0314	GCA_004524365.1|G0000063
split_0314	GCA_019058015.1|G0000135
split_0314	GCA_019058135.1|G0000136
split_0314	GOMC.bin.9181|G0000346
split_0315	GCA_004524365.1|G0000063
split_0315	GOMC.bin.9181|G0000346
split_0316	GCA_019058015.1|G0000135
split_0316	GCA_019058135.1|G0000136
split_0317	GCA_004524535.1|G0000065
split_0317	GCA_019058445.1|G0000138
split_0317	GCA_030610785.1|G0000237
split_0317	GCA_054384595.1|G0000309
split_0318	GCA_019058445.1|G0000138
split_0318	GCA_030610785.1|G0000237
split_0318	GCA_054384595.1|G0000309
split_0319	GCA_030610785.1|G0000237
split_0319	GCA_054384595.1|G0000309
split_0320	GCA_014730165.1|G0000082
split_0320	GCA_037386725.1|G0000259
split_0320	GCA_052626505.1|G0000305
split_0321	GCA_014730165.1|G0000082
split_0321	GCA_037386725.1|G0000259
split_0322	GCA_016839585.1|G0000094
split_0322	GCA_016839765.1|G0000095
split_0323	GCA_005223125.1|G0000067
split_0323	GCA_011364925.1|G0000073
split_0324	GCA_030587475.2|G0000230
split_0324	GCA_054386615.1|G0000310
split_0325	GCA_002067315.1|G0000026
split_0325	GCF_000011005.1|G0000315
split_0325	GCF_021023085.1|G0000319
split_0326	GCA_002067315.1|G0000026
split_0326	GCF_021023085.1|G0000319
split_0327	GCA_018396865.1|G0000126
split_0327	GCA_019057385.1|G0000134
split_0327	GCA_030837285.1|G0000244
split_0327	GCA_038817485.1|G0000265
split_0327	GCA_048939465.1|G0000301
split_0328	GCA_018396865.1|G0000126
split_0328	GCA_030837285.1|G0000244
split_0328	GCA_038817485.1|G0000265
split_0328	GCA_048939465.1|G0000301
split_0329	GCA_018396865.1|G0000126
split_0329	GCA_038817485.1|G0000265
split_0329	GCA_048939465.1|G0000301
split_0330	GCA_018396865.1|G0000126
split_0330	GCA_048939465.1|G0000301
split_0331	GCA_014728835.1|G0000080
split_0331	GCA_016292335.1|G0000088
split_0332	GCA_001273385.1|G0000008
split_0332	GCA_001593935.1|G0000019
split_0332	GCA_002011035.2|G0000025
split_0332	GCA_016926735.1|G0000102
split_0332	GCA_017601265.1|G0000110
split_0332	GCA_018396535.1|G0000119
split_0332	GCA_018397035.1|G0000128
split_0332	GCA_023131225.1|G0000174
split_0332	GCA_025058425.1|G0000180
split_0332	GCA_025059045.1|G0000181
split_0332	GCA_038825625.1|G0000268
split_0332	GCA_038873015.1|G0000281
split_0332	GCA_038883335.1|G0000283
split_0332	GOMC.bin.1512|G0000323
split_0333	GCA_001273385.1|G0000008
split_0333	GCA_001593935.1|G0000019
split_0333	GCA_002011035.2|G0000025
split_0333	GCA_016926735.1|G0000102
split_0333	GCA_017601265.1|G0000110
split_0333	GCA_018396535.1|G0000119
split_0333	GCA_018397035.1|G0000128
split_0333	GCA_023131225.1|G0000174
split_0333	GCA_025059045.1|G0000181
split_0333	GCA_038825625.1|G0000268
split_0333	GCA_038873015.1|G0000281
split_0333	GCA_038883335.1|G0000283
split_0333	GOMC.bin.1512|G0000323
split_0334	GCA_001273385.1|G0000008
split_0334	GCA_002011035.2|G0000025
split_0334	GCA_016926735.1|G0000102
split_0334	GCA_017601265.1|G0000110
split_0334	GCA_023131225.1|G0000174
split_0334	GCA_038883335.1|G0000283
split_0335	GCA_001273385.1|G0000008
split_0335	GCA_002011035.2|G0000025
split_0335	GCA_016926735.1|G0000102
split_0335	GCA_017601265.1|G0000110
split_0335	GCA_023131225.1|G0000174
split_0336	GCA_001273385.1|G0000008
split_0336	GCA_017601265.1|G0000110
split_0337	GCA_002011035.2|G0000025
split_0337	GCA_016926735.1|G0000102
split_0337	GCA_023131225.1|G0000174
split_0338	GCA_002011035.2|G0000025
split_0338	GCA_023131225.1|G0000174
split_0339	GCA_001593935.1|G0000019
split_0339	GCA_018396535.1|G0000119
split_0339	GCA_018397035.1|G0000128
split_0339	GCA_025059045.1|G0000181
split_0339	GCA_038825625.1|G0000268
split_0339	GCA_038873015.1|G0000281
split_0339	GOMC.bin.1512|G0000323
split_0340	GCA_001593935.1|G0000019
split_0340	GCA_018396535.1|G0000119
split_0340	GCA_018397035.1|G0000128
split_0340	GCA_025059045.1|G0000181
split_0340	GCA_038825625.1|G0000268
split_0340	GCA_038873015.1|G0000281
split_0341	GCA_001593935.1|G0000019
split_0341	GCA_018396535.1|G0000119
split_0341	GCA_025059045.1|G0000181
split_0341	GCA_038825625.1|G0000268
split_0342	GCA_018396535.1|G0000119
split_0342	GCA_025059045.1|G0000181
split_0342	GCA_038825625.1|G0000268
split_0343	GCA_018396535.1|G0000119
split_0343	GCA_038825625.1|G0000268
split_0344	GCA_018397035.1|G0000128
split_0344	GCA_038873015.1|G0000281
split_0345	GCA_023269735.1|G0000178
split_0345	GCA_027492035.1|G0000206
