split_id	gene_id
split_0001	ERR2027894_bin.22|G0000002
split_0001	ERR2027902_bin.36|G0000003
split_0002	CRR476095_bin.3|G0000001
split_0002	ERR2027894_bin.22|G0000002
split_0002	ERR2027902_bin.36|G0000003
split_0003	CRR476095_bin.3|G0000001
split_0003	ERR2027894_bin.22|G0000002
split_0003	ERR2027902_bin.36|G0000003
split_0003	GCA_000166095.1|G0000005
split_0003	GCA_000309865.1|G0000009
split_0003	GCA_001507955.1|G0000014
split_0003	GCF_000008645.1|G0000248
split_0004	CRR476095_bin.3|G0000001
split_0004	ERR2027894_bin.22|G0000002
split_0004	ERR2027902_bin.36|G0000003
split_0004	GCA_000166095.1|G0000005
split_0004	GCA_000309865.1|G0000009
split_0004	GCA_001507955.1|G0000014
split_0004	GCA_013154335.1|G0000078
split_0004	GCF_000008645.1|G0000248
split_0004	GCF_000023985.1|G0000254
split_0004	GCF_000214415.1|G0000257
split_0005	CRR476095_bin.3|G0000001
split_0005	ERR2027894_bin.22|G0000002
split_0005	ERR2027902_bin.36|G0000003
split_0005	GCA_000166095.1|G0000005
split_0005	GCA_000309865.1|G0000009
split_0005	GCA_001507955.1|G0000014
split_0005	GCA_001509375.1|G0000016
split_0005	GCA_002010075.1|G0000026
split_0005	GCA_002067315.1|G0000032
split_0005	GCA_002067795.1|G0000035
split_0005	GCA_002495885.1|G0000039
split_0005	GCA_002506015.1|G0000043
split_0005	GCA_002813105.2|G0000045
split_0005	GCA_002839545.1|G0000047
split_0005	GCA_003034855.1|G0000048
split_0005	GCA_003104905.1|G0000051
split_0005	GCA_003194445.1|G0000056
split_0005	GCA_013154335.1|G0000078
split_0005	GCA_013331375.1|G0000079
split_0005	GCA_014859725.1|G0000088
split_0005	GCA_015660915.1|G0000090
split_0005	GCA_016212785.1|G0000093
split_0005	GCA_016841265.1|G0000108
split_0005	GCA_018263395.1|G0000113
split_0005	GCA_018830205.1|G0000117
split_0005	GCA_019429385.1|G0000128
split_0005	GCA_021108405.1|G0000135
split_0005	GCA_029259545.1|G0000166
split_0005	GCA_030018435.1|G0000172
split_0005	GCA_030019435.1|G0000173
split_0005	GCA_030605805.1|G0000176
split_0005	GCA_030611265.1|G0000183
split_0005	GCA_030627385.1|G0000187
split_0005	GCA_034659235.1|G0000194
split_0005	GCA_034659235.1|G0000195
split_0005	GCA_035624185.1|G0000198
split_0005	GCA_036446635.1|G0000200
split_0005	GCA_037443105.1|G0000206
split_0005	GCA_974486395.1|G0000247
split_0005	GCF_000008645.1|G0000248
split_0005	GCF_000011005.1|G0000250
split_0005	GCF_000023985.1|G0000254
split_0005	GCF_000214415.1|G0000257
split_0005	GCF_000711905.1|G0000258
split_0005	GCF_002153915.1|G0000260
split_0005	GCF_021023085.1|G0000261
split_0005	GOMC.bin.707|G0000279
split_0006	CRR476095_bin.3|G0000001
split_0006	ERR2027894_bin.22|G0000002
split_0006	ERR2027902_bin.36|G0000003
split_0006	GCA_000166095.1|G0000005
split_0006	GCA_000309865.1|G0000009
split_0006	GCA_001507955.1|G0000014
split_0006	GCA_001509375.1|G0000016
split_0006	GCA_002010075.1|G0000026
split_0006	GCA_002067315.1|G0000032
split_0006	GCA_002067795.1|G0000035
split_0006	GCA_002495885.1|G0000039
split_0006	GCA_002506015.1|G0000043
split_0006	GCA_002813105.2|G0000045
split_0006	GCA_002839545.1|G0000047
split_0006	GCA_003034855.1|G0000048
split_0006	GCA_003104905.1|G0000051
split_0006	GCA_003194445.1|G0000056
split_0006	GCA_013154335.1|G0000078
split_0006	GCA_013331375.1|G0000079
split_0006	GCA_014859725.1|G0000088
split_0006	GCA_015660915.1|G0000090
split_0006	GCA_016212785.1|G0000093
split_0006	GCA_016841265.1|G0000108
split_0006	GCA_018263395.1|G0000113
split_0006	GCA_018830205.1|G0000117
split_0006	GCA_019429385.1|G0000128
split_0006	GCA_021108405.1|G0000135
split_0006	GCA_024860865.1|G0000146
split_0006	GCA_029259545.1|G0000166
split_0006	GCA_030018435.1|G0000172
split_0006	GCA_030019435.1|G0000173
split_0006	GCA_030605805.1|G0000176
split_0006	GCA_030611265.1|G0000183
split_0006	GCA_030627385.1|G0000187
split_0006	GCA_034659235.1|G0000194
split_0006	GCA_034659235.1|G0000195
split_0006	GCA_035624185.1|G0000198
split_0006	GCA_036446635.1|G0000200
split_0006	GCA_037443105.1|G0000206
split_0006	GCA_974486395.1|G0000247
split_0006	GCF_000008645.1|G0000248
split_0006	GCF_000011005.1|G0000250
split_0006	GCF_000023985.1|G0000254
split_0006	GCF_000214415.1|G0000257
split_0006	GCF_000711905.1|G0000258
split_0006	GCF_002153915.1|G0000260
split_0006	GCF_021023085.1|G0000261
split_0006	GOMC.bin.707|G0000279
split_0007	CRR476095_bin.3|G0000001
split_0007	ERR2027894_bin.22|G0000002
split_0007	ERR2027902_bin.36|G0000003
split_0007	GCA_000166095.1|G0000005
split_0007	GCA_000309865.1|G0000009
split_0007	GCA_001507955.1|G0000014
split_0007	GCA_001509375.1|G0000016
split_0007	GCA_002010075.1|G0000026
split_0007	GCA_002067315.1|G0000032
split_0007	GCA_002067795.1|G0000035
split_0007	GCA_002494765.1|G0000037
split_0007	GCA_002495025.1|G0000038
split_0007	GCA_002495885.1|G0000039
split_0007	GCA_002506015.1|G0000043
split_0007	GCA_002813105.2|G0000045
split_0007	GCA_002839545.1|G0000047
split_0007	GCA_003034855.1|G0000048
split_0007	GCA_003104905.1|G0000051
split_0007	GCA_003194445.1|G0000056
split_0007	GCA_003601775.1|G0000060
split_0007	GCA_004347965.1|G0000068
split_0007	GCA_013154335.1|G0000078
split_0007	GCA_013331375.1|G0000079
split_0007	GCA_014859725.1|G0000088
split_0007	GCA_015660915.1|G0000090
split_0007	GCA_016212785.1|G0000093
split_0007	GCA_016840425.1|G0000105
split_0007	GCA_016840465.1|G0000106
split_0007	GCA_016841265.1|G0000108
split_0007	GCA_018263395.1|G0000113
split_0007	GCA_018396695.1|G0000114
split_0007	GCA_018830205.1|G0000117
split_0007	GCA_019058495.1|G0000126
split_0007	GCA_019429385.1|G0000128
split_0007	GCA_021108405.1|G0000135
split_0007	GCA_022759365.1|G0000140
split_0007	GCA_024860865.1|G0000146
split_0007	GCA_026014495.1|G0000152
split_0007	GCA_027068725.1|G0000156
split_0007	GCA_029259155.1|G0000161
split_0007	GCA_029259355.1|G0000164
split_0007	GCA_029259545.1|G0000166
split_0007	GCA_029856435.1|G0000170
split_0007	GCA_029932835.1|G0000171
split_0007	GCA_030018435.1|G0000172
split_0007	GCA_030019435.1|G0000173
split_0007	GCA_030605805.1|G0000176
split_0007	GCA_030611265.1|G0000183
split_0007	GCA_030627385.1|G0000187
split_0007	GCA_034659235.1|G0000194
split_0007	GCA_034659235.1|G0000195
split_0007	GCA_035624185.1|G0000198
split_0007	GCA_036446635.1|G0000200
split_0007	GCA_037310415.1|G0000204
split_0007	GCA_037443105.1|G0000206
split_0007	GCA_038818435.1|G0000208
split_0007	GCA_038819355.1|G0000209
split_0007	GCA_038820475.1|G0000211
split_0007	GCA_038825615.1|G0000213
split_0007	GCA_038840055.1|G0000215
split_0007	GCA_038852285.1|G0000217
split_0007	GCA_038852745.1|G0000218
split_0007	GCA_038866625.1|G0000219
split_0007	GCA_041306005.1|G0000222
split_0007	GCA_054385715.1|G0000240
split_0007	GCA_974486395.1|G0000247
split_0007	GCF_000008645.1|G0000248
split_0007	GCF_000011005.1|G0000250
split_0007	GCF_000023985.1|G0000254
split_0007	GCF_000214415.1|G0000257
split_0007	GCF_000711905.1|G0000258
split_0007	GCF_002153915.1|G0000260
split_0007	GCF_021023085.1|G0000261
split_0007	GOMC.bin.14807|G0000267
split_0007	GOMC.bin.16766|G0000269
split_0007	GOMC.bin.3028|G0000274
split_0007	GOMC.bin.5632|G0000278
split_0007	GOMC.bin.707|G0000279
split_0008	GCA_000145985.1|G0000004
split_0008	GCA_000402775.1|G0000011
split_0008	GCA_001593935.1|G0000019
split_0008	GCA_001723845.1|G0000020
split_0008	GCA_001742785.1|G0000021
split_0008	GCA_001873845.1|G0000023
split_0008	GCA_001940655.1|G0000024
split_0008	GCA_002009975.1|G0000025
split_0008	GCA_003144275.1|G0000053
split_0008	GCA_005191425.1|G0000072
split_0008	GCA_014729055.1|G0000083
split_0008	GCA_014729705.1|G0000084
split_0008	GCA_015520395.1|G0000089
split_0008	GCA_016212395.1|G0000092
split_0008	GCA_016292335.1|G0000094
split_0008	GCA_016839295.1|G0000096
split_0008	GCA_016931955.1|G0000110
split_0008	GCA_021498085.1|G0000136
split_0008	GCA_021498095.1|G0000137
split_0008	GCA_023252215.1|G0000143
split_0008	GCA_025059075.1|G0000148
split_0008	GCA_025340205.1|G0000149
split_0008	GCA_025839675.1|G0000150
split_0008	GCA_027491455.1|G0000157
split_0008	GCA_027492035.1|G0000158
split_0008	GCA_029259245.1|G0000163
split_0008	GCA_030611625.1|G0000184
split_0008	GCA_030612265.1|G0000186
split_0008	GCA_030633595.1|G0000188
split_0008	GCA_030633635.1|G0000189
split_0008	GCA_034660795.1|G0000196
split_0008	GCA_038850485.1|G0000216
split_0008	GCA_041657955.1|G0000223
split_0008	GCA_048886645.1|G0000225
split_0008	GCA_054384275.1|G0000238
split_0008	GCA_054387695.1|G0000242
split_0008	GCA_902384795.1|G0000244
split_0008	GCA_964012725.1|G0000246
split_0008	GOMC.bin.18048|G0000270
split_0008	GOMC.bin.2492|G0000272
split_0008	GOMC.bin.2843|G0000273
split_0008	GOMC.bin.3628|G0000276
split_0009	GCA_000145985.1|G0000004
split_0009	GCA_001593935.1|G0000019
split_0009	GCA_015520395.1|G0000089
split_0009	GCA_025059075.1|G0000148
split_0009	GCA_025340205.1|G0000149
split_0009	GCA_027491455.1|G0000157
split_0009	GCA_027492035.1|G0000158
split_0009	GOMC.bin.18048|G0000270
split_0009	GOMC.bin.2492|G0000272
split_0009	GOMC.bin.2843|G0000273
split_0009	GOMC.bin.3628|G0000276
split_0010	GCA_000145985.1|G0000004
split_0010	GCA_001593935.1|G0000019
split_0010	GCA_015520395.1|G0000089
split_0010	GCA_025059075.1|G0000148
split_0010	GCA_025340205.1|G0000149
split_0010	GOMC.bin.2843|G0000273
split_0010	GOMC.bin.3628|G0000276
split_0011	GCA_000145985.1|G0000004
split_0011	GCA_025059075.1|G0000148
split_0012	GCA_001593935.1|G0000019
split_0012	GCA_015520395.1|G0000089
split_0012	GCA_025340205.1|G0000149
split_0012	GOMC.bin.2843|G0000273
split_0012	GOMC.bin.3628|G0000276
split_0013	GCA_001593935.1|G0000019
split_0013	GOMC.bin.2843|G0000273
split_0013	GOMC.bin.3628|G0000276
split_0014	GCA_001593935.1|G0000019
split_0014	GOMC.bin.2843|G0000273
split_0015	GCA_015520395.1|G0000089
split_0015	GCA_025340205.1|G0000149
split_0016	GCA_027491455.1|G0000157
split_0016	GCA_027492035.1|G0000158
split_0016	GOMC.bin.18048|G0000270
split_0016	GOMC.bin.2492|G0000272
split_0017	GCA_027491455.1|G0000157
split_0017	GCA_027492035.1|G0000158
split_0018	GOMC.bin.18048|G0000270
split_0018	GOMC.bin.2492|G0000272
split_0019	GCA_000402775.1|G0000011
split_0019	GCA_001723845.1|G0000020
split_0019	GCA_001742785.1|G0000021
split_0019	GCA_001873845.1|G0000023
split_0019	GCA_001940655.1|G0000024
split_0019	GCA_002009975.1|G0000025
split_0019	GCA_003144275.1|G0000053
split_0019	GCA_005191425.1|G0000072
split_0019	GCA_014729055.1|G0000083
split_0019	GCA_014729705.1|G0000084
split_0019	GCA_016212395.1|G0000092
split_0019	GCA_016292335.1|G0000094
split_0019	GCA_016839295.1|G0000096
split_0019	GCA_016931955.1|G0000110
split_0019	GCA_021498085.1|G0000136
split_0019	GCA_021498095.1|G0000137
split_0019	GCA_023252215.1|G0000143
split_0019	GCA_025839675.1|G0000150
split_0019	GCA_029259245.1|G0000163
split_0019	GCA_030611625.1|G0000184
split_0019	GCA_030612265.1|G0000186
split_0019	GCA_030633595.1|G0000188
split_0019	GCA_030633635.1|G0000189
split_0019	GCA_034660795.1|G0000196
split_0019	GCA_038850485.1|G0000216
split_0019	GCA_041657955.1|G0000223
split_0019	GCA_048886645.1|G0000225
split_0019	GCA_054384275.1|G0000238
split_0019	GCA_054387695.1|G0000242
split_0019	GCA_902384795.1|G0000244
split_0019	GCA_964012725.1|G0000246
split_0020	GCA_000402775.1|G0000011
split_0020	GCA_001723845.1|G0000020
split_0020	GCA_001742785.1|G0000021
split_0020	GCA_001873845.1|G0000023
split_0020	GCA_002009975.1|G0000025
split_0020	GCA_003144275.1|G0000053
split_0020	GCA_005191425.1|G0000072
split_0020	GCA_014729055.1|G0000083
split_0020	GCA_014729705.1|G0000084
split_0020	GCA_016212395.1|G0000092
split_0020	GCA_016292335.1|G0000094
split_0020	GCA_016839295.1|G0000096
split_0020	GCA_016931955.1|G0000110
split_0020	GCA_021498085.1|G0000136
split_0020	GCA_021498095.1|G0000137
split_0020	GCA_023252215.1|G0000143
split_0020	GCA_025839675.1|G0000150
split_0020	GCA_029259245.1|G0000163
split_0020	GCA_030611625.1|G0000184
split_0020	GCA_030612265.1|G0000186
split_0020	GCA_030633595.1|G0000188
split_0020	GCA_030633635.1|G0000189
split_0020	GCA_034660795.1|G0000196
split_0020	GCA_038850485.1|G0000216
split_0020	GCA_041657955.1|G0000223
split_0020	GCA_048886645.1|G0000225
split_0020	GCA_054384275.1|G0000238
split_0020	GCA_054387695.1|G0000242
split_0020	GCA_902384795.1|G0000244
split_0020	GCA_964012725.1|G0000246
split_0021	GCA_000402775.1|G0000011
split_0021	GCA_001723845.1|G0000020
split_0021	GCA_001742785.1|G0000021
split_0021	GCA_001873845.1|G0000023
split_0021	GCA_014729705.1|G0000084
split_0021	GCA_016212395.1|G0000092
split_0021	GCA_016931955.1|G0000110
split_0021	GCA_023252215.1|G0000143
split_0021	GCA_030633595.1|G0000188
split_0021	GCA_030633635.1|G0000189
split_0021	GCA_038850485.1|G0000216
split_0021	GCA_902384795.1|G0000244
split_0022	GCA_000402775.1|G0000011
split_0022	GCA_001723845.1|G0000020
split_0022	GCA_001742785.1|G0000021
split_0022	GCA_001873845.1|G0000023
split_0022	GCA_014729705.1|G0000084
split_0022	GCA_016931955.1|G0000110
split_0022	GCA_023252215.1|G0000143
split_0022	GCA_030633595.1|G0000188
split_0022	GCA_030633635.1|G0000189
split_0022	GCA_038850485.1|G0000216
split_0023	GCA_000402775.1|G0000011
split_0023	GCA_001723845.1|G0000020
split_0023	GCA_001742785.1|G0000021
split_0023	GCA_016931955.1|G0000110
split_0023	GCA_023252215.1|G0000143
split_0023	GCA_030633595.1|G0000188
split_0023	GCA_030633635.1|G0000189
split_0024	GCA_001723845.1|G0000020
split_0024	GCA_001742785.1|G0000021
split_0024	GCA_016931955.1|G0000110
split_0024	GCA_023252215.1|G0000143
split_0024	GCA_030633595.1|G0000188
split_0024	GCA_030633635.1|G0000189
split_0025	GCA_001723845.1|G0000020
split_0025	GCA_001742785.1|G0000021
split_0025	GCA_016931955.1|G0000110
split_0025	GCA_023252215.1|G0000143
split_0025	GCA_030633595.1|G0000188
split_0026	GCA_001723845.1|G0000020
split_0026	GCA_016931955.1|G0000110
split_0026	GCA_030633595.1|G0000188
split_0027	GCA_016931955.1|G0000110
split_0027	GCA_030633595.1|G0000188
split_0028	GCA_001742785.1|G0000021
split_0028	GCA_023252215.1|G0000143
split_0029	GCA_001873845.1|G0000023
split_0029	GCA_014729705.1|G0000084
split_0029	GCA_038850485.1|G0000216
split_0030	GCA_001873845.1|G0000023
split_0030	GCA_038850485.1|G0000216
split_0031	GCA_016212395.1|G0000092
split_0031	GCA_902384795.1|G0000244
split_0032	GCA_002009975.1|G0000025
split_0032	GCA_003144275.1|G0000053
split_0032	GCA_005191425.1|G0000072
split_0032	GCA_014729055.1|G0000083
split_0032	GCA_016292335.1|G0000094
split_0032	GCA_016839295.1|G0000096
split_0032	GCA_021498085.1|G0000136
split_0032	GCA_021498095.1|G0000137
split_0032	GCA_025839675.1|G0000150
split_0032	GCA_029259245.1|G0000163
split_0032	GCA_030611625.1|G0000184
split_0032	GCA_030612265.1|G0000186
split_0032	GCA_034660795.1|G0000196
split_0032	GCA_041657955.1|G0000223
split_0032	GCA_048886645.1|G0000225
split_0032	GCA_054384275.1|G0000238
split_0032	GCA_054387695.1|G0000242
split_0032	GCA_964012725.1|G0000246
split_0033	GCA_002009975.1|G0000025
split_0033	GCA_005191425.1|G0000072
split_0033	GCA_021498095.1|G0000137
split_0033	GCA_025839675.1|G0000150
split_0033	GCA_029259245.1|G0000163
split_0033	GCA_030611625.1|G0000184
split_0033	GCA_030612265.1|G0000186
split_0033	GCA_041657955.1|G0000223
split_0033	GCA_054387695.1|G0000242
split_0034	GCA_002009975.1|G0000025
split_0034	GCA_005191425.1|G0000072
split_0034	GCA_021498095.1|G0000137
split_0034	GCA_025839675.1|G0000150
split_0034	GCA_029259245.1|G0000163
split_0034	GCA_030611625.1|G0000184
split_0034	GCA_030612265.1|G0000186
split_0034	GCA_054387695.1|G0000242
split_0035	GCA_002009975.1|G0000025
split_0035	GCA_029259245.1|G0000163
split_0036	GCA_005191425.1|G0000072
split_0036	GCA_021498095.1|G0000137
split_0036	GCA_025839675.1|G0000150
split_0036	GCA_030611625.1|G0000184
split_0036	GCA_030612265.1|G0000186
split_0036	GCA_054387695.1|G0000242
split_0037	GCA_005191425.1|G0000072
split_0037	GCA_021498095.1|G0000137
split_0037	GCA_030611625.1|G0000184
split_0037	GCA_030612265.1|G0000186
split_0037	GCA_054387695.1|G0000242
split_0038	GCA_005191425.1|G0000072
split_0038	GCA_030611625.1|G0000184
split_0038	GCA_030612265.1|G0000186
split_0039	GCA_030611625.1|G0000184
split_0039	GCA_030612265.1|G0000186
split_0040	GCA_021498095.1|G0000137
split_0040	GCA_054387695.1|G0000242
split_0041	GCA_003144275.1|G0000053
split_0041	GCA_014729055.1|G0000083
split_0041	GCA_016292335.1|G0000094
split_0041	GCA_016839295.1|G0000096
split_0041	GCA_021498085.1|G0000136
split_0041	GCA_034660795.1|G0000196
split_0041	GCA_048886645.1|G0000225
split_0041	GCA_054384275.1|G0000238
split_0041	GCA_964012725.1|G0000246
split_0042	GCA_003144275.1|G0000053
split_0042	GCA_016839295.1|G0000096
split_0042	GCA_964012725.1|G0000246
split_0043	GCA_016839295.1|G0000096
split_0043	GCA_964012725.1|G0000246
split_0044	GCA_014729055.1|G0000083
split_0044	GCA_016292335.1|G0000094
split_0044	GCA_021498085.1|G0000136
split_0044	GCA_034660795.1|G0000196
split_0044	GCA_048886645.1|G0000225
split_0044	GCA_054384275.1|G0000238
split_0045	GCA_014729055.1|G0000083
split_0045	GCA_054384275.1|G0000238
split_0046	GCA_016292335.1|G0000094
split_0046	GCA_021498085.1|G0000136
split_0046	GCA_034660795.1|G0000196
split_0046	GCA_048886645.1|G0000225
split_0047	GCA_021498085.1|G0000136
split_0047	GCA_034660795.1|G0000196
split_0047	GCA_048886645.1|G0000225
split_0048	GCA_021498085.1|G0000136
split_0048	GCA_034660795.1|G0000196
split_0049	CRR476095_bin.3|G0000001
split_0049	ERR2027894_bin.22|G0000002
split_0049	ERR2027902_bin.36|G0000003
split_0049	GCA_000145985.1|G0000004
split_0049	GCA_000166095.1|G0000005
split_0049	GCA_000309865.1|G0000009
split_0049	GCA_000402775.1|G0000011
split_0049	GCA_001507955.1|G0000014
split_0049	GCA_001509375.1|G0000016
split_0049	GCA_001593935.1|G0000019
split_0049	GCA_001723845.1|G0000020
split_0049	GCA_001742785.1|G0000021
split_0049	GCA_001873845.1|G0000023
split_0049	GCA_001940655.1|G0000024
split_0049	GCA_002009975.1|G0000025
split_0049	GCA_002010075.1|G0000026
split_0049	GCA_002067315.1|G0000032
split_0049	GCA_002067795.1|G0000035
split_0049	GCA_002494765.1|G0000037
split_0049	GCA_002495025.1|G0000038
split_0049	GCA_002495885.1|G0000039
split_0049	GCA_002506015.1|G0000043
split_0049	GCA_002813105.2|G0000045
split_0049	GCA_002839545.1|G0000047
split_0049	GCA_003034855.1|G0000048
split_0049	GCA_003104905.1|G0000051
split_0049	GCA_003144275.1|G0000053
split_0049	GCA_003194445.1|G0000056
split_0049	GCA_003601775.1|G0000060
split_0049	GCA_004347965.1|G0000068
split_0049	GCA_005191425.1|G0000072
split_0049	GCA_013154335.1|G0000078
split_0049	GCA_013331375.1|G0000079
split_0049	GCA_014729055.1|G0000083
split_0049	GCA_014729705.1|G0000084
split_0049	GCA_014859725.1|G0000088
split_0049	GCA_015520395.1|G0000089
split_0049	GCA_015660915.1|G0000090
split_0049	GCA_016212395.1|G0000092
split_0049	GCA_016212785.1|G0000093
split_0049	GCA_016292335.1|G0000094
split_0049	GCA_016839295.1|G0000096
split_0049	GCA_016840425.1|G0000105
split_0049	GCA_016840465.1|G0000106
split_0049	GCA_016841265.1|G0000108
split_0049	GCA_016931955.1|G0000110
split_0049	GCA_018263395.1|G0000113
split_0049	GCA_018396695.1|G0000114
split_0049	GCA_018830205.1|G0000117
split_0049	GCA_019058495.1|G0000126
split_0049	GCA_019429385.1|G0000128
split_0049	GCA_021108405.1|G0000135
split_0049	GCA_021498085.1|G0000136
split_0049	GCA_021498095.1|G0000137
split_0049	GCA_022759365.1|G0000140
split_0049	GCA_023252215.1|G0000143
split_0049	GCA_024860865.1|G0000146
split_0049	GCA_025059075.1|G0000148
split_0049	GCA_025340205.1|G0000149
split_0049	GCA_025839675.1|G0000150
split_0049	GCA_026014495.1|G0000152
split_0049	GCA_027068725.1|G0000156
split_0049	GCA_027491455.1|G0000157
split_0049	GCA_027492035.1|G0000158
split_0049	GCA_029259155.1|G0000161
split_0049	GCA_029259245.1|G0000163
split_0049	GCA_029259355.1|G0000164
split_0049	GCA_029259545.1|G0000166
split_0049	GCA_029856435.1|G0000170
split_0049	GCA_029932835.1|G0000171
split_0049	GCA_030018435.1|G0000172
split_0049	GCA_030019435.1|G0000173
split_0049	GCA_030605805.1|G0000176
split_0049	GCA_030611265.1|G0000183
split_0049	GCA_030611625.1|G0000184
split_0049	GCA_030612265.1|G0000186
split_0049	GCA_030627385.1|G0000187
split_0049	GCA_030633595.1|G0000188
split_0049	GCA_030633635.1|G0000189
split_0049	GCA_034659235.1|G0000194
split_0049	GCA_034659235.1|G0000195
split_0049	GCA_034660795.1|G0000196
split_0049	GCA_035624185.1|G0000198
split_0049	GCA_036446635.1|G0000200
split_0049	GCA_037310415.1|G0000204
split_0049	GCA_037443105.1|G0000206
split_0049	GCA_038818435.1|G0000208
split_0049	GCA_038819355.1|G0000209
split_0049	GCA_038820475.1|G0000211
split_0049	GCA_038825615.1|G0000213
split_0049	GCA_038840055.1|G0000215
split_0049	GCA_038850485.1|G0000216
split_0049	GCA_038852285.1|G0000217
split_0049	GCA_038852745.1|G0000218
split_0049	GCA_038866625.1|G0000219
split_0049	GCA_041306005.1|G0000222
split_0049	GCA_041657955.1|G0000223
split_0049	GCA_048886645.1|G0000225
split_0049	GCA_054384275.1|G0000238
split_0049	GCA_054385715.1|G0000240
split_0049	GCA_054387695.1|G0000242
split_0049	GCA_902384795.1|G0000244
split_0049	GCA_964012725.1|G0000246
split_0049	GCA_974486395.1|G0000247
split_0049	GCF_000008645.1|G0000248
split_0049	GCF_000011005.1|G0000250
split_0049	GCF_000023985.1|G0000254
split_0049	GCF_000214415.1|G0000257
split_0049	GCF_000711905.1|G0000258
split_0049	GCF_002153915.1|G0000260
split_0049	GCF_021023085.1|G0000261
split_0049	GOMC.bin.14807|G0000267
split_0049	GOMC.bin.16766|G0000269
split_0049	GOMC.bin.18048|G0000270
split_0049	GOMC.bin.2492|G0000272
split_0049	GOMC.bin.2843|G0000273
split_0049	GOMC.bin.3028|G0000274
split_0049	GOMC.bin.3628|G0000276
split_0049	GOMC.bin.5632|G0000278
split_0049	GOMC.bin.707|G0000279
split_0050	CRR476095_bin.3|G0000001
split_0050	ERR2027894_bin.22|G0000002
split_0050	ERR2027902_bin.36|G0000003
split_0050	GCA_000145985.1|G0000004
split_0050	GCA_000166095.1|G0000005
split_0050	GCA_000309865.1|G0000009
split_0050	GCA_000402775.1|G0000011
split_0050	GCA_001507955.1|G0000014
split_0050	GCA_001509375.1|G0000016
split_0050	GCA_001593935.1|G0000019
split_0050	GCA_001723845.1|G0000020
split_0050	GCA_001742785.1|G0000021
split_0050	GCA_001873845.1|G0000023
split_0050	GCA_001940655.1|G0000024
split_0050	GCA_002009975.1|G0000025
split_0050	GCA_002010075.1|G0000026
split_0050	GCA_002067315.1|G0000032
split_0050	GCA_002067795.1|G0000035
split_0050	GCA_002494765.1|G0000037
split_0050	GCA_002495025.1|G0000038
split_0050	GCA_002495885.1|G0000039
split_0050	GCA_002506015.1|G0000043
split_0050	GCA_002813105.2|G0000045
split_0050	GCA_002839545.1|G0000047
split_0050	GCA_003034855.1|G0000048
split_0050	GCA_003104905.1|G0000051
split_0050	GCA_003144275.1|G0000053
split_0050	GCA_003194445.1|G0000056
split_0050	GCA_003601775.1|G0000060
split_0050	GCA_004347965.1|G0000068
split_0050	GCA_005191425.1|G0000072
split_0050	GCA_013152905.1|G0000077
split_0050	GCA_013154335.1|G0000078
split_0050	GCA_013331375.1|G0000079
split_0050	GCA_014729055.1|G0000083
split_0050	GCA_014729705.1|G0000084
split_0050	GCA_014859725.1|G0000088
split_0050	GCA_015520395.1|G0000089
split_0050	GCA_015660915.1|G0000090
split_0050	GCA_016212395.1|G0000092
split_0050	GCA_016212785.1|G0000093
split_0050	GCA_016292335.1|G0000094
split_0050	GCA_016839295.1|G0000096
split_0050	GCA_016840425.1|G0000105
split_0050	GCA_016840465.1|G0000106
split_0050	GCA_016841265.1|G0000108
split_0050	GCA_016931955.1|G0000110
split_0050	GCA_018263395.1|G0000113
split_0050	GCA_018396695.1|G0000114
split_0050	GCA_018830205.1|G0000117
split_0050	GCA_019058495.1|G0000126
split_0050	GCA_019429385.1|G0000128
split_0050	GCA_021108405.1|G0000135
split_0050	GCA_021498085.1|G0000136
split_0050	GCA_021498095.1|G0000137
split_0050	GCA_022759365.1|G0000140
split_0050	GCA_023252215.1|G0000143
split_0050	GCA_024860865.1|G0000146
split_0050	GCA_025059075.1|G0000148
split_0050	GCA_025340205.1|G0000149
split_0050	GCA_025839675.1|G0000150
split_0050	GCA_026014495.1|G0000152
split_0050	GCA_027068725.1|G0000156
split_0050	GCA_027491455.1|G0000157
split_0050	GCA_027492035.1|G0000158
split_0050	GCA_029259155.1|G0000161
split_0050	GCA_029259245.1|G0000163
split_0050	GCA_029259355.1|G0000164
split_0050	GCA_029259545.1|G0000166
split_0050	GCA_029856435.1|G0000170
split_0050	GCA_029932835.1|G0000171
split_0050	GCA_030018435.1|G0000172
split_0050	GCA_030019435.1|G0000173
split_0050	GCA_030605805.1|G0000176
split_0050	GCA_030611265.1|G0000183
split_0050	GCA_030611625.1|G0000184
split_0050	GCA_030612265.1|G0000186
split_0050	GCA_030627385.1|G0000187
split_0050	GCA_030633595.1|G0000188
split_0050	GCA_030633635.1|G0000189
split_0050	GCA_034659235.1|G0000194
split_0050	GCA_034659235.1|G0000195
split_0050	GCA_034660795.1|G0000196
split_0050	GCA_035624185.1|G0000198
split_0050	GCA_036446635.1|G0000200
split_0050	GCA_037310415.1|G0000204
split_0050	GCA_037443105.1|G0000206
split_0050	GCA_038818435.1|G0000208
split_0050	GCA_038819355.1|G0000209
split_0050	GCA_038820475.1|G0000211
split_0050	GCA_038825615.1|G0000213
split_0050	GCA_038840055.1|G0000215
split_0050	GCA_038850485.1|G0000216
split_0050	GCA_038852285.1|G0000217
split_0050	GCA_038852745.1|G0000218
split_0050	GCA_038866625.1|G0000219
split_0050	GCA_041306005.1|G0000222
split_0050	GCA_041657955.1|G0000223
split_0050	GCA_048886645.1|G0000225
split_0050	GCA_052246955.1|G0000230
split_0050	GCA_054384275.1|G0000238
split_0050	GCA_054385715.1|G0000240
split_0050	GCA_054387695.1|G0000242
split_0050	GCA_902384795.1|G0000244
split_0050	GCA_964012725.1|G0000246
split_0050	GCA_974486395.1|G0000247
split_0050	GCF_000008645.1|G0000248
split_0050	GCF_000011005.1|G0000250
split_0050	GCF_000023985.1|G0000254
split_0050	GCF_000214415.1|G0000257
split_0050	GCF_000711905.1|G0000258
split_0050	GCF_002153915.1|G0000260
split_0050	GCF_021023085.1|G0000261
split_0050	GOMC.bin.14807|G0000267
split_0050	GOMC.bin.16766|G0000269
split_0050	GOMC.bin.18048|G0000270
split_0050	GOMC.bin.2492|G0000272
split_0050	GOMC.bin.2843|G0000273
split_0050	GOMC.bin.3028|G0000274
split_0050	GOMC.bin.3628|G0000276
split_0050	GOMC.bin.5632|G0000278
split_0050	GOMC.bin.707|G0000279
split_0051	CRR476095_bin.3|G0000001
split_0051	ERR2027894_bin.22|G0000002
split_0051	ERR2027902_bin.36|G0000003
split_0051	GCA_000145985.1|G0000004
split_0051	GCA_000166095.1|G0000005
split_0051	GCA_000309865.1|G0000009
split_0051	GCA_000402775.1|G0000011
split_0051	GCA_001507955.1|G0000014
split_0051	GCA_001509375.1|G0000016
split_0051	GCA_001593935.1|G0000019
split_0051	GCA_001723845.1|G0000020
split_0051	GCA_001742785.1|G0000021
split_0051	GCA_001873845.1|G0000023
split_0051	GCA_001940655.1|G0000024
split_0051	GCA_002009975.1|G0000025
split_0051	GCA_002010075.1|G0000026
split_0051	GCA_002067315.1|G0000032
split_0051	GCA_002067795.1|G0000035
split_0051	GCA_002494765.1|G0000037
split_0051	GCA_002495025.1|G0000038
split_0051	GCA_002495885.1|G0000039
split_0051	GCA_002506015.1|G0000043
split_0051	GCA_002813105.2|G0000045
split_0051	GCA_002839545.1|G0000047
split_0051	GCA_003034855.1|G0000048
split_0051	GCA_003104905.1|G0000051
split_0051	GCA_003144275.1|G0000053
split_0051	GCA_003194445.1|G0000056
split_0051	GCA_003601775.1|G0000060
split_0051	GCA_003661605.2|G0000063
split_0051	GCA_004347965.1|G0000068
split_0051	GCA_005191425.1|G0000072
split_0051	GCA_013152905.1|G0000077
split_0051	GCA_013154335.1|G0000078
split_0051	GCA_013331375.1|G0000079
split_0051	GCA_014729055.1|G0000083
split_0051	GCA_014729705.1|G0000084
split_0051	GCA_014859725.1|G0000088
split_0051	GCA_015520395.1|G0000089
split_0051	GCA_015660915.1|G0000090
split_0051	GCA_016212395.1|G0000092
split_0051	GCA_016212785.1|G0000093
split_0051	GCA_016292335.1|G0000094
split_0051	GCA_016839295.1|G0000096
split_0051	GCA_016840425.1|G0000105
split_0051	GCA_016840465.1|G0000106
split_0051	GCA_016841265.1|G0000108
split_0051	GCA_016931955.1|G0000110
split_0051	GCA_018263395.1|G0000113
split_0051	GCA_018396695.1|G0000114
split_0051	GCA_018830205.1|G0000117
split_0051	GCA_019058495.1|G0000126
split_0051	GCA_019429385.1|G0000128
split_0051	GCA_021108405.1|G0000135
split_0051	GCA_021498085.1|G0000136
split_0051	GCA_021498095.1|G0000137
split_0051	GCA_022759365.1|G0000140
split_0051	GCA_023252215.1|G0000143
split_0051	GCA_024860865.1|G0000146
split_0051	GCA_025059075.1|G0000148
split_0051	GCA_025340205.1|G0000149
split_0051	GCA_025839675.1|G0000150
split_0051	GCA_026014495.1|G0000152
split_0051	GCA_027068725.1|G0000156
split_0051	GCA_027491455.1|G0000157
split_0051	GCA_027492035.1|G0000158
split_0051	GCA_029259155.1|G0000161
split_0051	GCA_029259245.1|G0000163
split_0051	GCA_029259355.1|G0000164
split_0051	GCA_029259545.1|G0000166
split_0051	GCA_029856435.1|G0000170
split_0051	GCA_029932835.1|G0000171
split_0051	GCA_030018435.1|G0000172
split_0051	GCA_030019435.1|G0000173
split_0051	GCA_030605805.1|G0000176
split_0051	GCA_030611265.1|G0000183
split_0051	GCA_030611625.1|G0000184
split_0051	GCA_030612265.1|G0000186
split_0051	GCA_030627385.1|G0000187
split_0051	GCA_030633595.1|G0000188
split_0051	GCA_030633635.1|G0000189
split_0051	GCA_030750015.1|G0000190
split_0051	GCA_034659235.1|G0000194
split_0051	GCA_034659235.1|G0000195
split_0051	GCA_034660795.1|G0000196
split_0051	GCA_035624185.1|G0000198
split_0051	GCA_036446635.1|G0000200
split_0051	GCA_037310415.1|G0000204
split_0051	GCA_037443105.1|G0000206
split_0051	GCA_038818435.1|G0000208
split_0051	GCA_038819355.1|G0000209
split_0051	GCA_038820475.1|G0000211
split_0051	GCA_038825615.1|G0000213
split_0051	GCA_038840055.1|G0000215
split_0051	GCA_038850485.1|G0000216
split_0051	GCA_038852285.1|G0000217
split_0051	GCA_038852745.1|G0000218
split_0051	GCA_038866625.1|G0000219
split_0051	GCA_041306005.1|G0000222
split_0051	GCA_041657955.1|G0000223
split_0051	GCA_048886645.1|G0000225
split_0051	GCA_052246955.1|G0000230
split_0051	GCA_054384275.1|G0000238
split_0051	GCA_054385715.1|G0000240
split_0051	GCA_054387695.1|G0000242
split_0051	GCA_902384795.1|G0000244
split_0051	GCA_964012725.1|G0000246
split_0051	GCA_974486395.1|G0000247
split_0051	GCF_000008645.1|G0000248
split_0051	GCF_000011005.1|G0000250
split_0051	GCF_000023985.1|G0000254
split_0051	GCF_000214415.1|G0000257
split_0051	GCF_000711905.1|G0000258
split_0051	GCF_002153915.1|G0000260
split_0051	GCF_021023085.1|G0000261
split_0051	GOMC.bin.14807|G0000267
split_0051	GOMC.bin.16766|G0000269
split_0051	GOMC.bin.18048|G0000270
split_0051	GOMC.bin.2492|G0000272
split_0051	GOMC.bin.2843|G0000273
split_0051	GOMC.bin.3028|G0000274
split_0051	GOMC.bin.3628|G0000276
split_0051	GOMC.bin.5632|G0000278
split_0051	GOMC.bin.707|G0000279
split_0052	CRR476095_bin.3|G0000001
split_0052	ERR2027894_bin.22|G0000002
split_0052	ERR2027902_bin.36|G0000003
split_0052	GCA_000145985.1|G0000004
split_0052	GCA_000166095.1|G0000005
split_0052	GCA_000306725.1|G0000007
split_0052	GCA_000309865.1|G0000009
split_0052	GCA_000402775.1|G0000011
split_0052	GCA_001507955.1|G0000014
split_0052	GCA_001509375.1|G0000016
split_0052	GCA_001593935.1|G0000019
split_0052	GCA_001723845.1|G0000020
split_0052	GCA_001742785.1|G0000021
split_0052	GCA_001873845.1|G0000023
split_0052	GCA_001940655.1|G0000024
split_0052	GCA_002009975.1|G0000025
split_0052	GCA_002010075.1|G0000026
split_0052	GCA_002067315.1|G0000032
split_0052	GCA_002067795.1|G0000035
split_0052	GCA_002494765.1|G0000037
split_0052	GCA_002495025.1|G0000038
split_0052	GCA_002495885.1|G0000039
split_0052	GCA_002506015.1|G0000042
split_0052	GCA_002506015.1|G0000043
split_0052	GCA_002813105.2|G0000045
split_0052	GCA_002839545.1|G0000047
split_0052	GCA_003034855.1|G0000048
split_0052	GCA_003104905.1|G0000051
split_0052	GCA_003144275.1|G0000053
split_0052	GCA_003194445.1|G0000056
split_0052	GCA_003194445.1|G0000057
split_0052	GCA_003601775.1|G0000060
split_0052	GCA_003661605.2|G0000063
split_0052	GCA_004347965.1|G0000068
split_0052	GCA_005191425.1|G0000072
split_0052	GCA_013152905.1|G0000077
split_0052	GCA_013154335.1|G0000078
split_0052	GCA_013331375.1|G0000079
split_0052	GCA_014729055.1|G0000083
split_0052	GCA_014729705.1|G0000084
split_0052	GCA_014859725.1|G0000087
split_0052	GCA_014859725.1|G0000088
split_0052	GCA_015520395.1|G0000089
split_0052	GCA_015660915.1|G0000090
split_0052	GCA_016212395.1|G0000092
split_0052	GCA_016212785.1|G0000093
split_0052	GCA_016292335.1|G0000094
split_0052	GCA_016839295.1|G0000096
split_0052	GCA_016840425.1|G0000105
split_0052	GCA_016840465.1|G0000106
split_0052	GCA_016841265.1|G0000107
split_0052	GCA_016841265.1|G0000108
split_0052	GCA_016931955.1|G0000110
split_0052	GCA_018263395.1|G0000113
split_0052	GCA_018396695.1|G0000114
split_0052	GCA_018830205.1|G0000117
split_0052	GCA_019058495.1|G0000126
split_0052	GCA_019429385.1|G0000127
split_0052	GCA_019429385.1|G0000128
split_0052	GCA_021108405.1|G0000133
split_0052	GCA_021108405.1|G0000135
split_0052	GCA_021498085.1|G0000136
split_0052	GCA_021498095.1|G0000137
split_0052	GCA_022759365.1|G0000140
split_0052	GCA_023252215.1|G0000143
split_0052	GCA_024860865.1|G0000146
split_0052	GCA_025059075.1|G0000148
split_0052	GCA_025340205.1|G0000149
split_0052	GCA_025839675.1|G0000150
split_0052	GCA_026014495.1|G0000152
split_0052	GCA_027068725.1|G0000156
split_0052	GCA_027491455.1|G0000157
split_0052	GCA_027492035.1|G0000158
split_0052	GCA_029259155.1|G0000161
split_0052	GCA_029259245.1|G0000163
split_0052	GCA_029259355.1|G0000164
split_0052	GCA_029259545.1|G0000166
split_0052	GCA_029856435.1|G0000170
split_0052	GCA_029932835.1|G0000171
split_0052	GCA_030018435.1|G0000172
split_0052	GCA_030019435.1|G0000173
split_0052	GCA_030605805.1|G0000176
split_0052	GCA_030611265.1|G0000182
split_0052	GCA_030611265.1|G0000183
split_0052	GCA_030611625.1|G0000184
split_0052	GCA_030612265.1|G0000186
split_0052	GCA_030627385.1|G0000187
split_0052	GCA_030633595.1|G0000188
split_0052	GCA_030633635.1|G0000189
split_0052	GCA_030750015.1|G0000190
split_0052	GCA_034659235.1|G0000194
split_0052	GCA_034659235.1|G0000195
split_0052	GCA_034660795.1|G0000196
split_0052	GCA_035624185.1|G0000198
split_0052	GCA_036446635.1|G0000200
split_0052	GCA_037310415.1|G0000204
split_0052	GCA_037443105.1|G0000206
split_0052	GCA_038818435.1|G0000208
split_0052	GCA_038819355.1|G0000209
split_0052	GCA_038820475.1|G0000211
split_0052	GCA_038825615.1|G0000213
split_0052	GCA_038840055.1|G0000215
split_0052	GCA_038850485.1|G0000216
split_0052	GCA_038852285.1|G0000217
split_0052	GCA_038852745.1|G0000218
split_0052	GCA_038866625.1|G0000219
split_0052	GCA_041306005.1|G0000222
split_0052	GCA_041657955.1|G0000223
split_0052	GCA_046546175.1|G0000224
split_0052	GCA_048886645.1|G0000225
split_0052	GCA_052246955.1|G0000230
split_0052	GCA_054384275.1|G0000238
split_0052	GCA_054385715.1|G0000240
split_0052	GCA_054387695.1|G0000242
split_0052	GCA_902384795.1|G0000244
split_0052	GCA_964012725.1|G0000246
split_0052	GCA_974486395.1|G0000247
split_0052	GCF_000008645.1|G0000248
split_0052	GCF_000011005.1|G0000250
split_0052	GCF_000023985.1|G0000254
split_0052	GCF_000214415.1|G0000257
split_0052	GCF_000711905.1|G0000258
split_0052	GCF_002153915.1|G0000260
split_0052	GCF_021023085.1|G0000261
split_0052	GOMC.bin.14807|G0000267
split_0052	GOMC.bin.16766|G0000269
split_0052	GOMC.bin.18048|G0000270
split_0052	GOMC.bin.2492|G0000272
split_0052	GOMC.bin.2843|G0000273
split_0052	GOMC.bin.3028|G0000274
split_0052	GOMC.bin.3628|G0000276
split_0052	GOMC.bin.5632|G0000278
split_0052	GOMC.bin.707|G0000279
split_0053	GCA_000166095.1|G0000006
split_0053	GCA_000309865.1|G0000008
split_0053	GCA_000309865.1|G0000010
split_0053	GCA_001273385.1|G0000012
split_0053	GCA_001507955.1|G0000013
split_0053	GCA_001509375.1|G0000015
split_0053	GCA_001563335.1|G0000017
split_0053	GCA_001593855.1|G0000018
split_0053	GCA_001766815.1|G0000022
split_0053	GCA_002010075.1|G0000027
split_0053	GCA_002010195.1|G0000028
split_0053	GCA_002010215.1|G0000029
split_0053	GCA_002011155.2|G0000031
split_0053	GCA_002067315.1|G0000033
split_0053	GCA_002067795.1|G0000034
split_0053	GCA_002494725.1|G0000036
split_0053	GCA_002501765.1|G0000040
split_0053	GCA_002506015.1|G0000041
split_0053	GCA_002792115.1|G0000044
split_0053	GCA_002839545.1|G0000046
split_0053	GCA_003056285.1|G0000049
split_0053	GCA_003104905.1|G0000050
split_0053	GCA_003133625.1|G0000052
split_0053	GCA_003194425.1|G0000054
split_0053	GCA_003194445.1|G0000055
split_0053	GCA_003345555.1|G0000058
split_0053	GCA_003345595.1|G0000059
split_0053	GCA_003661125.1|G0000061
split_0053	GCA_003661385.1|G0000062
split_0053	GCA_003663585.1|G0000064
split_0053	GCA_004193545.1|G0000065
split_0053	GCA_004212075.1|G0000066
split_0053	GCA_004212085.1|G0000067
split_0053	GCA_004524445.1|G0000069
split_0053	GCA_004524535.1|G0000070
split_0053	GCA_005191415.1|G0000071
split_0053	GCA_005191425.1|G0000073
split_0053	GCA_005223125.1|G0000074
split_0053	GCA_008080745.1|G0000075
split_0053	GCA_011364925.1|G0000076
split_0053	GCA_013331375.1|G0000080
split_0053	GCA_014728035.1|G0000082
split_0053	GCA_014729935.1|G0000085
split_0053	GCA_014730165.1|G0000086
split_0053	GCA_015661555.1|G0000091
split_0053	GCA_016839425.1|G0000097
split_0053	GCA_016839425.1|G0000098
split_0053	GCA_016839445.1|G0000099
split_0053	GCA_016839585.1|G0000100
split_0053	GCA_016839765.1|G0000101
split_0053	GCA_016926735.1|G0000109
split_0053	GCA_016932935.1|G0000111
split_0053	GCA_017883965.1|G0000112
split_0053	GCA_018825425.1|G0000116
split_0053	GCA_018992685.1|G0000118
split_0053	GCA_019057475.1|G0000120
split_0053	GCA_019058015.1|G0000121
split_0053	GCA_019058135.1|G0000122
split_0053	GCA_019058315.1|G0000123
split_0053	GCA_019058445.1|G0000124
split_0053	GCA_019058495.1|G0000125
split_0053	GCA_019685575.1|G0000129
split_0053	GCA_019894715.1|G0000130
split_0053	GCA_020348985.1|G0000131
split_0053	GCA_020355125.1|G0000132
split_0053	GCA_021108405.1|G0000134
split_0053	GCA_021498125.1|G0000138
split_0053	GCA_022615805.1|G0000139
split_0053	GCA_022848865.1|G0000141
split_0053	GCA_023229165.1|G0000142
split_0053	GCA_024275415.1|G0000145
split_0053	GCA_026014495.1|G0000151
split_0053	GCA_026014815.1|G0000153
split_0053	GCA_026413605.1|G0000155
split_0053	GCA_028279645.1|G0000159
split_0053	GCA_029210805.1|G0000160
split_0053	GCA_029259185.1|G0000162
split_0053	GCA_029259545.1|G0000165
split_0053	GCA_029838175.1|G0000167
split_0053	GCA_029855935.1|G0000168
split_0053	GCA_029856435.1|G0000169
split_0053	GCA_030587475.2|G0000174
split_0053	GCA_030605385.1|G0000175
split_0053	GCA_030605805.1|G0000177
split_0053	GCA_030610785.1|G0000178
split_0053	GCA_030610785.1|G0000179
split_0053	GCA_030610785.1|G0000180
split_0053	GCA_030611045.1|G0000181
split_0053	GCA_030612005.1|G0000185
split_0053	GCA_030837285.1|G0000191
split_0053	GCA_034190145.1|G0000192
split_0053	GCA_034190245.1|G0000193
split_0053	GCA_035531115.1|G0000197
split_0053	GCA_036012225.1|G0000199
split_0053	GCA_036514475.1|G0000201
split_0053	GCA_037308085.1|G0000202
split_0053	GCA_037310415.1|G0000203
split_0053	GCA_037386725.1|G0000205
split_0053	GCA_038736355.1|G0000207
split_0053	GCA_038819355.1|G0000210
split_0053	GCA_038820475.1|G0000212
split_0053	GCA_038825615.1|G0000214
split_0053	GCA_038884815.1|G0000220
split_0053	GCA_041305945.1|G0000221
split_0053	GCA_048887225.1|G0000227
split_0053	GCA_048939465.1|G0000229
split_0053	GCA_052246955.1|G0000231
split_0053	GCA_052626505.1|G0000232
split_0053	GCA_054381345.1|G0000233
split_0053	GCA_054381475.1|G0000234
split_0053	GCA_054381495.1|G0000235
split_0053	GCA_054383535.1|G0000236
split_0053	GCA_054383595.1|G0000237
split_0053	GCA_054384595.1|G0000239
split_0053	GCA_054386615.1|G0000241
split_0053	GCA_054390655.1|G0000243
split_0053	GCA_905171695.1|G0000245
split_0053	GCF_000008645.1|G0000249
split_0053	GCF_000011005.1|G0000251
split_0053	GCF_000016125.1|G0000252
split_0053	GCF_000023985.1|G0000253
split_0053	GCF_000148385.1|G0000255
split_0053	GCF_000214415.1|G0000256
split_0053	GCF_000711905.1|G0000259
split_0053	GCF_021023085.1|G0000262
split_0053	GCF_946463545.1|G0000263
split_0053	GOMC.bin.11076|G0000264
split_0053	GOMC.bin.13875|G0000265
split_0053	GOMC.bin.1438|G0000266
split_0053	GOMC.bin.1512|G0000268
split_0053	GOMC.bin.18048|G0000271
split_0053	GOMC.bin.3194|G0000275
split_0053	GOMC.bin.4375|G0000277
split_0053	GOMC.bin.7984|G0000280
split_0053	GOMC.bin.7984|G0000281
split_0053	GOMC.bin.9181|G0000282
split_0054	GCA_000166095.1|G0000006
split_0054	GCA_000309865.1|G0000008
split_0054	GCA_000309865.1|G0000010
split_0054	GCA_001273385.1|G0000012
split_0054	GCA_001507955.1|G0000013
split_0054	GCA_001509375.1|G0000015
split_0054	GCA_001593855.1|G0000018
split_0054	GCA_001766815.1|G0000022
split_0054	GCA_002010075.1|G0000027
split_0054	GCA_002010195.1|G0000028
split_0054	GCA_002010215.1|G0000029
split_0054	GCA_002011155.2|G0000031
split_0054	GCA_002067315.1|G0000033
split_0054	GCA_002067795.1|G0000034
split_0054	GCA_002494725.1|G0000036
split_0054	GCA_002501765.1|G0000040
split_0054	GCA_002506015.1|G0000041
split_0054	GCA_002792115.1|G0000044
split_0054	GCA_002839545.1|G0000046
split_0054	GCA_003056285.1|G0000049
split_0054	GCA_003104905.1|G0000050
split_0054	GCA_003133625.1|G0000052
split_0054	GCA_003194425.1|G0000054
split_0054	GCA_003194445.1|G0000055
split_0054	GCA_003661125.1|G0000061
split_0054	GCA_003661385.1|G0000062
split_0054	GCA_003663585.1|G0000064
split_0054	GCA_004193545.1|G0000065
split_0054	GCA_004212075.1|G0000066
split_0054	GCA_004212085.1|G0000067
split_0054	GCA_013331375.1|G0000080
split_0054	GCA_015661555.1|G0000091
split_0054	GCA_017883965.1|G0000112
split_0054	GCA_018825425.1|G0000116
split_0054	GCA_018992685.1|G0000118
split_0054	GCA_019058495.1|G0000125
split_0054	GCA_019685575.1|G0000129
split_0054	GCA_020355125.1|G0000132
split_0054	GCA_021108405.1|G0000134
split_0054	GCA_022615805.1|G0000139
split_0054	GCA_022848865.1|G0000141
split_0054	GCA_023229165.1|G0000142
split_0054	GCA_026014495.1|G0000151
split_0054	GCA_026014815.1|G0000153
split_0054	GCA_026413605.1|G0000155
split_0054	GCA_028279645.1|G0000159
split_0054	GCA_029259185.1|G0000162
split_0054	GCA_029259545.1|G0000165
split_0054	GCA_029856435.1|G0000169
split_0054	GCA_030605385.1|G0000175
split_0054	GCA_030605805.1|G0000177
split_0054	GCA_030611045.1|G0000181
split_0054	GCA_030837285.1|G0000191
split_0054	GCA_034190145.1|G0000192
split_0054	GCA_034190245.1|G0000193
split_0054	GCA_036012225.1|G0000199
split_0054	GCA_036514475.1|G0000201
split_0054	GCA_037308085.1|G0000202
split_0054	GCA_037310415.1|G0000203
split_0054	GCA_038736355.1|G0000207
split_0054	GCA_038819355.1|G0000210
split_0054	GCA_038820475.1|G0000212
split_0054	GCA_038825615.1|G0000214
split_0054	GCA_038884815.1|G0000220
split_0054	GCA_048939465.1|G0000229
split_0054	GCA_052246955.1|G0000231
split_0054	GCA_905171695.1|G0000245
split_0054	GCF_000008645.1|G0000249
split_0054	GCF_000011005.1|G0000251
split_0054	GCF_000016125.1|G0000252
split_0054	GCF_000023985.1|G0000253
split_0054	GCF_000148385.1|G0000255
split_0054	GCF_000214415.1|G0000256
split_0054	GCF_000711905.1|G0000259
split_0054	GCF_021023085.1|G0000262
split_0054	GCF_946463545.1|G0000263
split_0054	GOMC.bin.11076|G0000264
split_0054	GOMC.bin.13875|G0000265
split_0054	GOMC.bin.1512|G0000268
split_0054	GOMC.bin.18048|G0000271
split_0054	GOMC.bin.3194|G0000275
split_0054	GOMC.bin.4375|G0000277
split_0055	GCA_000166095.1|G0000006
split_0055	GCA_000309865.1|G0000008
split_0055	GCA_000309865.1|G0000010
split_0055	GCA_001273385.1|G0000012
split_0055	GCA_001507955.1|G0000013
split_0055	GCA_001509375.1|G0000015
split_0055	GCA_001593855.1|G0000018
split_0055	GCA_001766815.1|G0000022
split_0055	GCA_002010075.1|G0000027
split_0055	GCA_002010195.1|G0000028
split_0055	GCA_002010215.1|G0000029
split_0055	GCA_002011155.2|G0000031
split_0055	GCA_002067795.1|G0000034
split_0055	GCA_002494725.1|G0000036
split_0055	GCA_002501765.1|G0000040
split_0055	GCA_002792115.1|G0000044
split_0055	GCA_003056285.1|G0000049
split_0055	GCA_003133625.1|G0000052
split_0055	GCA_003194425.1|G0000054
split_0055	GCA_003661125.1|G0000061
split_0055	GCA_003661385.1|G0000062
split_0055	GCA_003663585.1|G0000064
split_0055	GCA_004212075.1|G0000066
split_0055	GCA_004212085.1|G0000067
split_0055	GCA_017883965.1|G0000112
split_0055	GCA_018825425.1|G0000116
split_0055	GCA_018992685.1|G0000118
split_0055	GCA_019058495.1|G0000125
split_0055	GCA_019685575.1|G0000129
split_0055	GCA_020355125.1|G0000132
split_0055	GCA_022615805.1|G0000139
split_0055	GCA_022848865.1|G0000141
split_0055	GCA_023229165.1|G0000142
split_0055	GCA_026014495.1|G0000151
split_0055	GCA_026014815.1|G0000153
split_0055	GCA_026413605.1|G0000155
split_0055	GCA_028279645.1|G0000159
split_0055	GCA_029259185.1|G0000162
split_0055	GCA_029259545.1|G0000165
split_0055	GCA_029856435.1|G0000169
split_0055	GCA_030611045.1|G0000181
split_0055	GCA_030837285.1|G0000191
split_0055	GCA_036012225.1|G0000199
split_0055	GCA_036514475.1|G0000201
split_0055	GCA_037308085.1|G0000202
split_0055	GCA_037310415.1|G0000203
split_0055	GCA_038736355.1|G0000207
split_0055	GCA_038819355.1|G0000210
split_0055	GCA_038820475.1|G0000212
split_0055	GCA_038825615.1|G0000214
split_0055	GCA_038884815.1|G0000220
split_0055	GCA_048939465.1|G0000229
split_0055	GCA_052246955.1|G0000231
split_0055	GCA_905171695.1|G0000245
split_0055	GCF_000008645.1|G0000249
split_0055	GCF_000711905.1|G0000259
split_0055	GOMC.bin.13875|G0000265
split_0055	GOMC.bin.1512|G0000268
split_0055	GOMC.bin.18048|G0000271
split_0055	GOMC.bin.3194|G0000275
split_0055	GOMC.bin.4375|G0000277
split_0056	GCA_000166095.1|G0000006
split_0056	GCA_000309865.1|G0000008
split_0056	GCA_000309865.1|G0000010
split_0056	GCA_001273385.1|G0000012
split_0056	GCA_001507955.1|G0000013
split_0056	GCA_001509375.1|G0000015
split_0056	GCA_001593855.1|G0000018
split_0056	GCA_002010075.1|G0000027
split_0056	GCA_002010195.1|G0000028
split_0056	GCA_002010215.1|G0000029
split_0056	GCA_002011155.2|G0000031
split_0056	GCA_002067795.1|G0000034
split_0056	GCA_002494725.1|G0000036
split_0056	GCA_002501765.1|G0000040
split_0056	GCA_002792115.1|G0000044
split_0056	GCA_003056285.1|G0000049
split_0056	GCA_003133625.1|G0000052
split_0056	GCA_003661385.1|G0000062
split_0056	GCA_003663585.1|G0000064
split_0056	GCA_018825425.1|G0000116
split_0056	GCA_019058495.1|G0000125
split_0056	GCA_019685575.1|G0000129
split_0056	GCA_020355125.1|G0000132
split_0056	GCA_022615805.1|G0000139
split_0056	GCA_022848865.1|G0000141
split_0056	GCA_023229165.1|G0000142
split_0056	GCA_026014495.1|G0000151
split_0056	GCA_026014815.1|G0000153
split_0056	GCA_026413605.1|G0000155
split_0056	GCA_028279645.1|G0000159
split_0056	GCA_029259185.1|G0000162
split_0056	GCA_029259545.1|G0000165
split_0056	GCA_029856435.1|G0000169
split_0056	GCA_030837285.1|G0000191
split_0056	GCA_036012225.1|G0000199
split_0056	GCA_036514475.1|G0000201
split_0056	GCA_037308085.1|G0000202
split_0056	GCA_037310415.1|G0000203
split_0056	GCA_038736355.1|G0000207
split_0056	GCA_038819355.1|G0000210
split_0056	GCA_038820475.1|G0000212
split_0056	GCA_038825615.1|G0000214
split_0056	GCA_038884815.1|G0000220
split_0056	GCA_048939465.1|G0000229
split_0056	GCA_052246955.1|G0000231
split_0056	GCA_905171695.1|G0000245
split_0056	GCF_000008645.1|G0000249
split_0056	GCF_000711905.1|G0000259
split_0056	GOMC.bin.13875|G0000265
split_0056	GOMC.bin.1512|G0000268
split_0056	GOMC.bin.18048|G0000271
split_0056	GOMC.bin.3194|G0000275
split_0057	GCA_000166095.1|G0000006
split_0057	GCA_000309865.1|G0000008
split_0057	GCA_000309865.1|G0000010
split_0057	GCA_001273385.1|G0000012
split_0057	GCA_001507955.1|G0000013
split_0057	GCA_001509375.1|G0000015
split_0057	GCA_001593855.1|G0000018
split_0057	GCA_002010075.1|G0000027
split_0057	GCA_002010195.1|G0000028
split_0057	GCA_002010215.1|G0000029
split_0057	GCA_002011155.2|G0000031
split_0057	GCA_002067795.1|G0000034
split_0057	GCA_002494725.1|G0000036
split_0057	GCA_002501765.1|G0000040
split_0057	GCA_002792115.1|G0000044
split_0057	GCA_003056285.1|G0000049
split_0057	GCA_003133625.1|G0000052
split_0057	GCA_003661385.1|G0000062
split_0057	GCA_003663585.1|G0000064
split_0057	GCA_018825425.1|G0000116
split_0057	GCA_019058495.1|G0000125
split_0057	GCA_019685575.1|G0000129
split_0057	GCA_020355125.1|G0000132
split_0057	GCA_022615805.1|G0000139
split_0057	GCA_022848865.1|G0000141
split_0057	GCA_023229165.1|G0000142
split_0057	GCA_026014495.1|G0000151
split_0057	GCA_026014815.1|G0000153
split_0057	GCA_026413605.1|G0000155
split_0057	GCA_028279645.1|G0000159
split_0057	GCA_029259185.1|G0000162
split_0057	GCA_029259545.1|G0000165
split_0057	GCA_029856435.1|G0000169
split_0057	GCA_030837285.1|G0000191
split_0057	GCA_036012225.1|G0000199
split_0057	GCA_036514475.1|G0000201
split_0057	GCA_037308085.1|G0000202
split_0057	GCA_037310415.1|G0000203
split_0057	GCA_038736355.1|G0000207
split_0057	GCA_038819355.1|G0000210
split_0057	GCA_038820475.1|G0000212
split_0057	GCA_038825615.1|G0000214
split_0057	GCA_038884815.1|G0000220
split_0057	GCA_048939465.1|G0000229
split_0057	GCA_052246955.1|G0000231
split_0057	GCF_000008645.1|G0000249
split_0057	GCF_000711905.1|G0000259
split_0057	GOMC.bin.13875|G0000265
split_0057	GOMC.bin.1512|G0000268
split_0057	GOMC.bin.18048|G0000271
split_0057	GOMC.bin.3194|G0000275
split_0058	GCA_000166095.1|G0000006
split_0058	GCA_000309865.1|G0000008
split_0058	GCA_000309865.1|G0000010
split_0058	GCA_001273385.1|G0000012
split_0058	GCA_001507955.1|G0000013
split_0058	GCA_001509375.1|G0000015
split_0058	GCA_001593855.1|G0000018
split_0058	GCA_002010075.1|G0000027
split_0058	GCA_002010195.1|G0000028
split_0058	GCA_002010215.1|G0000029
split_0058	GCA_002011155.2|G0000031
split_0058	GCA_002067795.1|G0000034
split_0058	GCA_002494725.1|G0000036
split_0058	GCA_002501765.1|G0000040
split_0058	GCA_002792115.1|G0000044
split_0058	GCA_003056285.1|G0000049
split_0058	GCA_003133625.1|G0000052
split_0058	GCA_003661385.1|G0000062
split_0058	GCA_003663585.1|G0000064
split_0058	GCA_018825425.1|G0000116
split_0058	GCA_019058495.1|G0000125
split_0058	GCA_019685575.1|G0000129
split_0058	GCA_020355125.1|G0000132
split_0058	GCA_022615805.1|G0000139
split_0058	GCA_022848865.1|G0000141
split_0058	GCA_023229165.1|G0000142
split_0058	GCA_026014815.1|G0000153
split_0058	GCA_026413605.1|G0000155
split_0058	GCA_028279645.1|G0000159
split_0058	GCA_029259185.1|G0000162
split_0058	GCA_029259545.1|G0000165
split_0058	GCA_029856435.1|G0000169
split_0058	GCA_030837285.1|G0000191
split_0058	GCA_036012225.1|G0000199
split_0058	GCA_036514475.1|G0000201
split_0058	GCA_037308085.1|G0000202
split_0058	GCA_037310415.1|G0000203
split_0058	GCA_038736355.1|G0000207
split_0058	GCA_038819355.1|G0000210
split_0058	GCA_038820475.1|G0000212
split_0058	GCA_038825615.1|G0000214
split_0058	GCA_038884815.1|G0000220
split_0058	GCA_048939465.1|G0000229
split_0058	GCA_052246955.1|G0000231
split_0058	GCF_000008645.1|G0000249
split_0058	GCF_000711905.1|G0000259
split_0058	GOMC.bin.13875|G0000265
split_0058	GOMC.bin.1512|G0000268
split_0058	GOMC.bin.18048|G0000271
split_0058	GOMC.bin.3194|G0000275
split_0059	GCA_000166095.1|G0000006
split_0059	GCA_000309865.1|G0000008
split_0059	GCA_000309865.1|G0000010
split_0059	GCA_001273385.1|G0000012
split_0059	GCA_001507955.1|G0000013
split_0059	GCA_001509375.1|G0000015
split_0059	GCA_001593855.1|G0000018
split_0059	GCA_002010075.1|G0000027
split_0059	GCA_002010195.1|G0000028
split_0059	GCA_002010215.1|G0000029
split_0059	GCA_002011155.2|G0000031
split_0059	GCA_002067795.1|G0000034
split_0059	GCA_002494725.1|G0000036
split_0059	GCA_002501765.1|G0000040
split_0059	GCA_002792115.1|G0000044
split_0059	GCA_003056285.1|G0000049
split_0059	GCA_003133625.1|G0000052
split_0059	GCA_003661385.1|G0000062
split_0059	GCA_003663585.1|G0000064
split_0059	GCA_018825425.1|G0000116
split_0059	GCA_019058495.1|G0000125
split_0059	GCA_019685575.1|G0000129
split_0059	GCA_022615805.1|G0000139
split_0059	GCA_022848865.1|G0000141
split_0059	GCA_023229165.1|G0000142
split_0059	GCA_026014815.1|G0000153
split_0059	GCA_026413605.1|G0000155
split_0059	GCA_028279645.1|G0000159
split_0059	GCA_029259185.1|G0000162
split_0059	GCA_029259545.1|G0000165
split_0059	GCA_029856435.1|G0000169
split_0059	GCA_030837285.1|G0000191
split_0059	GCA_036012225.1|G0000199
split_0059	GCA_036514475.1|G0000201
split_0059	GCA_037308085.1|G0000202
split_0059	GCA_037310415.1|G0000203
split_0059	GCA_038736355.1|G0000207
split_0059	GCA_038819355.1|G0000210
split_0059	GCA_038820475.1|G0000212
split_0059	GCA_038825615.1|G0000214
split_0059	GCA_038884815.1|G0000220
split_0059	GCA_048939465.1|G0000229
split_0059	GCA_052246955.1|G0000231
split_0059	GCF_000008645.1|G0000249
split_0059	GCF_000711905.1|G0000259
split_0059	GOMC.bin.13875|G0000265
split_0059	GOMC.bin.1512|G0000268
split_0059	GOMC.bin.18048|G0000271
split_0059	GOMC.bin.3194|G0000275
split_0060	GCA_000166095.1|G0000006
split_0060	GCA_000309865.1|G0000008
split_0060	GCA_000309865.1|G0000010
split_0060	GCA_001273385.1|G0000012
split_0060	GCA_001507955.1|G0000013
split_0060	GCA_001509375.1|G0000015
split_0060	GCA_001593855.1|G0000018
split_0060	GCA_002010075.1|G0000027
split_0060	GCA_002010195.1|G0000028
split_0060	GCA_002010215.1|G0000029
split_0060	GCA_002011155.2|G0000031
split_0060	GCA_002067795.1|G0000034
split_0060	GCA_002494725.1|G0000036
split_0060	GCA_002501765.1|G0000040
split_0060	GCA_002792115.1|G0000044
split_0060	GCA_003056285.1|G0000049
split_0060	GCA_003133625.1|G0000052
split_0060	GCA_003661385.1|G0000062
split_0060	GCA_003663585.1|G0000064
split_0060	GCA_018825425.1|G0000116
split_0060	GCA_019058495.1|G0000125
split_0060	GCA_019685575.1|G0000129
split_0060	GCA_022615805.1|G0000139
split_0060	GCA_022848865.1|G0000141
split_0060	GCA_023229165.1|G0000142
split_0060	GCA_026014815.1|G0000153
split_0060	GCA_026413605.1|G0000155
split_0060	GCA_028279645.1|G0000159
split_0060	GCA_029259545.1|G0000165
split_0060	GCA_029856435.1|G0000169
split_0060	GCA_030837285.1|G0000191
split_0060	GCA_036012225.1|G0000199
split_0060	GCA_036514475.1|G0000201
split_0060	GCA_037308085.1|G0000202
split_0060	GCA_037310415.1|G0000203
split_0060	GCA_038819355.1|G0000210
split_0060	GCA_038820475.1|G0000212
split_0060	GCA_038825615.1|G0000214
split_0060	GCA_038884815.1|G0000220
split_0060	GCA_048939465.1|G0000229
split_0060	GCA_052246955.1|G0000231
split_0060	GCF_000008645.1|G0000249
split_0060	GCF_000711905.1|G0000259
split_0060	GOMC.bin.13875|G0000265
split_0060	GOMC.bin.1512|G0000268
split_0060	GOMC.bin.18048|G0000271
split_0060	GOMC.bin.3194|G0000275
split_0061	GCA_000166095.1|G0000006
split_0061	GCA_000309865.1|G0000008
split_0061	GCA_000309865.1|G0000010
split_0061	GCA_001273385.1|G0000012
split_0061	GCA_001507955.1|G0000013
split_0061	GCA_001509375.1|G0000015
split_0061	GCA_002067795.1|G0000034
split_0061	GCA_002501765.1|G0000040
split_0061	GCA_002792115.1|G0000044
split_0061	GCA_003056285.1|G0000049
split_0061	GCA_003133625.1|G0000052
split_0061	GCA_003661385.1|G0000062
split_0061	GCA_003663585.1|G0000064
split_0061	GCA_018825425.1|G0000116
split_0061	GCA_019685575.1|G0000129
split_0061	GCA_022615805.1|G0000139
split_0061	GCA_022848865.1|G0000141
split_0061	GCA_023229165.1|G0000142
split_0061	GCA_028279645.1|G0000159
split_0061	GCA_036012225.1|G0000199
split_0061	GCA_036514475.1|G0000201
split_0061	GCA_038884815.1|G0000220
split_0061	GCF_000008645.1|G0000249
split_0061	GCF_000711905.1|G0000259
split_0061	GOMC.bin.13875|G0000265
split_0061	GOMC.bin.18048|G0000271
split_0061	GOMC.bin.3194|G0000275
split_0062	GCA_000166095.1|G0000006
split_0062	GCA_000309865.1|G0000008
split_0062	GCA_000309865.1|G0000010
split_0062	GCA_001507955.1|G0000013
split_0062	GCA_001509375.1|G0000015
split_0062	GCA_002067795.1|G0000034
split_0062	GCA_002501765.1|G0000040
split_0062	GCA_002792115.1|G0000044
split_0062	GCA_003056285.1|G0000049
split_0062	GCA_003661385.1|G0000062
split_0062	GCA_003663585.1|G0000064
split_0062	GCA_018825425.1|G0000116
split_0062	GCA_022615805.1|G0000139
split_0062	GCA_022848865.1|G0000141
split_0062	GCA_023229165.1|G0000142
split_0062	GCA_028279645.1|G0000159
split_0062	GCA_036012225.1|G0000199
split_0062	GCA_038884815.1|G0000220
split_0062	GCF_000008645.1|G0000249
split_0062	GOMC.bin.13875|G0000265
split_0062	GOMC.bin.18048|G0000271
split_0062	GOMC.bin.3194|G0000275
split_0063	GCA_000166095.1|G0000006
split_0063	GCA_000309865.1|G0000008
split_0063	GCA_000309865.1|G0000010
split_0063	GCA_001507955.1|G0000013
split_0063	GCA_001509375.1|G0000015
split_0063	GCA_002067795.1|G0000034
split_0063	GCA_002501765.1|G0000040
split_0063	GCA_002792115.1|G0000044
split_0063	GCA_003056285.1|G0000049
split_0063	GCA_003661385.1|G0000062
split_0063	GCA_003663585.1|G0000064
split_0063	GCA_018825425.1|G0000116
split_0063	GCA_022615805.1|G0000139
split_0063	GCA_022848865.1|G0000141
split_0063	GCA_028279645.1|G0000159
split_0063	GCA_036012225.1|G0000199
split_0063	GCA_038884815.1|G0000220
split_0063	GCF_000008645.1|G0000249
split_0063	GOMC.bin.13875|G0000265
split_0063	GOMC.bin.18048|G0000271
split_0063	GOMC.bin.3194|G0000275
split_0064	GCA_000166095.1|G0000006
split_0064	GCA_000309865.1|G0000008
split_0064	GCA_000309865.1|G0000010
split_0064	GCA_001507955.1|G0000013
split_0064	GCA_001509375.1|G0000015
split_0064	GCA_002501765.1|G0000040
split_0064	GCF_000008645.1|G0000249
split_0065	GCA_000166095.1|G0000006
split_0065	GCA_000309865.1|G0000008
split_0065	GCA_000309865.1|G0000010
split_0065	GCA_001507955.1|G0000013
split_0065	GCF_000008645.1|G0000249
split_0066	GCA_000166095.1|G0000006
split_0066	GCA_000309865.1|G0000010
split_0066	GCA_001507955.1|G0000013
split_0066	GCF_000008645.1|G0000249
split_0067	GCA_000166095.1|G0000006
split_0067	GCA_001507955.1|G0000013
split_0067	GCF_000008645.1|G0000249
split_0068	GCA_001507955.1|G0000013
split_0068	GCF_000008645.1|G0000249
split_0069	GCA_001509375.1|G0000015
split_0069	GCA_002501765.1|G0000040
split_0070	GCA_002067795.1|G0000034
split_0070	GCA_002792115.1|G0000044
split_0070	GCA_003056285.1|G0000049
split_0070	GCA_003661385.1|G0000062
split_0070	GCA_003663585.1|G0000064
split_0070	GCA_018825425.1|G0000116
split_0070	GCA_022615805.1|G0000139
split_0070	GCA_022848865.1|G0000141
split_0070	GCA_028279645.1|G0000159
split_0070	GCA_036012225.1|G0000199
split_0070	GCA_038884815.1|G0000220
split_0070	GOMC.bin.13875|G0000265
split_0070	GOMC.bin.18048|G0000271
split_0070	GOMC.bin.3194|G0000275
split_0071	GCA_002792115.1|G0000044
split_0071	GCA_003056285.1|G0000049
split_0071	GCA_003661385.1|G0000062
split_0071	GCA_003663585.1|G0000064
split_0071	GCA_018825425.1|G0000116
split_0071	GCA_022615805.1|G0000139
split_0071	GCA_022848865.1|G0000141
split_0071	GCA_028279645.1|G0000159
split_0071	GCA_036012225.1|G0000199
split_0071	GCA_038884815.1|G0000220
split_0071	GOMC.bin.13875|G0000265
split_0071	GOMC.bin.18048|G0000271
split_0071	GOMC.bin.3194|G0000275
split_0072	GCA_003056285.1|G0000049
split_0072	GCA_003661385.1|G0000062
split_0072	GCA_003663585.1|G0000064
split_0072	GCA_018825425.1|G0000116
split_0072	GCA_022615805.1|G0000139
split_0072	GCA_022848865.1|G0000141
split_0072	GCA_028279645.1|G0000159
split_0072	GCA_036012225.1|G0000199
split_0072	GCA_038884815.1|G0000220
split_0072	GOMC.bin.13875|G0000265
split_0072	GOMC.bin.18048|G0000271
split_0072	GOMC.bin.3194|G0000275
split_0073	GCA_003056285.1|G0000049
split_0073	GCA_003661385.1|G0000062
split_0073	GCA_003663585.1|G0000064
split_0073	GCA_018825425.1|G0000116
split_0073	GCA_028279645.1|G0000159
split_0073	GCA_036012225.1|G0000199
split_0073	GOMC.bin.13875|G0000265
split_0073	GOMC.bin.18048|G0000271
split_0073	GOMC.bin.3194|G0000275
split_0074	GCA_003056285.1|G0000049
split_0074	GCA_018825425.1|G0000116
split_0074	GCA_036012225.1|G0000199
split_0074	GOMC.bin.13875|G0000265
split_0074	GOMC.bin.18048|G0000271
split_0074	GOMC.bin.3194|G0000275
split_0075	GCA_003056285.1|G0000049
split_0075	GCA_018825425.1|G0000116
split_0075	GCA_036012225.1|G0000199
split_0075	GOMC.bin.13875|G0000265
split_0075	GOMC.bin.3194|G0000275
split_0076	GCA_003056285.1|G0000049
split_0076	GCA_036012225.1|G0000199
split_0077	GCA_018825425.1|G0000116
split_0077	GOMC.bin.13875|G0000265
split_0077	GOMC.bin.3194|G0000275
split_0078	GCA_018825425.1|G0000116
split_0078	GOMC.bin.13875|G0000265
split_0079	GCA_003661385.1|G0000062
split_0079	GCA_003663585.1|G0000064
split_0079	GCA_028279645.1|G0000159
split_0080	GCA_003663585.1|G0000064
split_0080	GCA_028279645.1|G0000159
split_0081	GCA_022615805.1|G0000139
split_0081	GCA_022848865.1|G0000141
split_0081	GCA_038884815.1|G0000220
split_0082	GCA_022615805.1|G0000139
split_0082	GCA_038884815.1|G0000220
split_0083	GCA_001273385.1|G0000012
split_0083	GCA_003133625.1|G0000052
split_0083	GCA_019685575.1|G0000129
split_0083	GCA_036514475.1|G0000201
split_0083	GCF_000711905.1|G0000259
split_0084	GCA_001273385.1|G0000012
split_0084	GCA_003133625.1|G0000052
split_0084	GCA_019685575.1|G0000129
split_0084	GCA_036514475.1|G0000201
split_0085	GCA_001273385.1|G0000012
split_0085	GCA_003133625.1|G0000052
split_0085	GCA_036514475.1|G0000201
split_0086	GCA_003133625.1|G0000052
split_0086	GCA_036514475.1|G0000201
split_0087	GCA_001593855.1|G0000018
split_0087	GCA_002010075.1|G0000027
split_0087	GCA_002010195.1|G0000028
split_0087	GCA_002010215.1|G0000029
split_0087	GCA_002011155.2|G0000031
split_0087	GCA_002494725.1|G0000036
split_0087	GCA_019058495.1|G0000125
split_0087	GCA_026014815.1|G0000153
split_0087	GCA_026413605.1|G0000155
split_0087	GCA_029259545.1|G0000165
split_0087	GCA_029856435.1|G0000169
split_0087	GCA_030837285.1|G0000191
split_0087	GCA_037308085.1|G0000202
split_0087	GCA_037310415.1|G0000203
split_0087	GCA_038819355.1|G0000210
split_0087	GCA_038820475.1|G0000212
split_0087	GCA_038825615.1|G0000214
split_0087	GCA_048939465.1|G0000229
split_0087	GCA_052246955.1|G0000231
split_0087	GOMC.bin.1512|G0000268
split_0088	GCA_001593855.1|G0000018
split_0088	GCA_002010075.1|G0000027
split_0088	GCA_002011155.2|G0000031
split_0088	GCA_019058495.1|G0000125
split_0088	GCA_026014815.1|G0000153
split_0088	GCA_026413605.1|G0000155
split_0088	GCA_029259545.1|G0000165
split_0088	GCA_029856435.1|G0000169
split_0088	GCA_030837285.1|G0000191
split_0088	GCA_037308085.1|G0000202
split_0088	GCA_037310415.1|G0000203
split_0088	GCA_038819355.1|G0000210
split_0088	GCA_038820475.1|G0000212
split_0088	GCA_038825615.1|G0000214
split_0088	GCA_052246955.1|G0000231
split_0088	GOMC.bin.1512|G0000268
split_0089	GCA_001593855.1|G0000018
split_0089	GCA_002011155.2|G0000031
split_0089	GCA_026014815.1|G0000153
split_0089	GCA_029259545.1|G0000165
split_0089	GCA_030837285.1|G0000191
split_0089	GOMC.bin.1512|G0000268
split_0090	GCA_001593855.1|G0000018
split_0090	GCA_002011155.2|G0000031
split_0090	GCA_026014815.1|G0000153
split_0090	GCA_029259545.1|G0000165
split_0090	GCA_030837285.1|G0000191
split_0091	GCA_001593855.1|G0000018
split_0091	GCA_026014815.1|G0000153
split_0091	GCA_029259545.1|G0000165
split_0091	GCA_030837285.1|G0000191
split_0092	GCA_001593855.1|G0000018
split_0092	GCA_026014815.1|G0000153
split_0092	GCA_030837285.1|G0000191
split_0093	GCA_026014815.1|G0000153
split_0093	GCA_030837285.1|G0000191
split_0094	GCA_002010075.1|G0000027
split_0094	GCA_019058495.1|G0000125
split_0094	GCA_026413605.1|G0000155
split_0094	GCA_029856435.1|G0000169
split_0094	GCA_037308085.1|G0000202
split_0094	GCA_037310415.1|G0000203
split_0094	GCA_038819355.1|G0000210
split_0094	GCA_038820475.1|G0000212
split_0094	GCA_038825615.1|G0000214
split_0094	GCA_052246955.1|G0000231
split_0095	GCA_002010075.1|G0000027
split_0095	GCA_019058495.1|G0000125
split_0095	GCA_026413605.1|G0000155
split_0095	GCA_029856435.1|G0000169
split_0095	GCA_037308085.1|G0000202
split_0095	GCA_037310415.1|G0000203
split_0095	GCA_038825615.1|G0000214
split_0095	GCA_052246955.1|G0000231
split_0096	GCA_002010075.1|G0000027
split_0096	GCA_026413605.1|G0000155
split_0096	GCA_052246955.1|G0000231
split_0097	GCA_002010075.1|G0000027
split_0097	GCA_052246955.1|G0000231
split_0098	GCA_019058495.1|G0000125
split_0098	GCA_029856435.1|G0000169
split_0098	GCA_037308085.1|G0000202
split_0098	GCA_037310415.1|G0000203
split_0098	GCA_038825615.1|G0000214
split_0099	GCA_019058495.1|G0000125
split_0099	GCA_037308085.1|G0000202
split_0099	GCA_037310415.1|G0000203
split_0100	GCA_037308085.1|G0000202
split_0100	GCA_037310415.1|G0000203
split_0101	GCA_029856435.1|G0000169
split_0101	GCA_038825615.1|G0000214
split_0102	GCA_038819355.1|G0000210
split_0102	GCA_038820475.1|G0000212
split_0103	GCA_002010195.1|G0000028
split_0103	GCA_002010215.1|G0000029
split_0103	GCA_002494725.1|G0000036
split_0103	GCA_048939465.1|G0000229
split_0104	GCA_002010195.1|G0000028
split_0104	GCA_048939465.1|G0000229
split_0105	GCA_002010215.1|G0000029
split_0105	GCA_002494725.1|G0000036
split_0106	GCA_029259185.1|G0000162
split_0106	GCA_038736355.1|G0000207
split_0107	GCA_001766815.1|G0000022
split_0107	GCA_003194425.1|G0000054
split_0107	GCA_003661125.1|G0000061
split_0107	GCA_004212075.1|G0000066
split_0107	GCA_004212085.1|G0000067
split_0107	GCA_017883965.1|G0000112
split_0107	GCA_018992685.1|G0000118
split_0107	GCA_030611045.1|G0000181
split_0107	GOMC.bin.4375|G0000277
split_0108	GCA_003194425.1|G0000054
split_0108	GCA_003661125.1|G0000061
split_0108	GCA_004212075.1|G0000066
split_0108	GCA_004212085.1|G0000067
split_0108	GCA_017883965.1|G0000112
split_0108	GCA_018992685.1|G0000118
split_0108	GCA_030611045.1|G0000181
split_0108	GOMC.bin.4375|G0000277
split_0109	GCA_003194425.1|G0000054
split_0109	GCA_003661125.1|G0000061
split_0110	GCA_004212075.1|G0000066
split_0110	GCA_004212085.1|G0000067
split_0110	GCA_017883965.1|G0000112
split_0110	GCA_018992685.1|G0000118
split_0110	GCA_030611045.1|G0000181
split_0110	GOMC.bin.4375|G0000277
split_0111	GCA_004212075.1|G0000066
split_0111	GCA_017883965.1|G0000112
split_0111	GCA_018992685.1|G0000118
split_0111	GCA_030611045.1|G0000181
split_0111	GOMC.bin.4375|G0000277
split_0112	GCA_004212075.1|G0000066
split_0112	GCA_017883965.1|G0000112
split_0113	GCA_018992685.1|G0000118
split_0113	GCA_030611045.1|G0000181
split_0113	GOMC.bin.4375|G0000277
split_0114	GCA_018992685.1|G0000118
split_0114	GOMC.bin.4375|G0000277
split_0115	GCA_002067315.1|G0000033
split_0115	GCA_002506015.1|G0000041
split_0115	GCA_002839545.1|G0000046
split_0115	GCA_003104905.1|G0000050
split_0115	GCA_003194445.1|G0000055
split_0115	GCA_004193545.1|G0000065
split_0115	GCA_013331375.1|G0000080
split_0115	GCA_015661555.1|G0000091
split_0115	GCA_021108405.1|G0000134
split_0115	GCA_030605385.1|G0000175
split_0115	GCA_030605805.1|G0000177
split_0115	GCA_034190145.1|G0000192
split_0115	GCA_034190245.1|G0000193
split_0115	GCF_000011005.1|G0000251
split_0115	GCF_000016125.1|G0000252
split_0115	GCF_000023985.1|G0000253
split_0115	GCF_000148385.1|G0000255
split_0115	GCF_000214415.1|G0000256
split_0115	GCF_021023085.1|G0000262
split_0115	GCF_946463545.1|G0000263
split_0115	GOMC.bin.11076|G0000264
split_0116	GCA_002067315.1|G0000033
split_0116	GCA_002506015.1|G0000041
split_0116	GCA_002839545.1|G0000046
split_0116	GCA_003104905.1|G0000050
split_0116	GCA_003194445.1|G0000055
split_0116	GCA_004193545.1|G0000065
split_0116	GCA_013331375.1|G0000080
split_0116	GCA_015661555.1|G0000091
split_0116	GCA_021108405.1|G0000134
split_0116	GCA_030605805.1|G0000177
split_0116	GCF_000011005.1|G0000251
split_0116	GCF_000016125.1|G0000252
split_0116	GCF_000023985.1|G0000253
split_0116	GCF_000214415.1|G0000256
split_0116	GCF_021023085.1|G0000262
split_0116	GCF_946463545.1|G0000263
split_0117	GCA_002067315.1|G0000033
split_0117	GCA_002506015.1|G0000041
split_0117	GCA_003194445.1|G0000055
split_0117	GCA_004193545.1|G0000065
split_0117	GCA_015661555.1|G0000091
split_0117	GCA_021108405.1|G0000134
split_0117	GCA_030605805.1|G0000177
split_0117	GCF_000011005.1|G0000251
split_0117	GCF_000016125.1|G0000252
split_0117	GCF_000023985.1|G0000253
split_0117	GCF_000214415.1|G0000256
split_0117	GCF_021023085.1|G0000262
split_0117	GCF_946463545.1|G0000263
split_0118	GCA_002067315.1|G0000033
split_0118	GCA_002506015.1|G0000041
split_0118	GCA_003194445.1|G0000055
split_0118	GCA_015661555.1|G0000091
split_0118	GCA_021108405.1|G0000134
split_0118	GCA_030605805.1|G0000177
split_0118	GCF_000011005.1|G0000251
split_0118	GCF_000016125.1|G0000252
split_0118	GCF_000023985.1|G0000253
split_0118	GCF_000214415.1|G0000256
split_0118	GCF_021023085.1|G0000262
split_0118	GCF_946463545.1|G0000263
split_0119	GCA_002067315.1|G0000033
split_0119	GCA_015661555.1|G0000091
split_0119	GCF_000011005.1|G0000251
split_0119	GCF_000016125.1|G0000252
split_0119	GCF_000023985.1|G0000253
split_0119	GCF_000214415.1|G0000256
split_0119	GCF_021023085.1|G0000262
split_0119	GCF_946463545.1|G0000263
split_0120	GCA_002067315.1|G0000033
split_0120	GCA_015661555.1|G0000091
split_0120	GCF_000011005.1|G0000251
split_0120	GCF_000016125.1|G0000252
split_0120	GCF_021023085.1|G0000262
split_0120	GCF_946463545.1|G0000263
split_0121	GCA_002067315.1|G0000033
split_0121	GCF_000011005.1|G0000251
split_0121	GCF_021023085.1|G0000262
split_0122	GCA_002067315.1|G0000033
split_0122	GCF_021023085.1|G0000262
split_0123	GCA_015661555.1|G0000091
split_0123	GCF_000016125.1|G0000252
split_0123	GCF_946463545.1|G0000263
split_0124	GCA_015661555.1|G0000091
split_0124	GCF_946463545.1|G0000263
split_0125	GCF_000023985.1|G0000253
split_0125	GCF_000214415.1|G0000256
split_0126	GCA_002506015.1|G0000041
split_0126	GCA_003194445.1|G0000055
split_0126	GCA_021108405.1|G0000134
split_0126	GCA_030605805.1|G0000177
split_0127	GCA_002506015.1|G0000041
split_0127	GCA_003194445.1|G0000055
split_0127	GCA_030605805.1|G0000177
split_0128	GCA_003194445.1|G0000055
split_0128	GCA_030605805.1|G0000177
split_0129	GCA_002839545.1|G0000046
split_0129	GCA_003104905.1|G0000050
split_0129	GCA_013331375.1|G0000080
split_0130	GCA_002839545.1|G0000046
split_0130	GCA_003104905.1|G0000050
split_0131	GCA_030605385.1|G0000175
split_0131	GCA_034190145.1|G0000192
split_0131	GCA_034190245.1|G0000193
split_0131	GCF_000148385.1|G0000255
split_0131	GOMC.bin.11076|G0000264
split_0132	GCA_034190145.1|G0000192
split_0132	GCA_034190245.1|G0000193
split_0132	GCF_000148385.1|G0000255
split_0132	GOMC.bin.11076|G0000264
split_0133	GCA_034190245.1|G0000193
split_0133	GCF_000148385.1|G0000255
split_0133	GOMC.bin.11076|G0000264
split_0134	GCF_000148385.1|G0000255
split_0134	GOMC.bin.11076|G0000264
split_0135	GCA_001563335.1|G0000017
split_0135	GCA_003345555.1|G0000058
split_0135	GCA_003345595.1|G0000059
split_0135	GCA_004524445.1|G0000069
split_0135	GCA_004524535.1|G0000070
split_0135	GCA_005191415.1|G0000071
split_0135	GCA_005191425.1|G0000073
split_0135	GCA_005223125.1|G0000074
split_0135	GCA_008080745.1|G0000075
split_0135	GCA_011364925.1|G0000076
split_0135	GCA_014728035.1|G0000082
split_0135	GCA_014729935.1|G0000085
split_0135	GCA_014730165.1|G0000086
split_0135	GCA_016839425.1|G0000097
split_0135	GCA_016839425.1|G0000098
split_0135	GCA_016839445.1|G0000099
split_0135	GCA_016839585.1|G0000100
split_0135	GCA_016839765.1|G0000101
split_0135	GCA_016926735.1|G0000109
split_0135	GCA_016932935.1|G0000111
split_0135	GCA_019057475.1|G0000120
split_0135	GCA_019058015.1|G0000121
split_0135	GCA_019058135.1|G0000122
split_0135	GCA_019058315.1|G0000123
split_0135	GCA_019058445.1|G0000124
split_0135	GCA_019894715.1|G0000130
split_0135	GCA_020348985.1|G0000131
split_0135	GCA_021498125.1|G0000138
split_0135	GCA_024275415.1|G0000145
split_0135	GCA_029210805.1|G0000160
split_0135	GCA_029838175.1|G0000167
split_0135	GCA_029855935.1|G0000168
split_0135	GCA_030587475.2|G0000174
split_0135	GCA_030610785.1|G0000178
split_0135	GCA_030610785.1|G0000179
split_0135	GCA_030610785.1|G0000180
split_0135	GCA_030612005.1|G0000185
split_0135	GCA_035531115.1|G0000197
split_0135	GCA_037386725.1|G0000205
split_0135	GCA_041305945.1|G0000221
split_0135	GCA_048887225.1|G0000227
split_0135	GCA_052626505.1|G0000232
split_0135	GCA_054381345.1|G0000233
split_0135	GCA_054381475.1|G0000234
split_0135	GCA_054381495.1|G0000235
split_0135	GCA_054383535.1|G0000236
split_0135	GCA_054383595.1|G0000237
split_0135	GCA_054384595.1|G0000239
split_0135	GCA_054386615.1|G0000241
split_0135	GCA_054390655.1|G0000243
split_0135	GOMC.bin.1438|G0000266
split_0135	GOMC.bin.7984|G0000280
split_0135	GOMC.bin.7984|G0000281
split_0135	GOMC.bin.9181|G0000282
split_0136	GCA_001563335.1|G0000017
split_0136	GCA_003345555.1|G0000058
split_0136	GCA_003345595.1|G0000059
split_0136	GCA_004524445.1|G0000069
split_0136	GCA_008080745.1|G0000075
split_0136	GCA_014728035.1|G0000082
split_0136	GCA_016839445.1|G0000099
split_0136	GCA_019057475.1|G0000120
split_0136	GCA_020348985.1|G0000131
split_0136	GCA_021498125.1|G0000138
split_0136	GCA_024275415.1|G0000145
split_0136	GCA_029210805.1|G0000160
split_0136	GCA_029855935.1|G0000168
split_0136	GCA_030612005.1|G0000185
split_0136	GCA_054381495.1|G0000235
split_0136	GCA_054390655.1|G0000243
split_0136	GOMC.bin.1438|G0000266
split_0137	GCA_001563335.1|G0000017
split_0137	GCA_004524445.1|G0000069
split_0137	GCA_016839445.1|G0000099
split_0137	GCA_019057475.1|G0000120
split_0137	GCA_020348985.1|G0000131
split_0137	GCA_024275415.1|G0000145
split_0137	GCA_029210805.1|G0000160
split_0137	GCA_030612005.1|G0000185
split_0137	GCA_054381495.1|G0000235
split_0137	GOMC.bin.1438|G0000266
split_0138	GCA_001563335.1|G0000017
split_0138	GCA_004524445.1|G0000069
split_0138	GCA_016839445.1|G0000099
split_0138	GCA_019057475.1|G0000120
split_0138	GCA_024275415.1|G0000145
split_0138	GCA_029210805.1|G0000160
split_0138	GCA_030612005.1|G0000185
split_0138	GCA_054381495.1|G0000235
split_0138	GOMC.bin.1438|G0000266
split_0139	GCA_001563335.1|G0000017
split_0139	GCA_004524445.1|G0000069
split_0139	GCA_016839445.1|G0000099
split_0139	GCA_024275415.1|G0000145
split_0139	GCA_029210805.1|G0000160
split_0139	GCA_030612005.1|G0000185
split_0139	GCA_054381495.1|G0000235
split_0140	GCA_001563335.1|G0000017
split_0140	GCA_016839445.1|G0000099
split_0140	GCA_030612005.1|G0000185
split_0140	GCA_054381495.1|G0000235
split_0141	GCA_001563335.1|G0000017
split_0141	GCA_016839445.1|G0000099
split_0141	GCA_030612005.1|G0000185
split_0142	GCA_001563335.1|G0000017
split_0142	GCA_030612005.1|G0000185
split_0143	GCA_004524445.1|G0000069
split_0143	GCA_024275415.1|G0000145
split_0143	GCA_029210805.1|G0000160
split_0144	GCA_004524445.1|G0000069
split_0144	GCA_029210805.1|G0000160
split_0145	GCA_019057475.1|G0000120
split_0145	GOMC.bin.1438|G0000266
split_0146	GCA_003345555.1|G0000058
split_0146	GCA_003345595.1|G0000059
split_0146	GCA_008080745.1|G0000075
split_0146	GCA_014728035.1|G0000082
split_0146	GCA_021498125.1|G0000138
split_0146	GCA_029855935.1|G0000168
split_0146	GCA_054390655.1|G0000243
split_0147	GCA_003345555.1|G0000058
split_0147	GCA_003345595.1|G0000059
split_0148	GCA_008080745.1|G0000075
split_0148	GCA_014728035.1|G0000082
split_0148	GCA_021498125.1|G0000138
split_0148	GCA_029855935.1|G0000168
split_0148	GCA_054390655.1|G0000243
split_0149	GCA_008080745.1|G0000075
split_0149	GCA_014728035.1|G0000082
split_0150	GCA_021498125.1|G0000138
split_0150	GCA_029855935.1|G0000168
split_0150	GCA_054390655.1|G0000243
split_0151	GCA_029855935.1|G0000168
split_0151	GCA_054390655.1|G0000243
split_0152	GCA_004524535.1|G0000070
split_0152	GCA_005191415.1|G0000071
split_0152	GCA_005191425.1|G0000073
split_0152	GCA_005223125.1|G0000074
split_0152	GCA_011364925.1|G0000076
split_0152	GCA_014729935.1|G0000085
split_0152	GCA_014730165.1|G0000086
split_0152	GCA_016839425.1|G0000097
split_0152	GCA_016839425.1|G0000098
split_0152	GCA_016839585.1|G0000100
split_0152	GCA_016839765.1|G0000101
split_0152	GCA_016926735.1|G0000109
split_0152	GCA_016932935.1|G0000111
split_0152	GCA_019058015.1|G0000121
split_0152	GCA_019058135.1|G0000122
split_0152	GCA_019058315.1|G0000123
split_0152	GCA_019058445.1|G0000124
split_0152	GCA_019894715.1|G0000130
split_0152	GCA_029838175.1|G0000167
split_0152	GCA_030587475.2|G0000174
split_0152	GCA_030610785.1|G0000178
split_0152	GCA_030610785.1|G0000179
split_0152	GCA_030610785.1|G0000180
split_0152	GCA_035531115.1|G0000197
split_0152	GCA_037386725.1|G0000205
split_0152	GCA_041305945.1|G0000221
split_0152	GCA_048887225.1|G0000227
split_0152	GCA_052626505.1|G0000232
split_0152	GCA_054381345.1|G0000233
split_0152	GCA_054381475.1|G0000234
split_0152	GCA_054383535.1|G0000236
split_0152	GCA_054383595.1|G0000237
split_0152	GCA_054384595.1|G0000239
split_0152	GCA_054386615.1|G0000241
split_0152	GOMC.bin.7984|G0000280
split_0152	GOMC.bin.7984|G0000281
split_0152	GOMC.bin.9181|G0000282
split_0153	GCA_004524535.1|G0000070
split_0153	GCA_005191415.1|G0000071
split_0153	GCA_005223125.1|G0000074
split_0153	GCA_011364925.1|G0000076
split_0153	GCA_014729935.1|G0000085
split_0153	GCA_014730165.1|G0000086
split_0153	GCA_016839425.1|G0000097
split_0153	GCA_016839425.1|G0000098
split_0153	GCA_016839585.1|G0000100
split_0153	GCA_016839765.1|G0000101
split_0153	GCA_016926735.1|G0000109
split_0153	GCA_016932935.1|G0000111
split_0153	GCA_019058015.1|G0000121
split_0153	GCA_019058135.1|G0000122
split_0153	GCA_019058445.1|G0000124
split_0153	GCA_019894715.1|G0000130
split_0153	GCA_029838175.1|G0000167
split_0153	GCA_030587475.2|G0000174
split_0153	GCA_030610785.1|G0000178
split_0153	GCA_030610785.1|G0000179
split_0153	GCA_030610785.1|G0000180
split_0153	GCA_035531115.1|G0000197
split_0153	GCA_037386725.1|G0000205
split_0153	GCA_041305945.1|G0000221
split_0153	GCA_048887225.1|G0000227
split_0153	GCA_052626505.1|G0000232
split_0153	GCA_054381345.1|G0000233
split_0153	GCA_054384595.1|G0000239
split_0153	GCA_054386615.1|G0000241
split_0153	GOMC.bin.7984|G0000280
split_0153	GOMC.bin.7984|G0000281
split_0153	GOMC.bin.9181|G0000282
split_0154	GCA_004524535.1|G0000070
split_0154	GCA_005223125.1|G0000074
split_0154	GCA_011364925.1|G0000076
split_0154	GCA_014730165.1|G0000086
split_0154	GCA_016839425.1|G0000097
split_0154	GCA_016839425.1|G0000098
split_0154	GCA_016839585.1|G0000100
split_0154	GCA_016839765.1|G0000101
split_0154	GCA_016926735.1|G0000109
split_0154	GCA_019058015.1|G0000121
split_0154	GCA_019058135.1|G0000122
split_0154	GCA_019058445.1|G0000124
split_0154	GCA_019894715.1|G0000130
split_0154	GCA_029838175.1|G0000167
split_0154	GCA_030610785.1|G0000178
split_0154	GCA_030610785.1|G0000179
split_0154	GCA_030610785.1|G0000180
split_0154	GCA_037386725.1|G0000205
split_0154	GCA_048887225.1|G0000227
split_0154	GCA_052626505.1|G0000232
split_0154	GCA_054384595.1|G0000239
split_0154	GOMC.bin.9181|G0000282
split_0155	GCA_004524535.1|G0000070
split_0155	GCA_005223125.1|G0000074
split_0155	GCA_011364925.1|G0000076
split_0155	GCA_014730165.1|G0000086
split_0155	GCA_016839425.1|G0000097
split_0155	GCA_016839425.1|G0000098
split_0155	GCA_016839585.1|G0000100
split_0155	GCA_016839765.1|G0000101
split_0155	GCA_016926735.1|G0000109
split_0155	GCA_019058015.1|G0000121
split_0155	GCA_019058135.1|G0000122
split_0155	GCA_019058445.1|G0000124
split_0155	GCA_019894715.1|G0000130
split_0155	GCA_029838175.1|G0000167
split_0155	GCA_037386725.1|G0000205
split_0155	GCA_048887225.1|G0000227
split_0155	GCA_052626505.1|G0000232
split_0155	GOMC.bin.9181|G0000282
split_0156	GCA_004524535.1|G0000070
split_0156	GCA_005223125.1|G0000074
split_0156	GCA_011364925.1|G0000076
split_0156	GCA_014730165.1|G0000086
split_0156	GCA_016839585.1|G0000100
split_0156	GCA_016839765.1|G0000101
split_0156	GCA_016926735.1|G0000109
split_0156	GCA_019058445.1|G0000124
split_0156	GCA_019894715.1|G0000130
split_0156	GCA_029838175.1|G0000167
split_0156	GCA_037386725.1|G0000205
split_0156	GCA_048887225.1|G0000227
split_0156	GCA_052626505.1|G0000232
split_0156	GOMC.bin.9181|G0000282
split_0157	GCA_004524535.1|G0000070
split_0157	GCA_005223125.1|G0000074
split_0157	GCA_011364925.1|G0000076
split_0157	GCA_014730165.1|G0000086
split_0157	GCA_016839585.1|G0000100
split_0157	GCA_016839765.1|G0000101
split_0157	GCA_016926735.1|G0000109
split_0157	GCA_019058445.1|G0000124
split_0157	GCA_019894715.1|G0000130
split_0157	GCA_029838175.1|G0000167
split_0157	GCA_037386725.1|G0000205
split_0157	GCA_052626505.1|G0000232
split_0157	GOMC.bin.9181|G0000282
split_0158	GCA_004524535.1|G0000070
split_0158	GCA_005223125.1|G0000074
split_0158	GCA_011364925.1|G0000076
split_0158	GCA_016839585.1|G0000100
split_0158	GCA_016839765.1|G0000101
split_0158	GCA_019058445.1|G0000124
split_0158	GCA_029838175.1|G0000167
split_0158	GCA_052626505.1|G0000232
split_0159	GCA_004524535.1|G0000070
split_0159	GCA_005223125.1|G0000074
split_0159	GCA_011364925.1|G0000076
split_0159	GCA_016839585.1|G0000100
split_0159	GCA_016839765.1|G0000101
split_0159	GCA_019058445.1|G0000124
split_0159	GCA_052626505.1|G0000232
split_0160	GCA_004524535.1|G0000070
split_0160	GCA_019058445.1|G0000124
split_0160	GCA_052626505.1|G0000232
split_0161	GCA_019058445.1|G0000124
split_0161	GCA_052626505.1|G0000232
split_0162	GCA_005223125.1|G0000074
split_0162	GCA_011364925.1|G0000076
split_0162	GCA_016839585.1|G0000100
split_0162	GCA_016839765.1|G0000101
split_0163	GCA_005223125.1|G0000074
split_0163	GCA_011364925.1|G0000076
split_0163	GCA_016839765.1|G0000101
split_0164	GCA_005223125.1|G0000074
split_0164	GCA_011364925.1|G0000076
split_0165	GCA_014730165.1|G0000086
split_0165	GCA_016926735.1|G0000109
split_0165	GCA_019894715.1|G0000130
split_0165	GCA_037386725.1|G0000205
split_0165	GOMC.bin.9181|G0000282
split_0166	GCA_014730165.1|G0000086
split_0166	GCA_037386725.1|G0000205
split_0166	GOMC.bin.9181|G0000282
split_0167	GCA_014730165.1|G0000086
split_0167	GOMC.bin.9181|G0000282
split_0168	GCA_016926735.1|G0000109
split_0168	GCA_019894715.1|G0000130
split_0169	GCA_016839425.1|G0000097
split_0169	GCA_016839425.1|G0000098
split_0169	GCA_019058015.1|G0000121
split_0169	GCA_019058135.1|G0000122
split_0170	GCA_016839425.1|G0000097
split_0170	GCA_016839425.1|G0000098
split_0171	GCA_019058015.1|G0000121
split_0171	GCA_019058135.1|G0000122
split_0172	GCA_030610785.1|G0000178
split_0172	GCA_030610785.1|G0000179
split_0172	GCA_030610785.1|G0000180
split_0172	GCA_054384595.1|G0000239
split_0173	GCA_030610785.1|G0000178
split_0173	GCA_030610785.1|G0000180
split_0173	GCA_054384595.1|G0000239
split_0174	GCA_030610785.1|G0000180
split_0174	GCA_054384595.1|G0000239
split_0175	GCA_005191415.1|G0000071
split_0175	GCA_014729935.1|G0000085
split_0175	GCA_016932935.1|G0000111
split_0175	GCA_030587475.2|G0000174
split_0175	GCA_035531115.1|G0000197
split_0175	GCA_041305945.1|G0000221
split_0175	GCA_054381345.1|G0000233
split_0175	GCA_054386615.1|G0000241
split_0175	GOMC.bin.7984|G0000280
split_0175	GOMC.bin.7984|G0000281
split_0176	GCA_005191415.1|G0000071
split_0176	GCA_035531115.1|G0000197
split_0176	GCA_054381345.1|G0000233
split_0176	GOMC.bin.7984|G0000280
split_0176	GOMC.bin.7984|G0000281
split_0177	GCA_005191415.1|G0000071
split_0177	GCA_035531115.1|G0000197
split_0177	GOMC.bin.7984|G0000280
split_0177	GOMC.bin.7984|G0000281
split_0178	GCA_005191415.1|G0000071
split_0178	GCA_035531115.1|G0000197
split_0179	GOMC.bin.7984|G0000280
split_0179	GOMC.bin.7984|G0000281
split_0180	GCA_014729935.1|G0000085
split_0180	GCA_016932935.1|G0000111
split_0180	GCA_030587475.2|G0000174
split_0180	GCA_041305945.1|G0000221
split_0180	GCA_054386615.1|G0000241
split_0181	GCA_016932935.1|G0000111
split_0181	GCA_030587475.2|G0000174
split_0181	GCA_041305945.1|G0000221
split_0181	GCA_054386615.1|G0000241
split_0182	GCA_016932935.1|G0000111
split_0182	GCA_030587475.2|G0000174
split_0182	GCA_054386615.1|G0000241
split_0183	GCA_016932935.1|G0000111
split_0183	GCA_030587475.2|G0000174
split_0184	GCA_005191425.1|G0000073
split_0184	GCA_019058315.1|G0000123
split_0184	GCA_054381475.1|G0000234
split_0184	GCA_054383535.1|G0000236
split_0184	GCA_054383595.1|G0000237
split_0185	GCA_019058315.1|G0000123
split_0185	GCA_054381475.1|G0000234
split_0185	GCA_054383535.1|G0000236
split_0185	GCA_054383595.1|G0000237
split_0186	GCA_019058315.1|G0000123
split_0186	GCA_054381475.1|G0000234
split_0186	GCA_054383535.1|G0000236
split_0187	GCA_054381475.1|G0000234
split_0187	GCA_054383535.1|G0000236
split_0188	GCA_002011035.2|G0000030
split_0188	GCA_013388925.1|G0000081
split_0188	GCA_016550395.1|G0000095
split_0188	GCA_016840065.1|G0000102
split_0188	GCA_016840135.1|G0000103
split_0188	GCA_016840425.1|G0000104
split_0188	GCA_018397035.1|G0000115
split_0188	GCA_019057385.1|G0000119
split_0188	GCA_024256165.1|G0000144
split_0188	GCA_025058425.1|G0000147
split_0188	GCA_026015185.1|G0000154
split_0188	GCA_048886645.1|G0000226
split_0188	GCA_048938295.1|G0000228
split_0189	GCA_002011035.2|G0000030
split_0189	GCA_013388925.1|G0000081
split_0189	GCA_016550395.1|G0000095
split_0189	GCA_016840065.1|G0000102
split_0189	GCA_016840135.1|G0000103
split_0189	GCA_016840425.1|G0000104
split_0189	GCA_018397035.1|G0000115
split_0189	GCA_024256165.1|G0000144
split_0189	GCA_025058425.1|G0000147
split_0189	GCA_026015185.1|G0000154
split_0189	GCA_048886645.1|G0000226
split_0189	GCA_048938295.1|G0000228
split_0190	GCA_002011035.2|G0000030
split_0190	GCA_013388925.1|G0000081
split_0190	GCA_016840425.1|G0000104
split_0190	GCA_018397035.1|G0000115
split_0190	GCA_024256165.1|G0000144
split_0190	GCA_025058425.1|G0000147
split_0190	GCA_026015185.1|G0000154
split_0190	GCA_048886645.1|G0000226
split_0191	GCA_002011035.2|G0000030
split_0191	GCA_013388925.1|G0000081
split_0191	GCA_016840425.1|G0000104
split_0191	GCA_018397035.1|G0000115
split_0191	GCA_024256165.1|G0000144
split_0191	GCA_026015185.1|G0000154
split_0191	GCA_048886645.1|G0000226
split_0192	GCA_002011035.2|G0000030
split_0192	GCA_013388925.1|G0000081
split_0192	GCA_018397035.1|G0000115
split_0192	GCA_024256165.1|G0000144
split_0193	GCA_013388925.1|G0000081
split_0193	GCA_018397035.1|G0000115
split_0193	GCA_024256165.1|G0000144
split_0194	GCA_018397035.1|G0000115
split_0194	GCA_024256165.1|G0000144
split_0195	GCA_016840425.1|G0000104
split_0195	GCA_026015185.1|G0000154
split_0195	GCA_048886645.1|G0000226
split_0196	GCA_016840425.1|G0000104
split_0196	GCA_048886645.1|G0000226
split_0197	GCA_016550395.1|G0000095
split_0197	GCA_016840065.1|G0000102
split_0197	GCA_016840135.1|G0000103
split_0197	GCA_048938295.1|G0000228
split_0198	GCA_016550395.1|G0000095
split_0198	GCA_048938295.1|G0000228
split_0199	GCA_016840065.1|G0000102
split_0199	GCA_016840135.1|G0000103
split_0200	GCA_000306725.1|G0000007
split_0200	GCA_002506015.1|G0000042
split_0200	GCA_003194445.1|G0000057
split_0200	GCA_014859725.1|G0000087
split_0200	GCA_016841265.1|G0000107
split_0200	GCA_019429385.1|G0000127
split_0200	GCA_021108405.1|G0000133
split_0200	GCA_030611265.1|G0000182
split_0200	GCA_046546175.1|G0000224
split_0201	GCA_000306725.1|G0000007
split_0201	GCA_002506015.1|G0000042
split_0201	GCA_003194445.1|G0000057
split_0201	GCA_014859725.1|G0000087
split_0201	GCA_016841265.1|G0000107
split_0201	GCA_021108405.1|G0000133
split_0201	GCA_030611265.1|G0000182
split_0201	GCA_046546175.1|G0000224
split_0202	GCA_000306725.1|G0000007
split_0202	GCA_002506015.1|G0000042
split_0202	GCA_003194445.1|G0000057
split_0202	GCA_016841265.1|G0000107
split_0202	GCA_021108405.1|G0000133
split_0202	GCA_030611265.1|G0000182
split_0202	GCA_046546175.1|G0000224
split_0203	GCA_000306725.1|G0000007
split_0203	GCA_016841265.1|G0000107
split_0203	GCA_046546175.1|G0000224
split_0204	GCA_000306725.1|G0000007
split_0204	GCA_016841265.1|G0000107
split_0205	GCA_002506015.1|G0000042
split_0205	GCA_003194445.1|G0000057
split_0205	GCA_021108405.1|G0000133
split_0205	GCA_030611265.1|G0000182
split_0206	GCA_002506015.1|G0000042
split_0206	GCA_003194445.1|G0000057
split_0206	GCA_021108405.1|G0000133
split_0207	GCA_002506015.1|G0000042
split_0207	GCA_003194445.1|G0000057
split_0208	GCA_003661605.2|G0000063
split_0208	GCA_030750015.1|G0000190
split_0209	GCA_013152905.1|G0000077
split_0209	GCA_052246955.1|G0000230
split_0210	GCA_002494765.1|G0000037
split_0210	GCA_002495025.1|G0000038
split_0210	GCA_003601775.1|G0000060
split_0210	GCA_004347965.1|G0000068
split_0210	GCA_016840425.1|G0000105
split_0210	GCA_016840465.1|G0000106
split_0210	GCA_018396695.1|G0000114
split_0210	GCA_019058495.1|G0000126
split_0210	GCA_022759365.1|G0000140
split_0210	GCA_026014495.1|G0000152
split_0210	GCA_027068725.1|G0000156
split_0210	GCA_029259155.1|G0000161
split_0210	GCA_029259355.1|G0000164
split_0210	GCA_029856435.1|G0000170
split_0210	GCA_029932835.1|G0000171
split_0210	GCA_037310415.1|G0000204
split_0210	GCA_038818435.1|G0000208
split_0210	GCA_038819355.1|G0000209
split_0210	GCA_038820475.1|G0000211
split_0210	GCA_038825615.1|G0000213
split_0210	GCA_038840055.1|G0000215
split_0210	GCA_038852285.1|G0000217
split_0210	GCA_038852745.1|G0000218
split_0210	GCA_038866625.1|G0000219
split_0210	GCA_041306005.1|G0000222
split_0210	GCA_054385715.1|G0000240
split_0210	GOMC.bin.14807|G0000267
split_0210	GOMC.bin.16766|G0000269
split_0210	GOMC.bin.3028|G0000274
split_0210	GOMC.bin.5632|G0000278
split_0211	GCA_002494765.1|G0000037
split_0211	GCA_002495025.1|G0000038
split_0211	GCA_003601775.1|G0000060
split_0211	GCA_004347965.1|G0000068
split_0211	GCA_016840425.1|G0000105
split_0211	GCA_016840465.1|G0000106
split_0211	GCA_018396695.1|G0000114
split_0211	GCA_019058495.1|G0000126
split_0211	GCA_022759365.1|G0000140
split_0211	GCA_026014495.1|G0000152
split_0211	GCA_027068725.1|G0000156
split_0211	GCA_029259155.1|G0000161
split_0211	GCA_029259355.1|G0000164
split_0211	GCA_029856435.1|G0000170
split_0211	GCA_029932835.1|G0000171
split_0211	GCA_037310415.1|G0000204
split_0211	GCA_038818435.1|G0000208
split_0211	GCA_038819355.1|G0000209
split_0211	GCA_038820475.1|G0000211
split_0211	GCA_038825615.1|G0000213
split_0211	GCA_038840055.1|G0000215
split_0211	GCA_038852285.1|G0000217
split_0211	GCA_038852745.1|G0000218
split_0211	GCA_041306005.1|G0000222
split_0211	GCA_054385715.1|G0000240
split_0211	GOMC.bin.14807|G0000267
split_0211	GOMC.bin.16766|G0000269
split_0211	GOMC.bin.3028|G0000274
split_0211	GOMC.bin.5632|G0000278
split_0212	GCA_002494765.1|G0000037
split_0212	GCA_002495025.1|G0000038
split_0212	GCA_003601775.1|G0000060
split_0212	GCA_004347965.1|G0000068
split_0212	GCA_018396695.1|G0000114
split_0212	GCA_019058495.1|G0000126
split_0212	GCA_022759365.1|G0000140
split_0212	GCA_026014495.1|G0000152
split_0212	GCA_027068725.1|G0000156
split_0212	GCA_029259155.1|G0000161
split_0212	GCA_029259355.1|G0000164
split_0212	GCA_029932835.1|G0000171
split_0212	GCA_037310415.1|G0000204
split_0212	GCA_038818435.1|G0000208
split_0212	GCA_038852285.1|G0000217
split_0212	GCA_038852745.1|G0000218
split_0212	GCA_041306005.1|G0000222
split_0212	GOMC.bin.16766|G0000269
split_0212	GOMC.bin.3028|G0000274
split_0212	GOMC.bin.5632|G0000278
split_0213	GCA_002494765.1|G0000037
split_0213	GCA_002495025.1|G0000038
split_0213	GCA_022759365.1|G0000140
split_0213	GCA_027068725.1|G0000156
split_0213	GCA_029259355.1|G0000164
split_0213	GCA_029932835.1|G0000171
split_0213	GCA_038818435.1|G0000208
split_0213	GCA_041306005.1|G0000222
split_0214	GCA_002494765.1|G0000037
split_0214	GCA_002495025.1|G0000038
split_0214	GCA_022759365.1|G0000140
split_0214	GCA_027068725.1|G0000156
split_0214	GCA_029259355.1|G0000164
split_0214	GCA_029932835.1|G0000171
split_0214	GCA_041306005.1|G0000222
split_0215	GCA_002494765.1|G0000037
split_0215	GCA_002495025.1|G0000038
split_0215	GCA_022759365.1|G0000140
split_0215	GCA_027068725.1|G0000156
split_0215	GCA_029259355.1|G0000164
split_0216	GCA_002495025.1|G0000038
split_0216	GCA_022759365.1|G0000140
split_0216	GCA_027068725.1|G0000156
split_0216	GCA_029259355.1|G0000164
split_0217	GCA_002495025.1|G0000038
split_0217	GCA_022759365.1|G0000140
split_0217	GCA_027068725.1|G0000156
split_0218	GCA_002495025.1|G0000038
split_0218	GCA_027068725.1|G0000156
split_0219	GCA_029932835.1|G0000171
split_0219	GCA_041306005.1|G0000222
split_0220	GCA_003601775.1|G0000060
split_0220	GCA_004347965.1|G0000068
split_0220	GCA_018396695.1|G0000114
split_0220	GCA_019058495.1|G0000126
split_0220	GCA_026014495.1|G0000152
split_0220	GCA_029259155.1|G0000161
split_0220	GCA_037310415.1|G0000204
split_0220	GCA_038852285.1|G0000217
split_0220	GCA_038852745.1|G0000218
split_0220	GOMC.bin.16766|G0000269
split_0220	GOMC.bin.3028|G0000274
split_0220	GOMC.bin.5632|G0000278
split_0221	GCA_003601775.1|G0000060
split_0221	GCA_018396695.1|G0000114
split_0221	GCA_026014495.1|G0000152
split_0221	GCA_038852285.1|G0000217
split_0221	GCA_038852745.1|G0000218
split_0221	GOMC.bin.5632|G0000278
split_0222	GCA_003601775.1|G0000060
split_0222	GCA_026014495.1|G0000152
split_0222	GCA_038852285.1|G0000217
split_0222	GOMC.bin.5632|G0000278
split_0223	GCA_003601775.1|G0000060
split_0223	GOMC.bin.5632|G0000278
split_0224	GCA_026014495.1|G0000152
split_0224	GCA_038852285.1|G0000217
split_0225	GCA_018396695.1|G0000114
split_0225	GCA_038852745.1|G0000218
split_0226	GCA_004347965.1|G0000068
split_0226	GCA_019058495.1|G0000126
split_0226	GCA_029259155.1|G0000161
split_0226	GCA_037310415.1|G0000204
split_0226	GOMC.bin.16766|G0000269
split_0226	GOMC.bin.3028|G0000274
split_0227	GCA_004347965.1|G0000068
split_0227	GCA_019058495.1|G0000126
split_0227	GCA_037310415.1|G0000204
split_0227	GOMC.bin.16766|G0000269
split_0227	GOMC.bin.3028|G0000274
split_0228	GCA_004347965.1|G0000068
split_0228	GOMC.bin.16766|G0000269
split_0228	GOMC.bin.3028|G0000274
split_0229	GCA_004347965.1|G0000068
split_0229	GOMC.bin.3028|G0000274
split_0230	GCA_019058495.1|G0000126
split_0230	GCA_037310415.1|G0000204
split_0231	GCA_016840425.1|G0000105
split_0231	GCA_016840465.1|G0000106
split_0231	GCA_029856435.1|G0000170
split_0231	GCA_038819355.1|G0000209
split_0231	GCA_038820475.1|G0000211
split_0231	GCA_038825615.1|G0000213
split_0231	GCA_038840055.1|G0000215
split_0231	GCA_054385715.1|G0000240
split_0231	GOMC.bin.14807|G0000267
split_0232	GCA_016840425.1|G0000105
split_0232	GCA_016840465.1|G0000106
split_0232	GCA_029856435.1|G0000170
split_0232	GCA_038819355.1|G0000209
split_0232	GCA_038820475.1|G0000211
split_0232	GCA_038825615.1|G0000213
split_0232	GCA_038840055.1|G0000215
split_0232	GCA_054385715.1|G0000240
split_0233	GCA_016840465.1|G0000106
split_0233	GCA_029856435.1|G0000170
split_0233	GCA_038819355.1|G0000209
split_0233	GCA_038820475.1|G0000211
split_0233	GCA_038825615.1|G0000213
split_0233	GCA_038840055.1|G0000215
split_0233	GCA_054385715.1|G0000240
split_0234	GCA_029856435.1|G0000170
split_0234	GCA_038819355.1|G0000209
split_0234	GCA_038820475.1|G0000211
split_0234	GCA_038825615.1|G0000213
split_0234	GCA_038840055.1|G0000215
split_0234	GCA_054385715.1|G0000240
split_0235	GCA_029856435.1|G0000170
split_0235	GCA_038819355.1|G0000209
split_0235	GCA_038820475.1|G0000211
split_0235	GCA_038825615.1|G0000213
split_0235	GCA_054385715.1|G0000240
split_0236	GCA_029856435.1|G0000170
split_0236	GCA_038825615.1|G0000213
split_0237	GCA_038819355.1|G0000209
split_0237	GCA_038820475.1|G0000211
split_0237	GCA_054385715.1|G0000240
split_0238	GCA_038819355.1|G0000209
split_0238	GCA_038820475.1|G0000211
split_0239	GCA_001509375.1|G0000016
split_0239	GCA_002010075.1|G0000026
split_0239	GCA_002067315.1|G0000032
split_0239	GCA_002067795.1|G0000035
split_0239	GCA_002495885.1|G0000039
split_0239	GCA_002506015.1|G0000043
split_0239	GCA_002813105.2|G0000045
split_0239	GCA_002839545.1|G0000047
split_0239	GCA_003034855.1|G0000048
split_0239	GCA_003104905.1|G0000051
split_0239	GCA_003194445.1|G0000056
split_0239	GCA_013331375.1|G0000079
split_0239	GCA_014859725.1|G0000088
split_0239	GCA_015660915.1|G0000090
split_0239	GCA_016212785.1|G0000093
split_0239	GCA_016841265.1|G0000108
split_0239	GCA_018263395.1|G0000113
split_0239	GCA_018830205.1|G0000117
split_0239	GCA_019429385.1|G0000128
split_0239	GCA_021108405.1|G0000135
split_0239	GCA_029259545.1|G0000166
split_0239	GCA_030018435.1|G0000172
split_0239	GCA_030019435.1|G0000173
split_0239	GCA_030605805.1|G0000176
split_0239	GCA_030611265.1|G0000183
split_0239	GCA_030627385.1|G0000187
split_0239	GCA_034659235.1|G0000194
split_0239	GCA_034659235.1|G0000195
split_0239	GCA_035624185.1|G0000198
split_0239	GCA_036446635.1|G0000200
split_0239	GCA_037443105.1|G0000206
split_0239	GCA_974486395.1|G0000247
split_0239	GCF_000011005.1|G0000250
split_0239	GCF_000711905.1|G0000258
split_0239	GCF_002153915.1|G0000260
split_0239	GCF_021023085.1|G0000261
split_0239	GOMC.bin.707|G0000279
split_0240	GCA_001509375.1|G0000016
split_0240	GCA_002010075.1|G0000026
split_0240	GCA_002067315.1|G0000032
split_0240	GCA_002067795.1|G0000035
split_0240	GCA_002495885.1|G0000039
split_0240	GCA_002506015.1|G0000043
split_0240	GCA_002813105.2|G0000045
split_0240	GCA_002839545.1|G0000047
split_0240	GCA_003034855.1|G0000048
split_0240	GCA_003104905.1|G0000051
split_0240	GCA_003194445.1|G0000056
split_0240	GCA_013331375.1|G0000079
split_0240	GCA_014859725.1|G0000088
split_0240	GCA_015660915.1|G0000090
split_0240	GCA_016841265.1|G0000108
split_0240	GCA_018263395.1|G0000113
split_0240	GCA_019429385.1|G0000128
split_0240	GCA_021108405.1|G0000135
split_0240	GCA_029259545.1|G0000166
split_0240	GCA_030018435.1|G0000172
split_0240	GCA_030019435.1|G0000173
split_0240	GCA_030605805.1|G0000176
split_0240	GCA_030611265.1|G0000183
split_0240	GCA_030627385.1|G0000187
split_0240	GCA_034659235.1|G0000194
split_0240	GCA_034659235.1|G0000195
split_0240	GCA_035624185.1|G0000198
split_0240	GCA_037443105.1|G0000206
split_0240	GCA_974486395.1|G0000247
split_0240	GCF_000011005.1|G0000250
split_0240	GCF_000711905.1|G0000258
split_0240	GCF_002153915.1|G0000260
split_0240	GCF_021023085.1|G0000261
split_0240	GOMC.bin.707|G0000279
split_0241	GCA_001509375.1|G0000016
split_0241	GCA_002010075.1|G0000026
split_0241	GCA_002067795.1|G0000035
split_0241	GCA_003034855.1|G0000048
split_0241	GCA_018263395.1|G0000113
split_0241	GCF_000711905.1|G0000258
split_0241	GCF_002153915.1|G0000260
split_0242	GCA_001509375.1|G0000016
split_0242	GCA_002010075.1|G0000026
split_0242	GCA_002067795.1|G0000035
split_0242	GCF_000711905.1|G0000258
split_0243	GCA_001509375.1|G0000016
split_0243	GCA_002067795.1|G0000035
split_0244	GCA_002010075.1|G0000026
split_0244	GCF_000711905.1|G0000258
split_0245	GCA_003034855.1|G0000048
split_0245	GCA_018263395.1|G0000113
split_0245	GCF_002153915.1|G0000260
split_0246	GCA_018263395.1|G0000113
split_0246	GCF_002153915.1|G0000260
split_0247	GCA_002067315.1|G0000032
split_0247	GCA_002495885.1|G0000039
split_0247	GCA_002506015.1|G0000043
split_0247	GCA_002813105.2|G0000045
split_0247	GCA_002839545.1|G0000047
split_0247	GCA_003104905.1|G0000051
split_0247	GCA_003194445.1|G0000056
split_0247	GCA_013331375.1|G0000079
split_0247	GCA_014859725.1|G0000088
split_0247	GCA_015660915.1|G0000090
split_0247	GCA_016841265.1|G0000108
split_0247	GCA_019429385.1|G0000128
split_0247	GCA_021108405.1|G0000135
split_0247	GCA_029259545.1|G0000166
split_0247	GCA_030018435.1|G0000172
split_0247	GCA_030019435.1|G0000173
split_0247	GCA_030605805.1|G0000176
split_0247	GCA_030611265.1|G0000183
split_0247	GCA_030627385.1|G0000187
split_0247	GCA_034659235.1|G0000194
split_0247	GCA_034659235.1|G0000195
split_0247	GCA_035624185.1|G0000198
split_0247	GCA_037443105.1|G0000206
split_0247	GCA_974486395.1|G0000247
split_0247	GCF_000011005.1|G0000250
split_0247	GCF_021023085.1|G0000261
split_0247	GOMC.bin.707|G0000279
split_0248	GCA_002067315.1|G0000032
split_0248	GCA_002506015.1|G0000043
split_0248	GCA_002839545.1|G0000047
split_0248	GCA_003104905.1|G0000051
split_0248	GCA_003194445.1|G0000056
split_0248	GCA_013331375.1|G0000079
split_0248	GCA_014859725.1|G0000088
split_0248	GCA_015660915.1|G0000090
split_0248	GCA_016841265.1|G0000108
split_0248	GCA_019429385.1|G0000128
split_0248	GCA_021108405.1|G0000135
split_0248	GCA_029259545.1|G0000166
split_0248	GCA_030605805.1|G0000176
split_0248	GCA_030611265.1|G0000183
split_0248	GCA_030627385.1|G0000187
split_0248	GCA_034659235.1|G0000194
split_0248	GCA_034659235.1|G0000195
split_0248	GCA_035624185.1|G0000198
split_0248	GCA_037443105.1|G0000206
split_0248	GCA_974486395.1|G0000247
split_0248	GCF_000011005.1|G0000250
split_0248	GCF_021023085.1|G0000261
split_0248	GOMC.bin.707|G0000279
split_0249	GCA_002067315.1|G0000032
split_0249	GCA_002839545.1|G0000047
split_0249	GCA_003104905.1|G0000051
split_0249	GCA_013331375.1|G0000079
split_0249	GCA_014859725.1|G0000088
split_0249	GCA_015660915.1|G0000090
split_0249	GCA_016841265.1|G0000108
split_0249	GCA_019429385.1|G0000128
split_0249	GCA_021108405.1|G0000135
split_0249	GCA_030611265.1|G0000183
split_0249	GCA_030627385.1|G0000187
split_0249	GCA_035624185.1|G0000198
split_0249	GCA_037443105.1|G0000206
split_0249	GCA_974486395.1|G0000247
split_0249	GCF_000011005.1|G0000250
split_0249	GCF_021023085.1|G0000261
split_0249	GOMC.bin.707|G0000279
split_0250	GCA_002067315.1|G0000032
split_0250	GCA_013331375.1|G0000079
split_0250	GCA_015660915.1|G0000090
split_0250	GCA_035624185.1|G0000198
split_0250	GCA_037443105.1|G0000206
split_0250	GCF_000011005.1|G0000250
split_0250	GCF_021023085.1|G0000261
split_0250	GOMC.bin.707|G0000279
split_0251	GCA_002067315.1|G0000032
split_0251	GCA_013331375.1|G0000079
split_0251	GCF_000011005.1|G0000250
split_0251	GCF_021023085.1|G0000261
split_0251	GOMC.bin.707|G0000279
split_0252	GCA_002067315.1|G0000032
split_0252	GCF_000011005.1|G0000250
split_0252	GCF_021023085.1|G0000261
split_0252	GOMC.bin.707|G0000279
split_0253	GCA_002067315.1|G0000032
split_0253	GCF_000011005.1|G0000250
split_0253	GCF_021023085.1|G0000261
split_0254	GCF_000011005.1|G0000250
split_0254	GCF_021023085.1|G0000261
split_0255	GCA_015660915.1|G0000090
split_0255	GCA_035624185.1|G0000198
split_0255	GCA_037443105.1|G0000206
split_0256	GCA_015660915.1|G0000090
split_0256	GCA_035624185.1|G0000198
split_0257	GCA_002839545.1|G0000047
split_0257	GCA_003104905.1|G0000051
split_0257	GCA_014859725.1|G0000088
split_0257	GCA_016841265.1|G0000108
split_0257	GCA_019429385.1|G0000128
split_0257	GCA_021108405.1|G0000135
split_0257	GCA_030611265.1|G0000183
split_0257	GCA_030627385.1|G0000187
split_0257	GCA_974486395.1|G0000247
split_0258	GCA_002839545.1|G0000047
split_0258	GCA_003104905.1|G0000051
split_0258	GCA_016841265.1|G0000108
split_0258	GCA_030611265.1|G0000183
split_0258	GCA_974486395.1|G0000247
split_0259	GCA_003104905.1|G0000051
split_0259	GCA_016841265.1|G0000108
split_0259	GCA_030611265.1|G0000183
split_0259	GCA_974486395.1|G0000247
split_0260	GCA_003104905.1|G0000051
split_0260	GCA_016841265.1|G0000108
split_0260	GCA_030611265.1|G0000183
split_0261	GCA_016841265.1|G0000108
split_0261	GCA_030611265.1|G0000183
split_0262	GCA_014859725.1|G0000088
split_0262	GCA_019429385.1|G0000128
split_0262	GCA_021108405.1|G0000135
split_0262	GCA_030627385.1|G0000187
split_0263	GCA_014859725.1|G0000088
split_0263	GCA_019429385.1|G0000128
split_0263	GCA_030627385.1|G0000187
split_0264	GCA_014859725.1|G0000088
split_0264	GCA_030627385.1|G0000187
split_0265	GCA_002506015.1|G0000043
split_0265	GCA_003194445.1|G0000056
split_0265	GCA_029259545.1|G0000166
split_0265	GCA_030605805.1|G0000176
split_0265	GCA_034659235.1|G0000194
split_0265	GCA_034659235.1|G0000195
split_0266	GCA_002506015.1|G0000043
split_0266	GCA_003194445.1|G0000056
split_0266	GCA_030605805.1|G0000176
split_0266	GCA_034659235.1|G0000194
split_0266	GCA_034659235.1|G0000195
split_0267	GCA_002506015.1|G0000043
split_0267	GCA_030605805.1|G0000176
split_0267	GCA_034659235.1|G0000195
split_0268	GCA_002506015.1|G0000043
split_0268	GCA_030605805.1|G0000176
split_0269	GCA_003194445.1|G0000056
split_0269	GCA_034659235.1|G0000194
split_0270	GCA_002495885.1|G0000039
split_0270	GCA_002813105.2|G0000045
split_0270	GCA_030018435.1|G0000172
split_0270	GCA_030019435.1|G0000173
split_0271	GCA_002495885.1|G0000039
split_0271	GCA_030019435.1|G0000173
split_0272	GCA_002813105.2|G0000045
split_0272	GCA_030018435.1|G0000172
split_0273	GCA_016212785.1|G0000093
split_0273	GCA_018830205.1|G0000117
split_0273	GCA_036446635.1|G0000200
split_0274	GCA_018830205.1|G0000117
split_0274	GCA_036446635.1|G0000200
split_0275	GCA_013154335.1|G0000078
split_0275	GCF_000023985.1|G0000254
split_0275	GCF_000214415.1|G0000257
split_0276	GCF_000023985.1|G0000254
split_0276	GCF_000214415.1|G0000257
split_0277	GCA_000166095.1|G0000005
split_0277	GCA_000309865.1|G0000009
split_0277	GCA_001507955.1|G0000014
split_0277	GCF_000008645.1|G0000248
split_0278	GCA_000309865.1|G0000009
split_0278	GCA_001507955.1|G0000014
split_0278	GCF_000008645.1|G0000248
split_0279	GCA_001507955.1|G0000014
split_0279	GCF_000008645.1|G0000248
