split_id	gene_id
split_0001	GCA_000247545.1|G0000002
split_0001	GCA_029932835.1|G0000245
split_0001	GCA_041306005.1|G0000323
split_0002	GCA_000247545.1|G0000002
split_0002	GCA_029932835.1|G0000245
split_0003	ERR4283445_bin.66|G0000001
split_0003	GCA_000247545.1|G0000002
split_0003	GCA_029932835.1|G0000245
split_0003	GCA_041306005.1|G0000323
split_0004	ERR4283445_bin.66|G0000001
split_0004	GCA_000247545.1|G0000002
split_0004	GCA_022848835.1|G0000183
split_0004	GCA_029856435.1|G0000241
split_0004	GCA_029932835.1|G0000245
split_0004	GCA_030594205.1|G0000248
split_0004	GCA_040290255.1|G0000320
split_0004	GCA_041306005.1|G0000323
split_0005	ERR4283445_bin.66|G0000001
split_0005	GCA_000247545.1|G0000002
split_0005	GCA_003144275.1|G0000040
split_0005	GCA_015520535.1|G0000091
split_0005	GCA_016839295.1|G0000105
split_0005	GCA_018238545.1|G0000122
split_0005	GCA_019057815.1|G0000137
split_0005	GCA_021513695.1|G0000174
split_0005	GCA_021513715.1|G0000175
split_0005	GCA_022848835.1|G0000183
split_0005	GCA_023705985.1|G0000195
split_0005	GCA_024276395.1|G0000197
split_0005	GCA_024720815.1|G0000199
split_0005	GCA_026993975.1|G0000212
split_0005	GCA_029856055.1|G0000239
split_0005	GCA_029856435.1|G0000241
split_0005	GCA_029856615.1|G0000242
split_0005	GCA_029856635.1|G0000243
split_0005	GCA_029932835.1|G0000245
split_0005	GCA_030594205.1|G0000248
split_0005	GCA_037443105.1|G0000269
split_0005	GCA_040290255.1|G0000320
split_0005	GCA_041306005.1|G0000323
split_0005	GCA_048882505.1|G0000331
split_0005	GCA_052626455.1|G0000340
split_0005	GCA_054385655.1|G0000349
split_0005	GCA_054385735.1|G0000351
split_0005	GOMC.bin.16560|G0000366
split_0006	GCA_000270325.1|G0000003
split_0006	GCA_000270325.1|G0000005
split_0006	GCA_000380705.1|G0000007
split_0006	GCA_000508305.1|G0000008
split_0006	GCA_000565255.1|G0000009
split_0006	GCA_000960885.1|G0000010
split_0006	GCA_000965745.1|G0000011
split_0006	GCA_001768965.1|G0000017
split_0006	GCA_001871475.1|G0000020
split_0006	GCA_002009975.1|G0000023
split_0006	GCA_002506015.1|G0000030
split_0006	GCA_002898355.1|G0000034
split_0006	GCA_003116855.1|G0000038
split_0006	GCA_003650785.1|G0000047
split_0006	GCA_003660605.1|G0000050
split_0006	GCA_003662535.1|G0000053
split_0006	GCA_005239845.1|G0000067
split_0006	GCA_011046235.1|G0000073
split_0006	GCA_013426015.1|G0000080
split_0006	GCA_014727925.1|G0000081
split_0006	GCA_014859835.1|G0000087
split_0006	GCA_015520705.1|G0000092
split_0006	GCA_015521325.1|G0000093
split_0006	GCA_015661855.1|G0000096
split_0006	GCA_016292335.1|G0000100
split_0006	GCA_016840485.1|G0000113
split_0006	GCA_016931255.1|G0000116
split_0006	GCA_016934325.1|G0000118
split_0006	GCA_017608045.1|G0000120
split_0006	GCA_018396725.1|G0000127
split_0006	GCA_018814355.1|G0000132
split_0006	GCA_018819225.1|G0000133
split_0006	GCA_019058165.1|G0000140
split_0006	GCA_019704295.1|G0000144
split_0006	GCA_019704295.1|G0000145
split_0006	GCA_020345945.1|G0000146
split_0006	GCA_020345945.1|G0000147
split_0006	GCA_020854925.1|G0000152
split_0006	GCA_021107635.1|G0000153
split_0006	GCA_021161465.1|G0000157
split_0006	GCA_021161745.1|G0000158
split_0006	GCA_021162425.1|G0000160
split_0006	GCA_021162925.1|G0000163
split_0006	GCA_021163245.1|G0000166
split_0006	GCA_021324115.1|G0000168
split_0006	GCA_021324265.1|G0000171
split_0006	GCA_021498085.1|G0000172
split_0006	GCA_021650775.1|G0000177
split_0006	GCA_021800035.1|G0000178
split_0006	GCA_021813385.1|G0000180
split_0006	GCA_021823945.1|G0000181
split_0006	GCA_023128965.1|G0000186
split_0006	GCA_023129075.1|G0000187
split_0006	GCA_023269735.1|G0000192
split_0006	GCA_026396415.1|G0000209
split_0006	GCA_026396425.1|G0000210
split_0006	GCA_027491415.1|G0000215
split_0006	GCA_027491845.1|G0000216
split_0006	GCA_027492035.1|G0000217
split_0006	GCA_028275385.1|G0000221
split_0006	GCA_028715295.1|G0000222
split_0006	GCA_029259245.1|G0000229
split_0006	GCA_029557835.1|G0000231
split_0006	GCA_029775965.1|G0000233
split_0006	GCA_029858465.1|G0000244
split_0006	GCA_030603445.1|G0000250
split_0006	GCA_034659995.1|G0000256
split_0006	GCA_034660795.1|G0000257
split_0006	GCA_034660795.1|G0000258
split_0006	GCA_035529455.1|G0000260
split_0006	GCA_036733165.1|G0000265
split_0006	GCA_037917685.1|G0000270
split_0006	GCA_037917685.1|G0000272
split_0006	GCA_038727395.1|G0000273
split_0006	GCA_038727395.1|G0000274
split_0006	GCA_038727395.1|G0000276
split_0006	GCA_038728585.1|G0000277
split_0006	GCA_038728585.1|G0000279
split_0006	GCA_038740145.1|G0000281
split_0006	GCA_038741495.1|G0000282
split_0006	GCA_038741495.1|G0000283
split_0006	GCA_038741495.1|G0000285
split_0006	GCA_038817485.1|G0000287
split_0006	GCA_038840355.1|G0000293
split_0006	GCA_038849675.1|G0000296
split_0006	GCA_038852135.1|G0000297
split_0006	GCA_038852135.1|G0000299
split_0006	GCA_038852135.1|G0000300
split_0006	GCA_038852135.1|G0000301
split_0006	GCA_038852135.1|G0000302
split_0006	GCA_038852135.1|G0000303
split_0006	GCA_038852315.1|G0000304
split_0006	GCA_038871515.1|G0000307
split_0006	GCA_038890745.1|G0000312
split_0006	GCA_038890745.1|G0000313
split_0006	GCA_040225955.1|G0000316
split_0006	GCA_040225955.1|G0000317
split_0006	GCA_040290255.1|G0000318
split_0006	GCA_040755655.1|G0000321
split_0006	GCA_041306075.1|G0000324
split_0006	GCA_041652755.1|G0000326
split_0006	GCA_041653515.1|G0000327
split_0006	GCA_044343385.1|G0000329
split_0006	GCA_052246955.1|G0000335
split_0006	GCA_052584985.1|G0000338
split_0006	GCA_054383535.1|G0000345
split_0006	GCA_054798775.1|G0000354
split_0006	GCA_902384935.1|G0000355
split_0006	GCA_902385255.1|G0000356
split_0006	GCA_902385255.1|G0000357
split_0006	GCA_903884505.1|G0000358
split_0006	GCF_000007305.1|G0000360
split_0006	GOMC.bin.14807|G0000364
split_0006	GOMC.bin.16739|G0000368
split_0006	GOMC.bin.16766|G0000369
split_0006	GOMC.bin.1938|G0000371
split_0006	GOMC.bin.2895|G0000382
split_0006	GOMC.bin.3028|G0000384
split_0006	GOMC.bin.4346|G0000386
split_0006	GOMC.bin.4346|G0000387
split_0006	GOMC.bin.7604|G0000389
split_0006	GOMC.bin.7607|G0000390
split_0006	GOMC.bin.7607|G0000391
split_0007	GCA_000270325.1|G0000003
split_0007	GCA_000270325.1|G0000005
split_0007	GCA_000380705.1|G0000007
split_0007	GCA_000508305.1|G0000008
split_0007	GCA_000565255.1|G0000009
split_0007	GCA_000960885.1|G0000010
split_0007	GCA_000965745.1|G0000011
split_0007	GCA_001768965.1|G0000017
split_0007	GCA_001871475.1|G0000020
split_0007	GCA_002009975.1|G0000023
split_0007	GCA_002506015.1|G0000030
split_0007	GCA_002898355.1|G0000034
split_0007	GCA_003660605.1|G0000050
split_0007	GCA_003662535.1|G0000053
split_0007	GCA_005239845.1|G0000067
split_0007	GCA_011046235.1|G0000073
split_0007	GCA_013426015.1|G0000080
split_0007	GCA_014727925.1|G0000081
split_0007	GCA_014859835.1|G0000087
split_0007	GCA_015520705.1|G0000092
split_0007	GCA_015521325.1|G0000093
split_0007	GCA_016292335.1|G0000100
split_0007	GCA_016840485.1|G0000113
split_0007	GCA_016931255.1|G0000116
split_0007	GCA_016934325.1|G0000118
split_0007	GCA_017608045.1|G0000120
split_0007	GCA_018396725.1|G0000127
split_0007	GCA_018814355.1|G0000132
split_0007	GCA_018819225.1|G0000133
split_0007	GCA_019058165.1|G0000140
split_0007	GCA_019704295.1|G0000144
split_0007	GCA_019704295.1|G0000145
split_0007	GCA_020345945.1|G0000146
split_0007	GCA_020345945.1|G0000147
split_0007	GCA_020854925.1|G0000152
split_0007	GCA_021107635.1|G0000153
split_0007	GCA_021161465.1|G0000157
split_0007	GCA_021161745.1|G0000158
split_0007	GCA_021162425.1|G0000160
split_0007	GCA_021162925.1|G0000163
split_0007	GCA_021163245.1|G0000166
split_0007	GCA_021324115.1|G0000168
split_0007	GCA_021324265.1|G0000171
split_0007	GCA_021498085.1|G0000172
split_0007	GCA_021650775.1|G0000177
split_0007	GCA_021800035.1|G0000178
split_0007	GCA_021813385.1|G0000180
split_0007	GCA_021823945.1|G0000181
split_0007	GCA_023128965.1|G0000186
split_0007	GCA_023129075.1|G0000187
split_0007	GCA_023269735.1|G0000192
split_0007	GCA_026396415.1|G0000209
split_0007	GCA_026396425.1|G0000210
split_0007	GCA_027491415.1|G0000215
split_0007	GCA_027491845.1|G0000216
split_0007	GCA_027492035.1|G0000217
split_0007	GCA_028275385.1|G0000221
split_0007	GCA_028715295.1|G0000222
split_0007	GCA_029259245.1|G0000229
split_0007	GCA_029557835.1|G0000231
split_0007	GCA_029775965.1|G0000233
split_0007	GCA_029858465.1|G0000244
split_0007	GCA_030603445.1|G0000250
split_0007	GCA_034659995.1|G0000256
split_0007	GCA_034660795.1|G0000257
split_0007	GCA_034660795.1|G0000258
split_0007	GCA_035529455.1|G0000260
split_0007	GCA_036733165.1|G0000265
split_0007	GCA_037917685.1|G0000272
split_0007	GCA_038727395.1|G0000273
split_0007	GCA_038727395.1|G0000276
split_0007	GCA_038728585.1|G0000277
split_0007	GCA_038728585.1|G0000279
split_0007	GCA_038740145.1|G0000281
split_0007	GCA_038741495.1|G0000282
split_0007	GCA_038741495.1|G0000285
split_0007	GCA_038817485.1|G0000287
split_0007	GCA_038840355.1|G0000293
split_0007	GCA_038849675.1|G0000296
split_0007	GCA_038852135.1|G0000297
split_0007	GCA_038852135.1|G0000299
split_0007	GCA_038852135.1|G0000300
split_0007	GCA_038852135.1|G0000301
split_0007	GCA_038852135.1|G0000302
split_0007	GCA_038852135.1|G0000303
split_0007	GCA_038852315.1|G0000304
split_0007	GCA_038871515.1|G0000307
split_0007	GCA_038890745.1|G0000312
split_0007	GCA_038890745.1|G0000313
split_0007	GCA_040225955.1|G0000317
split_0007	GCA_040755655.1|G0000321
split_0007	GCA_041306075.1|G0000324
split_0007	GCA_041652755.1|G0000326
split_0007	GCA_041653515.1|G0000327
split_0007	GCA_044343385.1|G0000329
split_0007	GCA_052246955.1|G0000335
split_0007	GCA_054383535.1|G0000345
split_0007	GCA_054798775.1|G0000354
split_0007	GCA_902384935.1|G0000355
split_0007	GCA_902385255.1|G0000356
split_0007	GCA_902385255.1|G0000357
split_0007	GCA_903884505.1|G0000358
split_0007	GCF_000007305.1|G0000360
split_0007	GOMC.bin.14807|G0000364
split_0007	GOMC.bin.16739|G0000368
split_0007	GOMC.bin.16766|G0000369
split_0007	GOMC.bin.1938|G0000371
split_0007	GOMC.bin.2895|G0000382
split_0007	GOMC.bin.3028|G0000384
split_0007	GOMC.bin.4346|G0000386
split_0007	GOMC.bin.7604|G0000389
split_0007	GOMC.bin.7607|G0000390
split_0007	GOMC.bin.7607|G0000391
split_0008	GCA_000270325.1|G0000003
split_0008	GCA_000270325.1|G0000005
split_0008	GCA_000380705.1|G0000007
split_0008	GCA_000508305.1|G0000008
split_0008	GCA_000565255.1|G0000009
split_0008	GCA_000960885.1|G0000010
split_0008	GCA_000965745.1|G0000011
split_0008	GCA_001768965.1|G0000017
split_0008	GCA_001871475.1|G0000020
split_0008	GCA_002009975.1|G0000023
split_0008	GCA_002506015.1|G0000030
split_0008	GCA_002898355.1|G0000034
split_0008	GCA_003660605.1|G0000050
split_0008	GCA_003662535.1|G0000053
split_0008	GCA_005239845.1|G0000067
split_0008	GCA_011046235.1|G0000073
split_0008	GCA_013426015.1|G0000080
split_0008	GCA_014727925.1|G0000081
split_0008	GCA_014859835.1|G0000087
split_0008	GCA_015520705.1|G0000092
split_0008	GCA_015521325.1|G0000093
split_0008	GCA_016292335.1|G0000100
split_0008	GCA_016840485.1|G0000113
split_0008	GCA_016931255.1|G0000116
split_0008	GCA_016934325.1|G0000118
split_0008	GCA_017608045.1|G0000120
split_0008	GCA_018814355.1|G0000132
split_0008	GCA_018819225.1|G0000133
split_0008	GCA_019058165.1|G0000140
split_0008	GCA_019704295.1|G0000144
split_0008	GCA_019704295.1|G0000145
split_0008	GCA_020345945.1|G0000146
split_0008	GCA_020345945.1|G0000147
split_0008	GCA_020854925.1|G0000152
split_0008	GCA_021107635.1|G0000153
split_0008	GCA_021161465.1|G0000157
split_0008	GCA_021162425.1|G0000160
split_0008	GCA_021324115.1|G0000168
split_0008	GCA_021324265.1|G0000171
split_0008	GCA_021498085.1|G0000172
split_0008	GCA_021650775.1|G0000177
split_0008	GCA_021800035.1|G0000178
split_0008	GCA_021813385.1|G0000180
split_0008	GCA_021823945.1|G0000181
split_0008	GCA_023128965.1|G0000186
split_0008	GCA_023129075.1|G0000187
split_0008	GCA_023269735.1|G0000192
split_0008	GCA_026396415.1|G0000209
split_0008	GCA_026396425.1|G0000210
split_0008	GCA_027491415.1|G0000215
split_0008	GCA_027492035.1|G0000217
split_0008	GCA_028275385.1|G0000221
split_0008	GCA_028715295.1|G0000222
split_0008	GCA_029259245.1|G0000229
split_0008	GCA_029557835.1|G0000231
split_0008	GCA_029775965.1|G0000233
split_0008	GCA_029858465.1|G0000244
split_0008	GCA_030603445.1|G0000250
split_0008	GCA_034659995.1|G0000256
split_0008	GCA_034660795.1|G0000257
split_0008	GCA_034660795.1|G0000258
split_0008	GCA_035529455.1|G0000260
split_0008	GCA_036733165.1|G0000265
split_0008	GCA_037917685.1|G0000272
split_0008	GCA_038727395.1|G0000273
split_0008	GCA_038727395.1|G0000276
split_0008	GCA_038728585.1|G0000277
split_0008	GCA_038728585.1|G0000279
split_0008	GCA_038740145.1|G0000281
split_0008	GCA_038741495.1|G0000282
split_0008	GCA_038741495.1|G0000285
split_0008	GCA_038817485.1|G0000287
split_0008	GCA_038840355.1|G0000293
split_0008	GCA_038849675.1|G0000296
split_0008	GCA_038852135.1|G0000297
split_0008	GCA_038852135.1|G0000299
split_0008	GCA_038852135.1|G0000300
split_0008	GCA_038852135.1|G0000301
split_0008	GCA_038852135.1|G0000302
split_0008	GCA_038852135.1|G0000303
split_0008	GCA_038852315.1|G0000304
split_0008	GCA_038871515.1|G0000307
split_0008	GCA_038890745.1|G0000312
split_0008	GCA_038890745.1|G0000313
split_0008	GCA_040225955.1|G0000317
split_0008	GCA_040755655.1|G0000321
split_0008	GCA_041306075.1|G0000324
split_0008	GCA_041652755.1|G0000326
split_0008	GCA_041653515.1|G0000327
split_0008	GCA_044343385.1|G0000329
split_0008	GCA_052246955.1|G0000335
split_0008	GCA_054383535.1|G0000345
split_0008	GCA_054798775.1|G0000354
split_0008	GCA_902384935.1|G0000355
split_0008	GCA_902385255.1|G0000356
split_0008	GCA_902385255.1|G0000357
split_0008	GCA_903884505.1|G0000358
split_0008	GCF_000007305.1|G0000360
split_0008	GOMC.bin.14807|G0000364
split_0008	GOMC.bin.16766|G0000369
split_0008	GOMC.bin.1938|G0000371
split_0008	GOMC.bin.2895|G0000382
split_0008	GOMC.bin.3028|G0000384
split_0008	GOMC.bin.4346|G0000386
split_0008	GOMC.bin.7604|G0000389
split_0008	GOMC.bin.7607|G0000390
split_0008	GOMC.bin.7607|G0000391
split_0009	GCA_000270325.1|G0000003
split_0009	GCA_000270325.1|G0000005
split_0009	GCA_001768965.1|G0000017
split_0009	GCA_002009975.1|G0000023
split_0009	GCA_002506015.1|G0000030
split_0009	GCA_002898355.1|G0000034
split_0009	GCA_003660605.1|G0000050
split_0009	GCA_003662535.1|G0000053
split_0009	GCA_011046235.1|G0000073
split_0009	GCA_014859835.1|G0000087
split_0009	GCA_015520705.1|G0000092
split_0009	GCA_015521325.1|G0000093
split_0009	GCA_016292335.1|G0000100
split_0009	GCA_016840485.1|G0000113
split_0009	GCA_017608045.1|G0000120
split_0009	GCA_018814355.1|G0000132
split_0009	GCA_019058165.1|G0000140
split_0009	GCA_020345945.1|G0000146
split_0009	GCA_020345945.1|G0000147
split_0009	GCA_020854925.1|G0000152
split_0009	GCA_021498085.1|G0000172
split_0009	GCA_021650775.1|G0000177
split_0009	GCA_023269735.1|G0000192
split_0009	GCA_027491415.1|G0000215
split_0009	GCA_027492035.1|G0000217
split_0009	GCA_028275385.1|G0000221
split_0009	GCA_028715295.1|G0000222
split_0009	GCA_029259245.1|G0000229
split_0009	GCA_029858465.1|G0000244
split_0009	GCA_030603445.1|G0000250
split_0009	GCA_034659995.1|G0000256
split_0009	GCA_034660795.1|G0000257
split_0009	GCA_034660795.1|G0000258
split_0009	GCA_035529455.1|G0000260
split_0009	GCA_036733165.1|G0000265
split_0009	GCA_037917685.1|G0000272
split_0009	GCA_038727395.1|G0000273
split_0009	GCA_038728585.1|G0000279
split_0009	GCA_038741495.1|G0000285
split_0009	GCA_038817485.1|G0000287
split_0009	GCA_038840355.1|G0000293
split_0009	GCA_038852135.1|G0000297
split_0009	GCA_038852135.1|G0000299
split_0009	GCA_038852135.1|G0000300
split_0009	GCA_038852135.1|G0000301
split_0009	GCA_038852135.1|G0000303
split_0009	GCA_038852315.1|G0000304
split_0009	GCA_038890745.1|G0000313
split_0009	GCA_040225955.1|G0000317
split_0009	GCA_041306075.1|G0000324
split_0009	GCA_041652755.1|G0000326
split_0009	GCA_041653515.1|G0000327
split_0009	GCA_044343385.1|G0000329
split_0009	GCA_054383535.1|G0000345
split_0009	GCA_054798775.1|G0000354
split_0009	GCA_902385255.1|G0000356
split_0009	GCA_902385255.1|G0000357
split_0009	GCF_000007305.1|G0000360
split_0009	GOMC.bin.14807|G0000364
split_0009	GOMC.bin.2895|G0000382
split_0009	GOMC.bin.4346|G0000386
split_0009	GOMC.bin.7604|G0000389
split_0009	GOMC.bin.7607|G0000390
split_0009	GOMC.bin.7607|G0000391
split_0010	GCA_000270325.1|G0000003
split_0010	GCA_000270325.1|G0000005
split_0010	GCA_001768965.1|G0000017
split_0010	GCA_002009975.1|G0000023
split_0010	GCA_002506015.1|G0000030
split_0010	GCA_002898355.1|G0000034
split_0010	GCA_003660605.1|G0000050
split_0010	GCA_003662535.1|G0000053
split_0010	GCA_011046235.1|G0000073
split_0010	GCA_014859835.1|G0000087
split_0010	GCA_015520705.1|G0000092
split_0010	GCA_015521325.1|G0000093
split_0010	GCA_016292335.1|G0000100
split_0010	GCA_016840485.1|G0000113
split_0010	GCA_018814355.1|G0000132
split_0010	GCA_020345945.1|G0000146
split_0010	GCA_020345945.1|G0000147
split_0010	GCA_020854925.1|G0000152
split_0010	GCA_021650775.1|G0000177
split_0010	GCA_023269735.1|G0000192
split_0010	GCA_027491415.1|G0000215
split_0010	GCA_027492035.1|G0000217
split_0010	GCA_028275385.1|G0000221
split_0010	GCA_029259245.1|G0000229
split_0010	GCA_029858465.1|G0000244
split_0010	GCA_030603445.1|G0000250
split_0010	GCA_034659995.1|G0000256
split_0010	GCA_035529455.1|G0000260
split_0010	GCA_036733165.1|G0000265
split_0010	GCA_038727395.1|G0000273
split_0010	GCA_038728585.1|G0000279
split_0010	GCA_038741495.1|G0000285
split_0010	GCA_038817485.1|G0000287
split_0010	GCA_038840355.1|G0000293
split_0010	GCA_038852135.1|G0000297
split_0010	GCA_038852135.1|G0000299
split_0010	GCA_038852135.1|G0000300
split_0010	GCA_038852135.1|G0000301
split_0010	GCA_038852315.1|G0000304
split_0010	GCA_040225955.1|G0000317
split_0010	GCA_044343385.1|G0000329
split_0010	GCA_054383535.1|G0000345
split_0010	GCA_054798775.1|G0000354
split_0010	GCF_000007305.1|G0000360
split_0010	GOMC.bin.4346|G0000386
split_0011	GCA_000270325.1|G0000003
split_0011	GCA_000270325.1|G0000005
split_0011	GCA_001768965.1|G0000017
split_0011	GCA_002898355.1|G0000034
split_0011	GCA_003662535.1|G0000053
split_0011	GCA_011046235.1|G0000073
split_0011	GCA_014859835.1|G0000087
split_0011	GCA_015521325.1|G0000093
split_0011	GCA_016292335.1|G0000100
split_0011	GCA_016840485.1|G0000113
split_0011	GCA_018814355.1|G0000132
split_0011	GCA_021650775.1|G0000177
split_0011	GCA_023269735.1|G0000192
split_0011	GCA_027491415.1|G0000215
split_0011	GCA_027492035.1|G0000217
split_0011	GCA_028275385.1|G0000221
split_0011	GCA_029858465.1|G0000244
split_0011	GCA_035529455.1|G0000260
split_0011	GCA_038727395.1|G0000273
split_0011	GCA_038728585.1|G0000279
split_0011	GCA_038741495.1|G0000285
split_0011	GCA_038817485.1|G0000287
split_0011	GCA_038840355.1|G0000293
split_0011	GCA_038852135.1|G0000297
split_0011	GCA_038852135.1|G0000299
split_0011	GCA_038852135.1|G0000300
split_0011	GCA_038852135.1|G0000301
split_0011	GCA_038852315.1|G0000304
split_0011	GCA_040225955.1|G0000317
split_0011	GCA_044343385.1|G0000329
split_0011	GOMC.bin.4346|G0000386
split_0012	GCA_000270325.1|G0000005
split_0012	GCA_003662535.1|G0000053
split_0012	GCA_011046235.1|G0000073
split_0012	GCA_014859835.1|G0000087
split_0012	GCA_015521325.1|G0000093
split_0012	GCA_018814355.1|G0000132
split_0012	GCA_023269735.1|G0000192
split_0012	GCA_027491415.1|G0000215
split_0012	GCA_028275385.1|G0000221
split_0012	GCA_029858465.1|G0000244
split_0012	GCA_035529455.1|G0000260
split_0012	GCA_038852135.1|G0000297
split_0012	GCA_038852135.1|G0000300
split_0012	GCA_038852135.1|G0000301
split_0012	GCA_038852315.1|G0000304
split_0012	GCA_040225955.1|G0000317
split_0012	GCA_044343385.1|G0000329
split_0013	GCA_000270325.1|G0000005
split_0013	GCA_023269735.1|G0000192
split_0013	GCA_028275385.1|G0000221
split_0013	GCA_038852135.1|G0000297
split_0013	GCA_038852135.1|G0000300
split_0013	GCA_040225955.1|G0000317
split_0013	GCA_044343385.1|G0000329
split_0014	GCA_000270325.1|G0000005
split_0014	GCA_023269735.1|G0000192
split_0014	GCA_038852135.1|G0000297
split_0014	GCA_038852135.1|G0000300
split_0014	GCA_040225955.1|G0000317
split_0014	GCA_044343385.1|G0000329
split_0015	GCA_000270325.1|G0000005
split_0015	GCA_038852135.1|G0000297
split_0015	GCA_038852135.1|G0000300
split_0015	GCA_040225955.1|G0000317
split_0015	GCA_044343385.1|G0000329
split_0016	GCA_000270325.1|G0000005
split_0016	GCA_038852135.1|G0000297
split_0016	GCA_038852135.1|G0000300
split_0016	GCA_044343385.1|G0000329
split_0017	GCA_000270325.1|G0000005
split_0017	GCA_038852135.1|G0000297
split_0017	GCA_038852135.1|G0000300
split_0018	GCA_000270325.1|G0000005
split_0018	GCA_038852135.1|G0000300
split_0019	GCA_003662535.1|G0000053
split_0019	GCA_011046235.1|G0000073
split_0019	GCA_014859835.1|G0000087
split_0019	GCA_015521325.1|G0000093
split_0019	GCA_018814355.1|G0000132
split_0019	GCA_027491415.1|G0000215
split_0019	GCA_029858465.1|G0000244
split_0019	GCA_035529455.1|G0000260
split_0019	GCA_038852135.1|G0000301
split_0019	GCA_038852315.1|G0000304
split_0020	GCA_003662535.1|G0000053
split_0020	GCA_015521325.1|G0000093
split_0020	GCA_027491415.1|G0000215
split_0020	GCA_038852135.1|G0000301
split_0021	GCA_015521325.1|G0000093
split_0021	GCA_027491415.1|G0000215
split_0021	GCA_038852135.1|G0000301
split_0022	GCA_015521325.1|G0000093
split_0022	GCA_027491415.1|G0000215
split_0023	GCA_011046235.1|G0000073
split_0023	GCA_014859835.1|G0000087
split_0023	GCA_018814355.1|G0000132
split_0023	GCA_029858465.1|G0000244
split_0023	GCA_035529455.1|G0000260
split_0023	GCA_038852315.1|G0000304
split_0024	GCA_011046235.1|G0000073
split_0024	GCA_029858465.1|G0000244
split_0025	GCA_014859835.1|G0000087
split_0025	GCA_018814355.1|G0000132
split_0025	GCA_035529455.1|G0000260
split_0025	GCA_038852315.1|G0000304
split_0026	GCA_018814355.1|G0000132
split_0026	GCA_035529455.1|G0000260
split_0026	GCA_038852315.1|G0000304
split_0027	GCA_018814355.1|G0000132
split_0027	GCA_038852315.1|G0000304
split_0028	GCA_000270325.1|G0000003
split_0028	GCA_001768965.1|G0000017
split_0028	GCA_002898355.1|G0000034
split_0028	GCA_016292335.1|G0000100
split_0028	GCA_016840485.1|G0000113
split_0028	GCA_021650775.1|G0000177
split_0028	GCA_027492035.1|G0000217
split_0028	GCA_038727395.1|G0000273
split_0028	GCA_038728585.1|G0000279
split_0028	GCA_038741495.1|G0000285
split_0028	GCA_038817485.1|G0000287
split_0028	GCA_038840355.1|G0000293
split_0028	GCA_038852135.1|G0000299
split_0028	GOMC.bin.4346|G0000386
split_0029	GCA_000270325.1|G0000003
split_0029	GCA_001768965.1|G0000017
split_0029	GCA_002898355.1|G0000034
split_0029	GCA_016840485.1|G0000113
split_0029	GCA_021650775.1|G0000177
split_0029	GCA_027492035.1|G0000217
split_0029	GCA_038727395.1|G0000273
split_0029	GCA_038728585.1|G0000279
split_0029	GCA_038741495.1|G0000285
split_0029	GCA_038817485.1|G0000287
split_0029	GCA_038840355.1|G0000293
split_0029	GCA_038852135.1|G0000299
split_0029	GOMC.bin.4346|G0000386
split_0030	GCA_000270325.1|G0000003
split_0030	GCA_001768965.1|G0000017
split_0030	GCA_002898355.1|G0000034
split_0030	GCA_016840485.1|G0000113
split_0030	GCA_021650775.1|G0000177
split_0030	GCA_027492035.1|G0000217
split_0030	GCA_038727395.1|G0000273
split_0030	GCA_038741495.1|G0000285
split_0030	GCA_038817485.1|G0000287
split_0030	GCA_038852135.1|G0000299
split_0031	GCA_000270325.1|G0000003
split_0031	GCA_002898355.1|G0000034
split_0031	GCA_016840485.1|G0000113
split_0031	GCA_021650775.1|G0000177
split_0031	GCA_027492035.1|G0000217
split_0031	GCA_038727395.1|G0000273
split_0031	GCA_038741495.1|G0000285
split_0031	GCA_038817485.1|G0000287
split_0031	GCA_038852135.1|G0000299
split_0032	GCA_000270325.1|G0000003
split_0032	GCA_002898355.1|G0000034
split_0032	GCA_021650775.1|G0000177
split_0032	GCA_027492035.1|G0000217
split_0032	GCA_038817485.1|G0000287
split_0032	GCA_038852135.1|G0000299
split_0033	GCA_000270325.1|G0000003
split_0033	GCA_002898355.1|G0000034
split_0033	GCA_021650775.1|G0000177
split_0033	GCA_038817485.1|G0000287
split_0033	GCA_038852135.1|G0000299
split_0034	GCA_000270325.1|G0000003
split_0034	GCA_002898355.1|G0000034
split_0034	GCA_021650775.1|G0000177
split_0035	GCA_000270325.1|G0000003
split_0035	GCA_002898355.1|G0000034
split_0036	GCA_038817485.1|G0000287
split_0036	GCA_038852135.1|G0000299
split_0037	GCA_016840485.1|G0000113
split_0037	GCA_038727395.1|G0000273
split_0037	GCA_038741495.1|G0000285
split_0038	GCA_038727395.1|G0000273
split_0038	GCA_038741495.1|G0000285
split_0039	GCA_038728585.1|G0000279
split_0039	GCA_038840355.1|G0000293
split_0039	GOMC.bin.4346|G0000386
split_0040	GCA_038728585.1|G0000279
split_0040	GOMC.bin.4346|G0000386
split_0041	GCA_002009975.1|G0000023
split_0041	GCA_002506015.1|G0000030
split_0041	GCA_003660605.1|G0000050
split_0041	GCA_015520705.1|G0000092
split_0041	GCA_020345945.1|G0000146
split_0041	GCA_020345945.1|G0000147
split_0041	GCA_020854925.1|G0000152
split_0041	GCA_029259245.1|G0000229
split_0041	GCA_030603445.1|G0000250
split_0041	GCA_034659995.1|G0000256
split_0041	GCA_036733165.1|G0000265
split_0041	GCA_054383535.1|G0000345
split_0041	GCA_054798775.1|G0000354
split_0041	GCF_000007305.1|G0000360
split_0042	GCA_002009975.1|G0000023
split_0042	GCA_015520705.1|G0000092
split_0042	GCA_020345945.1|G0000146
split_0042	GCA_020345945.1|G0000147
split_0042	GCA_029259245.1|G0000229
split_0042	GCF_000007305.1|G0000360
split_0043	GCA_002009975.1|G0000023
split_0043	GCA_015520705.1|G0000092
split_0043	GCA_020345945.1|G0000146
split_0043	GCA_020345945.1|G0000147
split_0043	GCA_029259245.1|G0000229
split_0044	GCA_002009975.1|G0000023
split_0044	GCA_020345945.1|G0000146
split_0044	GCA_020345945.1|G0000147
split_0044	GCA_029259245.1|G0000229
split_0045	GCA_002009975.1|G0000023
split_0045	GCA_029259245.1|G0000229
split_0046	GCA_020345945.1|G0000146
split_0046	GCA_020345945.1|G0000147
split_0047	GCA_002506015.1|G0000030
split_0047	GCA_003660605.1|G0000050
split_0047	GCA_020854925.1|G0000152
split_0047	GCA_030603445.1|G0000250
split_0047	GCA_034659995.1|G0000256
split_0047	GCA_036733165.1|G0000265
split_0047	GCA_054383535.1|G0000345
split_0047	GCA_054798775.1|G0000354
split_0048	GCA_002506015.1|G0000030
split_0048	GCA_003660605.1|G0000050
split_0048	GCA_034659995.1|G0000256
split_0048	GCA_054383535.1|G0000345
split_0049	GCA_002506015.1|G0000030
split_0049	GCA_054383535.1|G0000345
split_0050	GCA_003660605.1|G0000050
split_0050	GCA_034659995.1|G0000256
split_0051	GCA_020854925.1|G0000152
split_0051	GCA_030603445.1|G0000250
split_0051	GCA_036733165.1|G0000265
split_0051	GCA_054798775.1|G0000354
split_0052	GCA_020854925.1|G0000152
split_0052	GCA_030603445.1|G0000250
split_0052	GCA_036733165.1|G0000265
split_0053	GCA_020854925.1|G0000152
split_0053	GCA_030603445.1|G0000250
split_0054	GCA_017608045.1|G0000120
split_0054	GCA_019058165.1|G0000140
split_0054	GCA_021498085.1|G0000172
split_0054	GCA_028715295.1|G0000222
split_0054	GCA_034660795.1|G0000257
split_0054	GCA_034660795.1|G0000258
split_0054	GCA_037917685.1|G0000272
split_0054	GCA_038852135.1|G0000303
split_0054	GCA_038890745.1|G0000313
split_0054	GCA_041306075.1|G0000324
split_0054	GCA_041652755.1|G0000326
split_0054	GCA_041653515.1|G0000327
split_0054	GCA_902385255.1|G0000356
split_0054	GCA_902385255.1|G0000357
split_0054	GOMC.bin.14807|G0000364
split_0054	GOMC.bin.2895|G0000382
split_0054	GOMC.bin.7604|G0000389
split_0054	GOMC.bin.7607|G0000390
split_0054	GOMC.bin.7607|G0000391
split_0055	GCA_017608045.1|G0000120
split_0055	GCA_019058165.1|G0000140
split_0055	GCA_021498085.1|G0000172
split_0055	GCA_028715295.1|G0000222
split_0055	GCA_034660795.1|G0000257
split_0055	GCA_034660795.1|G0000258
split_0055	GCA_038890745.1|G0000313
split_0055	GCA_041306075.1|G0000324
split_0055	GCA_041652755.1|G0000326
split_0055	GCA_041653515.1|G0000327
split_0055	GCA_902385255.1|G0000356
split_0055	GCA_902385255.1|G0000357
split_0055	GOMC.bin.14807|G0000364
split_0055	GOMC.bin.2895|G0000382
split_0055	GOMC.bin.7604|G0000389
split_0055	GOMC.bin.7607|G0000390
split_0055	GOMC.bin.7607|G0000391
split_0056	GCA_017608045.1|G0000120
split_0056	GCA_019058165.1|G0000140
split_0056	GCA_021498085.1|G0000172
split_0056	GCA_028715295.1|G0000222
split_0056	GCA_034660795.1|G0000257
split_0056	GCA_034660795.1|G0000258
split_0056	GCA_038890745.1|G0000313
split_0056	GCA_041306075.1|G0000324
split_0056	GCA_041652755.1|G0000326
split_0056	GCA_041653515.1|G0000327
split_0056	GCA_902385255.1|G0000356
split_0056	GCA_902385255.1|G0000357
split_0056	GOMC.bin.2895|G0000382
split_0056	GOMC.bin.7604|G0000389
split_0056	GOMC.bin.7607|G0000390
split_0056	GOMC.bin.7607|G0000391
split_0057	GCA_017608045.1|G0000120
split_0057	GCA_028715295.1|G0000222
split_0057	GCA_034660795.1|G0000257
split_0057	GCA_038890745.1|G0000313
split_0057	GCA_041652755.1|G0000326
split_0057	GCA_041653515.1|G0000327
split_0057	GCA_902385255.1|G0000356
split_0057	GCA_902385255.1|G0000357
split_0057	GOMC.bin.7604|G0000389
split_0057	GOMC.bin.7607|G0000390
split_0057	GOMC.bin.7607|G0000391
split_0058	GCA_017608045.1|G0000120
split_0058	GCA_028715295.1|G0000222
split_0058	GCA_034660795.1|G0000257
split_0058	GCA_038890745.1|G0000313
split_0058	GCA_041652755.1|G0000326
split_0058	GCA_041653515.1|G0000327
split_0058	GCA_902385255.1|G0000356
split_0058	GOMC.bin.7604|G0000389
split_0058	GOMC.bin.7607|G0000390
split_0058	GOMC.bin.7607|G0000391
split_0059	GCA_017608045.1|G0000120
split_0059	GCA_028715295.1|G0000222
split_0059	GCA_038890745.1|G0000313
split_0059	GCA_041652755.1|G0000326
split_0059	GCA_041653515.1|G0000327
split_0059	GCA_902385255.1|G0000356
split_0059	GOMC.bin.7604|G0000389
split_0059	GOMC.bin.7607|G0000390
split_0059	GOMC.bin.7607|G0000391
split_0060	GCA_017608045.1|G0000120
split_0060	GCA_038890745.1|G0000313
split_0060	GOMC.bin.7607|G0000390
split_0061	GCA_017608045.1|G0000120
split_0061	GOMC.bin.7607|G0000390
split_0062	GCA_028715295.1|G0000222
split_0062	GCA_041652755.1|G0000326
split_0062	GCA_041653515.1|G0000327
split_0062	GCA_902385255.1|G0000356
split_0062	GOMC.bin.7604|G0000389
split_0062	GOMC.bin.7607|G0000391
split_0063	GCA_028715295.1|G0000222
split_0063	GCA_041652755.1|G0000326
split_0063	GCA_902385255.1|G0000356
split_0063	GOMC.bin.7604|G0000389
split_0063	GOMC.bin.7607|G0000391
split_0064	GCA_028715295.1|G0000222
split_0064	GCA_902385255.1|G0000356
split_0064	GOMC.bin.7604|G0000389
split_0064	GOMC.bin.7607|G0000391
split_0065	GCA_028715295.1|G0000222
split_0065	GOMC.bin.7604|G0000389
split_0065	GOMC.bin.7607|G0000391
split_0066	GCA_028715295.1|G0000222
split_0066	GOMC.bin.7604|G0000389
split_0067	GCA_019058165.1|G0000140
split_0067	GCA_021498085.1|G0000172
split_0067	GCA_034660795.1|G0000258
split_0067	GCA_041306075.1|G0000324
split_0067	GOMC.bin.2895|G0000382
split_0068	GCA_019058165.1|G0000140
split_0068	GCA_021498085.1|G0000172
split_0068	GCA_034660795.1|G0000258
split_0068	GCA_041306075.1|G0000324
split_0069	GCA_019058165.1|G0000140
split_0069	GCA_021498085.1|G0000172
split_0069	GCA_034660795.1|G0000258
split_0070	GCA_019058165.1|G0000140
split_0070	GCA_021498085.1|G0000172
split_0071	GCA_037917685.1|G0000272
split_0071	GCA_038852135.1|G0000303
split_0072	GCA_000380705.1|G0000007
split_0072	GCA_000508305.1|G0000008
split_0072	GCA_000565255.1|G0000009
split_0072	GCA_000960885.1|G0000010
split_0072	GCA_000965745.1|G0000011
split_0072	GCA_001871475.1|G0000020
split_0072	GCA_005239845.1|G0000067
split_0072	GCA_013426015.1|G0000080
split_0072	GCA_014727925.1|G0000081
split_0072	GCA_016931255.1|G0000116
split_0072	GCA_016934325.1|G0000118
split_0072	GCA_018819225.1|G0000133
split_0072	GCA_019704295.1|G0000144
split_0072	GCA_019704295.1|G0000145
split_0072	GCA_021107635.1|G0000153
split_0072	GCA_021161465.1|G0000157
split_0072	GCA_021162425.1|G0000160
split_0072	GCA_021324115.1|G0000168
split_0072	GCA_021324265.1|G0000171
split_0072	GCA_021800035.1|G0000178
split_0072	GCA_021813385.1|G0000180
split_0072	GCA_021823945.1|G0000181
split_0072	GCA_023128965.1|G0000186
split_0072	GCA_023129075.1|G0000187
split_0072	GCA_026396415.1|G0000209
split_0072	GCA_026396425.1|G0000210
split_0072	GCA_029557835.1|G0000231
split_0072	GCA_029775965.1|G0000233
split_0072	GCA_038727395.1|G0000276
split_0072	GCA_038728585.1|G0000277
split_0072	GCA_038740145.1|G0000281
split_0072	GCA_038741495.1|G0000282
split_0072	GCA_038849675.1|G0000296
split_0072	GCA_038852135.1|G0000302
split_0072	GCA_038871515.1|G0000307
split_0072	GCA_038890745.1|G0000312
split_0072	GCA_040755655.1|G0000321
split_0072	GCA_052246955.1|G0000335
split_0072	GCA_902384935.1|G0000355
split_0072	GCA_903884505.1|G0000358
split_0072	GOMC.bin.16766|G0000369
split_0072	GOMC.bin.1938|G0000371
split_0072	GOMC.bin.3028|G0000384
split_0073	GCA_000380705.1|G0000007
split_0073	GCA_000508305.1|G0000008
split_0073	GCA_000565255.1|G0000009
split_0073	GCA_000960885.1|G0000010
split_0073	GCA_000965745.1|G0000011
split_0073	GCA_019704295.1|G0000144
split_0073	GCA_019704295.1|G0000145
split_0073	GCA_021324115.1|G0000168
split_0073	GCA_021324265.1|G0000171
split_0073	GCA_021800035.1|G0000178
split_0073	GCA_029775965.1|G0000233
split_0073	GCA_038727395.1|G0000276
split_0073	GCA_038728585.1|G0000277
split_0073	GCA_038741495.1|G0000282
split_0073	GCA_038852135.1|G0000302
split_0073	GCA_902384935.1|G0000355
split_0073	GOMC.bin.16766|G0000369
split_0073	GOMC.bin.3028|G0000384
split_0074	GCA_000380705.1|G0000007
split_0074	GCA_021324265.1|G0000171
split_0074	GCA_038727395.1|G0000276
split_0074	GCA_038741495.1|G0000282
split_0074	GCA_038852135.1|G0000302
split_0074	GCA_902384935.1|G0000355
split_0074	GOMC.bin.16766|G0000369
split_0074	GOMC.bin.3028|G0000384
split_0075	GCA_000380705.1|G0000007
split_0075	GCA_021324265.1|G0000171
split_0075	GCA_038727395.1|G0000276
split_0075	GCA_038741495.1|G0000282
split_0075	GCA_038852135.1|G0000302
split_0076	GCA_000380705.1|G0000007
split_0076	GCA_021324265.1|G0000171
split_0077	GCA_038727395.1|G0000276
split_0077	GCA_038741495.1|G0000282
split_0077	GCA_038852135.1|G0000302
split_0078	GCA_038727395.1|G0000276
split_0078	GCA_038741495.1|G0000282
split_0079	GCA_902384935.1|G0000355
split_0079	GOMC.bin.16766|G0000369
split_0079	GOMC.bin.3028|G0000384
split_0080	GOMC.bin.16766|G0000369
split_0080	GOMC.bin.3028|G0000384
split_0081	GCA_000508305.1|G0000008
split_0081	GCA_000565255.1|G0000009
split_0081	GCA_000960885.1|G0000010
split_0081	GCA_000965745.1|G0000011
split_0081	GCA_019704295.1|G0000144
split_0081	GCA_019704295.1|G0000145
split_0081	GCA_021324115.1|G0000168
split_0081	GCA_021800035.1|G0000178
split_0081	GCA_029775965.1|G0000233
split_0081	GCA_038728585.1|G0000277
split_0082	GCA_000508305.1|G0000008
split_0082	GCA_000565255.1|G0000009
split_0082	GCA_000965745.1|G0000011
split_0082	GCA_019704295.1|G0000144
split_0082	GCA_019704295.1|G0000145
split_0082	GCA_021324115.1|G0000168
split_0082	GCA_021800035.1|G0000178
split_0082	GCA_029775965.1|G0000233
split_0082	GCA_038728585.1|G0000277
split_0083	GCA_000508305.1|G0000008
split_0083	GCA_000565255.1|G0000009
split_0084	GCA_000965745.1|G0000011
split_0084	GCA_019704295.1|G0000144
split_0084	GCA_019704295.1|G0000145
split_0084	GCA_021324115.1|G0000168
split_0084	GCA_021800035.1|G0000178
split_0084	GCA_029775965.1|G0000233
split_0084	GCA_038728585.1|G0000277
split_0085	GCA_000965745.1|G0000011
split_0085	GCA_019704295.1|G0000145
split_0085	GCA_021324115.1|G0000168
split_0085	GCA_021800035.1|G0000178
split_0085	GCA_029775965.1|G0000233
split_0085	GCA_038728585.1|G0000277
split_0086	GCA_000965745.1|G0000011
split_0086	GCA_019704295.1|G0000145
split_0087	GCA_021324115.1|G0000168
split_0087	GCA_021800035.1|G0000178
split_0087	GCA_029775965.1|G0000233
split_0087	GCA_038728585.1|G0000277
split_0088	GCA_021324115.1|G0000168
split_0088	GCA_029775965.1|G0000233
split_0088	GCA_038728585.1|G0000277
split_0089	GCA_029775965.1|G0000233
split_0089	GCA_038728585.1|G0000277
split_0090	GCA_001871475.1|G0000020
split_0090	GCA_005239845.1|G0000067
split_0090	GCA_013426015.1|G0000080
split_0090	GCA_014727925.1|G0000081
split_0090	GCA_016931255.1|G0000116
split_0090	GCA_016934325.1|G0000118
split_0090	GCA_018819225.1|G0000133
split_0090	GCA_021107635.1|G0000153
split_0090	GCA_021161465.1|G0000157
split_0090	GCA_021162425.1|G0000160
split_0090	GCA_021813385.1|G0000180
split_0090	GCA_021823945.1|G0000181
split_0090	GCA_023128965.1|G0000186
split_0090	GCA_023129075.1|G0000187
split_0090	GCA_026396415.1|G0000209
split_0090	GCA_026396425.1|G0000210
split_0090	GCA_029557835.1|G0000231
split_0090	GCA_038740145.1|G0000281
split_0090	GCA_038849675.1|G0000296
split_0090	GCA_038871515.1|G0000307
split_0090	GCA_038890745.1|G0000312
split_0090	GCA_040755655.1|G0000321
split_0090	GCA_052246955.1|G0000335
split_0090	GCA_903884505.1|G0000358
split_0090	GOMC.bin.1938|G0000371
split_0091	GCA_001871475.1|G0000020
split_0091	GCA_005239845.1|G0000067
split_0091	GCA_013426015.1|G0000080
split_0091	GCA_014727925.1|G0000081
split_0091	GCA_018819225.1|G0000133
split_0091	GCA_021107635.1|G0000153
split_0091	GCA_021161465.1|G0000157
split_0091	GCA_021813385.1|G0000180
split_0091	GCA_021823945.1|G0000181
split_0091	GCA_023129075.1|G0000187
split_0091	GCA_026396415.1|G0000209
split_0091	GCA_026396425.1|G0000210
split_0091	GCA_029557835.1|G0000231
split_0091	GCA_038740145.1|G0000281
split_0091	GCA_038849675.1|G0000296
split_0091	GCA_038871515.1|G0000307
split_0091	GCA_038890745.1|G0000312
split_0091	GCA_040755655.1|G0000321
split_0091	GCA_903884505.1|G0000358
split_0092	GCA_001871475.1|G0000020
split_0092	GCA_005239845.1|G0000067
split_0092	GCA_013426015.1|G0000080
split_0092	GCA_014727925.1|G0000081
split_0092	GCA_018819225.1|G0000133
split_0092	GCA_021107635.1|G0000153
split_0092	GCA_021161465.1|G0000157
split_0092	GCA_021813385.1|G0000180
split_0092	GCA_021823945.1|G0000181
split_0092	GCA_023129075.1|G0000187
split_0092	GCA_026396415.1|G0000209
split_0092	GCA_026396425.1|G0000210
split_0092	GCA_029557835.1|G0000231
split_0092	GCA_038740145.1|G0000281
split_0092	GCA_038849675.1|G0000296
split_0092	GCA_038871515.1|G0000307
split_0092	GCA_038890745.1|G0000312
split_0092	GCA_040755655.1|G0000321
split_0093	GCA_001871475.1|G0000020
split_0093	GCA_005239845.1|G0000067
split_0093	GCA_013426015.1|G0000080
split_0093	GCA_014727925.1|G0000081
split_0093	GCA_018819225.1|G0000133
split_0093	GCA_021813385.1|G0000180
split_0093	GCA_021823945.1|G0000181
split_0093	GCA_023129075.1|G0000187
split_0093	GCA_026396415.1|G0000209
split_0093	GCA_026396425.1|G0000210
split_0093	GCA_029557835.1|G0000231
split_0093	GCA_038740145.1|G0000281
split_0093	GCA_038849675.1|G0000296
split_0093	GCA_038871515.1|G0000307
split_0093	GCA_038890745.1|G0000312
split_0093	GCA_040755655.1|G0000321
split_0094	GCA_001871475.1|G0000020
split_0094	GCA_005239845.1|G0000067
split_0094	GCA_014727925.1|G0000081
split_0094	GCA_018819225.1|G0000133
split_0094	GCA_023129075.1|G0000187
split_0094	GCA_026396425.1|G0000210
split_0094	GCA_029557835.1|G0000231
split_0094	GCA_038740145.1|G0000281
split_0094	GCA_038849675.1|G0000296
split_0094	GCA_038890745.1|G0000312
split_0095	GCA_001871475.1|G0000020
split_0095	GCA_014727925.1|G0000081
split_0095	GCA_023129075.1|G0000187
split_0095	GCA_026396425.1|G0000210
split_0095	GCA_029557835.1|G0000231
split_0095	GCA_038740145.1|G0000281
split_0095	GCA_038849675.1|G0000296
split_0095	GCA_038890745.1|G0000312
split_0096	GCA_001871475.1|G0000020
split_0096	GCA_023129075.1|G0000187
split_0096	GCA_026396425.1|G0000210
split_0096	GCA_038740145.1|G0000281
split_0096	GCA_038849675.1|G0000296
split_0097	GCA_001871475.1|G0000020
split_0097	GCA_026396425.1|G0000210
split_0097	GCA_038740145.1|G0000281
split_0097	GCA_038849675.1|G0000296
split_0098	GCA_001871475.1|G0000020
split_0098	GCA_038849675.1|G0000296
split_0099	GCA_026396425.1|G0000210
split_0099	GCA_038740145.1|G0000281
split_0100	GCA_014727925.1|G0000081
split_0100	GCA_029557835.1|G0000231
split_0100	GCA_038890745.1|G0000312
split_0101	GCA_014727925.1|G0000081
split_0101	GCA_029557835.1|G0000231
split_0102	GCA_005239845.1|G0000067
split_0102	GCA_018819225.1|G0000133
split_0103	GCA_013426015.1|G0000080
split_0103	GCA_021813385.1|G0000180
split_0103	GCA_021823945.1|G0000181
split_0103	GCA_026396415.1|G0000209
split_0103	GCA_038871515.1|G0000307
split_0103	GCA_040755655.1|G0000321
split_0104	GCA_013426015.1|G0000080
split_0104	GCA_038871515.1|G0000307
split_0104	GCA_040755655.1|G0000321
split_0105	GCA_013426015.1|G0000080
split_0105	GCA_038871515.1|G0000307
split_0106	GCA_021813385.1|G0000180
split_0106	GCA_021823945.1|G0000181
split_0106	GCA_026396415.1|G0000209
split_0107	GCA_021823945.1|G0000181
split_0107	GCA_026396415.1|G0000209
split_0108	GCA_021107635.1|G0000153
split_0108	GCA_021161465.1|G0000157
split_0109	GCA_016931255.1|G0000116
split_0109	GCA_016934325.1|G0000118
split_0109	GCA_021162425.1|G0000160
split_0109	GCA_023128965.1|G0000186
split_0109	GCA_052246955.1|G0000335
split_0109	GOMC.bin.1938|G0000371
split_0110	GCA_016931255.1|G0000116
split_0110	GCA_016934325.1|G0000118
split_0110	GCA_052246955.1|G0000335
split_0110	GOMC.bin.1938|G0000371
split_0111	GCA_016931255.1|G0000116
split_0111	GCA_052246955.1|G0000335
split_0111	GOMC.bin.1938|G0000371
split_0112	GCA_052246955.1|G0000335
split_0112	GOMC.bin.1938|G0000371
split_0113	GCA_021162425.1|G0000160
split_0113	GCA_023128965.1|G0000186
split_0114	GCA_018396725.1|G0000127
split_0114	GCA_021161745.1|G0000158
split_0114	GCA_021162925.1|G0000163
split_0114	GCA_021163245.1|G0000166
split_0114	GCA_027491845.1|G0000216
split_0114	GOMC.bin.16739|G0000368
split_0115	GCA_018396725.1|G0000127
split_0115	GCA_021161745.1|G0000158
split_0115	GCA_021163245.1|G0000166
split_0115	GCA_027491845.1|G0000216
split_0115	GOMC.bin.16739|G0000368
split_0116	GCA_018396725.1|G0000127
split_0116	GCA_027491845.1|G0000216
split_0117	GCA_021161745.1|G0000158
split_0117	GCA_021163245.1|G0000166
split_0117	GOMC.bin.16739|G0000368
split_0118	GCA_021163245.1|G0000166
split_0118	GOMC.bin.16739|G0000368
split_0119	GCA_003116855.1|G0000038
split_0119	GCA_003650785.1|G0000047
split_0119	GCA_015661855.1|G0000096
split_0119	GCA_037917685.1|G0000270
split_0119	GCA_038727395.1|G0000274
split_0119	GCA_038741495.1|G0000283
split_0119	GCA_040225955.1|G0000316
split_0119	GCA_040290255.1|G0000318
split_0119	GCA_052584985.1|G0000338
split_0119	GOMC.bin.4346|G0000387
split_0120	GCA_003116855.1|G0000038
split_0120	GCA_038727395.1|G0000274
split_0120	GCA_038741495.1|G0000283
split_0120	GOMC.bin.4346|G0000387
split_0121	GCA_038727395.1|G0000274
split_0121	GCA_038741495.1|G0000283
split_0121	GOMC.bin.4346|G0000387
split_0122	GCA_038741495.1|G0000283
split_0122	GOMC.bin.4346|G0000387
split_0123	GCA_003650785.1|G0000047
split_0123	GCA_015661855.1|G0000096
split_0123	GCA_037917685.1|G0000270
split_0123	GCA_040225955.1|G0000316
split_0123	GCA_040290255.1|G0000318
split_0123	GCA_052584985.1|G0000338
split_0124	GCA_003650785.1|G0000047
split_0124	GCA_037917685.1|G0000270
split_0124	GCA_040225955.1|G0000316
split_0124	GCA_040290255.1|G0000318
split_0124	GCA_052584985.1|G0000338
split_0125	GCA_003650785.1|G0000047
split_0125	GCA_040290255.1|G0000318
split_0126	GCA_037917685.1|G0000270
split_0126	GCA_040225955.1|G0000316
split_0126	GCA_052584985.1|G0000338
split_0127	GCA_040225955.1|G0000316
split_0127	GCA_052584985.1|G0000338
split_0128	ERR4283445_bin.66|G0000001
split_0128	GCA_000247545.1|G0000002
split_0128	GCA_000270325.1|G0000003
split_0128	GCA_000270325.1|G0000005
split_0128	GCA_000380705.1|G0000007
split_0128	GCA_000508305.1|G0000008
split_0128	GCA_000565255.1|G0000009
split_0128	GCA_000960885.1|G0000010
split_0128	GCA_000965745.1|G0000011
split_0128	GCA_001768965.1|G0000017
split_0128	GCA_001871475.1|G0000020
split_0128	GCA_002009975.1|G0000023
split_0128	GCA_002506015.1|G0000030
split_0128	GCA_002898355.1|G0000034
split_0128	GCA_003116855.1|G0000038
split_0128	GCA_003144275.1|G0000040
split_0128	GCA_003650785.1|G0000047
split_0128	GCA_003660605.1|G0000050
split_0128	GCA_003662535.1|G0000053
split_0128	GCA_005239845.1|G0000067
split_0128	GCA_011046235.1|G0000073
split_0128	GCA_013426015.1|G0000080
split_0128	GCA_014727925.1|G0000081
split_0128	GCA_014859835.1|G0000087
split_0128	GCA_015520535.1|G0000091
split_0128	GCA_015520705.1|G0000092
split_0128	GCA_015521325.1|G0000093
split_0128	GCA_015661855.1|G0000096
split_0128	GCA_016292335.1|G0000100
split_0128	GCA_016839295.1|G0000105
split_0128	GCA_016840485.1|G0000113
split_0128	GCA_016931255.1|G0000116
split_0128	GCA_016934325.1|G0000118
split_0128	GCA_017608045.1|G0000120
split_0128	GCA_018238545.1|G0000122
split_0128	GCA_018396725.1|G0000127
split_0128	GCA_018814355.1|G0000132
split_0128	GCA_018819225.1|G0000133
split_0128	GCA_019057815.1|G0000137
split_0128	GCA_019058165.1|G0000140
split_0128	GCA_019704295.1|G0000144
split_0128	GCA_019704295.1|G0000145
split_0128	GCA_020345945.1|G0000146
split_0128	GCA_020345945.1|G0000147
split_0128	GCA_020854925.1|G0000152
split_0128	GCA_021107635.1|G0000153
split_0128	GCA_021161465.1|G0000157
split_0128	GCA_021161745.1|G0000158
split_0128	GCA_021162425.1|G0000160
split_0128	GCA_021162925.1|G0000163
split_0128	GCA_021163245.1|G0000166
split_0128	GCA_021324115.1|G0000168
split_0128	GCA_021324265.1|G0000171
split_0128	GCA_021498085.1|G0000172
split_0128	GCA_021513695.1|G0000174
split_0128	GCA_021513715.1|G0000175
split_0128	GCA_021650775.1|G0000177
split_0128	GCA_021800035.1|G0000178
split_0128	GCA_021813385.1|G0000180
split_0128	GCA_021823945.1|G0000181
split_0128	GCA_022848835.1|G0000183
split_0128	GCA_023128965.1|G0000186
split_0128	GCA_023129075.1|G0000187
split_0128	GCA_023269735.1|G0000192
split_0128	GCA_023705985.1|G0000195
split_0128	GCA_024276395.1|G0000197
split_0128	GCA_024720815.1|G0000199
split_0128	GCA_026396415.1|G0000209
split_0128	GCA_026396425.1|G0000210
split_0128	GCA_026993975.1|G0000212
split_0128	GCA_027491415.1|G0000215
split_0128	GCA_027491845.1|G0000216
split_0128	GCA_027492035.1|G0000217
split_0128	GCA_028275385.1|G0000221
split_0128	GCA_028715295.1|G0000222
split_0128	GCA_029259245.1|G0000229
split_0128	GCA_029557835.1|G0000231
split_0128	GCA_029775965.1|G0000233
split_0128	GCA_029856055.1|G0000239
split_0128	GCA_029856435.1|G0000241
split_0128	GCA_029856615.1|G0000242
split_0128	GCA_029856635.1|G0000243
split_0128	GCA_029858465.1|G0000244
split_0128	GCA_029932835.1|G0000245
split_0128	GCA_030594205.1|G0000248
split_0128	GCA_030603445.1|G0000250
split_0128	GCA_034659995.1|G0000256
split_0128	GCA_034660795.1|G0000257
split_0128	GCA_034660795.1|G0000258
split_0128	GCA_035529455.1|G0000260
split_0128	GCA_036733165.1|G0000265
split_0128	GCA_037443105.1|G0000269
split_0128	GCA_037917685.1|G0000270
split_0128	GCA_037917685.1|G0000272
split_0128	GCA_038727395.1|G0000273
split_0128	GCA_038727395.1|G0000274
split_0128	GCA_038727395.1|G0000276
split_0128	GCA_038728585.1|G0000277
split_0128	GCA_038728585.1|G0000279
split_0128	GCA_038740145.1|G0000281
split_0128	GCA_038741495.1|G0000282
split_0128	GCA_038741495.1|G0000283
split_0128	GCA_038741495.1|G0000285
split_0128	GCA_038817485.1|G0000287
split_0128	GCA_038840355.1|G0000293
split_0128	GCA_038849675.1|G0000296
split_0128	GCA_038852135.1|G0000297
split_0128	GCA_038852135.1|G0000299
split_0128	GCA_038852135.1|G0000300
split_0128	GCA_038852135.1|G0000301
split_0128	GCA_038852135.1|G0000302
split_0128	GCA_038852135.1|G0000303
split_0128	GCA_038852315.1|G0000304
split_0128	GCA_038871515.1|G0000307
split_0128	GCA_038890745.1|G0000312
split_0128	GCA_038890745.1|G0000313
split_0128	GCA_040225955.1|G0000316
split_0128	GCA_040225955.1|G0000317
split_0128	GCA_040290255.1|G0000318
split_0128	GCA_040290255.1|G0000320
split_0128	GCA_040755655.1|G0000321
split_0128	GCA_041306005.1|G0000323
split_0128	GCA_041306075.1|G0000324
split_0128	GCA_041652755.1|G0000326
split_0128	GCA_041653515.1|G0000327
split_0128	GCA_044343385.1|G0000329
split_0128	GCA_048882505.1|G0000331
split_0128	GCA_052246955.1|G0000335
split_0128	GCA_052584985.1|G0000338
split_0128	GCA_052626455.1|G0000340
split_0128	GCA_054383535.1|G0000345
split_0128	GCA_054385655.1|G0000349
split_0128	GCA_054385735.1|G0000351
split_0128	GCA_054798775.1|G0000354
split_0128	GCA_902384935.1|G0000355
split_0128	GCA_902385255.1|G0000356
split_0128	GCA_902385255.1|G0000357
split_0128	GCA_903884505.1|G0000358
split_0128	GCF_000007305.1|G0000360
split_0128	GOMC.bin.14807|G0000364
split_0128	GOMC.bin.16560|G0000366
split_0128	GOMC.bin.16739|G0000368
split_0128	GOMC.bin.16766|G0000369
split_0128	GOMC.bin.1938|G0000371
split_0128	GOMC.bin.2895|G0000382
split_0128	GOMC.bin.3028|G0000384
split_0128	GOMC.bin.4346|G0000386
split_0128	GOMC.bin.4346|G0000387
split_0128	GOMC.bin.7604|G0000389
split_0128	GOMC.bin.7607|G0000390
split_0128	GOMC.bin.7607|G0000391
split_0129	ERR4283445_bin.66|G0000001
split_0129	GCA_000247545.1|G0000002
split_0129	GCA_000270325.1|G0000003
split_0129	GCA_000270325.1|G0000005
split_0129	GCA_000380705.1|G0000007
split_0129	GCA_000508305.1|G0000008
split_0129	GCA_000565255.1|G0000009
split_0129	GCA_000960885.1|G0000010
split_0129	GCA_000965745.1|G0000011
split_0129	GCA_001768965.1|G0000017
split_0129	GCA_001871475.1|G0000020
split_0129	GCA_002009975.1|G0000023
split_0129	GCA_002506015.1|G0000030
split_0129	GCA_002898355.1|G0000034
split_0129	GCA_003116855.1|G0000038
split_0129	GCA_003144275.1|G0000040
split_0129	GCA_003650785.1|G0000047
split_0129	GCA_003660605.1|G0000050
split_0129	GCA_003661385.1|G0000051
split_0129	GCA_003662535.1|G0000053
split_0129	GCA_005239845.1|G0000067
split_0129	GCA_011046235.1|G0000073
split_0129	GCA_013426015.1|G0000080
split_0129	GCA_014727925.1|G0000081
split_0129	GCA_014859835.1|G0000087
split_0129	GCA_015520535.1|G0000091
split_0129	GCA_015520705.1|G0000092
split_0129	GCA_015521325.1|G0000093
split_0129	GCA_015661855.1|G0000096
split_0129	GCA_016292335.1|G0000100
split_0129	GCA_016839295.1|G0000105
split_0129	GCA_016840485.1|G0000113
split_0129	GCA_016931255.1|G0000116
split_0129	GCA_016934325.1|G0000118
split_0129	GCA_017608045.1|G0000120
split_0129	GCA_018238545.1|G0000122
split_0129	GCA_018396725.1|G0000127
split_0129	GCA_018814355.1|G0000132
split_0129	GCA_018819225.1|G0000133
split_0129	GCA_019057815.1|G0000137
split_0129	GCA_019058165.1|G0000140
split_0129	GCA_019704295.1|G0000144
split_0129	GCA_019704295.1|G0000145
split_0129	GCA_020345945.1|G0000146
split_0129	GCA_020345945.1|G0000147
split_0129	GCA_020833055.1|G0000151
split_0129	GCA_020854925.1|G0000152
split_0129	GCA_021107635.1|G0000153
split_0129	GCA_021161465.1|G0000157
split_0129	GCA_021161745.1|G0000158
split_0129	GCA_021162425.1|G0000160
split_0129	GCA_021162925.1|G0000163
split_0129	GCA_021163245.1|G0000166
split_0129	GCA_021324115.1|G0000168
split_0129	GCA_021324265.1|G0000171
split_0129	GCA_021498085.1|G0000172
split_0129	GCA_021513695.1|G0000174
split_0129	GCA_021513715.1|G0000175
split_0129	GCA_021650775.1|G0000177
split_0129	GCA_021800035.1|G0000178
split_0129	GCA_021813385.1|G0000180
split_0129	GCA_021823945.1|G0000181
split_0129	GCA_022848835.1|G0000183
split_0129	GCA_023128965.1|G0000186
split_0129	GCA_023129075.1|G0000187
split_0129	GCA_023269735.1|G0000192
split_0129	GCA_023705985.1|G0000195
split_0129	GCA_024276395.1|G0000197
split_0129	GCA_024720815.1|G0000199
split_0129	GCA_026396415.1|G0000209
split_0129	GCA_026396425.1|G0000210
split_0129	GCA_026993975.1|G0000212
split_0129	GCA_027491415.1|G0000215
split_0129	GCA_027491845.1|G0000216
split_0129	GCA_027492035.1|G0000217
split_0129	GCA_028275385.1|G0000221
split_0129	GCA_028715295.1|G0000222
split_0129	GCA_029259245.1|G0000229
split_0129	GCA_029557835.1|G0000231
split_0129	GCA_029775965.1|G0000233
split_0129	GCA_029856055.1|G0000239
split_0129	GCA_029856435.1|G0000241
split_0129	GCA_029856615.1|G0000242
split_0129	GCA_029856635.1|G0000243
split_0129	GCA_029858465.1|G0000244
split_0129	GCA_029932835.1|G0000245
split_0129	GCA_030594205.1|G0000248
split_0129	GCA_030603445.1|G0000250
split_0129	GCA_034659995.1|G0000256
split_0129	GCA_034660795.1|G0000257
split_0129	GCA_034660795.1|G0000258
split_0129	GCA_035529455.1|G0000260
split_0129	GCA_036733165.1|G0000265
split_0129	GCA_037443105.1|G0000269
split_0129	GCA_037917685.1|G0000270
split_0129	GCA_037917685.1|G0000271
split_0129	GCA_037917685.1|G0000272
split_0129	GCA_038727395.1|G0000273
split_0129	GCA_038727395.1|G0000274
split_0129	GCA_038727395.1|G0000276
split_0129	GCA_038728585.1|G0000277
split_0129	GCA_038728585.1|G0000279
split_0129	GCA_038740145.1|G0000281
split_0129	GCA_038741495.1|G0000282
split_0129	GCA_038741495.1|G0000283
split_0129	GCA_038741495.1|G0000285
split_0129	GCA_038817485.1|G0000287
split_0129	GCA_038840355.1|G0000293
split_0129	GCA_038849675.1|G0000296
split_0129	GCA_038852135.1|G0000297
split_0129	GCA_038852135.1|G0000299
split_0129	GCA_038852135.1|G0000300
split_0129	GCA_038852135.1|G0000301
split_0129	GCA_038852135.1|G0000302
split_0129	GCA_038852135.1|G0000303
split_0129	GCA_038852315.1|G0000304
split_0129	GCA_038871515.1|G0000307
split_0129	GCA_038890745.1|G0000312
split_0129	GCA_038890745.1|G0000313
split_0129	GCA_040225955.1|G0000316
split_0129	GCA_040225955.1|G0000317
split_0129	GCA_040290255.1|G0000318
split_0129	GCA_040290255.1|G0000320
split_0129	GCA_040755655.1|G0000321
split_0129	GCA_041306005.1|G0000323
split_0129	GCA_041306075.1|G0000324
split_0129	GCA_041652755.1|G0000326
split_0129	GCA_041653515.1|G0000327
split_0129	GCA_044343385.1|G0000329
split_0129	GCA_048882505.1|G0000331
split_0129	GCA_052246955.1|G0000335
split_0129	GCA_052584985.1|G0000338
split_0129	GCA_052626455.1|G0000340
split_0129	GCA_054383535.1|G0000345
split_0129	GCA_054385655.1|G0000349
split_0129	GCA_054385735.1|G0000351
split_0129	GCA_054798775.1|G0000354
split_0129	GCA_902384935.1|G0000355
split_0129	GCA_902385255.1|G0000356
split_0129	GCA_902385255.1|G0000357
split_0129	GCA_903884505.1|G0000358
split_0129	GCF_000007305.1|G0000360
split_0129	GOMC.bin.14807|G0000364
split_0129	GOMC.bin.16560|G0000366
split_0129	GOMC.bin.16739|G0000368
split_0129	GOMC.bin.16766|G0000369
split_0129	GOMC.bin.1938|G0000371
split_0129	GOMC.bin.2895|G0000382
split_0129	GOMC.bin.3028|G0000384
split_0129	GOMC.bin.4346|G0000386
split_0129	GOMC.bin.4346|G0000387
split_0129	GOMC.bin.7604|G0000389
split_0129	GOMC.bin.7607|G0000390
split_0129	GOMC.bin.7607|G0000391
split_0130	ERR4283445_bin.66|G0000001
split_0130	GCA_000247545.1|G0000002
split_0130	GCA_000270325.1|G0000003
split_0130	GCA_000270325.1|G0000005
split_0130	GCA_000380705.1|G0000007
split_0130	GCA_000508305.1|G0000008
split_0130	GCA_000565255.1|G0000009
split_0130	GCA_000960885.1|G0000010
split_0130	GCA_000965745.1|G0000011
split_0130	GCA_001768965.1|G0000017
split_0130	GCA_001871475.1|G0000020
split_0130	GCA_002009975.1|G0000023
split_0130	GCA_002506015.1|G0000030
split_0130	GCA_002898355.1|G0000034
split_0130	GCA_003116855.1|G0000038
split_0130	GCA_003144275.1|G0000040
split_0130	GCA_003650785.1|G0000047
split_0130	GCA_003660605.1|G0000050
split_0130	GCA_003661385.1|G0000051
split_0130	GCA_003662535.1|G0000053
split_0130	GCA_005239845.1|G0000067
split_0130	GCA_011046235.1|G0000073
split_0130	GCA_013426015.1|G0000080
split_0130	GCA_014727925.1|G0000081
split_0130	GCA_014859835.1|G0000087
split_0130	GCA_015520535.1|G0000091
split_0130	GCA_015520705.1|G0000092
split_0130	GCA_015521325.1|G0000093
split_0130	GCA_015661855.1|G0000096
split_0130	GCA_015661855.1|G0000097
split_0130	GCA_016292335.1|G0000100
split_0130	GCA_016839295.1|G0000105
split_0130	GCA_016840485.1|G0000113
split_0130	GCA_016931255.1|G0000116
split_0130	GCA_016934325.1|G0000118
split_0130	GCA_017608045.1|G0000120
split_0130	GCA_018238545.1|G0000122
split_0130	GCA_018396725.1|G0000127
split_0130	GCA_018814355.1|G0000132
split_0130	GCA_018819225.1|G0000133
split_0130	GCA_019057815.1|G0000137
split_0130	GCA_019058165.1|G0000140
split_0130	GCA_019704295.1|G0000144
split_0130	GCA_019704295.1|G0000145
split_0130	GCA_020345945.1|G0000146
split_0130	GCA_020345945.1|G0000147
split_0130	GCA_020833055.1|G0000151
split_0130	GCA_020854925.1|G0000152
split_0130	GCA_021107635.1|G0000153
split_0130	GCA_021161465.1|G0000157
split_0130	GCA_021161745.1|G0000158
split_0130	GCA_021162425.1|G0000160
split_0130	GCA_021162925.1|G0000163
split_0130	GCA_021163245.1|G0000166
split_0130	GCA_021324115.1|G0000168
split_0130	GCA_021324265.1|G0000171
split_0130	GCA_021498085.1|G0000172
split_0130	GCA_021513695.1|G0000174
split_0130	GCA_021513715.1|G0000175
split_0130	GCA_021650775.1|G0000177
split_0130	GCA_021800035.1|G0000178
split_0130	GCA_021813385.1|G0000180
split_0130	GCA_021823945.1|G0000181
split_0130	GCA_022848835.1|G0000183
split_0130	GCA_023128965.1|G0000186
split_0130	GCA_023129075.1|G0000187
split_0130	GCA_023269735.1|G0000192
split_0130	GCA_023705985.1|G0000195
split_0130	GCA_024276395.1|G0000197
split_0130	GCA_024720815.1|G0000199
split_0130	GCA_026396415.1|G0000209
split_0130	GCA_026396425.1|G0000210
split_0130	GCA_026993975.1|G0000212
split_0130	GCA_027491415.1|G0000215
split_0130	GCA_027491845.1|G0000216
split_0130	GCA_027492035.1|G0000217
split_0130	GCA_028275385.1|G0000221
split_0130	GCA_028715295.1|G0000222
split_0130	GCA_029258915.1|G0000226
split_0130	GCA_029258925.1|G0000227
split_0130	GCA_029259245.1|G0000229
split_0130	GCA_029557835.1|G0000231
split_0130	GCA_029775965.1|G0000233
split_0130	GCA_029856055.1|G0000239
split_0130	GCA_029856435.1|G0000241
split_0130	GCA_029856615.1|G0000242
split_0130	GCA_029856635.1|G0000243
split_0130	GCA_029858465.1|G0000244
split_0130	GCA_029932835.1|G0000245
split_0130	GCA_030594205.1|G0000248
split_0130	GCA_030603445.1|G0000250
split_0130	GCA_034659995.1|G0000256
split_0130	GCA_034660795.1|G0000257
split_0130	GCA_034660795.1|G0000258
split_0130	GCA_035529455.1|G0000260
split_0130	GCA_036733165.1|G0000265
split_0130	GCA_037443105.1|G0000269
split_0130	GCA_037917685.1|G0000270
split_0130	GCA_037917685.1|G0000271
split_0130	GCA_037917685.1|G0000272
split_0130	GCA_038727395.1|G0000273
split_0130	GCA_038727395.1|G0000274
split_0130	GCA_038727395.1|G0000276
split_0130	GCA_038728585.1|G0000277
split_0130	GCA_038728585.1|G0000279
split_0130	GCA_038740145.1|G0000281
split_0130	GCA_038741495.1|G0000282
split_0130	GCA_038741495.1|G0000283
split_0130	GCA_038741495.1|G0000285
split_0130	GCA_038817485.1|G0000287
split_0130	GCA_038840355.1|G0000293
split_0130	GCA_038849675.1|G0000296
split_0130	GCA_038852135.1|G0000297
split_0130	GCA_038852135.1|G0000299
split_0130	GCA_038852135.1|G0000300
split_0130	GCA_038852135.1|G0000301
split_0130	GCA_038852135.1|G0000302
split_0130	GCA_038852135.1|G0000303
split_0130	GCA_038852315.1|G0000304
split_0130	GCA_038871515.1|G0000307
split_0130	GCA_038890745.1|G0000312
split_0130	GCA_038890745.1|G0000313
split_0130	GCA_040225955.1|G0000316
split_0130	GCA_040225955.1|G0000317
split_0130	GCA_040290255.1|G0000318
split_0130	GCA_040290255.1|G0000320
split_0130	GCA_040755655.1|G0000321
split_0130	GCA_041306005.1|G0000323
split_0130	GCA_041306075.1|G0000324
split_0130	GCA_041652755.1|G0000326
split_0130	GCA_041653515.1|G0000327
split_0130	GCA_044343385.1|G0000329
split_0130	GCA_048882505.1|G0000331
split_0130	GCA_052246955.1|G0000335
split_0130	GCA_052584985.1|G0000338
split_0130	GCA_052626455.1|G0000340
split_0130	GCA_054383535.1|G0000345
split_0130	GCA_054385655.1|G0000349
split_0130	GCA_054385735.1|G0000351
split_0130	GCA_054798775.1|G0000354
split_0130	GCA_902384935.1|G0000355
split_0130	GCA_902385255.1|G0000356
split_0130	GCA_902385255.1|G0000357
split_0130	GCA_903884505.1|G0000358
split_0130	GCF_000007305.1|G0000360
split_0130	GOMC.bin.14807|G0000364
split_0130	GOMC.bin.16560|G0000366
split_0130	GOMC.bin.16739|G0000368
split_0130	GOMC.bin.16766|G0000369
split_0130	GOMC.bin.1938|G0000371
split_0130	GOMC.bin.2895|G0000382
split_0130	GOMC.bin.3028|G0000384
split_0130	GOMC.bin.4346|G0000386
split_0130	GOMC.bin.4346|G0000387
split_0130	GOMC.bin.7604|G0000389
split_0130	GOMC.bin.7607|G0000390
split_0130	GOMC.bin.7607|G0000391
split_0131	ERR4283445_bin.66|G0000001
split_0131	GCA_000247545.1|G0000002
split_0131	GCA_000270325.1|G0000003
split_0131	GCA_000270325.1|G0000005
split_0131	GCA_000380705.1|G0000007
split_0131	GCA_000508305.1|G0000008
split_0131	GCA_000565255.1|G0000009
split_0131	GCA_000960885.1|G0000010
split_0131	GCA_000965745.1|G0000011
split_0131	GCA_001768965.1|G0000017
split_0131	GCA_001871475.1|G0000020
split_0131	GCA_001940655.1|G0000021
split_0131	GCA_002009975.1|G0000023
split_0131	GCA_002506015.1|G0000030
split_0131	GCA_002898355.1|G0000034
split_0131	GCA_003019595.1|G0000036
split_0131	GCA_003116855.1|G0000038
split_0131	GCA_003144275.1|G0000040
split_0131	GCA_003649205.1|G0000045
split_0131	GCA_003649205.1|G0000046
split_0131	GCA_003650785.1|G0000047
split_0131	GCA_003660605.1|G0000050
split_0131	GCA_003661385.1|G0000051
split_0131	GCA_003662535.1|G0000053
split_0131	GCA_005239845.1|G0000067
split_0131	GCA_011046235.1|G0000073
split_0131	GCA_013426015.1|G0000080
split_0131	GCA_014727925.1|G0000081
split_0131	GCA_014729935.1|G0000084
split_0131	GCA_014859835.1|G0000087
split_0131	GCA_015520535.1|G0000091
split_0131	GCA_015520705.1|G0000092
split_0131	GCA_015521325.1|G0000093
split_0131	GCA_015661855.1|G0000096
split_0131	GCA_015661855.1|G0000097
split_0131	GCA_016292335.1|G0000100
split_0131	GCA_016839295.1|G0000105
split_0131	GCA_016840485.1|G0000113
split_0131	GCA_016931255.1|G0000116
split_0131	GCA_016934325.1|G0000118
split_0131	GCA_017608045.1|G0000120
split_0131	GCA_018238545.1|G0000122
split_0131	GCA_018396725.1|G0000127
split_0131	GCA_018814355.1|G0000132
split_0131	GCA_018819225.1|G0000133
split_0131	GCA_019057815.1|G0000137
split_0131	GCA_019058165.1|G0000140
split_0131	GCA_019704295.1|G0000144
split_0131	GCA_019704295.1|G0000145
split_0131	GCA_020345945.1|G0000146
split_0131	GCA_020345945.1|G0000147
split_0131	GCA_020833055.1|G0000151
split_0131	GCA_020854925.1|G0000152
split_0131	GCA_021107635.1|G0000153
split_0131	GCA_021161465.1|G0000157
split_0131	GCA_021161745.1|G0000158
split_0131	GCA_021162425.1|G0000160
split_0131	GCA_021162925.1|G0000163
split_0131	GCA_021163245.1|G0000166
split_0131	GCA_021324115.1|G0000168
split_0131	GCA_021324265.1|G0000171
split_0131	GCA_021498085.1|G0000172
split_0131	GCA_021513695.1|G0000174
split_0131	GCA_021513715.1|G0000175
split_0131	GCA_021650775.1|G0000177
split_0131	GCA_021800035.1|G0000178
split_0131	GCA_021800035.1|G0000179
split_0131	GCA_021813385.1|G0000180
split_0131	GCA_021823945.1|G0000181
split_0131	GCA_022848835.1|G0000183
split_0131	GCA_023128965.1|G0000186
split_0131	GCA_023129075.1|G0000187
split_0131	GCA_023269735.1|G0000192
split_0131	GCA_023487445.1|G0000194
split_0131	GCA_023705985.1|G0000195
split_0131	GCA_024276395.1|G0000197
split_0131	GCA_024720815.1|G0000199
split_0131	GCA_025059075.1|G0000202
split_0131	GCA_026396415.1|G0000209
split_0131	GCA_026396425.1|G0000210
split_0131	GCA_026993975.1|G0000212
split_0131	GCA_027491415.1|G0000215
split_0131	GCA_027491845.1|G0000216
split_0131	GCA_027492035.1|G0000217
split_0131	GCA_028275385.1|G0000221
split_0131	GCA_028715295.1|G0000222
split_0131	GCA_029258915.1|G0000226
split_0131	GCA_029258925.1|G0000227
split_0131	GCA_029259245.1|G0000229
split_0131	GCA_029557835.1|G0000231
split_0131	GCA_029775965.1|G0000233
split_0131	GCA_029856055.1|G0000239
split_0131	GCA_029856435.1|G0000241
split_0131	GCA_029856615.1|G0000242
split_0131	GCA_029856635.1|G0000243
split_0131	GCA_029858465.1|G0000244
split_0131	GCA_029932835.1|G0000245
split_0131	GCA_030587475.2|G0000247
split_0131	GCA_030594205.1|G0000248
split_0131	GCA_030603445.1|G0000250
split_0131	GCA_034659995.1|G0000256
split_0131	GCA_034660795.1|G0000257
split_0131	GCA_034660795.1|G0000258
split_0131	GCA_035529455.1|G0000260
split_0131	GCA_036733165.1|G0000265
split_0131	GCA_037443105.1|G0000269
split_0131	GCA_037917685.1|G0000270
split_0131	GCA_037917685.1|G0000271
split_0131	GCA_037917685.1|G0000272
split_0131	GCA_038727395.1|G0000273
split_0131	GCA_038727395.1|G0000274
split_0131	GCA_038727395.1|G0000276
split_0131	GCA_038728585.1|G0000277
split_0131	GCA_038728585.1|G0000279
split_0131	GCA_038740145.1|G0000281
split_0131	GCA_038741495.1|G0000282
split_0131	GCA_038741495.1|G0000283
split_0131	GCA_038741495.1|G0000285
split_0131	GCA_038817485.1|G0000287
split_0131	GCA_038840355.1|G0000293
split_0131	GCA_038849675.1|G0000296
split_0131	GCA_038852135.1|G0000297
split_0131	GCA_038852135.1|G0000299
split_0131	GCA_038852135.1|G0000300
split_0131	GCA_038852135.1|G0000301
split_0131	GCA_038852135.1|G0000302
split_0131	GCA_038852135.1|G0000303
split_0131	GCA_038852315.1|G0000304
split_0131	GCA_038871515.1|G0000307
split_0131	GCA_038890745.1|G0000312
split_0131	GCA_038890745.1|G0000313
split_0131	GCA_040225955.1|G0000316
split_0131	GCA_040225955.1|G0000317
split_0131	GCA_040290255.1|G0000318
split_0131	GCA_040290255.1|G0000320
split_0131	GCA_040755655.1|G0000321
split_0131	GCA_041305945.1|G0000322
split_0131	GCA_041306005.1|G0000323
split_0131	GCA_041306075.1|G0000324
split_0131	GCA_041652755.1|G0000326
split_0131	GCA_041653515.1|G0000327
split_0131	GCA_044343385.1|G0000329
split_0131	GCA_048882505.1|G0000331
split_0131	GCA_052246955.1|G0000335
split_0131	GCA_052584985.1|G0000338
split_0131	GCA_052626455.1|G0000340
split_0131	GCA_054383535.1|G0000345
split_0131	GCA_054385655.1|G0000349
split_0131	GCA_054385735.1|G0000351
split_0131	GCA_054386615.1|G0000352
split_0131	GCA_054798775.1|G0000354
split_0131	GCA_902384935.1|G0000355
split_0131	GCA_902385255.1|G0000356
split_0131	GCA_902385255.1|G0000357
split_0131	GCA_903884505.1|G0000358
split_0131	GCF_000007305.1|G0000360
split_0131	GOMC.bin.14807|G0000364
split_0131	GOMC.bin.16560|G0000366
split_0131	GOMC.bin.16739|G0000368
split_0131	GOMC.bin.16766|G0000369
split_0131	GOMC.bin.1938|G0000371
split_0131	GOMC.bin.2895|G0000382
split_0131	GOMC.bin.3028|G0000384
split_0131	GOMC.bin.4346|G0000386
split_0131	GOMC.bin.4346|G0000387
split_0131	GOMC.bin.7604|G0000389
split_0131	GOMC.bin.7607|G0000390
split_0131	GOMC.bin.7607|G0000391
split_0132	GCA_000270325.1|G0000004
split_0132	GCA_000380705.1|G0000006
split_0132	GCA_001273385.1|G0000012
split_0132	GCA_001593855.1|G0000014
split_0132	GCA_001593865.1|G0000015
split_0132	GCA_001717025.1|G0000016
split_0132	GCA_001768965.1|G0000018
split_0132	GCA_001775995.1|G0000019
split_0132	GCA_002011035.2|G0000024
split_0132	GCA_002011085.2|G0000025
split_0132	GCA_002254595.1|G0000026
split_0132	GCA_002255045.1|G0000027
split_0132	GCA_002490245.1|G0000028
split_0132	GCA_002495315.1|G0000029
split_0132	GCA_002507085.1|G0000031
split_0132	GCA_002507245.1|G0000032
split_0132	GCA_002898355.1|G0000033
split_0132	GCA_002898395.1|G0000035
split_0132	GCA_003056285.1|G0000037
split_0132	GCA_003133625.1|G0000039
split_0132	GCA_003164815.1|G0000041
split_0132	GCA_003649155.1|G0000044
split_0132	GCA_003650785.1|G0000048
split_0132	GCA_003650925.1|G0000049
split_0132	GCA_003662535.1|G0000052
split_0132	GCA_003662645.1|G0000054
split_0132	GCA_004028775.1|G0000055
split_0132	GCA_004348015.1|G0000056
split_0132	GCA_004376295.1|G0000057
split_0132	GCA_004376645.1|G0000058
split_0132	GCA_005884195.1|G0000068
split_0132	GCA_005888675.1|G0000069
split_0132	GCA_005888735.1|G0000070
split_0132	GCA_009889585.1|G0000072
split_0132	GCA_011605725.1|G0000076
split_0132	GCA_011605775.1|G0000077
split_0132	GCA_013306035.1|G0000078
split_0132	GCA_015520395.1|G0000088
split_0132	GCA_015520425.1|G0000089
split_0132	GCA_015520475.1|G0000090
split_0132	GCA_015522695.1|G0000094
split_0132	GCA_015661775.1|G0000095
split_0132	GCA_016180375.1|G0000098
split_0132	GCA_016184315.1|G0000099
split_0132	GCA_016871995.1|G0000115
split_0132	GCA_017601265.1|G0000119
split_0132	GCA_017857595.1|G0000121
split_0132	GCA_018396405.1|G0000124
split_0132	GCA_018396415.1|G0000125
split_0132	GCA_018396535.1|G0000126
split_0132	GCA_018396725.1|G0000128
split_0132	GCA_018396755.1|G0000129
split_0132	GCA_018396775.1|G0000130
split_0132	GCA_018397035.1|G0000131
split_0132	GCA_019685575.1|G0000143
split_0132	GCA_020355125.1|G0000149
split_0132	GCA_020833005.1|G0000150
split_0132	GCA_021158125.1|G0000154
split_0132	GCA_021160575.1|G0000155
split_0132	GCA_021161045.1|G0000156
split_0132	GCA_021161825.1|G0000159
split_0132	GCA_021162845.1|G0000161
split_0132	GCA_021162925.1|G0000162
split_0132	GCA_021162925.1|G0000164
split_0132	GCA_021163245.1|G0000165
split_0132	GCA_021323375.2|G0000167
split_0132	GCA_021324115.1|G0000169
split_0132	GCA_021324265.1|G0000170
split_0132	GCA_021650775.1|G0000176
split_0132	GCA_021851265.1|G0000182
split_0132	GCA_022865705.1|G0000184
split_0132	GCA_023128135.1|G0000185
split_0132	GCA_023131225.1|G0000188
split_0132	GCA_023254095.1|G0000189
split_0132	GCA_023266955.1|G0000190
split_0132	GCA_023269735.1|G0000191
split_0132	GCA_023379805.1|G0000193
split_0132	GCA_025058425.1|G0000200
split_0132	GCA_025059045.1|G0000201
split_0132	GCA_025059745.1|G0000203
split_0132	GCA_025061095.1|G0000204
split_0132	GCA_026014495.1|G0000205
split_0132	GCA_026015035.1|G0000206
split_0132	GCA_026015185.1|G0000207
split_0132	GCA_026015225.1|G0000208
split_0132	GCA_026413605.1|G0000211
split_0132	GCA_027297425.1|G0000214
split_0132	GCA_027886795.1|G0000219
split_0132	GCA_028275385.1|G0000220
split_0132	GCA_029258735.1|G0000224
split_0132	GCA_029258885.1|G0000225
split_0132	GCA_029259155.1|G0000228
split_0132	GCA_029259355.1|G0000230
split_0132	GCA_029775965.1|G0000232
split_0132	GCA_029775995.1|G0000234
split_0132	GCA_029776125.1|G0000235
split_0132	GCA_029850555.1|G0000237
split_0132	GCA_029934005.1|G0000246
split_0132	GCA_030601715.1|G0000249
split_0132	GCA_030615265.1|G0000253
split_0132	GCA_032906765.1|G0000254
split_0132	GCA_033581555.1|G0000255
split_0132	GCA_034660895.1|G0000259
split_0132	GCA_035543015.1|G0000261
split_0132	GCA_035622335.1|G0000262
split_0132	GCA_036012225.1|G0000263
split_0132	GCA_036514475.1|G0000264
split_0132	GCA_038727395.1|G0000275
split_0132	GCA_038728585.1|G0000278
split_0132	GCA_038730885.1|G0000280
split_0132	GCA_038741495.1|G0000284
split_0132	GCA_038817485.1|G0000286
split_0132	GCA_038818435.1|G0000288
split_0132	GCA_038840055.1|G0000292
split_0132	GCA_038845265.1|G0000294
split_0132	GCA_038846965.1|G0000295
split_0132	GCA_038852135.1|G0000298
split_0132	GCA_038852745.1|G0000305
split_0132	GCA_038861055.1|G0000306
split_0132	GCA_038873015.1|G0000308
split_0132	GCA_038881895.1|G0000309
split_0132	GCA_038883335.1|G0000310
split_0132	GCA_038883485.1|G0000311
split_0132	GCA_038894255.1|G0000314
split_0132	GCA_040290255.1|G0000319
split_0132	GCA_041479945.1|G0000325
split_0132	GCA_041862235.1|G0000328
split_0132	GCA_052246955.1|G0000336
split_0132	GCA_937892815.1|G0000359
split_0132	GOMC.bin.10546|G0000361
split_0132	GOMC.bin.1205|G0000362
split_0132	GOMC.bin.1512|G0000365
split_0132	GOMC.bin.16739|G0000367
split_0132	GOMC.bin.16972|G0000370
split_0132	GOMC.bin.2212|G0000372
split_0132	GOMC.bin.2492|G0000373
split_0132	GOMC.bin.2493|G0000374
split_0132	GOMC.bin.2497|G0000375
split_0132	GOMC.bin.2724|G0000376
split_0132	GOMC.bin.2843|G0000377
split_0132	GOMC.bin.2847|G0000378
split_0132	GOMC.bin.2857|G0000379
split_0132	GOMC.bin.2866|G0000380
split_0132	GOMC.bin.2875|G0000381
split_0132	GOMC.bin.2900|G0000383
split_0132	GOMC.bin.3195|G0000385
split_0132	GOMC.bin.5642|G0000388
split_0133	GCA_000270325.1|G0000004
split_0133	GCA_000380705.1|G0000006
split_0133	GCA_001273385.1|G0000012
split_0133	GCA_001593855.1|G0000014
split_0133	GCA_001593865.1|G0000015
split_0133	GCA_001717025.1|G0000016
split_0133	GCA_001768965.1|G0000018
split_0133	GCA_001775995.1|G0000019
split_0133	GCA_002011035.2|G0000024
split_0133	GCA_002011085.2|G0000025
split_0133	GCA_002255045.1|G0000027
split_0133	GCA_002490245.1|G0000028
split_0133	GCA_002495315.1|G0000029
split_0133	GCA_002507085.1|G0000031
split_0133	GCA_002507245.1|G0000032
split_0133	GCA_002898355.1|G0000033
split_0133	GCA_002898395.1|G0000035
split_0133	GCA_003056285.1|G0000037
split_0133	GCA_003133625.1|G0000039
split_0133	GCA_003164815.1|G0000041
split_0133	GCA_003649155.1|G0000044
split_0133	GCA_003662535.1|G0000052
split_0133	GCA_003662645.1|G0000054
split_0133	GCA_004028775.1|G0000055
split_0133	GCA_004348015.1|G0000056
split_0133	GCA_004376295.1|G0000057
split_0133	GCA_004376645.1|G0000058
split_0133	GCA_005884195.1|G0000068
split_0133	GCA_005888675.1|G0000069
split_0133	GCA_005888735.1|G0000070
split_0133	GCA_009889585.1|G0000072
split_0133	GCA_011605725.1|G0000076
split_0133	GCA_011605775.1|G0000077
split_0133	GCA_013306035.1|G0000078
split_0133	GCA_015520395.1|G0000088
split_0133	GCA_015520425.1|G0000089
split_0133	GCA_015520475.1|G0000090
split_0133	GCA_015522695.1|G0000094
split_0133	GCA_015661775.1|G0000095
split_0133	GCA_016180375.1|G0000098
split_0133	GCA_016184315.1|G0000099
split_0133	GCA_016871995.1|G0000115
split_0133	GCA_017601265.1|G0000119
split_0133	GCA_017857595.1|G0000121
split_0133	GCA_018396405.1|G0000124
split_0133	GCA_018396415.1|G0000125
split_0133	GCA_018396535.1|G0000126
split_0133	GCA_018396725.1|G0000128
split_0133	GCA_018396755.1|G0000129
split_0133	GCA_018396775.1|G0000130
split_0133	GCA_018397035.1|G0000131
split_0133	GCA_019685575.1|G0000143
split_0133	GCA_020355125.1|G0000149
split_0133	GCA_020833005.1|G0000150
split_0133	GCA_021158125.1|G0000154
split_0133	GCA_021160575.1|G0000155
split_0133	GCA_021161045.1|G0000156
split_0133	GCA_021162925.1|G0000162
split_0133	GCA_021162925.1|G0000164
split_0133	GCA_021323375.2|G0000167
split_0133	GCA_021324115.1|G0000169
split_0133	GCA_021324265.1|G0000170
split_0133	GCA_021650775.1|G0000176
split_0133	GCA_021851265.1|G0000182
split_0133	GCA_022865705.1|G0000184
split_0133	GCA_023128135.1|G0000185
split_0133	GCA_023131225.1|G0000188
split_0133	GCA_023254095.1|G0000189
split_0133	GCA_023266955.1|G0000190
split_0133	GCA_023379805.1|G0000193
split_0133	GCA_025058425.1|G0000200
split_0133	GCA_025059045.1|G0000201
split_0133	GCA_025059745.1|G0000203
split_0133	GCA_025061095.1|G0000204
split_0133	GCA_026014495.1|G0000205
split_0133	GCA_026015035.1|G0000206
split_0133	GCA_026015185.1|G0000207
split_0133	GCA_026015225.1|G0000208
split_0133	GCA_026413605.1|G0000211
split_0133	GCA_027297425.1|G0000214
split_0133	GCA_027886795.1|G0000219
split_0133	GCA_028275385.1|G0000220
split_0133	GCA_029259155.1|G0000228
split_0133	GCA_029259355.1|G0000230
split_0133	GCA_029775965.1|G0000232
split_0133	GCA_029775995.1|G0000234
split_0133	GCA_029776125.1|G0000235
split_0133	GCA_029850555.1|G0000237
split_0133	GCA_029934005.1|G0000246
split_0133	GCA_030601715.1|G0000249
split_0133	GCA_030615265.1|G0000253
split_0133	GCA_032906765.1|G0000254
split_0133	GCA_033581555.1|G0000255
split_0133	GCA_034660895.1|G0000259
split_0133	GCA_035543015.1|G0000261
split_0133	GCA_035622335.1|G0000262
split_0133	GCA_036012225.1|G0000263
split_0133	GCA_036514475.1|G0000264
split_0133	GCA_038728585.1|G0000278
split_0133	GCA_038730885.1|G0000280
split_0133	GCA_038817485.1|G0000286
split_0133	GCA_038818435.1|G0000288
split_0133	GCA_038840055.1|G0000292
split_0133	GCA_038845265.1|G0000294
split_0133	GCA_038846965.1|G0000295
split_0133	GCA_038852135.1|G0000298
split_0133	GCA_038852745.1|G0000305
split_0133	GCA_038861055.1|G0000306
split_0133	GCA_038873015.1|G0000308
split_0133	GCA_038881895.1|G0000309
split_0133	GCA_038883335.1|G0000310
split_0133	GCA_038883485.1|G0000311
split_0133	GCA_038894255.1|G0000314
split_0133	GCA_040290255.1|G0000319
split_0133	GCA_041479945.1|G0000325
split_0133	GCA_041862235.1|G0000328
split_0133	GCA_052246955.1|G0000336
split_0133	GCA_937892815.1|G0000359
split_0133	GOMC.bin.10546|G0000361
split_0133	GOMC.bin.1205|G0000362
split_0133	GOMC.bin.1512|G0000365
split_0133	GOMC.bin.16972|G0000370
split_0133	GOMC.bin.2212|G0000372
split_0133	GOMC.bin.2492|G0000373
split_0133	GOMC.bin.2493|G0000374
split_0133	GOMC.bin.2497|G0000375
split_0133	GOMC.bin.2843|G0000377
split_0133	GOMC.bin.3195|G0000385
split_0133	GOMC.bin.5642|G0000388
split_0134	GCA_000270325.1|G0000004
split_0134	GCA_001273385.1|G0000012
split_0134	GCA_001593855.1|G0000014
split_0134	GCA_001593865.1|G0000015
split_0134	GCA_001768965.1|G0000018
split_0134	GCA_001775995.1|G0000019
split_0134	GCA_002011035.2|G0000024
split_0134	GCA_002011085.2|G0000025
split_0134	GCA_002255045.1|G0000027
split_0134	GCA_002490245.1|G0000028
split_0134	GCA_002495315.1|G0000029
split_0134	GCA_002507085.1|G0000031
split_0134	GCA_002507245.1|G0000032
split_0134	GCA_002898355.1|G0000033
split_0134	GCA_002898395.1|G0000035
split_0134	GCA_003056285.1|G0000037
split_0134	GCA_003133625.1|G0000039
split_0134	GCA_003164815.1|G0000041
split_0134	GCA_003662535.1|G0000052
split_0134	GCA_003662645.1|G0000054
split_0134	GCA_004376295.1|G0000057
split_0134	GCA_004376645.1|G0000058
split_0134	GCA_005884195.1|G0000068
split_0134	GCA_005888675.1|G0000069
split_0134	GCA_005888735.1|G0000070
split_0134	GCA_009889585.1|G0000072
split_0134	GCA_011605725.1|G0000076
split_0134	GCA_011605775.1|G0000077
split_0134	GCA_013306035.1|G0000078
split_0134	GCA_015520425.1|G0000089
split_0134	GCA_015520475.1|G0000090
split_0134	GCA_015522695.1|G0000094
split_0134	GCA_015661775.1|G0000095
split_0134	GCA_016180375.1|G0000098
split_0134	GCA_016184315.1|G0000099
split_0134	GCA_016871995.1|G0000115
split_0134	GCA_017601265.1|G0000119
split_0134	GCA_018396405.1|G0000124
split_0134	GCA_018396415.1|G0000125
split_0134	GCA_018396535.1|G0000126
split_0134	GCA_018396725.1|G0000128
split_0134	GCA_018396755.1|G0000129
split_0134	GCA_018396775.1|G0000130
split_0134	GCA_018397035.1|G0000131
split_0134	GCA_019685575.1|G0000143
split_0134	GCA_020355125.1|G0000149
split_0134	GCA_021158125.1|G0000154
split_0134	GCA_021161045.1|G0000156
split_0134	GCA_021162925.1|G0000162
split_0134	GCA_021162925.1|G0000164
split_0134	GCA_021323375.2|G0000167
split_0134	GCA_021324115.1|G0000169
split_0134	GCA_021650775.1|G0000176
split_0134	GCA_021851265.1|G0000182
split_0134	GCA_022865705.1|G0000184
split_0134	GCA_023128135.1|G0000185
split_0134	GCA_023131225.1|G0000188
split_0134	GCA_023254095.1|G0000189
split_0134	GCA_023266955.1|G0000190
split_0134	GCA_023379805.1|G0000193
split_0134	GCA_025058425.1|G0000200
split_0134	GCA_025059045.1|G0000201
split_0134	GCA_025059745.1|G0000203
split_0134	GCA_026014495.1|G0000205
split_0134	GCA_026015035.1|G0000206
split_0134	GCA_026015185.1|G0000207
split_0134	GCA_026015225.1|G0000208
split_0134	GCA_027297425.1|G0000214
split_0134	GCA_027886795.1|G0000219
split_0134	GCA_028275385.1|G0000220
split_0134	GCA_029259355.1|G0000230
split_0134	GCA_029775965.1|G0000232
split_0134	GCA_029775995.1|G0000234
split_0134	GCA_029776125.1|G0000235
split_0134	GCA_029850555.1|G0000237
split_0134	GCA_029934005.1|G0000246
split_0134	GCA_030601715.1|G0000249
split_0134	GCA_030615265.1|G0000253
split_0134	GCA_032906765.1|G0000254
split_0134	GCA_033581555.1|G0000255
split_0134	GCA_034660895.1|G0000259
split_0134	GCA_035543015.1|G0000261
split_0134	GCA_035622335.1|G0000262
split_0134	GCA_036012225.1|G0000263
split_0134	GCA_036514475.1|G0000264
split_0134	GCA_038728585.1|G0000278
split_0134	GCA_038730885.1|G0000280
split_0134	GCA_038817485.1|G0000286
split_0134	GCA_038845265.1|G0000294
split_0134	GCA_038846965.1|G0000295
split_0134	GCA_038852135.1|G0000298
split_0134	GCA_038852745.1|G0000305
split_0134	GCA_038873015.1|G0000308
split_0134	GCA_038883335.1|G0000310
split_0134	GCA_038883485.1|G0000311
split_0134	GCA_038894255.1|G0000314
split_0134	GCA_040290255.1|G0000319
split_0134	GCA_041479945.1|G0000325
split_0134	GCA_041862235.1|G0000328
split_0134	GCA_052246955.1|G0000336
split_0134	GCA_937892815.1|G0000359
split_0134	GOMC.bin.10546|G0000361
split_0134	GOMC.bin.1205|G0000362
split_0134	GOMC.bin.1512|G0000365
split_0134	GOMC.bin.16972|G0000370
split_0134	GOMC.bin.2212|G0000372
split_0134	GOMC.bin.2492|G0000373
split_0134	GOMC.bin.2497|G0000375
split_0134	GOMC.bin.2843|G0000377
split_0134	GOMC.bin.5642|G0000388
split_0135	GCA_000270325.1|G0000004
split_0135	GCA_001273385.1|G0000012
split_0135	GCA_001593855.1|G0000014
split_0135	GCA_001593865.1|G0000015
split_0135	GCA_001768965.1|G0000018
split_0135	GCA_001775995.1|G0000019
split_0135	GCA_002011035.2|G0000024
split_0135	GCA_002490245.1|G0000028
split_0135	GCA_002507085.1|G0000031
split_0135	GCA_002507245.1|G0000032
split_0135	GCA_002898355.1|G0000033
split_0135	GCA_002898395.1|G0000035
split_0135	GCA_003056285.1|G0000037
split_0135	GCA_003133625.1|G0000039
split_0135	GCA_003662535.1|G0000052
split_0135	GCA_003662645.1|G0000054
split_0135	GCA_004376295.1|G0000057
split_0135	GCA_004376645.1|G0000058
split_0135	GCA_005884195.1|G0000068
split_0135	GCA_005888675.1|G0000069
split_0135	GCA_005888735.1|G0000070
split_0135	GCA_009889585.1|G0000072
split_0135	GCA_015520425.1|G0000089
split_0135	GCA_015520475.1|G0000090
split_0135	GCA_015661775.1|G0000095
split_0135	GCA_018396405.1|G0000124
split_0135	GCA_018396415.1|G0000125
split_0135	GCA_018396725.1|G0000128
split_0135	GCA_018396755.1|G0000129
split_0135	GCA_018396775.1|G0000130
split_0135	GCA_018397035.1|G0000131
split_0135	GCA_019685575.1|G0000143
split_0135	GCA_020355125.1|G0000149
split_0135	GCA_021158125.1|G0000154
split_0135	GCA_021161045.1|G0000156
split_0135	GCA_021323375.2|G0000167
split_0135	GCA_021650775.1|G0000176
split_0135	GCA_022865705.1|G0000184
split_0135	GCA_023128135.1|G0000185
split_0135	GCA_023131225.1|G0000188
split_0135	GCA_023254095.1|G0000189
split_0135	GCA_025059045.1|G0000201
split_0135	GCA_025059745.1|G0000203
split_0135	GCA_026014495.1|G0000205
split_0135	GCA_026015035.1|G0000206
split_0135	GCA_026015185.1|G0000207
split_0135	GCA_026015225.1|G0000208
split_0135	GCA_028275385.1|G0000220
split_0135	GCA_029259355.1|G0000230
split_0135	GCA_029934005.1|G0000246
split_0135	GCA_030615265.1|G0000253
split_0135	GCA_034660895.1|G0000259
split_0135	GCA_038817485.1|G0000286
split_0135	GCA_038845265.1|G0000294
split_0135	GCA_038846965.1|G0000295
split_0135	GCA_038852135.1|G0000298
split_0135	GCA_038852745.1|G0000305
split_0135	GCA_038873015.1|G0000308
split_0135	GCA_038883335.1|G0000310
split_0135	GCA_038883485.1|G0000311
split_0135	GCA_038894255.1|G0000314
split_0135	GCA_041862235.1|G0000328
split_0135	GOMC.bin.1205|G0000362
split_0135	GOMC.bin.1512|G0000365
split_0135	GOMC.bin.16972|G0000370
split_0135	GOMC.bin.2212|G0000372
split_0135	GOMC.bin.2497|G0000375
split_0135	GOMC.bin.2843|G0000377
split_0135	GOMC.bin.5642|G0000388
split_0136	GCA_000270325.1|G0000004
split_0136	GCA_002507085.1|G0000031
split_0136	GCA_002898355.1|G0000033
split_0136	GCA_002898395.1|G0000035
split_0136	GCA_003056285.1|G0000037
split_0136	GCA_015520425.1|G0000089
split_0136	GCA_015661775.1|G0000095
split_0136	GCA_021323375.2|G0000167
split_0136	GCA_021650775.1|G0000176
split_0136	GCA_023254095.1|G0000189
split_0136	GCA_025059745.1|G0000203
split_0136	GCA_038817485.1|G0000286
split_0136	GCA_038845265.1|G0000294
split_0136	GCA_041862235.1|G0000328
split_0137	GCA_000270325.1|G0000004
split_0137	GCA_002898355.1|G0000033
split_0137	GCA_003056285.1|G0000037
split_0137	GCA_015520425.1|G0000089
split_0137	GCA_015661775.1|G0000095
split_0137	GCA_038817485.1|G0000286
split_0137	GCA_041862235.1|G0000328
split_0138	GCA_000270325.1|G0000004
split_0138	GCA_002898355.1|G0000033
split_0138	GCA_015520425.1|G0000089
split_0138	GCA_015661775.1|G0000095
split_0139	GCA_000270325.1|G0000004
split_0139	GCA_002898355.1|G0000033
split_0139	GCA_015520425.1|G0000089
split_0140	GCA_000270325.1|G0000004
split_0140	GCA_002898355.1|G0000033
split_0141	GCA_003056285.1|G0000037
split_0141	GCA_038817485.1|G0000286
split_0141	GCA_041862235.1|G0000328
split_0142	GCA_003056285.1|G0000037
split_0142	GCA_038817485.1|G0000286
split_0143	GCA_002507085.1|G0000031
split_0143	GCA_002898395.1|G0000035
split_0143	GCA_021323375.2|G0000167
split_0143	GCA_021650775.1|G0000176
split_0143	GCA_023254095.1|G0000189
split_0143	GCA_025059745.1|G0000203
split_0143	GCA_038845265.1|G0000294
split_0144	GCA_002507085.1|G0000031
split_0144	GCA_002898395.1|G0000035
split_0144	GCA_025059745.1|G0000203
split_0144	GCA_038845265.1|G0000294
split_0145	GCA_002507085.1|G0000031
split_0145	GCA_025059745.1|G0000203
split_0146	GCA_002898395.1|G0000035
split_0146	GCA_038845265.1|G0000294
split_0147	GCA_021323375.2|G0000167
split_0147	GCA_021650775.1|G0000176
split_0147	GCA_023254095.1|G0000189
split_0148	GCA_021323375.2|G0000167
split_0148	GCA_021650775.1|G0000176
split_0149	GCA_001273385.1|G0000012
split_0149	GCA_001593855.1|G0000014
split_0149	GCA_001593865.1|G0000015
split_0149	GCA_001768965.1|G0000018
split_0149	GCA_001775995.1|G0000019
split_0149	GCA_002011035.2|G0000024
split_0149	GCA_002490245.1|G0000028
split_0149	GCA_002507245.1|G0000032
split_0149	GCA_003133625.1|G0000039
split_0149	GCA_003662535.1|G0000052
split_0149	GCA_003662645.1|G0000054
split_0149	GCA_004376295.1|G0000057
split_0149	GCA_004376645.1|G0000058
split_0149	GCA_005884195.1|G0000068
split_0149	GCA_005888675.1|G0000069
split_0149	GCA_005888735.1|G0000070
split_0149	GCA_009889585.1|G0000072
split_0149	GCA_015520475.1|G0000090
split_0149	GCA_018396405.1|G0000124
split_0149	GCA_018396415.1|G0000125
split_0149	GCA_018396725.1|G0000128
split_0149	GCA_018396755.1|G0000129
split_0149	GCA_018396775.1|G0000130
split_0149	GCA_018397035.1|G0000131
split_0149	GCA_019685575.1|G0000143
split_0149	GCA_020355125.1|G0000149
split_0149	GCA_021158125.1|G0000154
split_0149	GCA_021161045.1|G0000156
split_0149	GCA_022865705.1|G0000184
split_0149	GCA_023128135.1|G0000185
split_0149	GCA_023131225.1|G0000188
split_0149	GCA_025059045.1|G0000201
split_0149	GCA_026014495.1|G0000205
split_0149	GCA_026015035.1|G0000206
split_0149	GCA_026015185.1|G0000207
split_0149	GCA_026015225.1|G0000208
split_0149	GCA_028275385.1|G0000220
split_0149	GCA_029259355.1|G0000230
split_0149	GCA_029934005.1|G0000246
split_0149	GCA_030615265.1|G0000253
split_0149	GCA_034660895.1|G0000259
split_0149	GCA_038846965.1|G0000295
split_0149	GCA_038852135.1|G0000298
split_0149	GCA_038852745.1|G0000305
split_0149	GCA_038873015.1|G0000308
split_0149	GCA_038883335.1|G0000310
split_0149	GCA_038883485.1|G0000311
split_0149	GCA_038894255.1|G0000314
split_0149	GOMC.bin.1205|G0000362
split_0149	GOMC.bin.1512|G0000365
split_0149	GOMC.bin.16972|G0000370
split_0149	GOMC.bin.2212|G0000372
split_0149	GOMC.bin.2497|G0000375
split_0149	GOMC.bin.2843|G0000377
split_0149	GOMC.bin.5642|G0000388
split_0150	GCA_001273385.1|G0000012
split_0150	GCA_001593855.1|G0000014
split_0150	GCA_001768965.1|G0000018
split_0150	GCA_001775995.1|G0000019
split_0150	GCA_002011035.2|G0000024
split_0150	GCA_002490245.1|G0000028
split_0150	GCA_002507245.1|G0000032
split_0150	GCA_003133625.1|G0000039
split_0150	GCA_003662535.1|G0000052
split_0150	GCA_003662645.1|G0000054
split_0150	GCA_004376295.1|G0000057
split_0150	GCA_004376645.1|G0000058
split_0150	GCA_005884195.1|G0000068
split_0150	GCA_005888675.1|G0000069
split_0150	GCA_005888735.1|G0000070
split_0150	GCA_009889585.1|G0000072
split_0150	GCA_015520475.1|G0000090
split_0150	GCA_018396405.1|G0000124
split_0150	GCA_018396415.1|G0000125
split_0150	GCA_018396725.1|G0000128
split_0150	GCA_018396775.1|G0000130
split_0150	GCA_018397035.1|G0000131
split_0150	GCA_019685575.1|G0000143
split_0150	GCA_020355125.1|G0000149
split_0150	GCA_021158125.1|G0000154
split_0150	GCA_021161045.1|G0000156
split_0150	GCA_022865705.1|G0000184
split_0150	GCA_023128135.1|G0000185
split_0150	GCA_023131225.1|G0000188
split_0150	GCA_025059045.1|G0000201
split_0150	GCA_026014495.1|G0000205
split_0150	GCA_026015035.1|G0000206
split_0150	GCA_026015185.1|G0000207
split_0150	GCA_026015225.1|G0000208
split_0150	GCA_028275385.1|G0000220
split_0150	GCA_029259355.1|G0000230
split_0150	GCA_029934005.1|G0000246
split_0150	GCA_030615265.1|G0000253
split_0150	GCA_034660895.1|G0000259
split_0150	GCA_038846965.1|G0000295
split_0150	GCA_038852135.1|G0000298
split_0150	GCA_038873015.1|G0000308
split_0150	GCA_038883335.1|G0000310
split_0150	GCA_038894255.1|G0000314
split_0150	GOMC.bin.1205|G0000362
split_0150	GOMC.bin.1512|G0000365
split_0150	GOMC.bin.16972|G0000370
split_0150	GOMC.bin.2212|G0000372
split_0150	GOMC.bin.2497|G0000375
split_0150	GOMC.bin.2843|G0000377
split_0150	GOMC.bin.5642|G0000388
split_0151	GCA_001273385.1|G0000012
split_0151	GCA_001593855.1|G0000014
split_0151	GCA_001768965.1|G0000018
split_0151	GCA_001775995.1|G0000019
split_0151	GCA_002490245.1|G0000028
split_0151	GCA_002507245.1|G0000032
split_0151	GCA_003133625.1|G0000039
split_0151	GCA_003662535.1|G0000052
split_0151	GCA_003662645.1|G0000054
split_0151	GCA_004376295.1|G0000057
split_0151	GCA_004376645.1|G0000058
split_0151	GCA_005884195.1|G0000068
split_0151	GCA_005888675.1|G0000069
split_0151	GCA_005888735.1|G0000070
split_0151	GCA_009889585.1|G0000072
split_0151	GCA_015520475.1|G0000090
split_0151	GCA_018396405.1|G0000124
split_0151	GCA_018396415.1|G0000125
split_0151	GCA_018396725.1|G0000128
split_0151	GCA_018396775.1|G0000130
split_0151	GCA_018397035.1|G0000131
split_0151	GCA_019685575.1|G0000143
split_0151	GCA_020355125.1|G0000149
split_0151	GCA_021158125.1|G0000154
split_0151	GCA_021161045.1|G0000156
split_0151	GCA_022865705.1|G0000184
split_0151	GCA_023128135.1|G0000185
split_0151	GCA_023131225.1|G0000188
split_0151	GCA_025059045.1|G0000201
split_0151	GCA_026014495.1|G0000205
split_0151	GCA_026015035.1|G0000206
split_0151	GCA_026015185.1|G0000207
split_0151	GCA_026015225.1|G0000208
split_0151	GCA_028275385.1|G0000220
split_0151	GCA_029259355.1|G0000230
split_0151	GCA_029934005.1|G0000246
split_0151	GCA_030615265.1|G0000253
split_0151	GCA_034660895.1|G0000259
split_0151	GCA_038846965.1|G0000295
split_0151	GCA_038852135.1|G0000298
split_0151	GCA_038873015.1|G0000308
split_0151	GCA_038894255.1|G0000314
split_0151	GOMC.bin.1205|G0000362
split_0151	GOMC.bin.1512|G0000365
split_0151	GOMC.bin.16972|G0000370
split_0151	GOMC.bin.2212|G0000372
split_0151	GOMC.bin.2497|G0000375
split_0151	GOMC.bin.2843|G0000377
split_0151	GOMC.bin.5642|G0000388
split_0152	GCA_001273385.1|G0000012
split_0152	GCA_001768965.1|G0000018
split_0152	GCA_001775995.1|G0000019
split_0152	GCA_002490245.1|G0000028
split_0152	GCA_002507245.1|G0000032
split_0152	GCA_003133625.1|G0000039
split_0152	GCA_003662535.1|G0000052
split_0152	GCA_003662645.1|G0000054
split_0152	GCA_004376295.1|G0000057
split_0152	GCA_004376645.1|G0000058
split_0152	GCA_005884195.1|G0000068
split_0152	GCA_005888675.1|G0000069
split_0152	GCA_005888735.1|G0000070
split_0152	GCA_009889585.1|G0000072
split_0152	GCA_015520475.1|G0000090
split_0152	GCA_018396405.1|G0000124
split_0152	GCA_018396415.1|G0000125
split_0152	GCA_018396725.1|G0000128
split_0152	GCA_018396775.1|G0000130
split_0152	GCA_018397035.1|G0000131
split_0152	GCA_019685575.1|G0000143
split_0152	GCA_020355125.1|G0000149
split_0152	GCA_021158125.1|G0000154
split_0152	GCA_021161045.1|G0000156
split_0152	GCA_022865705.1|G0000184
split_0152	GCA_023128135.1|G0000185
split_0152	GCA_023131225.1|G0000188
split_0152	GCA_025059045.1|G0000201
split_0152	GCA_026014495.1|G0000205
split_0152	GCA_026015035.1|G0000206
split_0152	GCA_026015185.1|G0000207
split_0152	GCA_026015225.1|G0000208
split_0152	GCA_028275385.1|G0000220
split_0152	GCA_029259355.1|G0000230
split_0152	GCA_029934005.1|G0000246
split_0152	GCA_030615265.1|G0000253
split_0152	GCA_034660895.1|G0000259
split_0152	GCA_038846965.1|G0000295
split_0152	GCA_038852135.1|G0000298
split_0152	GCA_038873015.1|G0000308
split_0152	GCA_038894255.1|G0000314
split_0152	GOMC.bin.1205|G0000362
split_0152	GOMC.bin.1512|G0000365
split_0152	GOMC.bin.16972|G0000370
split_0152	GOMC.bin.2212|G0000372
split_0152	GOMC.bin.2497|G0000375
split_0152	GOMC.bin.2843|G0000377
split_0152	GOMC.bin.5642|G0000388
split_0153	GCA_001273385.1|G0000012
split_0153	GCA_001775995.1|G0000019
split_0153	GCA_002490245.1|G0000028
split_0153	GCA_002507245.1|G0000032
split_0153	GCA_003133625.1|G0000039
split_0153	GCA_003662535.1|G0000052
split_0153	GCA_003662645.1|G0000054
split_0153	GCA_004376295.1|G0000057
split_0153	GCA_004376645.1|G0000058
split_0153	GCA_009889585.1|G0000072
split_0153	GCA_015520475.1|G0000090
split_0153	GCA_018396405.1|G0000124
split_0153	GCA_018396415.1|G0000125
split_0153	GCA_019685575.1|G0000143
split_0153	GCA_020355125.1|G0000149
split_0153	GCA_021158125.1|G0000154
split_0153	GCA_023128135.1|G0000185
split_0153	GCA_023131225.1|G0000188
split_0153	GCA_025059045.1|G0000201
split_0153	GCA_026014495.1|G0000205
split_0153	GCA_026015035.1|G0000206
split_0153	GCA_029259355.1|G0000230
split_0153	GCA_029934005.1|G0000246
split_0153	GCA_030615265.1|G0000253
split_0153	GCA_034660895.1|G0000259
split_0153	GCA_038846965.1|G0000295
split_0153	GCA_038894255.1|G0000314
split_0153	GOMC.bin.1205|G0000362
split_0153	GOMC.bin.1512|G0000365
split_0153	GOMC.bin.16972|G0000370
split_0153	GOMC.bin.2843|G0000377
split_0153	GOMC.bin.5642|G0000388
split_0154	GCA_001273385.1|G0000012
split_0154	GCA_002490245.1|G0000028
split_0154	GCA_002507245.1|G0000032
split_0154	GCA_003133625.1|G0000039
split_0154	GCA_003662535.1|G0000052
split_0154	GCA_003662645.1|G0000054
split_0154	GCA_004376295.1|G0000057
split_0154	GCA_004376645.1|G0000058
split_0154	GCA_009889585.1|G0000072
split_0154	GCA_015520475.1|G0000090
split_0154	GCA_018396405.1|G0000124
split_0154	GCA_019685575.1|G0000143
split_0154	GCA_020355125.1|G0000149
split_0154	GCA_021158125.1|G0000154
split_0154	GCA_023128135.1|G0000185
split_0154	GCA_023131225.1|G0000188
split_0154	GCA_025059045.1|G0000201
split_0154	GCA_026014495.1|G0000205
split_0154	GCA_026015035.1|G0000206
split_0154	GCA_029259355.1|G0000230
split_0154	GCA_029934005.1|G0000246
split_0154	GCA_030615265.1|G0000253
split_0154	GCA_034660895.1|G0000259
split_0154	GCA_038846965.1|G0000295
split_0154	GCA_038894255.1|G0000314
split_0154	GOMC.bin.1205|G0000362
split_0154	GOMC.bin.1512|G0000365
split_0154	GOMC.bin.16972|G0000370
split_0154	GOMC.bin.2843|G0000377
split_0154	GOMC.bin.5642|G0000388
split_0155	GCA_001273385.1|G0000012
split_0155	GCA_002490245.1|G0000028
split_0155	GCA_002507245.1|G0000032
split_0155	GCA_003133625.1|G0000039
split_0155	GCA_003662535.1|G0000052
split_0155	GCA_003662645.1|G0000054
split_0155	GCA_004376295.1|G0000057
split_0155	GCA_004376645.1|G0000058
split_0155	GCA_009889585.1|G0000072
split_0155	GCA_015520475.1|G0000090
split_0155	GCA_018396405.1|G0000124
split_0155	GCA_019685575.1|G0000143
split_0155	GCA_021158125.1|G0000154
split_0155	GCA_023131225.1|G0000188
split_0155	GCA_025059045.1|G0000201
split_0155	GCA_026014495.1|G0000205
split_0155	GCA_029259355.1|G0000230
split_0155	GCA_029934005.1|G0000246
split_0155	GCA_030615265.1|G0000253
split_0155	GCA_034660895.1|G0000259
split_0155	GCA_038846965.1|G0000295
split_0155	GCA_038894255.1|G0000314
split_0155	GOMC.bin.16972|G0000370
split_0155	GOMC.bin.2843|G0000377
split_0155	GOMC.bin.5642|G0000388
split_0156	GCA_001273385.1|G0000012
split_0156	GCA_002490245.1|G0000028
split_0156	GCA_002507245.1|G0000032
split_0156	GCA_003133625.1|G0000039
split_0156	GCA_003662535.1|G0000052
split_0156	GCA_003662645.1|G0000054
split_0156	GCA_004376295.1|G0000057
split_0156	GCA_004376645.1|G0000058
split_0156	GCA_009889585.1|G0000072
split_0156	GCA_018396405.1|G0000124
split_0156	GCA_019685575.1|G0000143
split_0156	GCA_021158125.1|G0000154
split_0156	GCA_023131225.1|G0000188
split_0156	GCA_025059045.1|G0000201
split_0156	GCA_026014495.1|G0000205
split_0156	GCA_029259355.1|G0000230
split_0156	GCA_029934005.1|G0000246
split_0156	GCA_030615265.1|G0000253
split_0156	GCA_034660895.1|G0000259
split_0156	GCA_038846965.1|G0000295
split_0156	GCA_038894255.1|G0000314
split_0156	GOMC.bin.16972|G0000370
split_0156	GOMC.bin.2843|G0000377
split_0156	GOMC.bin.5642|G0000388
split_0157	GCA_001273385.1|G0000012
split_0157	GCA_002490245.1|G0000028
split_0157	GCA_002507245.1|G0000032
split_0157	GCA_003133625.1|G0000039
split_0157	GCA_003662535.1|G0000052
split_0157	GCA_003662645.1|G0000054
split_0157	GCA_004376295.1|G0000057
split_0157	GCA_004376645.1|G0000058
split_0157	GCA_009889585.1|G0000072
split_0157	GCA_019685575.1|G0000143
split_0157	GCA_021158125.1|G0000154
split_0157	GCA_023131225.1|G0000188
split_0157	GCA_025059045.1|G0000201
split_0157	GCA_026014495.1|G0000205
split_0157	GCA_029259355.1|G0000230
split_0157	GCA_029934005.1|G0000246
split_0157	GCA_030615265.1|G0000253
split_0157	GCA_034660895.1|G0000259
split_0157	GCA_038846965.1|G0000295
split_0157	GCA_038894255.1|G0000314
split_0157	GOMC.bin.16972|G0000370
split_0157	GOMC.bin.2843|G0000377
split_0157	GOMC.bin.5642|G0000388
split_0158	GCA_001273385.1|G0000012
split_0158	GCA_002490245.1|G0000028
split_0158	GCA_002507245.1|G0000032
split_0158	GCA_003133625.1|G0000039
split_0158	GCA_003662645.1|G0000054
split_0158	GCA_004376295.1|G0000057
split_0158	GCA_004376645.1|G0000058
split_0158	GCA_009889585.1|G0000072
split_0158	GCA_019685575.1|G0000143
split_0158	GCA_023131225.1|G0000188
split_0158	GCA_025059045.1|G0000201
split_0158	GCA_026014495.1|G0000205
split_0158	GCA_030615265.1|G0000253
split_0158	GCA_034660895.1|G0000259
split_0158	GCA_038846965.1|G0000295
split_0158	GCA_038894255.1|G0000314
split_0158	GOMC.bin.2843|G0000377
split_0158	GOMC.bin.5642|G0000388
split_0159	GCA_001273385.1|G0000012
split_0159	GCA_002490245.1|G0000028
split_0159	GCA_002507245.1|G0000032
split_0159	GCA_003133625.1|G0000039
split_0159	GCA_004376295.1|G0000057
split_0159	GCA_004376645.1|G0000058
split_0159	GCA_019685575.1|G0000143
split_0159	GCA_023131225.1|G0000188
split_0159	GCA_026014495.1|G0000205
split_0159	GCA_030615265.1|G0000253
split_0159	GCA_034660895.1|G0000259
split_0159	GCA_038894255.1|G0000314
split_0160	GCA_001273385.1|G0000012
split_0160	GCA_002490245.1|G0000028
split_0160	GCA_003133625.1|G0000039
split_0160	GCA_004376295.1|G0000057
split_0160	GCA_004376645.1|G0000058
split_0160	GCA_019685575.1|G0000143
split_0160	GCA_023131225.1|G0000188
split_0160	GCA_026014495.1|G0000205
split_0160	GCA_030615265.1|G0000253
split_0160	GCA_034660895.1|G0000259
split_0160	GCA_038894255.1|G0000314
split_0161	GCA_001273385.1|G0000012
split_0161	GCA_003133625.1|G0000039
split_0161	GCA_004376295.1|G0000057
split_0161	GCA_004376645.1|G0000058
split_0161	GCA_019685575.1|G0000143
split_0161	GCA_023131225.1|G0000188
split_0161	GCA_026014495.1|G0000205
split_0161	GCA_030615265.1|G0000253
split_0161	GCA_034660895.1|G0000259
split_0161	GCA_038894255.1|G0000314
split_0162	GCA_001273385.1|G0000012
split_0162	GCA_003133625.1|G0000039
split_0162	GCA_004376295.1|G0000057
split_0162	GCA_004376645.1|G0000058
split_0162	GCA_023131225.1|G0000188
split_0162	GCA_026014495.1|G0000205
split_0162	GCA_030615265.1|G0000253
split_0162	GCA_034660895.1|G0000259
split_0162	GCA_038894255.1|G0000314
split_0163	GCA_001273385.1|G0000012
split_0163	GCA_003133625.1|G0000039
split_0164	GCA_004376295.1|G0000057
split_0164	GCA_004376645.1|G0000058
split_0164	GCA_023131225.1|G0000188
split_0164	GCA_026014495.1|G0000205
split_0164	GCA_030615265.1|G0000253
split_0164	GCA_034660895.1|G0000259
split_0164	GCA_038894255.1|G0000314
split_0165	GCA_004376295.1|G0000057
split_0165	GCA_026014495.1|G0000205
split_0165	GCA_030615265.1|G0000253
split_0166	GCA_004376295.1|G0000057
split_0166	GCA_030615265.1|G0000253
split_0167	GCA_004376645.1|G0000058
split_0167	GCA_023131225.1|G0000188
split_0167	GCA_034660895.1|G0000259
split_0167	GCA_038894255.1|G0000314
split_0168	GCA_004376645.1|G0000058
split_0168	GCA_023131225.1|G0000188
split_0169	GCA_034660895.1|G0000259
split_0169	GCA_038894255.1|G0000314
split_0170	GCA_003662645.1|G0000054
split_0170	GCA_009889585.1|G0000072
split_0170	GCA_025059045.1|G0000201
split_0170	GCA_038846965.1|G0000295
split_0170	GOMC.bin.2843|G0000377
split_0170	GOMC.bin.5642|G0000388
split_0171	GCA_003662645.1|G0000054
split_0171	GCA_038846965.1|G0000295
split_0171	GOMC.bin.5642|G0000388
split_0172	GCA_038846965.1|G0000295
split_0172	GOMC.bin.5642|G0000388
split_0173	GCA_009889585.1|G0000072
split_0173	GCA_025059045.1|G0000201
split_0173	GOMC.bin.2843|G0000377
split_0174	GCA_009889585.1|G0000072
split_0174	GCA_025059045.1|G0000201
split_0175	GCA_003662535.1|G0000052
split_0175	GCA_021158125.1|G0000154
split_0175	GCA_029259355.1|G0000230
split_0175	GCA_029934005.1|G0000246
split_0175	GOMC.bin.16972|G0000370
split_0176	GCA_003662535.1|G0000052
split_0176	GOMC.bin.16972|G0000370
split_0177	GCA_021158125.1|G0000154
split_0177	GCA_029259355.1|G0000230
split_0177	GCA_029934005.1|G0000246
split_0178	GCA_021158125.1|G0000154
split_0178	GCA_029934005.1|G0000246
split_0179	GCA_020355125.1|G0000149
split_0179	GCA_023128135.1|G0000185
split_0179	GCA_026015035.1|G0000206
split_0179	GOMC.bin.1205|G0000362
split_0179	GOMC.bin.1512|G0000365
split_0180	GCA_020355125.1|G0000149
split_0180	GCA_026015035.1|G0000206
split_0180	GOMC.bin.1512|G0000365
split_0181	GCA_026015035.1|G0000206
split_0181	GOMC.bin.1512|G0000365
split_0182	GCA_023128135.1|G0000185
split_0182	GOMC.bin.1205|G0000362
split_0183	GCA_001775995.1|G0000019
split_0183	GCA_018396415.1|G0000125
split_0184	GCA_001768965.1|G0000018
split_0184	GCA_005884195.1|G0000068
split_0184	GCA_005888675.1|G0000069
split_0184	GCA_005888735.1|G0000070
split_0184	GCA_018396725.1|G0000128
split_0184	GCA_018396775.1|G0000130
split_0184	GCA_018397035.1|G0000131
split_0184	GCA_021161045.1|G0000156
split_0184	GCA_022865705.1|G0000184
split_0184	GCA_026015185.1|G0000207
split_0184	GCA_026015225.1|G0000208
split_0184	GCA_028275385.1|G0000220
split_0184	GCA_038852135.1|G0000298
split_0184	GCA_038873015.1|G0000308
split_0184	GOMC.bin.2212|G0000372
split_0184	GOMC.bin.2497|G0000375
split_0185	GCA_001768965.1|G0000018
split_0185	GCA_005884195.1|G0000068
split_0185	GCA_005888675.1|G0000069
split_0185	GCA_005888735.1|G0000070
split_0185	GCA_018396775.1|G0000130
split_0185	GCA_018397035.1|G0000131
split_0185	GCA_022865705.1|G0000184
split_0185	GCA_026015185.1|G0000207
split_0185	GCA_026015225.1|G0000208
split_0185	GCA_028275385.1|G0000220
split_0185	GCA_038852135.1|G0000298
split_0185	GCA_038873015.1|G0000308
split_0186	GCA_001768965.1|G0000018
split_0186	GCA_005884195.1|G0000068
split_0186	GCA_005888675.1|G0000069
split_0186	GCA_005888735.1|G0000070
split_0186	GCA_018397035.1|G0000131
split_0186	GCA_026015185.1|G0000207
split_0186	GCA_026015225.1|G0000208
split_0186	GCA_028275385.1|G0000220
split_0186	GCA_038852135.1|G0000298
split_0186	GCA_038873015.1|G0000308
split_0187	GCA_005884195.1|G0000068
split_0187	GCA_005888675.1|G0000069
split_0187	GCA_005888735.1|G0000070
split_0187	GCA_018397035.1|G0000131
split_0187	GCA_026015185.1|G0000207
split_0187	GCA_026015225.1|G0000208
split_0187	GCA_028275385.1|G0000220
split_0187	GCA_038852135.1|G0000298
split_0187	GCA_038873015.1|G0000308
split_0188	GCA_005884195.1|G0000068
split_0188	GCA_005888675.1|G0000069
split_0188	GCA_005888735.1|G0000070
split_0188	GCA_018397035.1|G0000131
split_0188	GCA_038852135.1|G0000298
split_0188	GCA_038873015.1|G0000308
split_0189	GCA_005884195.1|G0000068
split_0189	GCA_005888675.1|G0000069
split_0189	GCA_005888735.1|G0000070
split_0189	GCA_018397035.1|G0000131
split_0189	GCA_038873015.1|G0000308
split_0190	GCA_005884195.1|G0000068
split_0190	GCA_005888675.1|G0000069
split_0190	GCA_005888735.1|G0000070
split_0191	GCA_005884195.1|G0000068
split_0191	GCA_005888675.1|G0000069
split_0192	GCA_018397035.1|G0000131
split_0192	GCA_038873015.1|G0000308
split_0193	GCA_026015185.1|G0000207
split_0193	GCA_026015225.1|G0000208
split_0193	GCA_028275385.1|G0000220
split_0194	GCA_026015185.1|G0000207
split_0194	GCA_026015225.1|G0000208
split_0195	GCA_018396775.1|G0000130
split_0195	GCA_022865705.1|G0000184
split_0196	GCA_018396725.1|G0000128
split_0196	GCA_021161045.1|G0000156
split_0196	GOMC.bin.2212|G0000372
split_0196	GOMC.bin.2497|G0000375
split_0197	GCA_018396725.1|G0000128
split_0197	GCA_021161045.1|G0000156
split_0198	GOMC.bin.2212|G0000372
split_0198	GOMC.bin.2497|G0000375
split_0199	GCA_002011035.2|G0000024
split_0199	GCA_038883335.1|G0000310
split_0200	GCA_001593865.1|G0000015
split_0200	GCA_018396755.1|G0000129
split_0200	GCA_038852745.1|G0000305
split_0200	GCA_038883485.1|G0000311
split_0201	GCA_001593865.1|G0000015
split_0201	GCA_018396755.1|G0000129
split_0201	GCA_038883485.1|G0000311
split_0202	GCA_001593865.1|G0000015
split_0202	GCA_018396755.1|G0000129
split_0203	GCA_002011085.2|G0000025
split_0203	GCA_002255045.1|G0000027
split_0203	GCA_002495315.1|G0000029
split_0203	GCA_003164815.1|G0000041
split_0203	GCA_011605725.1|G0000076
split_0203	GCA_011605775.1|G0000077
split_0203	GCA_013306035.1|G0000078
split_0203	GCA_015522695.1|G0000094
split_0203	GCA_016180375.1|G0000098
split_0203	GCA_016184315.1|G0000099
split_0203	GCA_016871995.1|G0000115
split_0203	GCA_017601265.1|G0000119
split_0203	GCA_018396535.1|G0000126
split_0203	GCA_021162925.1|G0000162
split_0203	GCA_021162925.1|G0000164
split_0203	GCA_021324115.1|G0000169
split_0203	GCA_021851265.1|G0000182
split_0203	GCA_023266955.1|G0000190
split_0203	GCA_023379805.1|G0000193
split_0203	GCA_025058425.1|G0000200
split_0203	GCA_027297425.1|G0000214
split_0203	GCA_027886795.1|G0000219
split_0203	GCA_029775965.1|G0000232
split_0203	GCA_029775995.1|G0000234
split_0203	GCA_029776125.1|G0000235
split_0203	GCA_029850555.1|G0000237
split_0203	GCA_030601715.1|G0000249
split_0203	GCA_032906765.1|G0000254
split_0203	GCA_033581555.1|G0000255
split_0203	GCA_035543015.1|G0000261
split_0203	GCA_035622335.1|G0000262
split_0203	GCA_036012225.1|G0000263
split_0203	GCA_036514475.1|G0000264
split_0203	GCA_038728585.1|G0000278
split_0203	GCA_038730885.1|G0000280
split_0203	GCA_040290255.1|G0000319
split_0203	GCA_041479945.1|G0000325
split_0203	GCA_052246955.1|G0000336
split_0203	GCA_937892815.1|G0000359
split_0203	GOMC.bin.10546|G0000361
split_0203	GOMC.bin.2492|G0000373
split_0204	GCA_002011085.2|G0000025
split_0204	GCA_002495315.1|G0000029
split_0204	GCA_003164815.1|G0000041
split_0204	GCA_011605775.1|G0000077
split_0204	GCA_013306035.1|G0000078
split_0204	GCA_015522695.1|G0000094
split_0204	GCA_016180375.1|G0000098
split_0204	GCA_016184315.1|G0000099
split_0204	GCA_016871995.1|G0000115
split_0204	GCA_021162925.1|G0000162
split_0204	GCA_021162925.1|G0000164
split_0204	GCA_021324115.1|G0000169
split_0204	GCA_021851265.1|G0000182
split_0204	GCA_023266955.1|G0000190
split_0204	GCA_023379805.1|G0000193
split_0204	GCA_025058425.1|G0000200
split_0204	GCA_027297425.1|G0000214
split_0204	GCA_027886795.1|G0000219
split_0204	GCA_029775965.1|G0000232
split_0204	GCA_029775995.1|G0000234
split_0204	GCA_029776125.1|G0000235
split_0204	GCA_029850555.1|G0000237
split_0204	GCA_030601715.1|G0000249
split_0204	GCA_032906765.1|G0000254
split_0204	GCA_035543015.1|G0000261
split_0204	GCA_035622335.1|G0000262
split_0204	GCA_036012225.1|G0000263
split_0204	GCA_036514475.1|G0000264
split_0204	GCA_038728585.1|G0000278
split_0204	GCA_040290255.1|G0000319
split_0204	GCA_052246955.1|G0000336
split_0204	GCA_937892815.1|G0000359
split_0204	GOMC.bin.10546|G0000361
split_0204	GOMC.bin.2492|G0000373
split_0205	GCA_002011085.2|G0000025
split_0205	GCA_030601715.1|G0000249
split_0205	GCA_052246955.1|G0000336
split_0205	GOMC.bin.2492|G0000373
split_0206	GCA_002011085.2|G0000025
split_0206	GCA_030601715.1|G0000249
split_0206	GOMC.bin.2492|G0000373
split_0207	GCA_002011085.2|G0000025
split_0207	GOMC.bin.2492|G0000373
split_0208	GCA_002495315.1|G0000029
split_0208	GCA_003164815.1|G0000041
split_0208	GCA_011605775.1|G0000077
split_0208	GCA_013306035.1|G0000078
split_0208	GCA_015522695.1|G0000094
split_0208	GCA_016180375.1|G0000098
split_0208	GCA_016184315.1|G0000099
split_0208	GCA_016871995.1|G0000115
split_0208	GCA_021162925.1|G0000162
split_0208	GCA_021162925.1|G0000164
split_0208	GCA_021324115.1|G0000169
split_0208	GCA_021851265.1|G0000182
split_0208	GCA_023266955.1|G0000190
split_0208	GCA_023379805.1|G0000193
split_0208	GCA_025058425.1|G0000200
split_0208	GCA_027297425.1|G0000214
split_0208	GCA_027886795.1|G0000219
split_0208	GCA_029775965.1|G0000232
split_0208	GCA_029775995.1|G0000234
split_0208	GCA_029776125.1|G0000235
split_0208	GCA_029850555.1|G0000237
split_0208	GCA_032906765.1|G0000254
split_0208	GCA_035543015.1|G0000261
split_0208	GCA_035622335.1|G0000262
split_0208	GCA_036012225.1|G0000263
split_0208	GCA_036514475.1|G0000264
split_0208	GCA_038728585.1|G0000278
split_0208	GCA_040290255.1|G0000319
split_0208	GCA_937892815.1|G0000359
split_0208	GOMC.bin.10546|G0000361
split_0209	GCA_002495315.1|G0000029
split_0209	GCA_003164815.1|G0000041
split_0209	GCA_011605775.1|G0000077
split_0209	GCA_013306035.1|G0000078
split_0209	GCA_016180375.1|G0000098
split_0209	GCA_016184315.1|G0000099
split_0209	GCA_016871995.1|G0000115
split_0209	GCA_021324115.1|G0000169
split_0209	GCA_021851265.1|G0000182
split_0209	GCA_023266955.1|G0000190
split_0209	GCA_023379805.1|G0000193
split_0209	GCA_025058425.1|G0000200
split_0209	GCA_027297425.1|G0000214
split_0209	GCA_027886795.1|G0000219
split_0209	GCA_029775965.1|G0000232
split_0209	GCA_029775995.1|G0000234
split_0209	GCA_029776125.1|G0000235
split_0209	GCA_029850555.1|G0000237
split_0209	GCA_032906765.1|G0000254
split_0209	GCA_035543015.1|G0000261
split_0209	GCA_035622335.1|G0000262
split_0209	GCA_036012225.1|G0000263
split_0209	GCA_036514475.1|G0000264
split_0209	GCA_038728585.1|G0000278
split_0209	GCA_040290255.1|G0000319
split_0209	GCA_937892815.1|G0000359
split_0209	GOMC.bin.10546|G0000361
split_0210	GCA_002495315.1|G0000029
split_0210	GCA_003164815.1|G0000041
split_0210	GCA_011605775.1|G0000077
split_0210	GCA_013306035.1|G0000078
split_0210	GCA_016180375.1|G0000098
split_0210	GCA_016184315.1|G0000099
split_0210	GCA_016871995.1|G0000115
split_0210	GCA_021324115.1|G0000169
split_0210	GCA_021851265.1|G0000182
split_0210	GCA_023266955.1|G0000190
split_0210	GCA_023379805.1|G0000193
split_0210	GCA_025058425.1|G0000200
split_0210	GCA_027886795.1|G0000219
split_0210	GCA_029775965.1|G0000232
split_0210	GCA_029775995.1|G0000234
split_0210	GCA_029850555.1|G0000237
split_0210	GCA_032906765.1|G0000254
split_0210	GCA_035543015.1|G0000261
split_0210	GCA_035622335.1|G0000262
split_0210	GCA_036012225.1|G0000263
split_0210	GCA_036514475.1|G0000264
split_0210	GCA_038728585.1|G0000278
split_0210	GCA_040290255.1|G0000319
split_0210	GCA_937892815.1|G0000359
split_0210	GOMC.bin.10546|G0000361
split_0211	GCA_002495315.1|G0000029
split_0211	GCA_003164815.1|G0000041
split_0211	GCA_011605775.1|G0000077
split_0211	GCA_013306035.1|G0000078
split_0211	GCA_016180375.1|G0000098
split_0211	GCA_016184315.1|G0000099
split_0211	GCA_016871995.1|G0000115
split_0211	GCA_021851265.1|G0000182
split_0211	GCA_023266955.1|G0000190
split_0211	GCA_023379805.1|G0000193
split_0211	GCA_025058425.1|G0000200
split_0211	GCA_027886795.1|G0000219
split_0211	GCA_029775995.1|G0000234
split_0211	GCA_029850555.1|G0000237
split_0211	GCA_032906765.1|G0000254
split_0211	GCA_035622335.1|G0000262
split_0211	GCA_036012225.1|G0000263
split_0211	GCA_036514475.1|G0000264
split_0211	GCA_040290255.1|G0000319
split_0211	GOMC.bin.10546|G0000361
split_0212	GCA_002495315.1|G0000029
split_0212	GCA_003164815.1|G0000041
split_0212	GCA_011605775.1|G0000077
split_0212	GCA_013306035.1|G0000078
split_0212	GCA_016180375.1|G0000098
split_0212	GCA_016871995.1|G0000115
split_0212	GCA_021851265.1|G0000182
split_0212	GCA_023266955.1|G0000190
split_0212	GCA_023379805.1|G0000193
split_0212	GCA_025058425.1|G0000200
split_0212	GCA_027886795.1|G0000219
split_0212	GCA_029775995.1|G0000234
split_0212	GCA_029850555.1|G0000237
split_0212	GCA_032906765.1|G0000254
split_0212	GCA_035622335.1|G0000262
split_0212	GCA_036012225.1|G0000263
split_0212	GCA_036514475.1|G0000264
split_0212	GCA_040290255.1|G0000319
split_0212	GOMC.bin.10546|G0000361
split_0213	GCA_002495315.1|G0000029
split_0213	GCA_003164815.1|G0000041
split_0213	GCA_011605775.1|G0000077
split_0213	GCA_021851265.1|G0000182
split_0213	GCA_023266955.1|G0000190
split_0213	GCA_027886795.1|G0000219
split_0213	GCA_029775995.1|G0000234
split_0213	GCA_029850555.1|G0000237
split_0213	GCA_032906765.1|G0000254
split_0213	GCA_035622335.1|G0000262
split_0213	GCA_040290255.1|G0000319
split_0214	GCA_002495315.1|G0000029
split_0214	GCA_003164815.1|G0000041
split_0214	GCA_021851265.1|G0000182
split_0214	GCA_029775995.1|G0000234
split_0214	GCA_032906765.1|G0000254
split_0214	GCA_035622335.1|G0000262
split_0214	GCA_040290255.1|G0000319
split_0215	GCA_002495315.1|G0000029
split_0215	GCA_029775995.1|G0000234
split_0215	GCA_040290255.1|G0000319
split_0216	GCA_029775995.1|G0000234
split_0216	GCA_040290255.1|G0000319
split_0217	GCA_003164815.1|G0000041
split_0217	GCA_021851265.1|G0000182
split_0217	GCA_032906765.1|G0000254
split_0217	GCA_035622335.1|G0000262
split_0218	GCA_021851265.1|G0000182
split_0218	GCA_032906765.1|G0000254
split_0218	GCA_035622335.1|G0000262
split_0219	GCA_021851265.1|G0000182
split_0219	GCA_035622335.1|G0000262
split_0220	GCA_011605775.1|G0000077
split_0220	GCA_023266955.1|G0000190
split_0220	GCA_027886795.1|G0000219
split_0220	GCA_029850555.1|G0000237
split_0221	GCA_023266955.1|G0000190
split_0221	GCA_027886795.1|G0000219
split_0221	GCA_029850555.1|G0000237
split_0222	GCA_027886795.1|G0000219
split_0222	GCA_029850555.1|G0000237
split_0223	GCA_013306035.1|G0000078
split_0223	GCA_016180375.1|G0000098
split_0223	GCA_016871995.1|G0000115
split_0223	GCA_023379805.1|G0000193
split_0223	GCA_025058425.1|G0000200
split_0223	GCA_036012225.1|G0000263
split_0223	GCA_036514475.1|G0000264
split_0223	GOMC.bin.10546|G0000361
split_0224	GCA_013306035.1|G0000078
split_0224	GCA_016180375.1|G0000098
split_0224	GCA_016871995.1|G0000115
split_0224	GCA_025058425.1|G0000200
split_0224	GOMC.bin.10546|G0000361
split_0225	GCA_013306035.1|G0000078
split_0225	GCA_016180375.1|G0000098
split_0225	GCA_016871995.1|G0000115
split_0225	GOMC.bin.10546|G0000361
split_0226	GCA_013306035.1|G0000078
split_0226	GOMC.bin.10546|G0000361
split_0227	GCA_016180375.1|G0000098
split_0227	GCA_016871995.1|G0000115
split_0228	GCA_023379805.1|G0000193
split_0228	GCA_036012225.1|G0000263
split_0228	GCA_036514475.1|G0000264
split_0229	GCA_023379805.1|G0000193
split_0229	GCA_036514475.1|G0000264
split_0230	GCA_021324115.1|G0000169
split_0230	GCA_029775965.1|G0000232
split_0230	GCA_035543015.1|G0000261
split_0230	GCA_038728585.1|G0000278
split_0230	GCA_937892815.1|G0000359
split_0231	GCA_021324115.1|G0000169
split_0231	GCA_029775965.1|G0000232
split_0231	GCA_035543015.1|G0000261
split_0231	GCA_038728585.1|G0000278
split_0232	GCA_021324115.1|G0000169
split_0232	GCA_029775965.1|G0000232
split_0232	GCA_038728585.1|G0000278
split_0233	GCA_021324115.1|G0000169
split_0233	GCA_029775965.1|G0000232
split_0234	GCA_027297425.1|G0000214
split_0234	GCA_029776125.1|G0000235
split_0235	GCA_015522695.1|G0000094
split_0235	GCA_021162925.1|G0000162
split_0235	GCA_021162925.1|G0000164
split_0236	GCA_021162925.1|G0000162
split_0236	GCA_021162925.1|G0000164
split_0237	GCA_002255045.1|G0000027
split_0237	GCA_011605725.1|G0000076
split_0237	GCA_017601265.1|G0000119
split_0237	GCA_018396535.1|G0000126
split_0237	GCA_033581555.1|G0000255
split_0237	GCA_038730885.1|G0000280
split_0237	GCA_041479945.1|G0000325
split_0238	GCA_002255045.1|G0000027
split_0238	GCA_011605725.1|G0000076
split_0238	GCA_017601265.1|G0000119
split_0238	GCA_033581555.1|G0000255
split_0238	GCA_038730885.1|G0000280
split_0238	GCA_041479945.1|G0000325
split_0239	GCA_011605725.1|G0000076
split_0239	GCA_017601265.1|G0000119
split_0239	GCA_033581555.1|G0000255
split_0239	GCA_038730885.1|G0000280
split_0239	GCA_041479945.1|G0000325
split_0240	GCA_011605725.1|G0000076
split_0240	GCA_017601265.1|G0000119
split_0240	GCA_033581555.1|G0000255
split_0241	GCA_011605725.1|G0000076
split_0241	GCA_033581555.1|G0000255
split_0242	GCA_038730885.1|G0000280
split_0242	GCA_041479945.1|G0000325
split_0243	GCA_000380705.1|G0000006
split_0243	GCA_001717025.1|G0000016
split_0243	GCA_003649155.1|G0000044
split_0243	GCA_004028775.1|G0000055
split_0243	GCA_004348015.1|G0000056
split_0243	GCA_015520395.1|G0000088
split_0243	GCA_017857595.1|G0000121
split_0243	GCA_020833005.1|G0000150
split_0243	GCA_021160575.1|G0000155
split_0243	GCA_021324265.1|G0000170
split_0243	GCA_025061095.1|G0000204
split_0243	GCA_026413605.1|G0000211
split_0243	GCA_029259155.1|G0000228
split_0243	GCA_038818435.1|G0000288
split_0243	GCA_038840055.1|G0000292
split_0243	GCA_038861055.1|G0000306
split_0243	GCA_038881895.1|G0000309
split_0243	GOMC.bin.2493|G0000374
split_0243	GOMC.bin.3195|G0000385
split_0244	GCA_000380705.1|G0000006
split_0244	GCA_001717025.1|G0000016
split_0244	GCA_003649155.1|G0000044
split_0244	GCA_004028775.1|G0000055
split_0244	GCA_004348015.1|G0000056
split_0244	GCA_017857595.1|G0000121
split_0244	GCA_020833005.1|G0000150
split_0244	GCA_021160575.1|G0000155
split_0244	GCA_021324265.1|G0000170
split_0244	GCA_025061095.1|G0000204
split_0244	GCA_026413605.1|G0000211
split_0244	GCA_029259155.1|G0000228
split_0244	GCA_038818435.1|G0000288
split_0244	GCA_038840055.1|G0000292
split_0244	GCA_038861055.1|G0000306
split_0244	GOMC.bin.2493|G0000374
split_0244	GOMC.bin.3195|G0000385
split_0245	GCA_000380705.1|G0000006
split_0245	GCA_017857595.1|G0000121
split_0245	GCA_021324265.1|G0000170
split_0246	GCA_000380705.1|G0000006
split_0246	GCA_021324265.1|G0000170
split_0247	GCA_001717025.1|G0000016
split_0247	GCA_003649155.1|G0000044
split_0247	GCA_004028775.1|G0000055
split_0247	GCA_004348015.1|G0000056
split_0247	GCA_020833005.1|G0000150
split_0247	GCA_021160575.1|G0000155
split_0247	GCA_025061095.1|G0000204
split_0247	GCA_026413605.1|G0000211
split_0247	GCA_029259155.1|G0000228
split_0247	GCA_038818435.1|G0000288
split_0247	GCA_038840055.1|G0000292
split_0247	GCA_038861055.1|G0000306
split_0247	GOMC.bin.2493|G0000374
split_0247	GOMC.bin.3195|G0000385
split_0248	GCA_001717025.1|G0000016
split_0248	GCA_004028775.1|G0000055
split_0248	GCA_004348015.1|G0000056
split_0248	GCA_021160575.1|G0000155
split_0248	GCA_026413605.1|G0000211
split_0248	GCA_029259155.1|G0000228
split_0248	GCA_038818435.1|G0000288
split_0248	GCA_038861055.1|G0000306
split_0248	GOMC.bin.2493|G0000374
split_0249	GCA_001717025.1|G0000016
split_0249	GCA_004028775.1|G0000055
split_0249	GCA_004348015.1|G0000056
split_0249	GCA_021160575.1|G0000155
split_0249	GCA_038861055.1|G0000306
split_0250	GCA_001717025.1|G0000016
split_0250	GCA_004028775.1|G0000055
split_0250	GCA_004348015.1|G0000056
split_0250	GCA_038861055.1|G0000306
split_0251	GCA_001717025.1|G0000016
split_0251	GCA_004028775.1|G0000055
split_0252	GCA_004348015.1|G0000056
split_0252	GCA_038861055.1|G0000306
split_0253	GCA_026413605.1|G0000211
split_0253	GCA_029259155.1|G0000228
split_0253	GCA_038818435.1|G0000288
split_0253	GOMC.bin.2493|G0000374
split_0254	GCA_026413605.1|G0000211
split_0254	GCA_029259155.1|G0000228
split_0254	GOMC.bin.2493|G0000374
split_0255	GCA_029259155.1|G0000228
split_0255	GOMC.bin.2493|G0000374
split_0256	GCA_003649155.1|G0000044
split_0256	GCA_020833005.1|G0000150
split_0256	GCA_025061095.1|G0000204
split_0256	GCA_038840055.1|G0000292
split_0256	GOMC.bin.3195|G0000385
split_0257	GCA_003649155.1|G0000044
split_0257	GCA_020833005.1|G0000150
split_0257	GCA_025061095.1|G0000204
split_0257	GOMC.bin.3195|G0000385
split_0258	GCA_003649155.1|G0000044
split_0258	GCA_025061095.1|G0000204
split_0258	GOMC.bin.3195|G0000385
split_0259	GCA_003649155.1|G0000044
split_0259	GOMC.bin.3195|G0000385
split_0260	GCA_015520395.1|G0000088
split_0260	GCA_038881895.1|G0000309
split_0261	GCA_002254595.1|G0000026
split_0261	GCA_003650785.1|G0000048
split_0261	GCA_003650925.1|G0000049
split_0261	GCA_021161825.1|G0000159
split_0261	GCA_021162845.1|G0000161
split_0261	GCA_021163245.1|G0000165
split_0261	GCA_023269735.1|G0000191
split_0261	GCA_029258735.1|G0000224
split_0261	GCA_029258885.1|G0000225
split_0261	GCA_038727395.1|G0000275
split_0261	GCA_038741495.1|G0000284
split_0261	GOMC.bin.16739|G0000367
split_0261	GOMC.bin.2724|G0000376
split_0261	GOMC.bin.2847|G0000378
split_0261	GOMC.bin.2857|G0000379
split_0261	GOMC.bin.2866|G0000380
split_0261	GOMC.bin.2875|G0000381
split_0261	GOMC.bin.2900|G0000383
split_0262	GCA_002254595.1|G0000026
split_0262	GCA_003650785.1|G0000048
split_0262	GCA_021161825.1|G0000159
split_0262	GCA_021163245.1|G0000165
split_0262	GCA_023269735.1|G0000191
split_0262	GCA_029258735.1|G0000224
split_0262	GCA_029258885.1|G0000225
split_0262	GCA_038727395.1|G0000275
split_0262	GCA_038741495.1|G0000284
split_0262	GOMC.bin.16739|G0000367
split_0262	GOMC.bin.2724|G0000376
split_0262	GOMC.bin.2847|G0000378
split_0262	GOMC.bin.2857|G0000379
split_0262	GOMC.bin.2900|G0000383
split_0263	GCA_003650785.1|G0000048
split_0263	GCA_021161825.1|G0000159
split_0263	GCA_021163245.1|G0000165
split_0263	GCA_023269735.1|G0000191
split_0263	GCA_029258735.1|G0000224
split_0263	GCA_029258885.1|G0000225
split_0263	GCA_038727395.1|G0000275
split_0263	GCA_038741495.1|G0000284
split_0263	GOMC.bin.16739|G0000367
split_0263	GOMC.bin.2724|G0000376
split_0263	GOMC.bin.2847|G0000378
split_0263	GOMC.bin.2857|G0000379
split_0263	GOMC.bin.2900|G0000383
split_0264	GCA_003650785.1|G0000048
split_0264	GOMC.bin.2724|G0000376
split_0264	GOMC.bin.2857|G0000379
split_0265	GOMC.bin.2724|G0000376
split_0265	GOMC.bin.2857|G0000379
split_0266	GCA_021161825.1|G0000159
split_0266	GCA_021163245.1|G0000165
split_0266	GCA_023269735.1|G0000191
split_0266	GCA_029258735.1|G0000224
split_0266	GCA_029258885.1|G0000225
split_0266	GCA_038727395.1|G0000275
split_0266	GCA_038741495.1|G0000284
split_0266	GOMC.bin.16739|G0000367
split_0266	GOMC.bin.2847|G0000378
split_0266	GOMC.bin.2900|G0000383
split_0267	GCA_021161825.1|G0000159
split_0267	GCA_029258885.1|G0000225
split_0267	GOMC.bin.16739|G0000367
split_0267	GOMC.bin.2847|G0000378
split_0267	GOMC.bin.2900|G0000383
split_0268	GCA_029258885.1|G0000225
split_0268	GOMC.bin.16739|G0000367
split_0268	GOMC.bin.2847|G0000378
split_0268	GOMC.bin.2900|G0000383
split_0269	GCA_029258885.1|G0000225
split_0269	GOMC.bin.16739|G0000367
split_0270	GOMC.bin.2847|G0000378
split_0270	GOMC.bin.2900|G0000383
split_0271	GCA_021163245.1|G0000165
split_0271	GCA_023269735.1|G0000191
split_0271	GCA_029258735.1|G0000224
split_0271	GCA_038727395.1|G0000275
split_0271	GCA_038741495.1|G0000284
split_0272	GCA_021163245.1|G0000165
split_0272	GCA_023269735.1|G0000191
split_0272	GCA_038727395.1|G0000275
split_0272	GCA_038741495.1|G0000284
split_0273	GCA_021163245.1|G0000165
split_0273	GCA_023269735.1|G0000191
split_0274	GCA_038727395.1|G0000275
split_0274	GCA_038741495.1|G0000284
split_0275	GCA_003650925.1|G0000049
split_0275	GCA_021162845.1|G0000161
split_0275	GOMC.bin.2866|G0000380
split_0275	GOMC.bin.2875|G0000381
split_0276	GCA_021162845.1|G0000161
split_0276	GOMC.bin.2866|G0000380
split_0276	GOMC.bin.2875|G0000381
split_0277	GCA_021162845.1|G0000161
split_0277	GOMC.bin.2866|G0000380
split_0278	GCA_001563335.1|G0000013
split_0278	GCA_001940665.2|G0000022
split_0278	GCA_003345555.1|G0000042
split_0278	GCA_003345595.1|G0000043
split_0278	GCA_004524365.1|G0000059
split_0278	GCA_004524435.1|G0000060
split_0278	GCA_004524445.1|G0000061
split_0278	GCA_004524535.1|G0000062
split_0278	GCA_004524545.1|G0000063
split_0278	GCA_005191415.1|G0000064
split_0278	GCA_005191425.1|G0000065
split_0278	GCA_005223125.1|G0000066
split_0278	GCA_008080745.1|G0000071
split_0278	GCA_011364925.1|G0000074
split_0278	GCA_011364985.1|G0000075
split_0278	GCA_013388835.1|G0000079
split_0278	GCA_014728035.1|G0000082
split_0278	GCA_014729055.1|G0000083
split_0278	GCA_014730165.1|G0000085
split_0278	GCA_014730275.1|G0000086
split_0278	GCA_016292335.1|G0000101
split_0278	GCA_016294985.1|G0000102
split_0278	GCA_016550395.1|G0000103
split_0278	GCA_016839265.1|G0000104
split_0278	GCA_016839425.1|G0000106
split_0278	GCA_016839445.1|G0000107
split_0278	GCA_016839585.1|G0000108
split_0278	GCA_016839765.1|G0000109
split_0278	GCA_016840065.1|G0000110
split_0278	GCA_016840135.1|G0000111
split_0278	GCA_016840465.1|G0000112
split_0278	GCA_016840485.1|G0000114
split_0278	GCA_016933055.1|G0000117
split_0278	GCA_018335335.1|G0000123
split_0278	GCA_019056805.1|G0000134
split_0278	GCA_019057385.1|G0000135
split_0278	GCA_019057475.1|G0000136
split_0278	GCA_019058015.1|G0000138
split_0278	GCA_019058135.1|G0000139
split_0278	GCA_019058445.1|G0000141
split_0278	GCA_019058495.1|G0000142
split_0278	GCA_020348985.1|G0000148
split_0278	GCA_021498125.1|G0000173
split_0278	GCA_024275415.1|G0000196
split_0278	GCA_024276825.1|G0000198
split_0278	GCA_027031765.1|G0000213
split_0278	GCA_027492035.1|G0000218
split_0278	GCA_029210805.1|G0000223
split_0278	GCA_029838175.1|G0000236
split_0278	GCA_029855935.1|G0000238
split_0278	GCA_029856295.1|G0000240
split_0278	GCA_030610785.1|G0000251
split_0278	GCA_030612005.1|G0000252
split_0278	GCA_037308085.1|G0000266
split_0278	GCA_037310415.1|G0000267
split_0278	GCA_037386725.1|G0000268
split_0278	GCA_038819355.1|G0000289
split_0278	GCA_038820475.1|G0000290
split_0278	GCA_038825165.1|G0000291
split_0278	GCA_040225955.1|G0000315
split_0278	GCA_048882045.1|G0000330
split_0278	GCA_048887225.1|G0000332
split_0278	GCA_048938295.1|G0000333
split_0278	GCA_048939465.1|G0000334
split_0278	GCA_052584815.1|G0000337
split_0278	GCA_052584985.1|G0000339
split_0278	GCA_052626505.1|G0000341
split_0278	GCA_054381345.1|G0000342
split_0278	GCA_054381475.1|G0000343
split_0278	GCA_054381495.1|G0000344
split_0278	GCA_054383595.1|G0000346
split_0278	GCA_054384275.1|G0000347
split_0278	GCA_054384595.1|G0000348
split_0278	GCA_054385715.1|G0000350
split_0278	GCA_054390655.1|G0000353
split_0278	GOMC.bin.1438|G0000363
split_0278	GOMC.bin.9181|G0000392
split_0279	GCA_001563335.1|G0000013
split_0279	GCA_003345555.1|G0000042
split_0279	GCA_003345595.1|G0000043
split_0279	GCA_004524365.1|G0000059
split_0279	GCA_004524435.1|G0000060
split_0279	GCA_004524445.1|G0000061
split_0279	GCA_004524535.1|G0000062
split_0279	GCA_004524545.1|G0000063
split_0279	GCA_005191415.1|G0000064
split_0279	GCA_005191425.1|G0000065
split_0279	GCA_005223125.1|G0000066
split_0279	GCA_008080745.1|G0000071
split_0279	GCA_011364925.1|G0000074
split_0279	GCA_011364985.1|G0000075
split_0279	GCA_013388835.1|G0000079
split_0279	GCA_014728035.1|G0000082
split_0279	GCA_014729055.1|G0000083
split_0279	GCA_014730165.1|G0000085
split_0279	GCA_014730275.1|G0000086
split_0279	GCA_016550395.1|G0000103
split_0279	GCA_016839425.1|G0000106
split_0279	GCA_016839445.1|G0000107
split_0279	GCA_016839585.1|G0000108
split_0279	GCA_016839765.1|G0000109
split_0279	GCA_016840065.1|G0000110
split_0279	GCA_016840135.1|G0000111
split_0279	GCA_016933055.1|G0000117
split_0279	GCA_018335335.1|G0000123
split_0279	GCA_019057475.1|G0000136
split_0279	GCA_019058015.1|G0000138
split_0279	GCA_019058135.1|G0000139
split_0279	GCA_019058445.1|G0000141
split_0279	GCA_020348985.1|G0000148
split_0279	GCA_021498125.1|G0000173
split_0279	GCA_024275415.1|G0000196
split_0279	GCA_024276825.1|G0000198
split_0279	GCA_027031765.1|G0000213
split_0279	GCA_027492035.1|G0000218
split_0279	GCA_029210805.1|G0000223
split_0279	GCA_029838175.1|G0000236
split_0279	GCA_029855935.1|G0000238
split_0279	GCA_029856295.1|G0000240
split_0279	GCA_030610785.1|G0000251
split_0279	GCA_030612005.1|G0000252
split_0279	GCA_037386725.1|G0000268
split_0279	GCA_038819355.1|G0000289
split_0279	GCA_038820475.1|G0000290
split_0279	GCA_038825165.1|G0000291
split_0279	GCA_040225955.1|G0000315
split_0279	GCA_048882045.1|G0000330
split_0279	GCA_048887225.1|G0000332
split_0279	GCA_048938295.1|G0000333
split_0279	GCA_052584815.1|G0000337
split_0279	GCA_052584985.1|G0000339
split_0279	GCA_052626505.1|G0000341
split_0279	GCA_054381345.1|G0000342
split_0279	GCA_054381475.1|G0000343
split_0279	GCA_054381495.1|G0000344
split_0279	GCA_054383595.1|G0000346
split_0279	GCA_054384275.1|G0000347
split_0279	GCA_054384595.1|G0000348
split_0279	GCA_054385715.1|G0000350
split_0279	GCA_054390655.1|G0000353
split_0279	GOMC.bin.1438|G0000363
split_0279	GOMC.bin.9181|G0000392
split_0280	GCA_001563335.1|G0000013
split_0280	GCA_003345555.1|G0000042
split_0280	GCA_003345595.1|G0000043
split_0280	GCA_004524365.1|G0000059
split_0280	GCA_004524435.1|G0000060
split_0280	GCA_004524445.1|G0000061
split_0280	GCA_004524535.1|G0000062
split_0280	GCA_004524545.1|G0000063
split_0280	GCA_005191415.1|G0000064
split_0280	GCA_005191425.1|G0000065
split_0280	GCA_005223125.1|G0000066
split_0280	GCA_008080745.1|G0000071
split_0280	GCA_011364925.1|G0000074
split_0280	GCA_011364985.1|G0000075
split_0280	GCA_013388835.1|G0000079
split_0280	GCA_014728035.1|G0000082
split_0280	GCA_014729055.1|G0000083
split_0280	GCA_014730165.1|G0000085
split_0280	GCA_014730275.1|G0000086
split_0280	GCA_016839425.1|G0000106
split_0280	GCA_016839445.1|G0000107
split_0280	GCA_016839585.1|G0000108
split_0280	GCA_016839765.1|G0000109
split_0280	GCA_016933055.1|G0000117
split_0280	GCA_018335335.1|G0000123
split_0280	GCA_019057475.1|G0000136
split_0280	GCA_019058015.1|G0000138
split_0280	GCA_019058135.1|G0000139
split_0280	GCA_019058445.1|G0000141
split_0280	GCA_020348985.1|G0000148
split_0280	GCA_021498125.1|G0000173
split_0280	GCA_024275415.1|G0000196
split_0280	GCA_024276825.1|G0000198
split_0280	GCA_027031765.1|G0000213
split_0280	GCA_027492035.1|G0000218
split_0280	GCA_029210805.1|G0000223
split_0280	GCA_029838175.1|G0000236
split_0280	GCA_029855935.1|G0000238
split_0280	GCA_029856295.1|G0000240
split_0280	GCA_030610785.1|G0000251
split_0280	GCA_030612005.1|G0000252
split_0280	GCA_037386725.1|G0000268
split_0280	GCA_038819355.1|G0000289
split_0280	GCA_038820475.1|G0000290
split_0280	GCA_038825165.1|G0000291
split_0280	GCA_040225955.1|G0000315
split_0280	GCA_048882045.1|G0000330
split_0280	GCA_048887225.1|G0000332
split_0280	GCA_052584815.1|G0000337
split_0280	GCA_052584985.1|G0000339
split_0280	GCA_052626505.1|G0000341
split_0280	GCA_054381345.1|G0000342
split_0280	GCA_054381475.1|G0000343
split_0280	GCA_054381495.1|G0000344
split_0280	GCA_054383595.1|G0000346
split_0280	GCA_054384275.1|G0000347
split_0280	GCA_054384595.1|G0000348
split_0280	GCA_054385715.1|G0000350
split_0280	GCA_054390655.1|G0000353
split_0280	GOMC.bin.1438|G0000363
split_0280	GOMC.bin.9181|G0000392
split_0281	GCA_001563335.1|G0000013
split_0281	GCA_003345555.1|G0000042
split_0281	GCA_003345595.1|G0000043
split_0281	GCA_004524435.1|G0000060
split_0281	GCA_004524445.1|G0000061
split_0281	GCA_008080745.1|G0000071
split_0281	GCA_011364985.1|G0000075
split_0281	GCA_013388835.1|G0000079
split_0281	GCA_014728035.1|G0000082
split_0281	GCA_014730275.1|G0000086
split_0281	GCA_016839445.1|G0000107
split_0281	GCA_018335335.1|G0000123
split_0281	GCA_019057475.1|G0000136
split_0281	GCA_020348985.1|G0000148
split_0281	GCA_021498125.1|G0000173
split_0281	GCA_024275415.1|G0000196
split_0281	GCA_024276825.1|G0000198
split_0281	GCA_027031765.1|G0000213
split_0281	GCA_029210805.1|G0000223
split_0281	GCA_029855935.1|G0000238
split_0281	GCA_030612005.1|G0000252
split_0281	GCA_038825165.1|G0000291
split_0281	GCA_048882045.1|G0000330
split_0281	GCA_052584815.1|G0000337
split_0281	GCA_054381495.1|G0000344
split_0281	GCA_054390655.1|G0000353
split_0281	GOMC.bin.1438|G0000363
split_0282	GCA_001563335.1|G0000013
split_0282	GCA_003345555.1|G0000042
split_0282	GCA_003345595.1|G0000043
split_0282	GCA_004524435.1|G0000060
split_0282	GCA_004524445.1|G0000061
split_0282	GCA_008080745.1|G0000071
split_0282	GCA_011364985.1|G0000075
split_0282	GCA_013388835.1|G0000079
split_0282	GCA_014728035.1|G0000082
split_0282	GCA_014730275.1|G0000086
split_0282	GCA_016839445.1|G0000107
split_0282	GCA_018335335.1|G0000123
split_0282	GCA_019057475.1|G0000136
split_0282	GCA_020348985.1|G0000148
split_0282	GCA_021498125.1|G0000173
split_0282	GCA_024275415.1|G0000196
split_0282	GCA_024276825.1|G0000198
split_0282	GCA_027031765.1|G0000213
split_0282	GCA_029210805.1|G0000223
split_0282	GCA_029855935.1|G0000238
split_0282	GCA_030612005.1|G0000252
split_0282	GCA_048882045.1|G0000330
split_0282	GCA_052584815.1|G0000337
split_0282	GCA_054381495.1|G0000344
split_0282	GCA_054390655.1|G0000353
split_0282	GOMC.bin.1438|G0000363
split_0283	GCA_001563335.1|G0000013
split_0283	GCA_003345555.1|G0000042
split_0283	GCA_003345595.1|G0000043
split_0283	GCA_004524435.1|G0000060
split_0283	GCA_004524445.1|G0000061
split_0283	GCA_008080745.1|G0000071
split_0283	GCA_011364985.1|G0000075
split_0283	GCA_013388835.1|G0000079
split_0283	GCA_014728035.1|G0000082
split_0283	GCA_014730275.1|G0000086
split_0283	GCA_016839445.1|G0000107
split_0283	GCA_018335335.1|G0000123
split_0283	GCA_019057475.1|G0000136
split_0283	GCA_020348985.1|G0000148
split_0283	GCA_021498125.1|G0000173
split_0283	GCA_024275415.1|G0000196
split_0283	GCA_024276825.1|G0000198
split_0283	GCA_027031765.1|G0000213
split_0283	GCA_029210805.1|G0000223
split_0283	GCA_029855935.1|G0000238
split_0283	GCA_030612005.1|G0000252
split_0283	GCA_052584815.1|G0000337
split_0283	GCA_054381495.1|G0000344
split_0283	GCA_054390655.1|G0000353
split_0283	GOMC.bin.1438|G0000363
split_0284	GCA_003345555.1|G0000042
split_0284	GCA_003345595.1|G0000043
split_0284	GCA_004524435.1|G0000060
split_0284	GCA_004524445.1|G0000061
split_0284	GCA_008080745.1|G0000071
split_0284	GCA_011364985.1|G0000075
split_0284	GCA_013388835.1|G0000079
split_0284	GCA_014728035.1|G0000082
split_0284	GCA_014730275.1|G0000086
split_0284	GCA_016839445.1|G0000107
split_0284	GCA_018335335.1|G0000123
split_0284	GCA_019057475.1|G0000136
split_0284	GCA_020348985.1|G0000148
split_0284	GCA_021498125.1|G0000173
split_0284	GCA_024275415.1|G0000196
split_0284	GCA_024276825.1|G0000198
split_0284	GCA_027031765.1|G0000213
split_0284	GCA_029210805.1|G0000223
split_0284	GCA_029855935.1|G0000238
split_0284	GCA_030612005.1|G0000252
split_0284	GCA_052584815.1|G0000337
split_0284	GCA_054381495.1|G0000344
split_0284	GCA_054390655.1|G0000353
split_0284	GOMC.bin.1438|G0000363
split_0285	GCA_003345555.1|G0000042
split_0285	GCA_003345595.1|G0000043
split_0285	GCA_004524435.1|G0000060
split_0285	GCA_004524445.1|G0000061
split_0285	GCA_008080745.1|G0000071
split_0285	GCA_011364985.1|G0000075
split_0285	GCA_013388835.1|G0000079
split_0285	GCA_014728035.1|G0000082
split_0285	GCA_014730275.1|G0000086
split_0285	GCA_018335335.1|G0000123
split_0285	GCA_019057475.1|G0000136
split_0285	GCA_020348985.1|G0000148
split_0285	GCA_021498125.1|G0000173
split_0285	GCA_024275415.1|G0000196
split_0285	GCA_024276825.1|G0000198
split_0285	GCA_027031765.1|G0000213
split_0285	GCA_029210805.1|G0000223
split_0285	GCA_029855935.1|G0000238
split_0285	GCA_030612005.1|G0000252
split_0285	GCA_054381495.1|G0000344
split_0285	GCA_054390655.1|G0000353
split_0285	GOMC.bin.1438|G0000363
split_0286	GCA_003345555.1|G0000042
split_0286	GCA_003345595.1|G0000043
split_0286	GCA_004524435.1|G0000060
split_0286	GCA_004524445.1|G0000061
split_0286	GCA_008080745.1|G0000071
split_0286	GCA_011364985.1|G0000075
split_0286	GCA_013388835.1|G0000079
split_0286	GCA_014728035.1|G0000082
split_0286	GCA_014730275.1|G0000086
split_0286	GCA_018335335.1|G0000123
split_0286	GCA_019057475.1|G0000136
split_0286	GCA_020348985.1|G0000148
split_0286	GCA_021498125.1|G0000173
split_0286	GCA_024275415.1|G0000196
split_0286	GCA_024276825.1|G0000198
split_0286	GCA_027031765.1|G0000213
split_0286	GCA_029210805.1|G0000223
split_0286	GCA_029855935.1|G0000238
split_0286	GCA_054390655.1|G0000353
split_0286	GOMC.bin.1438|G0000363
split_0287	GCA_003345555.1|G0000042
split_0287	GCA_003345595.1|G0000043
split_0287	GCA_004524435.1|G0000060
split_0287	GCA_004524445.1|G0000061
split_0287	GCA_008080745.1|G0000071
split_0287	GCA_011364985.1|G0000075
split_0287	GCA_013388835.1|G0000079
split_0287	GCA_014728035.1|G0000082
split_0287	GCA_014730275.1|G0000086
split_0287	GCA_018335335.1|G0000123
split_0287	GCA_021498125.1|G0000173
split_0287	GCA_024275415.1|G0000196
split_0287	GCA_029210805.1|G0000223
split_0287	GCA_029855935.1|G0000238
split_0287	GCA_054390655.1|G0000353
split_0288	GCA_003345555.1|G0000042
split_0288	GCA_003345595.1|G0000043
split_0288	GCA_004524445.1|G0000061
split_0288	GCA_008080745.1|G0000071
split_0288	GCA_011364985.1|G0000075
split_0288	GCA_013388835.1|G0000079
split_0288	GCA_014728035.1|G0000082
split_0288	GCA_014730275.1|G0000086
split_0288	GCA_018335335.1|G0000123
split_0288	GCA_024275415.1|G0000196
split_0288	GCA_029210805.1|G0000223
split_0288	GCA_054390655.1|G0000353
split_0289	GCA_003345555.1|G0000042
split_0289	GCA_003345595.1|G0000043
split_0289	GCA_004524445.1|G0000061
split_0289	GCA_024275415.1|G0000196
split_0290	GCA_003345555.1|G0000042
split_0290	GCA_003345595.1|G0000043
split_0290	GCA_024275415.1|G0000196
split_0291	GCA_003345555.1|G0000042
split_0291	GCA_003345595.1|G0000043
split_0292	GCA_008080745.1|G0000071
split_0292	GCA_011364985.1|G0000075
split_0292	GCA_013388835.1|G0000079
split_0292	GCA_014728035.1|G0000082
split_0292	GCA_014730275.1|G0000086
split_0292	GCA_018335335.1|G0000123
split_0292	GCA_029210805.1|G0000223
split_0292	GCA_054390655.1|G0000353
split_0293	GCA_008080745.1|G0000071
split_0293	GCA_011364985.1|G0000075
split_0293	GCA_013388835.1|G0000079
split_0293	GCA_014728035.1|G0000082
split_0293	GCA_014730275.1|G0000086
split_0293	GCA_018335335.1|G0000123
split_0293	GCA_029210805.1|G0000223
split_0294	GCA_008080745.1|G0000071
split_0294	GCA_011364985.1|G0000075
split_0294	GCA_013388835.1|G0000079
split_0294	GCA_014728035.1|G0000082
split_0294	GCA_029210805.1|G0000223
split_0295	GCA_008080745.1|G0000071
split_0295	GCA_013388835.1|G0000079
split_0295	GCA_014728035.1|G0000082
split_0296	GCA_008080745.1|G0000071
split_0296	GCA_014728035.1|G0000082
split_0297	GCA_011364985.1|G0000075
split_0297	GCA_029210805.1|G0000223
split_0298	GCA_014730275.1|G0000086
split_0298	GCA_018335335.1|G0000123
split_0299	GCA_004524435.1|G0000060
split_0299	GCA_021498125.1|G0000173
split_0299	GCA_029855935.1|G0000238
split_0300	GCA_004524435.1|G0000060
split_0300	GCA_029855935.1|G0000238
split_0301	GCA_019057475.1|G0000136
split_0301	GCA_020348985.1|G0000148
split_0301	GCA_024276825.1|G0000198
split_0301	GCA_027031765.1|G0000213
split_0301	GOMC.bin.1438|G0000363
split_0302	GCA_019057475.1|G0000136
split_0302	GOMC.bin.1438|G0000363
split_0303	GCA_020348985.1|G0000148
split_0303	GCA_024276825.1|G0000198
split_0303	GCA_027031765.1|G0000213
split_0304	GCA_024276825.1|G0000198
split_0304	GCA_027031765.1|G0000213
split_0305	GCA_030612005.1|G0000252
split_0305	GCA_054381495.1|G0000344
split_0306	GCA_016839445.1|G0000107
split_0306	GCA_052584815.1|G0000337
split_0307	GCA_004524365.1|G0000059
split_0307	GCA_004524535.1|G0000062
split_0307	GCA_004524545.1|G0000063
split_0307	GCA_005191415.1|G0000064
split_0307	GCA_005191425.1|G0000065
split_0307	GCA_005223125.1|G0000066
split_0307	GCA_011364925.1|G0000074
split_0307	GCA_014729055.1|G0000083
split_0307	GCA_014730165.1|G0000085
split_0307	GCA_016839425.1|G0000106
split_0307	GCA_016839585.1|G0000108
split_0307	GCA_016839765.1|G0000109
split_0307	GCA_016933055.1|G0000117
split_0307	GCA_019058015.1|G0000138
split_0307	GCA_019058135.1|G0000139
split_0307	GCA_019058445.1|G0000141
split_0307	GCA_027492035.1|G0000218
split_0307	GCA_029838175.1|G0000236
split_0307	GCA_029856295.1|G0000240
split_0307	GCA_030610785.1|G0000251
split_0307	GCA_037386725.1|G0000268
split_0307	GCA_038819355.1|G0000289
split_0307	GCA_038820475.1|G0000290
split_0307	GCA_040225955.1|G0000315
split_0307	GCA_048887225.1|G0000332
split_0307	GCA_052584985.1|G0000339
split_0307	GCA_052626505.1|G0000341
split_0307	GCA_054381345.1|G0000342
split_0307	GCA_054381475.1|G0000343
split_0307	GCA_054383595.1|G0000346
split_0307	GCA_054384275.1|G0000347
split_0307	GCA_054384595.1|G0000348
split_0307	GCA_054385715.1|G0000350
split_0307	GOMC.bin.9181|G0000392
split_0308	GCA_004524365.1|G0000059
split_0308	GCA_004524535.1|G0000062
split_0308	GCA_004524545.1|G0000063
split_0308	GCA_005223125.1|G0000066
split_0308	GCA_011364925.1|G0000074
split_0308	GCA_014729055.1|G0000083
split_0308	GCA_014730165.1|G0000085
split_0308	GCA_016839425.1|G0000106
split_0308	GCA_016839585.1|G0000108
split_0308	GCA_016839765.1|G0000109
split_0308	GCA_016933055.1|G0000117
split_0308	GCA_019058015.1|G0000138
split_0308	GCA_019058135.1|G0000139
split_0308	GCA_019058445.1|G0000141
split_0308	GCA_027492035.1|G0000218
split_0308	GCA_029838175.1|G0000236
split_0308	GCA_029856295.1|G0000240
split_0308	GCA_030610785.1|G0000251
split_0308	GCA_037386725.1|G0000268
split_0308	GCA_038819355.1|G0000289
split_0308	GCA_038820475.1|G0000290
split_0308	GCA_040225955.1|G0000315
split_0308	GCA_048887225.1|G0000332
split_0308	GCA_052584985.1|G0000339
split_0308	GCA_052626505.1|G0000341
split_0308	GCA_054384275.1|G0000347
split_0308	GCA_054384595.1|G0000348
split_0308	GCA_054385715.1|G0000350
split_0308	GOMC.bin.9181|G0000392
split_0309	GCA_004524365.1|G0000059
split_0309	GCA_004524535.1|G0000062
split_0309	GCA_004524545.1|G0000063
split_0309	GCA_005223125.1|G0000066
split_0309	GCA_011364925.1|G0000074
split_0309	GCA_014729055.1|G0000083
split_0309	GCA_014730165.1|G0000085
split_0309	GCA_016839425.1|G0000106
split_0309	GCA_016839585.1|G0000108
split_0309	GCA_016839765.1|G0000109
split_0309	GCA_016933055.1|G0000117
split_0309	GCA_019058015.1|G0000138
split_0309	GCA_019058135.1|G0000139
split_0309	GCA_019058445.1|G0000141
split_0309	GCA_027492035.1|G0000218
split_0309	GCA_029838175.1|G0000236
split_0309	GCA_029856295.1|G0000240
split_0309	GCA_030610785.1|G0000251
split_0309	GCA_037386725.1|G0000268
split_0309	GCA_040225955.1|G0000315
split_0309	GCA_048887225.1|G0000332
split_0309	GCA_052584985.1|G0000339
split_0309	GCA_052626505.1|G0000341
split_0309	GCA_054384275.1|G0000347
split_0309	GCA_054384595.1|G0000348
split_0309	GOMC.bin.9181|G0000392
split_0310	GCA_004524365.1|G0000059
split_0310	GCA_004524535.1|G0000062
split_0310	GCA_004524545.1|G0000063
split_0310	GCA_005223125.1|G0000066
split_0310	GCA_011364925.1|G0000074
split_0310	GCA_014729055.1|G0000083
split_0310	GCA_014730165.1|G0000085
split_0310	GCA_016839425.1|G0000106
split_0310	GCA_016839585.1|G0000108
split_0310	GCA_016839765.1|G0000109
split_0310	GCA_016933055.1|G0000117
split_0310	GCA_019058015.1|G0000138
split_0310	GCA_019058135.1|G0000139
split_0310	GCA_019058445.1|G0000141
split_0310	GCA_029838175.1|G0000236
split_0310	GCA_029856295.1|G0000240
split_0310	GCA_030610785.1|G0000251
split_0310	GCA_037386725.1|G0000268
split_0310	GCA_048887225.1|G0000332
split_0310	GCA_052626505.1|G0000341
split_0310	GCA_054384595.1|G0000348
split_0310	GOMC.bin.9181|G0000392
split_0311	GCA_004524365.1|G0000059
split_0311	GCA_004524535.1|G0000062
split_0311	GCA_005223125.1|G0000066
split_0311	GCA_011364925.1|G0000074
split_0311	GCA_014730165.1|G0000085
split_0311	GCA_016839425.1|G0000106
split_0311	GCA_016839585.1|G0000108
split_0311	GCA_016839765.1|G0000109
split_0311	GCA_019058015.1|G0000138
split_0311	GCA_019058135.1|G0000139
split_0311	GCA_019058445.1|G0000141
split_0311	GCA_029838175.1|G0000236
split_0311	GCA_029856295.1|G0000240
split_0311	GCA_030610785.1|G0000251
split_0311	GCA_037386725.1|G0000268
split_0311	GCA_048887225.1|G0000332
split_0311	GCA_052626505.1|G0000341
split_0311	GCA_054384595.1|G0000348
split_0311	GOMC.bin.9181|G0000392
split_0312	GCA_004524365.1|G0000059
split_0312	GCA_004524535.1|G0000062
split_0312	GCA_005223125.1|G0000066
split_0312	GCA_011364925.1|G0000074
split_0312	GCA_014730165.1|G0000085
split_0312	GCA_016839425.1|G0000106
split_0312	GCA_016839585.1|G0000108
split_0312	GCA_016839765.1|G0000109
split_0312	GCA_019058445.1|G0000141
split_0312	GCA_029838175.1|G0000236
split_0312	GCA_029856295.1|G0000240
split_0312	GCA_030610785.1|G0000251
split_0312	GCA_037386725.1|G0000268
split_0312	GCA_048887225.1|G0000332
split_0312	GCA_052626505.1|G0000341
split_0312	GCA_054384595.1|G0000348
split_0312	GOMC.bin.9181|G0000392
split_0313	GCA_004524365.1|G0000059
split_0313	GCA_004524535.1|G0000062
split_0313	GCA_005223125.1|G0000066
split_0313	GCA_011364925.1|G0000074
split_0313	GCA_014730165.1|G0000085
split_0313	GCA_016839425.1|G0000106
split_0313	GCA_016839585.1|G0000108
split_0313	GCA_016839765.1|G0000109
split_0313	GCA_019058445.1|G0000141
split_0313	GCA_029838175.1|G0000236
split_0313	GCA_029856295.1|G0000240
split_0313	GCA_030610785.1|G0000251
split_0313	GCA_037386725.1|G0000268
split_0313	GCA_048887225.1|G0000332
split_0313	GCA_054384595.1|G0000348
split_0313	GOMC.bin.9181|G0000392
split_0314	GCA_004524365.1|G0000059
split_0314	GCA_004524535.1|G0000062
split_0314	GCA_005223125.1|G0000066
split_0314	GCA_011364925.1|G0000074
split_0314	GCA_014730165.1|G0000085
split_0314	GCA_016839425.1|G0000106
split_0314	GCA_016839585.1|G0000108
split_0314	GCA_016839765.1|G0000109
split_0314	GCA_019058445.1|G0000141
split_0314	GCA_029838175.1|G0000236
split_0314	GCA_029856295.1|G0000240
split_0314	GCA_030610785.1|G0000251
split_0314	GCA_037386725.1|G0000268
split_0314	GCA_048887225.1|G0000332
split_0314	GCA_054384595.1|G0000348
split_0315	GCA_004524365.1|G0000059
split_0315	GCA_004524535.1|G0000062
split_0315	GCA_011364925.1|G0000074
split_0315	GCA_014730165.1|G0000085
split_0315	GCA_016839585.1|G0000108
split_0315	GCA_016839765.1|G0000109
split_0315	GCA_019058445.1|G0000141
split_0315	GCA_029838175.1|G0000236
split_0315	GCA_029856295.1|G0000240
split_0315	GCA_037386725.1|G0000268
split_0315	GCA_048887225.1|G0000332
split_0316	GCA_004524365.1|G0000059
split_0316	GCA_011364925.1|G0000074
split_0316	GCA_014730165.1|G0000085
split_0316	GCA_016839585.1|G0000108
split_0316	GCA_016839765.1|G0000109
split_0316	GCA_029838175.1|G0000236
split_0316	GCA_037386725.1|G0000268
split_0317	GCA_004524365.1|G0000059
split_0317	GCA_011364925.1|G0000074
split_0317	GCA_014730165.1|G0000085
split_0317	GCA_016839765.1|G0000109
split_0317	GCA_029838175.1|G0000236
split_0317	GCA_037386725.1|G0000268
split_0318	GCA_004524365.1|G0000059
split_0318	GCA_011364925.1|G0000074
split_0318	GCA_014730165.1|G0000085
split_0318	GCA_016839765.1|G0000109
split_0319	GCA_004524365.1|G0000059
split_0319	GCA_014730165.1|G0000085
split_0320	GCA_011364925.1|G0000074
split_0320	GCA_016839765.1|G0000109
split_0321	GCA_029838175.1|G0000236
split_0321	GCA_037386725.1|G0000268
split_0322	GCA_004524535.1|G0000062
split_0322	GCA_019058445.1|G0000141
split_0322	GCA_029856295.1|G0000240
split_0322	GCA_048887225.1|G0000332
split_0323	GCA_019058445.1|G0000141
split_0323	GCA_029856295.1|G0000240
split_0323	GCA_048887225.1|G0000332
split_0324	GCA_019058445.1|G0000141
split_0324	GCA_029856295.1|G0000240
split_0325	GCA_005223125.1|G0000066
split_0325	GCA_016839425.1|G0000106
split_0325	GCA_030610785.1|G0000251
split_0325	GCA_054384595.1|G0000348
split_0326	GCA_005223125.1|G0000066
split_0326	GCA_030610785.1|G0000251
split_0326	GCA_054384595.1|G0000348
split_0327	GCA_030610785.1|G0000251
split_0327	GCA_054384595.1|G0000348
split_0328	GCA_019058015.1|G0000138
split_0328	GCA_019058135.1|G0000139
split_0329	GCA_004524545.1|G0000063
split_0329	GCA_014729055.1|G0000083
split_0329	GCA_016933055.1|G0000117
split_0330	GCA_004524545.1|G0000063
split_0330	GCA_016933055.1|G0000117
split_0331	GCA_027492035.1|G0000218
split_0331	GCA_040225955.1|G0000315
split_0331	GCA_052584985.1|G0000339
split_0331	GCA_054384275.1|G0000347
split_0332	GCA_027492035.1|G0000218
split_0332	GCA_054384275.1|G0000347
split_0333	GCA_040225955.1|G0000315
split_0333	GCA_052584985.1|G0000339
split_0334	GCA_038819355.1|G0000289
split_0334	GCA_038820475.1|G0000290
split_0334	GCA_054385715.1|G0000350
split_0335	GCA_038819355.1|G0000289
split_0335	GCA_038820475.1|G0000290
split_0336	GCA_005191415.1|G0000064
split_0336	GCA_005191425.1|G0000065
split_0336	GCA_054381345.1|G0000342
split_0336	GCA_054381475.1|G0000343
split_0336	GCA_054383595.1|G0000346
split_0337	GCA_005191415.1|G0000064
split_0337	GCA_005191425.1|G0000065
split_0337	GCA_054381345.1|G0000342
split_0337	GCA_054383595.1|G0000346
split_0338	GCA_005191415.1|G0000064
split_0338	GCA_054381345.1|G0000342
split_0339	GCA_005191425.1|G0000065
split_0339	GCA_054383595.1|G0000346
split_0340	GCA_016550395.1|G0000103
split_0340	GCA_016840065.1|G0000110
split_0340	GCA_016840135.1|G0000111
split_0340	GCA_048938295.1|G0000333
split_0341	GCA_016550395.1|G0000103
split_0341	GCA_048938295.1|G0000333
split_0342	GCA_016840065.1|G0000110
split_0342	GCA_016840135.1|G0000111
split_0343	GCA_001940665.2|G0000022
split_0343	GCA_016292335.1|G0000101
split_0343	GCA_016294985.1|G0000102
split_0343	GCA_016839265.1|G0000104
split_0343	GCA_016840465.1|G0000112
split_0343	GCA_016840485.1|G0000114
split_0343	GCA_019056805.1|G0000134
split_0343	GCA_019057385.1|G0000135
split_0343	GCA_019058495.1|G0000142
split_0343	GCA_037308085.1|G0000266
split_0343	GCA_037310415.1|G0000267
split_0343	GCA_048939465.1|G0000334
split_0344	GCA_001940665.2|G0000022
split_0344	GCA_016839265.1|G0000104
split_0345	GCA_016292335.1|G0000101
split_0345	GCA_016294985.1|G0000102
split_0345	GCA_016840465.1|G0000112
split_0345	GCA_016840485.1|G0000114
split_0345	GCA_019056805.1|G0000134
split_0345	GCA_019057385.1|G0000135
split_0345	GCA_019058495.1|G0000142
split_0345	GCA_037308085.1|G0000266
split_0345	GCA_037310415.1|G0000267
split_0345	GCA_048939465.1|G0000334
split_0346	GCA_016292335.1|G0000101
split_0346	GCA_016294985.1|G0000102
split_0346	GCA_016840485.1|G0000114
split_0346	GCA_019056805.1|G0000134
split_0346	GCA_019057385.1|G0000135
split_0346	GCA_019058495.1|G0000142
split_0346	GCA_037308085.1|G0000266
split_0346	GCA_037310415.1|G0000267
split_0346	GCA_048939465.1|G0000334
split_0347	GCA_016292335.1|G0000101
split_0347	GCA_016294985.1|G0000102
split_0347	GCA_016840485.1|G0000114
split_0347	GCA_019056805.1|G0000134
split_0347	GCA_019057385.1|G0000135
split_0347	GCA_019058495.1|G0000142
split_0347	GCA_037308085.1|G0000266
split_0347	GCA_037310415.1|G0000267
split_0348	GCA_016292335.1|G0000101
split_0348	GCA_016294985.1|G0000102
split_0348	GCA_019057385.1|G0000135
split_0348	GCA_019058495.1|G0000142
split_0348	GCA_037308085.1|G0000266
split_0348	GCA_037310415.1|G0000267
split_0349	GCA_016292335.1|G0000101
split_0349	GCA_016294985.1|G0000102
split_0349	GCA_019057385.1|G0000135
split_0350	GCA_016294985.1|G0000102
split_0350	GCA_019057385.1|G0000135
split_0351	GCA_019058495.1|G0000142
split_0351	GCA_037308085.1|G0000266
split_0351	GCA_037310415.1|G0000267
split_0352	GCA_019058495.1|G0000142
split_0352	GCA_037308085.1|G0000266
split_0353	GCA_016840485.1|G0000114
split_0353	GCA_019056805.1|G0000134
split_0354	GCA_001940655.1|G0000021
split_0354	GCA_003019595.1|G0000036
split_0354	GCA_003649205.1|G0000045
split_0354	GCA_003649205.1|G0000046
split_0354	GCA_014729935.1|G0000084
split_0354	GCA_021800035.1|G0000179
split_0354	GCA_023487445.1|G0000194
split_0354	GCA_025059075.1|G0000202
split_0354	GCA_030587475.2|G0000247
split_0354	GCA_041305945.1|G0000322
split_0354	GCA_054386615.1|G0000352
split_0355	GCA_001940655.1|G0000021
split_0355	GCA_003649205.1|G0000045
split_0355	GCA_003649205.1|G0000046
split_0355	GCA_014729935.1|G0000084
split_0355	GCA_025059075.1|G0000202
split_0355	GCA_030587475.2|G0000247
split_0355	GCA_041305945.1|G0000322
split_0355	GCA_054386615.1|G0000352
split_0356	GCA_001940655.1|G0000021
split_0356	GCA_014729935.1|G0000084
split_0356	GCA_025059075.1|G0000202
split_0356	GCA_030587475.2|G0000247
split_0356	GCA_041305945.1|G0000322
split_0356	GCA_054386615.1|G0000352
split_0357	GCA_001940655.1|G0000021
split_0357	GCA_014729935.1|G0000084
split_0357	GCA_030587475.2|G0000247
split_0357	GCA_041305945.1|G0000322
split_0357	GCA_054386615.1|G0000352
split_0358	GCA_014729935.1|G0000084
split_0358	GCA_030587475.2|G0000247
split_0358	GCA_041305945.1|G0000322
split_0358	GCA_054386615.1|G0000352
split_0359	GCA_014729935.1|G0000084
split_0359	GCA_054386615.1|G0000352
split_0360	GCA_030587475.2|G0000247
split_0360	GCA_041305945.1|G0000322
split_0361	GCA_003649205.1|G0000045
split_0361	GCA_003649205.1|G0000046
split_0362	GCA_003019595.1|G0000036
split_0362	GCA_021800035.1|G0000179
split_0362	GCA_023487445.1|G0000194
split_0363	GCA_003019595.1|G0000036
split_0363	GCA_021800035.1|G0000179
split_0364	GCA_015661855.1|G0000097
split_0364	GCA_029258915.1|G0000226
split_0364	GCA_029258925.1|G0000227
split_0365	GCA_015661855.1|G0000097
split_0365	GCA_029258915.1|G0000226
split_0366	GCA_003661385.1|G0000051
split_0366	GCA_020833055.1|G0000151
split_0366	GCA_037917685.1|G0000271
split_0367	GCA_003661385.1|G0000051
split_0367	GCA_037917685.1|G0000271
split_0368	GCA_003144275.1|G0000040
split_0368	GCA_015520535.1|G0000091
split_0368	GCA_016839295.1|G0000105
split_0368	GCA_018238545.1|G0000122
split_0368	GCA_019057815.1|G0000137
split_0368	GCA_021513695.1|G0000174
split_0368	GCA_021513715.1|G0000175
split_0368	GCA_023705985.1|G0000195
split_0368	GCA_024276395.1|G0000197
split_0368	GCA_024720815.1|G0000199
split_0368	GCA_026993975.1|G0000212
split_0368	GCA_029856055.1|G0000239
split_0368	GCA_029856615.1|G0000242
split_0368	GCA_029856635.1|G0000243
split_0368	GCA_037443105.1|G0000269
split_0368	GCA_048882505.1|G0000331
split_0368	GCA_052626455.1|G0000340
split_0368	GCA_054385655.1|G0000349
split_0368	GCA_054385735.1|G0000351
split_0368	GOMC.bin.16560|G0000366
split_0369	GCA_003144275.1|G0000040
split_0369	GCA_015520535.1|G0000091
split_0369	GCA_016839295.1|G0000105
split_0369	GCA_018238545.1|G0000122
split_0369	GCA_019057815.1|G0000137
split_0369	GCA_021513695.1|G0000174
split_0369	GCA_021513715.1|G0000175
split_0369	GCA_023705985.1|G0000195
split_0369	GCA_024276395.1|G0000197
split_0369	GCA_024720815.1|G0000199
split_0369	GCA_026993975.1|G0000212
split_0369	GCA_029856055.1|G0000239
split_0369	GCA_029856615.1|G0000242
split_0369	GCA_029856635.1|G0000243
split_0369	GCA_048882505.1|G0000331
split_0369	GCA_052626455.1|G0000340
split_0369	GCA_054385655.1|G0000349
split_0369	GCA_054385735.1|G0000351
split_0369	GOMC.bin.16560|G0000366
split_0370	GCA_003144275.1|G0000040
split_0370	GCA_015520535.1|G0000091
split_0370	GCA_016839295.1|G0000105
split_0370	GCA_018238545.1|G0000122
split_0370	GCA_019057815.1|G0000137
split_0370	GCA_021513695.1|G0000174
split_0370	GCA_021513715.1|G0000175
split_0370	GCA_023705985.1|G0000195
split_0370	GCA_024276395.1|G0000197
split_0370	GCA_048882505.1|G0000331
split_0371	GCA_003144275.1|G0000040
split_0371	GCA_016839295.1|G0000105
split_0371	GCA_018238545.1|G0000122
split_0371	GCA_019057815.1|G0000137
split_0371	GCA_021513695.1|G0000174
split_0371	GCA_021513715.1|G0000175
split_0371	GCA_023705985.1|G0000195
split_0371	GCA_024276395.1|G0000197
split_0371	GCA_048882505.1|G0000331
split_0372	GCA_003144275.1|G0000040
split_0372	GCA_016839295.1|G0000105
split_0372	GCA_018238545.1|G0000122
split_0372	GCA_021513695.1|G0000174
split_0372	GCA_021513715.1|G0000175
split_0372	GCA_024276395.1|G0000197
split_0372	GCA_048882505.1|G0000331
split_0373	GCA_016839295.1|G0000105
split_0373	GCA_018238545.1|G0000122
split_0373	GCA_021513695.1|G0000174
split_0373	GCA_021513715.1|G0000175
split_0373	GCA_024276395.1|G0000197
split_0373	GCA_048882505.1|G0000331
split_0374	GCA_016839295.1|G0000105
split_0374	GCA_021513695.1|G0000174
split_0374	GCA_021513715.1|G0000175
split_0374	GCA_048882505.1|G0000331
split_0375	GCA_016839295.1|G0000105
split_0375	GCA_021513695.1|G0000174
split_0375	GCA_021513715.1|G0000175
split_0376	GCA_021513695.1|G0000174
split_0376	GCA_021513715.1|G0000175
split_0377	GCA_018238545.1|G0000122
split_0377	GCA_024276395.1|G0000197
split_0378	GCA_019057815.1|G0000137
split_0378	GCA_023705985.1|G0000195
split_0379	GCA_024720815.1|G0000199
split_0379	GCA_026993975.1|G0000212
split_0379	GCA_029856055.1|G0000239
split_0379	GCA_029856615.1|G0000242
split_0379	GCA_029856635.1|G0000243
split_0379	GCA_052626455.1|G0000340
split_0379	GCA_054385655.1|G0000349
split_0379	GCA_054385735.1|G0000351
split_0379	GOMC.bin.16560|G0000366
split_0380	GCA_024720815.1|G0000199
split_0380	GCA_026993975.1|G0000212
split_0380	GCA_029856055.1|G0000239
split_0380	GCA_029856615.1|G0000242
split_0380	GCA_029856635.1|G0000243
split_0380	GCA_054385655.1|G0000349
split_0380	GCA_054385735.1|G0000351
split_0380	GOMC.bin.16560|G0000366
split_0381	GCA_024720815.1|G0000199
split_0381	GCA_026993975.1|G0000212
split_0381	GCA_029856055.1|G0000239
split_0381	GCA_029856615.1|G0000242
split_0381	GCA_029856635.1|G0000243
split_0381	GOMC.bin.16560|G0000366
split_0382	GCA_024720815.1|G0000199
split_0382	GCA_026993975.1|G0000212
split_0382	GCA_029856055.1|G0000239
split_0382	GCA_029856615.1|G0000242
split_0383	GCA_026993975.1|G0000212
split_0383	GCA_029856055.1|G0000239
split_0383	GCA_029856615.1|G0000242
split_0384	GCA_026993975.1|G0000212
split_0384	GCA_029856055.1|G0000239
split_0385	GCA_029856635.1|G0000243
split_0385	GOMC.bin.16560|G0000366
split_0386	GCA_054385655.1|G0000349
split_0386	GCA_054385735.1|G0000351
split_0387	GCA_022848835.1|G0000183
split_0387	GCA_029856435.1|G0000241
split_0387	GCA_030594205.1|G0000248
split_0387	GCA_040290255.1|G0000320
split_0388	GCA_022848835.1|G0000183
split_0388	GCA_029856435.1|G0000241
split_0388	GCA_030594205.1|G0000248
split_0389	GCA_022848835.1|G0000183
split_0389	GCA_030594205.1|G0000248
