split_id	gene_id
split_0001	ERR4283445_bin.66|G0000001
split_0001	GCF_000308215.1|G0000290
split_0002	ERR4283445_bin.66|G0000001
split_0002	GCA_002508545.1|G0000029
split_0002	GCF_000308215.1|G0000290
split_0003	ERR4283445_bin.66|G0000001
split_0003	GCA_002508545.1|G0000029
split_0003	GCA_026394375.1|G0000179
split_0003	GCF_000308215.1|G0000290
split_0004	ERR4283445_bin.66|G0000001
split_0004	GCA_002497075.1|G0000019
split_0004	GCA_002508545.1|G0000029
split_0004	GCA_003135935.1|G0000039
split_0004	GCA_026394375.1|G0000179
split_0004	GCA_030604065.1|G0000216
split_0004	GCF_000308215.1|G0000290
split_0005	ERR4283445_bin.66|G0000001
split_0005	GCA_002497075.1|G0000019
split_0005	GCA_002508545.1|G0000029
split_0005	GCA_003135935.1|G0000039
split_0005	GCA_020725985.1|G0000132
split_0005	GCA_026394375.1|G0000179
split_0005	GCA_028679985.1|G0000189
split_0005	GCA_029907465.1|G0000201
split_0005	GCA_030604065.1|G0000216
split_0005	GCF_000308215.1|G0000290
split_0006	ERR4283445_bin.66|G0000001
split_0006	GCA_002497075.1|G0000019
split_0006	GCA_002508545.1|G0000029
split_0006	GCA_003135935.1|G0000039
split_0006	GCA_013415695.1|G0000068
split_0006	GCA_020725985.1|G0000132
split_0006	GCA_026394375.1|G0000179
split_0006	GCA_028679985.1|G0000189
split_0006	GCA_029907465.1|G0000201
split_0006	GCA_030604065.1|G0000216
split_0006	GCA_046539605.1|G0000275
split_0006	GCF_000308215.1|G0000290
split_0007	ERR4283445_bin.66|G0000001
split_0007	GCA_002067865.1|G0000017
split_0007	GCA_002497075.1|G0000019
split_0007	GCA_002508545.1|G0000029
split_0007	GCA_003135935.1|G0000039
split_0007	GCA_013415695.1|G0000068
split_0007	GCA_020725985.1|G0000132
split_0007	GCA_026394375.1|G0000179
split_0007	GCA_028679985.1|G0000189
split_0007	GCA_029907465.1|G0000201
split_0007	GCA_030604065.1|G0000216
split_0007	GCA_046539605.1|G0000275
split_0007	GCF_000308215.1|G0000290
split_0008	ERR4283445_bin.66|G0000001
split_0008	GCA_002067865.1|G0000017
split_0008	GCA_002497075.1|G0000019
split_0008	GCA_002508545.1|G0000029
split_0008	GCA_003135935.1|G0000039
split_0008	GCA_011046235.1|G0000062
split_0008	GCA_013415695.1|G0000068
split_0008	GCA_014859835.1|G0000073
split_0008	GCA_018814355.1|G0000109
split_0008	GCA_019721035.1|G0000117
split_0008	GCA_020725985.1|G0000132
split_0008	GCA_021806165.1|G0000151
split_0008	GCA_023379385.1|G0000169
split_0008	GCA_026394375.1|G0000179
split_0008	GCA_028679985.1|G0000189
split_0008	GCA_029858465.1|G0000199
split_0008	GCA_029907465.1|G0000201
split_0008	GCA_030604065.1|G0000216
split_0008	GCA_035529455.1|G0000243
split_0008	GCA_038852315.1|G0000254
split_0008	GCA_038881315.1|G0000257
split_0008	GCA_046539605.1|G0000275
split_0008	GCF_000308215.1|G0000290
split_0008	GOMC.bin.8344|G0000312
split_0008	GOMC.bin.8344|G0000313
split_0009	ERR4283445_bin.66|G0000001
split_0009	GCA_002067865.1|G0000017
split_0009	GCA_002497075.1|G0000019
split_0009	GCA_002503985.1|G0000026
split_0009	GCA_002508545.1|G0000029
split_0009	GCA_003135935.1|G0000039
split_0009	GCA_003551675.1|G0000042
split_0009	GCA_003552585.1|G0000043
split_0009	GCA_003560595.1|G0000044
split_0009	GCA_007129655.1|G0000061
split_0009	GCA_011046235.1|G0000062
split_0009	GCA_013415695.1|G0000068
split_0009	GCA_014859835.1|G0000073
split_0009	GCA_015522885.1|G0000078
split_0009	GCA_018814355.1|G0000109
split_0009	GCA_019721035.1|G0000117
split_0009	GCA_020725985.1|G0000132
split_0009	GCA_021790425.1|G0000147
split_0009	GCA_021798195.1|G0000149
split_0009	GCA_021802125.1|G0000150
split_0009	GCA_021806165.1|G0000151
split_0009	GCA_023379385.1|G0000169
split_0009	GCA_026394375.1|G0000179
split_0009	GCA_026414225.1|G0000180
split_0009	GCA_027006785.1|G0000182
split_0009	GCA_028679985.1|G0000189
split_0009	GCA_029858465.1|G0000199
split_0009	GCA_029907465.1|G0000201
split_0009	GCA_030604065.1|G0000216
split_0009	GCA_035529455.1|G0000243
split_0009	GCA_038852315.1|G0000254
split_0009	GCA_038881315.1|G0000257
split_0009	GCA_046539605.1|G0000275
split_0009	GCF_000308215.1|G0000290
split_0009	GOMC.bin.8344|G0000312
split_0009	GOMC.bin.8344|G0000313
split_0010	ERR4283445_bin.66|G0000001
split_0010	GCA_002067865.1|G0000017
split_0010	GCA_002497075.1|G0000019
split_0010	GCA_002503985.1|G0000026
split_0010	GCA_002508545.1|G0000029
split_0010	GCA_003135935.1|G0000039
split_0010	GCA_003551675.1|G0000042
split_0010	GCA_003552585.1|G0000043
split_0010	GCA_003560595.1|G0000044
split_0010	GCA_007129655.1|G0000061
split_0010	GCA_011046235.1|G0000062
split_0010	GCA_013415695.1|G0000068
split_0010	GCA_014859835.1|G0000073
split_0010	GCA_015522885.1|G0000078
split_0010	GCA_018814355.1|G0000109
split_0010	GCA_019721035.1|G0000117
split_0010	GCA_020725985.1|G0000132
split_0010	GCA_021790425.1|G0000147
split_0010	GCA_021798195.1|G0000149
split_0010	GCA_021802125.1|G0000150
split_0010	GCA_021806165.1|G0000151
split_0010	GCA_023379385.1|G0000169
split_0010	GCA_024281315.1|G0000173
split_0010	GCA_026394375.1|G0000179
split_0010	GCA_026414225.1|G0000180
split_0010	GCA_027006785.1|G0000182
split_0010	GCA_028679985.1|G0000189
split_0010	GCA_029858465.1|G0000199
split_0010	GCA_029907465.1|G0000201
split_0010	GCA_030604065.1|G0000216
split_0010	GCA_035529455.1|G0000243
split_0010	GCA_038852315.1|G0000254
split_0010	GCA_038881315.1|G0000257
split_0010	GCA_046539605.1|G0000275
split_0010	GCF_000308215.1|G0000290
split_0010	GOMC.bin.8344|G0000312
split_0010	GOMC.bin.8344|G0000313
split_0011	ERR4283445_bin.66|G0000001
split_0011	GCA_001595885.1|G0000009
split_0011	GCA_002067865.1|G0000017
split_0011	GCA_002497075.1|G0000019
split_0011	GCA_002503985.1|G0000026
split_0011	GCA_002508545.1|G0000029
split_0011	GCA_003135935.1|G0000039
split_0011	GCA_003551675.1|G0000042
split_0011	GCA_003552585.1|G0000043
split_0011	GCA_003560595.1|G0000044
split_0011	GCA_004377185.1|G0000056
split_0011	GCA_005878985.1|G0000057
split_0011	GCA_007129655.1|G0000061
split_0011	GCA_011046235.1|G0000062
split_0011	GCA_013415695.1|G0000068
split_0011	GCA_013791785.1|G0000069
split_0011	GCA_014859835.1|G0000073
split_0011	GCA_015522885.1|G0000078
split_0011	GCA_016214785.1|G0000087
split_0011	GCA_017885655.1|G0000102
split_0011	GCA_018814355.1|G0000109
split_0011	GCA_019721035.1|G0000117
split_0011	GCA_020029475.1|G0000118
split_0011	GCA_020696385.1|G0000131
split_0011	GCA_020725985.1|G0000132
split_0011	GCA_021790425.1|G0000147
split_0011	GCA_021798195.1|G0000149
split_0011	GCA_021802125.1|G0000150
split_0011	GCA_021806165.1|G0000151
split_0011	GCA_022848835.1|G0000155
split_0011	GCA_022848865.1|G0000156
split_0011	GCA_023136815.1|G0000159
split_0011	GCA_023140195.1|G0000160
split_0011	GCA_023379385.1|G0000169
split_0011	GCA_024281315.1|G0000173
split_0011	GCA_026394375.1|G0000179
split_0011	GCA_026414225.1|G0000180
split_0011	GCA_027006785.1|G0000182
split_0011	GCA_028679985.1|G0000189
split_0011	GCA_029858465.1|G0000199
split_0011	GCA_029907465.1|G0000201
split_0011	GCA_030594205.1|G0000213
split_0011	GCA_030604065.1|G0000216
split_0011	GCA_030606525.1|G0000219
split_0011	GCA_030672365.1|G0000228
split_0011	GCA_035529455.1|G0000243
split_0011	GCA_036795795.1|G0000249
split_0011	GCA_038852315.1|G0000254
split_0011	GCA_038881315.1|G0000257
split_0011	GCA_040753455.1|G0000261
split_0011	GCA_046539605.1|G0000275
split_0011	GCA_975093245.1|G0000287
split_0011	GCF_000308215.1|G0000290
split_0011	GOMC.bin.7988|G0000310
split_0011	GOMC.bin.8344|G0000312
split_0011	GOMC.bin.8344|G0000313
split_0012	ERR4283445_bin.66|G0000001
split_0012	GCA_001595885.1|G0000009
split_0012	GCA_002067865.1|G0000017
split_0012	GCA_002497075.1|G0000019
split_0012	GCA_002503985.1|G0000026
split_0012	GCA_002508545.1|G0000029
split_0012	GCA_003135935.1|G0000039
split_0012	GCA_003551675.1|G0000042
split_0012	GCA_003552585.1|G0000043
split_0012	GCA_003560595.1|G0000044
split_0012	GCA_004377185.1|G0000056
split_0012	GCA_005878985.1|G0000057
split_0012	GCA_007129655.1|G0000061
split_0012	GCA_011046235.1|G0000062
split_0012	GCA_013415695.1|G0000068
split_0012	GCA_013791785.1|G0000069
split_0012	GCA_014859835.1|G0000073
split_0012	GCA_015522885.1|G0000078
split_0012	GCA_016214785.1|G0000087
split_0012	GCA_017885655.1|G0000102
split_0012	GCA_018814355.1|G0000109
split_0012	GCA_019721035.1|G0000117
split_0012	GCA_020029475.1|G0000118
split_0012	GCA_020696385.1|G0000131
split_0012	GCA_020725985.1|G0000132
split_0012	GCA_021790425.1|G0000147
split_0012	GCA_021798195.1|G0000149
split_0012	GCA_021802125.1|G0000150
split_0012	GCA_021806165.1|G0000151
split_0012	GCA_022848835.1|G0000155
split_0012	GCA_022848865.1|G0000156
split_0012	GCA_023136815.1|G0000159
split_0012	GCA_023140195.1|G0000160
split_0012	GCA_023379385.1|G0000169
split_0012	GCA_024281315.1|G0000173
split_0012	GCA_026394375.1|G0000179
split_0012	GCA_026414225.1|G0000180
split_0012	GCA_027006785.1|G0000182
split_0012	GCA_028679985.1|G0000189
split_0012	GCA_029858465.1|G0000199
split_0012	GCA_029907465.1|G0000201
split_0012	GCA_030594205.1|G0000213
split_0012	GCA_030595765.1|G0000215
split_0012	GCA_030604065.1|G0000216
split_0012	GCA_030606525.1|G0000219
split_0012	GCA_030672365.1|G0000228
split_0012	GCA_030673205.1|G0000229
split_0012	GCA_035529455.1|G0000243
split_0012	GCA_036795795.1|G0000249
split_0012	GCA_038852315.1|G0000254
split_0012	GCA_038881315.1|G0000257
split_0012	GCA_040753455.1|G0000261
split_0012	GCA_046539605.1|G0000275
split_0012	GCA_975093245.1|G0000287
split_0012	GCF_000308215.1|G0000290
split_0012	GOMC.bin.7988|G0000310
split_0012	GOMC.bin.8344|G0000312
split_0012	GOMC.bin.8344|G0000313
split_0013	ERR4283445_bin.66|G0000001
split_0013	GCA_001595885.1|G0000009
split_0013	GCA_002067865.1|G0000017
split_0013	GCA_002497075.1|G0000019
split_0013	GCA_002503985.1|G0000026
split_0013	GCA_002508545.1|G0000029
split_0013	GCA_003135935.1|G0000039
split_0013	GCA_003551675.1|G0000042
split_0013	GCA_003552585.1|G0000043
split_0013	GCA_003560595.1|G0000044
split_0013	GCA_003649915.1|G0000048
split_0013	GCA_004377185.1|G0000056
split_0013	GCA_005878985.1|G0000057
split_0013	GCA_007129655.1|G0000061
split_0013	GCA_011046235.1|G0000062
split_0013	GCA_013415695.1|G0000068
split_0013	GCA_013791785.1|G0000069
split_0013	GCA_014859835.1|G0000073
split_0013	GCA_015522885.1|G0000078
split_0013	GCA_016214785.1|G0000087
split_0013	GCA_017885655.1|G0000102
split_0013	GCA_018814355.1|G0000109
split_0013	GCA_019721035.1|G0000117
split_0013	GCA_020029475.1|G0000118
split_0013	GCA_020696385.1|G0000131
split_0013	GCA_020725985.1|G0000132
split_0013	GCA_021790425.1|G0000147
split_0013	GCA_021798195.1|G0000149
split_0013	GCA_021802125.1|G0000150
split_0013	GCA_021806165.1|G0000151
split_0013	GCA_022848835.1|G0000155
split_0013	GCA_022848865.1|G0000156
split_0013	GCA_023136815.1|G0000159
split_0013	GCA_023140195.1|G0000160
split_0013	GCA_023379385.1|G0000169
split_0013	GCA_024281315.1|G0000173
split_0013	GCA_026394375.1|G0000179
split_0013	GCA_026414225.1|G0000180
split_0013	GCA_027006785.1|G0000182
split_0013	GCA_028679985.1|G0000189
split_0013	GCA_029858465.1|G0000199
split_0013	GCA_029907465.1|G0000201
split_0013	GCA_030594205.1|G0000213
split_0013	GCA_030595765.1|G0000215
split_0013	GCA_030604065.1|G0000216
split_0013	GCA_030606525.1|G0000219
split_0013	GCA_030672365.1|G0000228
split_0013	GCA_030673205.1|G0000229
split_0013	GCA_035529455.1|G0000243
split_0013	GCA_036795795.1|G0000249
split_0013	GCA_038852315.1|G0000254
split_0013	GCA_038881315.1|G0000257
split_0013	GCA_040753455.1|G0000261
split_0013	GCA_046539605.1|G0000275
split_0013	GCA_975093245.1|G0000287
split_0013	GCF_000308215.1|G0000290
split_0013	GOMC.bin.7988|G0000310
split_0013	GOMC.bin.8344|G0000312
split_0013	GOMC.bin.8344|G0000313
split_0014	ERR4283445_bin.66|G0000001
split_0014	GCA_000496135.1|G0000005
split_0014	GCA_000965745.1|G0000006
split_0014	GCA_001595885.1|G0000009
split_0014	GCA_001856825.1|G0000011
split_0014	GCA_002067865.1|G0000017
split_0014	GCA_002497075.1|G0000019
split_0014	GCA_002503985.1|G0000026
split_0014	GCA_002508545.1|G0000029
split_0014	GCA_002878135.1|G0000035
split_0014	GCA_003135935.1|G0000039
split_0014	GCA_003551675.1|G0000042
split_0014	GCA_003552585.1|G0000043
split_0014	GCA_003560595.1|G0000044
split_0014	GCA_003649915.1|G0000048
split_0014	GCA_004377185.1|G0000056
split_0014	GCA_005878985.1|G0000057
split_0014	GCA_007129655.1|G0000061
split_0014	GCA_011046235.1|G0000062
split_0014	GCA_013154005.1|G0000066
split_0014	GCA_013415695.1|G0000068
split_0014	GCA_013791785.1|G0000069
split_0014	GCA_014859835.1|G0000073
split_0014	GCA_015520565.1|G0000076
split_0014	GCA_015520975.1|G0000077
split_0014	GCA_015522885.1|G0000078
split_0014	GCA_016214785.1|G0000087
split_0014	GCA_016806715.1|G0000089
split_0014	GCA_017885655.1|G0000102
split_0014	GCA_018814355.1|G0000109
split_0014	GCA_019721035.1|G0000117
split_0014	GCA_020029475.1|G0000118
split_0014	GCA_020696385.1|G0000131
split_0014	GCA_020725985.1|G0000132
split_0014	GCA_021163705.1|G0000140
split_0014	GCA_021790425.1|G0000147
split_0014	GCA_021797355.1|G0000148
split_0014	GCA_021798195.1|G0000149
split_0014	GCA_021802125.1|G0000150
split_0014	GCA_021806165.1|G0000151
split_0014	GCA_021817415.1|G0000152
split_0014	GCA_022848835.1|G0000155
split_0014	GCA_022848865.1|G0000156
split_0014	GCA_023136815.1|G0000159
split_0014	GCA_023140195.1|G0000160
split_0014	GCA_023256475.1|G0000162
split_0014	GCA_023256615.1|G0000163
split_0014	GCA_023261745.1|G0000164
split_0014	GCA_023379385.1|G0000169
split_0014	GCA_024281315.1|G0000173
split_0014	GCA_026394375.1|G0000179
split_0014	GCA_026414225.1|G0000180
split_0014	GCA_027006785.1|G0000182
split_0014	GCA_028679985.1|G0000189
split_0014	GCA_029858465.1|G0000199
split_0014	GCA_029907465.1|G0000201
split_0014	GCA_030594205.1|G0000213
split_0014	GCA_030595765.1|G0000215
split_0014	GCA_030604065.1|G0000216
split_0014	GCA_030606525.1|G0000219
split_0014	GCA_030672365.1|G0000228
split_0014	GCA_030673205.1|G0000229
split_0014	GCA_031961525.1|G0000234
split_0014	GCA_031961865.1|G0000235
split_0014	GCA_035529455.1|G0000243
split_0014	GCA_036795795.1|G0000249
split_0014	GCA_038852315.1|G0000254
split_0014	GCA_038881315.1|G0000257
split_0014	GCA_040753455.1|G0000261
split_0014	GCA_046539605.1|G0000275
split_0014	GCA_975093245.1|G0000287
split_0014	GCF_000308215.1|G0000290
split_0014	GOMC.bin.17021|G0000297
split_0014	GOMC.bin.7988|G0000310
split_0014	GOMC.bin.8344|G0000312
split_0014	GOMC.bin.8344|G0000313
split_0014	GOMC.bin.891|G0000314
split_0015	ERR4283445_bin.66|G0000001
split_0015	GCA_000496135.1|G0000005
split_0015	GCA_000965745.1|G0000006
split_0015	GCA_001595885.1|G0000009
split_0015	GCA_001856825.1|G0000011
split_0015	GCA_002067865.1|G0000017
split_0015	GCA_002497075.1|G0000019
split_0015	GCA_002503985.1|G0000026
split_0015	GCA_002508545.1|G0000029
split_0015	GCA_002878135.1|G0000035
split_0015	GCA_003135935.1|G0000039
split_0015	GCA_003551675.1|G0000042
split_0015	GCA_003552585.1|G0000043
split_0015	GCA_003560595.1|G0000044
split_0015	GCA_003649915.1|G0000048
split_0015	GCA_004377185.1|G0000056
split_0015	GCA_005878985.1|G0000057
split_0015	GCA_007129655.1|G0000061
split_0015	GCA_011046235.1|G0000062
split_0015	GCA_013154005.1|G0000066
split_0015	GCA_013415695.1|G0000068
split_0015	GCA_013791785.1|G0000069
split_0015	GCA_014859835.1|G0000073
split_0015	GCA_015520565.1|G0000076
split_0015	GCA_015520975.1|G0000077
split_0015	GCA_015522885.1|G0000078
split_0015	GCA_016214785.1|G0000087
split_0015	GCA_016806715.1|G0000089
split_0015	GCA_017885655.1|G0000102
split_0015	GCA_018814355.1|G0000109
split_0015	GCA_019721035.1|G0000117
split_0015	GCA_020029475.1|G0000118
split_0015	GCA_020696385.1|G0000131
split_0015	GCA_020725985.1|G0000132
split_0015	GCA_021163705.1|G0000140
split_0015	GCA_021790425.1|G0000147
split_0015	GCA_021797355.1|G0000148
split_0015	GCA_021798195.1|G0000149
split_0015	GCA_021802125.1|G0000150
split_0015	GCA_021806165.1|G0000151
split_0015	GCA_021817415.1|G0000152
split_0015	GCA_022848835.1|G0000155
split_0015	GCA_022848865.1|G0000156
split_0015	GCA_023136815.1|G0000159
split_0015	GCA_023140195.1|G0000160
split_0015	GCA_023256475.1|G0000162
split_0015	GCA_023256615.1|G0000163
split_0015	GCA_023261745.1|G0000164
split_0015	GCA_023379385.1|G0000169
split_0015	GCA_024281315.1|G0000173
split_0015	GCA_026394375.1|G0000179
split_0015	GCA_026414225.1|G0000180
split_0015	GCA_027006785.1|G0000182
split_0015	GCA_028679985.1|G0000189
split_0015	GCA_029858465.1|G0000199
split_0015	GCA_029907465.1|G0000201
split_0015	GCA_030594205.1|G0000213
split_0015	GCA_030595765.1|G0000215
split_0015	GCA_030604065.1|G0000216
split_0015	GCA_030606525.1|G0000219
split_0015	GCA_030672365.1|G0000228
split_0015	GCA_030673205.1|G0000229
split_0015	GCA_031961525.1|G0000234
split_0015	GCA_031961865.1|G0000235
split_0015	GCA_035529455.1|G0000243
split_0015	GCA_036475875.1|G0000248
split_0015	GCA_036795795.1|G0000249
split_0015	GCA_038852315.1|G0000254
split_0015	GCA_038881315.1|G0000257
split_0015	GCA_040753455.1|G0000261
split_0015	GCA_046539605.1|G0000275
split_0015	GCA_975093245.1|G0000287
split_0015	GCF_000308215.1|G0000290
split_0015	GOMC.bin.17021|G0000297
split_0015	GOMC.bin.7988|G0000310
split_0015	GOMC.bin.8344|G0000312
split_0015	GOMC.bin.8344|G0000313
split_0015	GOMC.bin.891|G0000314
split_0016	ERR4283445_bin.66|G0000001
split_0016	GCA_000496135.1|G0000005
split_0016	GCA_000965745.1|G0000006
split_0016	GCA_001595885.1|G0000009
split_0016	GCA_001856825.1|G0000011
split_0016	GCA_002067865.1|G0000017
split_0016	GCA_002497075.1|G0000019
split_0016	GCA_002503985.1|G0000026
split_0016	GCA_002508545.1|G0000029
split_0016	GCA_002878135.1|G0000035
split_0016	GCA_003135935.1|G0000039
split_0016	GCA_003551675.1|G0000042
split_0016	GCA_003552585.1|G0000043
split_0016	GCA_003560595.1|G0000044
split_0016	GCA_003649915.1|G0000048
split_0016	GCA_004377185.1|G0000056
split_0016	GCA_005878985.1|G0000057
split_0016	GCA_007129655.1|G0000061
split_0016	GCA_011046235.1|G0000062
split_0016	GCA_013154005.1|G0000066
split_0016	GCA_013415695.1|G0000068
split_0016	GCA_013791785.1|G0000069
split_0016	GCA_014859835.1|G0000073
split_0016	GCA_015520565.1|G0000076
split_0016	GCA_015520975.1|G0000077
split_0016	GCA_015522885.1|G0000078
split_0016	GCA_016214785.1|G0000087
split_0016	GCA_016806715.1|G0000089
split_0016	GCA_017885655.1|G0000102
split_0016	GCA_018814355.1|G0000109
split_0016	GCA_019721035.1|G0000117
split_0016	GCA_020029475.1|G0000118
split_0016	GCA_020696385.1|G0000131
split_0016	GCA_020725985.1|G0000132
split_0016	GCA_021163705.1|G0000140
split_0016	GCA_021790425.1|G0000147
split_0016	GCA_021797355.1|G0000148
split_0016	GCA_021798195.1|G0000149
split_0016	GCA_021802125.1|G0000150
split_0016	GCA_021806165.1|G0000151
split_0016	GCA_021817415.1|G0000152
split_0016	GCA_022848835.1|G0000155
split_0016	GCA_022848865.1|G0000156
split_0016	GCA_023136815.1|G0000159
split_0016	GCA_023140195.1|G0000160
split_0016	GCA_023256475.1|G0000162
split_0016	GCA_023256615.1|G0000163
split_0016	GCA_023261745.1|G0000164
split_0016	GCA_023379385.1|G0000169
split_0016	GCA_024281315.1|G0000173
split_0016	GCA_026394375.1|G0000179
split_0016	GCA_026414225.1|G0000180
split_0016	GCA_027006785.1|G0000182
split_0016	GCA_028679985.1|G0000189
split_0016	GCA_029858465.1|G0000199
split_0016	GCA_029907465.1|G0000201
split_0016	GCA_030594205.1|G0000213
split_0016	GCA_030595765.1|G0000215
split_0016	GCA_030604065.1|G0000216
split_0016	GCA_030606525.1|G0000219
split_0016	GCA_030672365.1|G0000228
split_0016	GCA_030673205.1|G0000229
split_0016	GCA_031961525.1|G0000234
split_0016	GCA_031961865.1|G0000235
split_0016	GCA_035529455.1|G0000243
split_0016	GCA_036475875.1|G0000248
split_0016	GCA_036795795.1|G0000249
split_0016	GCA_038852315.1|G0000254
split_0016	GCA_038881315.1|G0000257
split_0016	GCA_040753455.1|G0000261
split_0016	GCA_041657955.1|G0000273
split_0016	GCA_046539605.1|G0000275
split_0016	GCA_975093245.1|G0000287
split_0016	GCF_000308215.1|G0000290
split_0016	GOMC.bin.17021|G0000297
split_0016	GOMC.bin.7988|G0000310
split_0016	GOMC.bin.8344|G0000312
split_0016	GOMC.bin.8344|G0000313
split_0016	GOMC.bin.891|G0000314
split_0017	ERR4283445_bin.66|G0000001
split_0017	GCA_000496135.1|G0000005
split_0017	GCA_000965745.1|G0000006
split_0017	GCA_001595885.1|G0000009
split_0017	GCA_001856825.1|G0000011
split_0017	GCA_002067865.1|G0000017
split_0017	GCA_002497075.1|G0000019
split_0017	GCA_002503985.1|G0000026
split_0017	GCA_002508545.1|G0000029
split_0017	GCA_002878135.1|G0000035
split_0017	GCA_003135935.1|G0000039
split_0017	GCA_003551675.1|G0000042
split_0017	GCA_003552585.1|G0000043
split_0017	GCA_003560595.1|G0000044
split_0017	GCA_003649915.1|G0000048
split_0017	GCA_004377185.1|G0000056
split_0017	GCA_005878985.1|G0000057
split_0017	GCA_007129655.1|G0000061
split_0017	GCA_011046235.1|G0000062
split_0017	GCA_013154005.1|G0000066
split_0017	GCA_013415695.1|G0000068
split_0017	GCA_013791785.1|G0000069
split_0017	GCA_014859835.1|G0000073
split_0017	GCA_015520565.1|G0000076
split_0017	GCA_015520975.1|G0000077
split_0017	GCA_015522885.1|G0000078
split_0017	GCA_016214785.1|G0000087
split_0017	GCA_016806715.1|G0000089
split_0017	GCA_016874675.1|G0000096
split_0017	GCA_017885655.1|G0000102
split_0017	GCA_018814355.1|G0000109
split_0017	GCA_019721035.1|G0000117
split_0017	GCA_020029475.1|G0000118
split_0017	GCA_020696385.1|G0000131
split_0017	GCA_020725985.1|G0000132
split_0017	GCA_021163705.1|G0000140
split_0017	GCA_021790425.1|G0000147
split_0017	GCA_021797355.1|G0000148
split_0017	GCA_021798195.1|G0000149
split_0017	GCA_021802125.1|G0000150
split_0017	GCA_021806165.1|G0000151
split_0017	GCA_021817415.1|G0000152
split_0017	GCA_022848835.1|G0000155
split_0017	GCA_022848865.1|G0000156
split_0017	GCA_023136815.1|G0000159
split_0017	GCA_023140195.1|G0000160
split_0017	GCA_023256475.1|G0000162
split_0017	GCA_023256615.1|G0000163
split_0017	GCA_023261745.1|G0000164
split_0017	GCA_023265395.1|G0000165
split_0017	GCA_023379385.1|G0000169
split_0017	GCA_024281315.1|G0000173
split_0017	GCA_026394375.1|G0000179
split_0017	GCA_026414225.1|G0000180
split_0017	GCA_027006785.1|G0000182
split_0017	GCA_028679985.1|G0000189
split_0017	GCA_029858465.1|G0000199
split_0017	GCA_029907465.1|G0000201
split_0017	GCA_030594205.1|G0000213
split_0017	GCA_030595765.1|G0000215
split_0017	GCA_030604065.1|G0000216
split_0017	GCA_030606525.1|G0000219
split_0017	GCA_030672365.1|G0000228
split_0017	GCA_030673205.1|G0000229
split_0017	GCA_031961525.1|G0000234
split_0017	GCA_031961865.1|G0000235
split_0017	GCA_035529455.1|G0000243
split_0017	GCA_036475875.1|G0000248
split_0017	GCA_036795795.1|G0000249
split_0017	GCA_038851035.1|G0000252
split_0017	GCA_038852315.1|G0000254
split_0017	GCA_038881315.1|G0000257
split_0017	GCA_040753455.1|G0000261
split_0017	GCA_041657955.1|G0000273
split_0017	GCA_046539605.1|G0000275
split_0017	GCA_975093245.1|G0000287
split_0017	GCF_000308215.1|G0000290
split_0017	GOMC.bin.17021|G0000297
split_0017	GOMC.bin.7988|G0000310
split_0017	GOMC.bin.8344|G0000312
split_0017	GOMC.bin.8344|G0000313
split_0017	GOMC.bin.891|G0000314
split_0018	ERR4283445_bin.66|G0000001
split_0018	GCA_000496135.1|G0000005
split_0018	GCA_000965745.1|G0000006
split_0018	GCA_001595885.1|G0000009
split_0018	GCA_001856825.1|G0000011
split_0018	GCA_002067865.1|G0000017
split_0018	GCA_002497075.1|G0000019
split_0018	GCA_002503985.1|G0000026
split_0018	GCA_002508545.1|G0000029
split_0018	GCA_002878135.1|G0000035
split_0018	GCA_003135935.1|G0000039
split_0018	GCA_003551675.1|G0000042
split_0018	GCA_003552585.1|G0000043
split_0018	GCA_003560595.1|G0000044
split_0018	GCA_003649915.1|G0000048
split_0018	GCA_004377185.1|G0000056
split_0018	GCA_005878985.1|G0000057
split_0018	GCA_007129655.1|G0000061
split_0018	GCA_011046235.1|G0000062
split_0018	GCA_013154005.1|G0000066
split_0018	GCA_013415695.1|G0000068
split_0018	GCA_013791785.1|G0000069
split_0018	GCA_014859835.1|G0000073
split_0018	GCA_015520565.1|G0000076
split_0018	GCA_015520975.1|G0000077
split_0018	GCA_015522885.1|G0000078
split_0018	GCA_016214785.1|G0000087
split_0018	GCA_016806715.1|G0000089
split_0018	GCA_016874675.1|G0000096
split_0018	GCA_017885655.1|G0000102
split_0018	GCA_018814355.1|G0000109
split_0018	GCA_019721035.1|G0000117
split_0018	GCA_020029475.1|G0000118
split_0018	GCA_020696385.1|G0000131
split_0018	GCA_020725985.1|G0000132
split_0018	GCA_021163705.1|G0000140
split_0018	GCA_021790425.1|G0000147
split_0018	GCA_021797355.1|G0000148
split_0018	GCA_021798195.1|G0000149
split_0018	GCA_021802125.1|G0000150
split_0018	GCA_021806165.1|G0000151
split_0018	GCA_021817415.1|G0000152
split_0018	GCA_022848835.1|G0000155
split_0018	GCA_022848865.1|G0000156
split_0018	GCA_023136815.1|G0000159
split_0018	GCA_023140195.1|G0000160
split_0018	GCA_023256475.1|G0000162
split_0018	GCA_023256615.1|G0000163
split_0018	GCA_023261745.1|G0000164
split_0018	GCA_023265395.1|G0000165
split_0018	GCA_023379385.1|G0000169
split_0018	GCA_024281315.1|G0000173
split_0018	GCA_026394375.1|G0000179
split_0018	GCA_026414225.1|G0000180
split_0018	GCA_027006785.1|G0000182
split_0018	GCA_028679985.1|G0000189
split_0018	GCA_029858465.1|G0000199
split_0018	GCA_029907465.1|G0000201
split_0018	GCA_030594205.1|G0000213
split_0018	GCA_030594725.1|G0000214
split_0018	GCA_030595765.1|G0000215
split_0018	GCA_030604065.1|G0000216
split_0018	GCA_030606525.1|G0000219
split_0018	GCA_030672365.1|G0000228
split_0018	GCA_030673205.1|G0000229
split_0018	GCA_031961525.1|G0000234
split_0018	GCA_031961865.1|G0000235
split_0018	GCA_035529455.1|G0000243
split_0018	GCA_036475875.1|G0000248
split_0018	GCA_036795795.1|G0000249
split_0018	GCA_038851035.1|G0000252
split_0018	GCA_038852315.1|G0000254
split_0018	GCA_038881315.1|G0000257
split_0018	GCA_040753455.1|G0000261
split_0018	GCA_041657955.1|G0000273
split_0018	GCA_046539605.1|G0000275
split_0018	GCA_974391215.1|G0000285
split_0018	GCA_975093245.1|G0000287
split_0018	GCF_000308215.1|G0000290
split_0018	GOMC.bin.17021|G0000297
split_0018	GOMC.bin.7988|G0000310
split_0018	GOMC.bin.8344|G0000312
split_0018	GOMC.bin.8344|G0000313
split_0018	GOMC.bin.891|G0000314
split_0019	ERR4283445_bin.66|G0000001
split_0019	GCA_000496135.1|G0000005
split_0019	GCA_000965745.1|G0000006
split_0019	GCA_001595885.1|G0000009
split_0019	GCA_001856825.1|G0000011
split_0019	GCA_002067865.1|G0000017
split_0019	GCA_002497075.1|G0000019
split_0019	GCA_002503985.1|G0000026
split_0019	GCA_002508545.1|G0000029
split_0019	GCA_002878135.1|G0000035
split_0019	GCA_003135935.1|G0000039
split_0019	GCA_003551675.1|G0000042
split_0019	GCA_003552585.1|G0000043
split_0019	GCA_003560595.1|G0000044
split_0019	GCA_003649915.1|G0000048
split_0019	GCA_003663585.1|G0000053
split_0019	GCA_004377185.1|G0000056
split_0019	GCA_005878985.1|G0000057
split_0019	GCA_007129655.1|G0000061
split_0019	GCA_011046235.1|G0000062
split_0019	GCA_013154005.1|G0000066
split_0019	GCA_013415695.1|G0000068
split_0019	GCA_013791785.1|G0000069
split_0019	GCA_014859835.1|G0000073
split_0019	GCA_015520565.1|G0000076
split_0019	GCA_015520975.1|G0000077
split_0019	GCA_015522885.1|G0000078
split_0019	GCA_016214785.1|G0000087
split_0019	GCA_016806715.1|G0000089
split_0019	GCA_016874675.1|G0000096
split_0019	GCA_016928095.1|G0000097
split_0019	GCA_017885655.1|G0000102
split_0019	GCA_018814355.1|G0000109
split_0019	GCA_019721035.1|G0000117
split_0019	GCA_020029475.1|G0000118
split_0019	GCA_020356005.1|G0000129
split_0019	GCA_020696345.1|G0000130
split_0019	GCA_020696385.1|G0000131
split_0019	GCA_020725985.1|G0000132
split_0019	GCA_021163705.1|G0000140
split_0019	GCA_021790425.1|G0000147
split_0019	GCA_021797355.1|G0000148
split_0019	GCA_021798195.1|G0000149
split_0019	GCA_021802125.1|G0000150
split_0019	GCA_021806165.1|G0000151
split_0019	GCA_021817415.1|G0000152
split_0019	GCA_022848835.1|G0000155
split_0019	GCA_022848865.1|G0000156
split_0019	GCA_023136815.1|G0000159
split_0019	GCA_023140195.1|G0000160
split_0019	GCA_023145185.1|G0000161
split_0019	GCA_023256475.1|G0000162
split_0019	GCA_023256615.1|G0000163
split_0019	GCA_023261745.1|G0000164
split_0019	GCA_023265395.1|G0000165
split_0019	GCA_023379385.1|G0000169
split_0019	GCA_024281315.1|G0000173
split_0019	GCA_026394375.1|G0000179
split_0019	GCA_026414225.1|G0000180
split_0019	GCA_027006785.1|G0000182
split_0019	GCA_028279585.1|G0000185
split_0019	GCA_028679985.1|G0000189
split_0019	GCA_029762535.1|G0000193
split_0019	GCA_029858465.1|G0000199
split_0019	GCA_029907465.1|G0000201
split_0019	GCA_029932465.1|G0000203
split_0019	GCA_030594205.1|G0000213
split_0019	GCA_030594725.1|G0000214
split_0019	GCA_030595765.1|G0000215
split_0019	GCA_030604065.1|G0000216
split_0019	GCA_030606525.1|G0000219
split_0019	GCA_030672365.1|G0000228
split_0019	GCA_030673205.1|G0000229
split_0019	GCA_031961525.1|G0000234
split_0019	GCA_031961865.1|G0000235
split_0019	GCA_035529455.1|G0000243
split_0019	GCA_036475875.1|G0000248
split_0019	GCA_036795795.1|G0000249
split_0019	GCA_038851035.1|G0000252
split_0019	GCA_038852315.1|G0000254
split_0019	GCA_038881315.1|G0000257
split_0019	GCA_040753455.1|G0000261
split_0019	GCA_041657955.1|G0000273
split_0019	GCA_046539605.1|G0000275
split_0019	GCA_974391215.1|G0000285
split_0019	GCA_975093245.1|G0000287
split_0019	GCF_000308215.1|G0000290
split_0019	GOMC.bin.14106|G0000295
split_0019	GOMC.bin.17021|G0000297
split_0019	GOMC.bin.7988|G0000310
split_0019	GOMC.bin.8344|G0000312
split_0019	GOMC.bin.8344|G0000313
split_0019	GOMC.bin.891|G0000314
split_0020	ERR4283445_bin.66|G0000001
split_0020	GCA_000496135.1|G0000005
split_0020	GCA_000965745.1|G0000006
split_0020	GCA_001595885.1|G0000009
split_0020	GCA_001856825.1|G0000011
split_0020	GCA_002067865.1|G0000017
split_0020	GCA_002497075.1|G0000019
split_0020	GCA_002503985.1|G0000026
split_0020	GCA_002508545.1|G0000029
split_0020	GCA_002878135.1|G0000035
split_0020	GCA_003135935.1|G0000039
split_0020	GCA_003551675.1|G0000042
split_0020	GCA_003552585.1|G0000043
split_0020	GCA_003560595.1|G0000044
split_0020	GCA_003649915.1|G0000048
split_0020	GCA_003663585.1|G0000053
split_0020	GCA_004377185.1|G0000056
split_0020	GCA_005878985.1|G0000057
split_0020	GCA_007129655.1|G0000061
split_0020	GCA_011046235.1|G0000062
split_0020	GCA_013154005.1|G0000066
split_0020	GCA_013415695.1|G0000068
split_0020	GCA_013791785.1|G0000069
split_0020	GCA_014859835.1|G0000073
split_0020	GCA_015520565.1|G0000076
split_0020	GCA_015520975.1|G0000077
split_0020	GCA_015522885.1|G0000078
split_0020	GCA_016214785.1|G0000087
split_0020	GCA_016806715.1|G0000089
split_0020	GCA_016874675.1|G0000096
split_0020	GCA_016928095.1|G0000097
split_0020	GCA_017885655.1|G0000102
split_0020	GCA_018814355.1|G0000109
split_0020	GCA_019721035.1|G0000117
split_0020	GCA_020029475.1|G0000118
split_0020	GCA_020356005.1|G0000129
split_0020	GCA_020696345.1|G0000130
split_0020	GCA_020696385.1|G0000131
split_0020	GCA_020725985.1|G0000132
split_0020	GCA_021163705.1|G0000140
split_0020	GCA_021790425.1|G0000147
split_0020	GCA_021797355.1|G0000148
split_0020	GCA_021798195.1|G0000149
split_0020	GCA_021802125.1|G0000150
split_0020	GCA_021806165.1|G0000151
split_0020	GCA_021817415.1|G0000152
split_0020	GCA_022848835.1|G0000155
split_0020	GCA_022848865.1|G0000156
split_0020	GCA_023136815.1|G0000159
split_0020	GCA_023140195.1|G0000160
split_0020	GCA_023145185.1|G0000161
split_0020	GCA_023256475.1|G0000162
split_0020	GCA_023256615.1|G0000163
split_0020	GCA_023261745.1|G0000164
split_0020	GCA_023265395.1|G0000165
split_0020	GCA_023379385.1|G0000169
split_0020	GCA_024281315.1|G0000173
split_0020	GCA_026394375.1|G0000179
split_0020	GCA_026414225.1|G0000180
split_0020	GCA_027006785.1|G0000182
split_0020	GCA_028279585.1|G0000185
split_0020	GCA_028679985.1|G0000189
split_0020	GCA_029762535.1|G0000193
split_0020	GCA_029858465.1|G0000199
split_0020	GCA_029907465.1|G0000201
split_0020	GCA_029932465.1|G0000203
split_0020	GCA_030018475.1|G0000207
split_0020	GCA_030019485.1|G0000210
split_0020	GCA_030594205.1|G0000213
split_0020	GCA_030594725.1|G0000214
split_0020	GCA_030595765.1|G0000215
split_0020	GCA_030604065.1|G0000216
split_0020	GCA_030605245.1|G0000218
split_0020	GCA_030606525.1|G0000219
split_0020	GCA_030672365.1|G0000228
split_0020	GCA_030673205.1|G0000229
split_0020	GCA_031961525.1|G0000234
split_0020	GCA_031961865.1|G0000235
split_0020	GCA_035529455.1|G0000243
split_0020	GCA_036475875.1|G0000248
split_0020	GCA_036795795.1|G0000249
split_0020	GCA_038851035.1|G0000252
split_0020	GCA_038852315.1|G0000254
split_0020	GCA_038881315.1|G0000257
split_0020	GCA_040753455.1|G0000261
split_0020	GCA_041657955.1|G0000273
split_0020	GCA_046539605.1|G0000275
split_0020	GCA_974391215.1|G0000285
split_0020	GCA_975093245.1|G0000287
split_0020	GCF_000308215.1|G0000290
split_0020	GOMC.bin.14106|G0000295
split_0020	GOMC.bin.17021|G0000297
split_0020	GOMC.bin.7988|G0000310
split_0020	GOMC.bin.8344|G0000312
split_0020	GOMC.bin.8344|G0000313
split_0020	GOMC.bin.891|G0000314
split_0021	ERR4283445_bin.66|G0000001
split_0021	GCA_000496135.1|G0000005
split_0021	GCA_000965745.1|G0000006
split_0021	GCA_001595885.1|G0000009
split_0021	GCA_001856825.1|G0000011
split_0021	GCA_002067865.1|G0000017
split_0021	GCA_002497075.1|G0000019
split_0021	GCA_002503985.1|G0000026
split_0021	GCA_002508545.1|G0000029
split_0021	GCA_002878135.1|G0000035
split_0021	GCA_003135935.1|G0000039
split_0021	GCA_003551675.1|G0000042
split_0021	GCA_003552585.1|G0000043
split_0021	GCA_003560595.1|G0000044
split_0021	GCA_003649915.1|G0000048
split_0021	GCA_003663585.1|G0000053
split_0021	GCA_004377185.1|G0000056
split_0021	GCA_005878985.1|G0000057
split_0021	GCA_007129655.1|G0000061
split_0021	GCA_011046235.1|G0000062
split_0021	GCA_013154005.1|G0000066
split_0021	GCA_013415695.1|G0000068
split_0021	GCA_013791785.1|G0000069
split_0021	GCA_014859835.1|G0000073
split_0021	GCA_015520565.1|G0000076
split_0021	GCA_015520975.1|G0000077
split_0021	GCA_015522885.1|G0000078
split_0021	GCA_016214785.1|G0000087
split_0021	GCA_016806715.1|G0000089
split_0021	GCA_016874675.1|G0000096
split_0021	GCA_016928095.1|G0000097
split_0021	GCA_017885655.1|G0000102
split_0021	GCA_018814355.1|G0000109
split_0021	GCA_019721035.1|G0000117
split_0021	GCA_020029475.1|G0000118
split_0021	GCA_020356005.1|G0000129
split_0021	GCA_020696345.1|G0000130
split_0021	GCA_020696385.1|G0000131
split_0021	GCA_020725985.1|G0000132
split_0021	GCA_021163705.1|G0000140
split_0021	GCA_021790425.1|G0000147
split_0021	GCA_021797355.1|G0000148
split_0021	GCA_021798195.1|G0000149
split_0021	GCA_021802125.1|G0000150
split_0021	GCA_021806165.1|G0000151
split_0021	GCA_021817415.1|G0000152
split_0021	GCA_022848835.1|G0000155
split_0021	GCA_022848865.1|G0000156
split_0021	GCA_023136815.1|G0000159
split_0021	GCA_023140195.1|G0000160
split_0021	GCA_023145185.1|G0000161
split_0021	GCA_023256475.1|G0000162
split_0021	GCA_023256615.1|G0000163
split_0021	GCA_023261745.1|G0000164
split_0021	GCA_023265395.1|G0000165
split_0021	GCA_023379385.1|G0000169
split_0021	GCA_024281315.1|G0000173
split_0021	GCA_026394375.1|G0000179
split_0021	GCA_026414225.1|G0000180
split_0021	GCA_027006785.1|G0000182
split_0021	GCA_028279585.1|G0000185
split_0021	GCA_028679985.1|G0000189
split_0021	GCA_029762535.1|G0000193
split_0021	GCA_029858465.1|G0000199
split_0021	GCA_029907465.1|G0000201
split_0021	GCA_029932465.1|G0000203
split_0021	GCA_030018475.1|G0000207
split_0021	GCA_030019485.1|G0000210
split_0021	GCA_030594205.1|G0000213
split_0021	GCA_030594725.1|G0000214
split_0021	GCA_030595765.1|G0000215
split_0021	GCA_030604065.1|G0000216
split_0021	GCA_030605245.1|G0000218
split_0021	GCA_030606525.1|G0000219
split_0021	GCA_030672365.1|G0000228
split_0021	GCA_030673205.1|G0000229
split_0021	GCA_031961525.1|G0000234
split_0021	GCA_031961865.1|G0000235
split_0021	GCA_035529455.1|G0000243
split_0021	GCA_036475875.1|G0000248
split_0021	GCA_036795795.1|G0000249
split_0021	GCA_038851035.1|G0000252
split_0021	GCA_038852315.1|G0000254
split_0021	GCA_038881315.1|G0000257
split_0021	GCA_040753455.1|G0000261
split_0021	GCA_041657955.1|G0000272
split_0021	GCA_041657955.1|G0000273
split_0021	GCA_046539605.1|G0000275
split_0021	GCA_974391215.1|G0000285
split_0021	GCA_975093245.1|G0000287
split_0021	GCF_000308215.1|G0000290
split_0021	GOMC.bin.14106|G0000295
split_0021	GOMC.bin.17021|G0000297
split_0021	GOMC.bin.7988|G0000310
split_0021	GOMC.bin.8344|G0000312
split_0021	GOMC.bin.8344|G0000313
split_0021	GOMC.bin.891|G0000314
split_0022	ERR4283445_bin.66|G0000001
split_0022	GCA_000496135.1|G0000005
split_0022	GCA_000965745.1|G0000006
split_0022	GCA_001595885.1|G0000009
split_0022	GCA_001856825.1|G0000011
split_0022	GCA_002067865.1|G0000017
split_0022	GCA_002497075.1|G0000019
split_0022	GCA_002503985.1|G0000026
split_0022	GCA_002508545.1|G0000029
split_0022	GCA_002878135.1|G0000035
split_0022	GCA_003135935.1|G0000039
split_0022	GCA_003551675.1|G0000042
split_0022	GCA_003552585.1|G0000043
split_0022	GCA_003560595.1|G0000044
split_0022	GCA_003649915.1|G0000048
split_0022	GCA_003663585.1|G0000053
split_0022	GCA_004377185.1|G0000056
split_0022	GCA_005878985.1|G0000057
split_0022	GCA_007129655.1|G0000061
split_0022	GCA_011046235.1|G0000062
split_0022	GCA_013154005.1|G0000066
split_0022	GCA_013415695.1|G0000068
split_0022	GCA_013791785.1|G0000069
split_0022	GCA_014859835.1|G0000073
split_0022	GCA_015520565.1|G0000076
split_0022	GCA_015520975.1|G0000077
split_0022	GCA_015522885.1|G0000078
split_0022	GCA_016214785.1|G0000087
split_0022	GCA_016806715.1|G0000089
split_0022	GCA_016874675.1|G0000096
split_0022	GCA_016928095.1|G0000097
split_0022	GCA_017885655.1|G0000102
split_0022	GCA_018814355.1|G0000109
split_0022	GCA_019721035.1|G0000117
split_0022	GCA_020029475.1|G0000118
split_0022	GCA_020356005.1|G0000129
split_0022	GCA_020696345.1|G0000130
split_0022	GCA_020696385.1|G0000131
split_0022	GCA_020725985.1|G0000132
split_0022	GCA_021163705.1|G0000140
split_0022	GCA_021790425.1|G0000147
split_0022	GCA_021797355.1|G0000148
split_0022	GCA_021798195.1|G0000149
split_0022	GCA_021802125.1|G0000150
split_0022	GCA_021806165.1|G0000151
split_0022	GCA_021817415.1|G0000152
split_0022	GCA_022848835.1|G0000155
split_0022	GCA_022848865.1|G0000156
split_0022	GCA_023136815.1|G0000159
split_0022	GCA_023140195.1|G0000160
split_0022	GCA_023145185.1|G0000161
split_0022	GCA_023256475.1|G0000162
split_0022	GCA_023256615.1|G0000163
split_0022	GCA_023261745.1|G0000164
split_0022	GCA_023265395.1|G0000165
split_0022	GCA_023379385.1|G0000169
split_0022	GCA_024281315.1|G0000173
split_0022	GCA_026394375.1|G0000179
split_0022	GCA_026414225.1|G0000180
split_0022	GCA_027006785.1|G0000182
split_0022	GCA_028279585.1|G0000185
split_0022	GCA_028679985.1|G0000189
split_0022	GCA_029762535.1|G0000193
split_0022	GCA_029858465.1|G0000199
split_0022	GCA_029907465.1|G0000201
split_0022	GCA_029932465.1|G0000203
split_0022	GCA_030018475.1|G0000207
split_0022	GCA_030019485.1|G0000210
split_0022	GCA_030594205.1|G0000213
split_0022	GCA_030594725.1|G0000214
split_0022	GCA_030595765.1|G0000215
split_0022	GCA_030604065.1|G0000216
split_0022	GCA_030605245.1|G0000218
split_0022	GCA_030606525.1|G0000219
split_0022	GCA_030672365.1|G0000228
split_0022	GCA_030673205.1|G0000229
split_0022	GCA_031961525.1|G0000234
split_0022	GCA_031961865.1|G0000235
split_0022	GCA_035529455.1|G0000243
split_0022	GCA_036475875.1|G0000248
split_0022	GCA_036795795.1|G0000249
split_0022	GCA_038851035.1|G0000252
split_0022	GCA_038852315.1|G0000254
split_0022	GCA_038881315.1|G0000257
split_0022	GCA_040753455.1|G0000261
split_0022	GCA_041657955.1|G0000272
split_0022	GCA_041657955.1|G0000273
split_0022	GCA_046539605.1|G0000275
split_0022	GCA_974391215.1|G0000285
split_0022	GCA_975093245.1|G0000287
split_0022	GCF_000308215.1|G0000290
split_0022	GOMC.bin.14106|G0000295
split_0022	GOMC.bin.17021|G0000297
split_0022	GOMC.bin.7988|G0000310
split_0022	GOMC.bin.8344|G0000312
split_0022	GOMC.bin.8344|G0000313
split_0022	GOMC.bin.891|G0000314
split_0022	SRR22580806_bin.15|G0000317
split_0023	ERR4283445_bin.66|G0000001
split_0023	GCA_000496135.1|G0000005
split_0023	GCA_000965745.1|G0000006
split_0023	GCA_001595885.1|G0000009
split_0023	GCA_001856825.1|G0000011
split_0023	GCA_002067865.1|G0000017
split_0023	GCA_002497075.1|G0000019
split_0023	GCA_002503985.1|G0000026
split_0023	GCA_002508545.1|G0000029
split_0023	GCA_002878135.1|G0000035
split_0023	GCA_003135935.1|G0000039
split_0023	GCA_003551675.1|G0000042
split_0023	GCA_003552585.1|G0000043
split_0023	GCA_003560595.1|G0000044
split_0023	GCA_003649915.1|G0000048
split_0023	GCA_003663585.1|G0000053
split_0023	GCA_004377185.1|G0000056
split_0023	GCA_005878985.1|G0000057
split_0023	GCA_007129655.1|G0000061
split_0023	GCA_011046235.1|G0000062
split_0023	GCA_011049295.1|G0000064
split_0023	GCA_011052825.1|G0000065
split_0023	GCA_013154005.1|G0000066
split_0023	GCA_013415695.1|G0000068
split_0023	GCA_013791785.1|G0000069
split_0023	GCA_014361195.1|G0000070
split_0023	GCA_014859835.1|G0000073
split_0023	GCA_015520565.1|G0000076
split_0023	GCA_015520975.1|G0000077
split_0023	GCA_015522885.1|G0000078
split_0023	GCA_016214785.1|G0000087
split_0023	GCA_016806715.1|G0000089
split_0023	GCA_016874675.1|G0000096
split_0023	GCA_016928095.1|G0000097
split_0023	GCA_017885655.1|G0000102
split_0023	GCA_018814355.1|G0000109
split_0023	GCA_019721035.1|G0000117
split_0023	GCA_020029475.1|G0000118
split_0023	GCA_020356005.1|G0000129
split_0023	GCA_020696345.1|G0000130
split_0023	GCA_020696385.1|G0000131
split_0023	GCA_020725985.1|G0000132
split_0023	GCA_021158865.1|G0000135
split_0023	GCA_021159125.1|G0000136
split_0023	GCA_021162065.1|G0000138
split_0023	GCA_021163705.1|G0000140
split_0023	GCA_021790425.1|G0000147
split_0023	GCA_021797355.1|G0000148
split_0023	GCA_021798195.1|G0000149
split_0023	GCA_021802125.1|G0000150
split_0023	GCA_021806165.1|G0000151
split_0023	GCA_021817415.1|G0000152
split_0023	GCA_022848835.1|G0000155
split_0023	GCA_022848865.1|G0000156
split_0023	GCA_023136815.1|G0000159
split_0023	GCA_023140195.1|G0000160
split_0023	GCA_023145185.1|G0000161
split_0023	GCA_023256475.1|G0000162
split_0023	GCA_023256615.1|G0000163
split_0023	GCA_023261745.1|G0000164
split_0023	GCA_023265395.1|G0000165
split_0023	GCA_023379385.1|G0000169
split_0023	GCA_024281315.1|G0000173
split_0023	GCA_026394375.1|G0000179
split_0023	GCA_026414225.1|G0000180
split_0023	GCA_027006785.1|G0000182
split_0023	GCA_028279585.1|G0000185
split_0023	GCA_028679985.1|G0000189
split_0023	GCA_029762535.1|G0000193
split_0023	GCA_029858465.1|G0000199
split_0023	GCA_029907465.1|G0000201
split_0023	GCA_029932465.1|G0000203
split_0023	GCA_030018475.1|G0000207
split_0023	GCA_030019485.1|G0000210
split_0023	GCA_030594205.1|G0000213
split_0023	GCA_030594725.1|G0000214
split_0023	GCA_030595765.1|G0000215
split_0023	GCA_030604065.1|G0000216
split_0023	GCA_030605245.1|G0000218
split_0023	GCA_030606525.1|G0000219
split_0023	GCA_030672365.1|G0000228
split_0023	GCA_030673205.1|G0000229
split_0023	GCA_031961525.1|G0000234
split_0023	GCA_031961865.1|G0000235
split_0023	GCA_034660695.1|G0000238
split_0023	GCA_035529455.1|G0000243
split_0023	GCA_036475875.1|G0000248
split_0023	GCA_036795795.1|G0000249
split_0023	GCA_038851035.1|G0000252
split_0023	GCA_038852315.1|G0000254
split_0023	GCA_038881315.1|G0000257
split_0023	GCA_040753455.1|G0000261
split_0023	GCA_041657955.1|G0000272
split_0023	GCA_041657955.1|G0000273
split_0023	GCA_046539605.1|G0000275
split_0023	GCA_974391215.1|G0000285
split_0023	GCA_975093245.1|G0000287
split_0023	GCF_000308215.1|G0000290
split_0023	GOMC.bin.14106|G0000295
split_0023	GOMC.bin.17021|G0000297
split_0023	GOMC.bin.2408|G0000304
split_0023	GOMC.bin.7988|G0000310
split_0023	GOMC.bin.8344|G0000312
split_0023	GOMC.bin.8344|G0000313
split_0023	GOMC.bin.891|G0000314
split_0023	SRR22580806_bin.15|G0000316
split_0023	SRR22580806_bin.15|G0000317
split_0024	ERR4283445_bin.66|G0000001
split_0024	GCA_000496135.1|G0000005
split_0024	GCA_000965745.1|G0000006
split_0024	GCA_001595885.1|G0000009
split_0024	GCA_001856825.1|G0000011
split_0024	GCA_002067865.1|G0000017
split_0024	GCA_002497075.1|G0000019
split_0024	GCA_002503985.1|G0000026
split_0024	GCA_002508545.1|G0000029
split_0024	GCA_002838935.1|G0000033
split_0024	GCA_002878135.1|G0000035
split_0024	GCA_003135935.1|G0000039
split_0024	GCA_003551675.1|G0000042
split_0024	GCA_003552585.1|G0000043
split_0024	GCA_003560595.1|G0000044
split_0024	GCA_003561665.1|G0000046
split_0024	GCA_003649915.1|G0000048
split_0024	GCA_003663585.1|G0000053
split_0024	GCA_004377185.1|G0000056
split_0024	GCA_005878985.1|G0000057
split_0024	GCA_007129655.1|G0000061
split_0024	GCA_011046235.1|G0000062
split_0024	GCA_011049295.1|G0000064
split_0024	GCA_011052825.1|G0000065
split_0024	GCA_013154005.1|G0000066
split_0024	GCA_013415695.1|G0000068
split_0024	GCA_013791785.1|G0000069
split_0024	GCA_014361195.1|G0000070
split_0024	GCA_014859835.1|G0000073
split_0024	GCA_015520565.1|G0000076
split_0024	GCA_015520975.1|G0000077
split_0024	GCA_015522885.1|G0000078
split_0024	GCA_016180755.1|G0000081
split_0024	GCA_016180755.1|G0000083
split_0024	GCA_016207515.1|G0000085
split_0024	GCA_016214785.1|G0000087
split_0024	GCA_016806715.1|G0000089
split_0024	GCA_016874675.1|G0000096
split_0024	GCA_016928095.1|G0000097
split_0024	GCA_017885655.1|G0000102
split_0024	GCA_018814355.1|G0000109
split_0024	GCA_019721035.1|G0000117
split_0024	GCA_020029475.1|G0000118
split_0024	GCA_020201485.1|G0000120
split_0024	GCA_020356005.1|G0000129
split_0024	GCA_020696345.1|G0000130
split_0024	GCA_020696385.1|G0000131
split_0024	GCA_020725985.1|G0000132
split_0024	GCA_021158865.1|G0000135
split_0024	GCA_021159125.1|G0000136
split_0024	GCA_021162065.1|G0000138
split_0024	GCA_021163705.1|G0000140
split_0024	GCA_021790425.1|G0000147
split_0024	GCA_021797355.1|G0000148
split_0024	GCA_021798195.1|G0000149
split_0024	GCA_021802125.1|G0000150
split_0024	GCA_021806165.1|G0000151
split_0024	GCA_021817415.1|G0000152
split_0024	GCA_022848835.1|G0000155
split_0024	GCA_022848865.1|G0000156
split_0024	GCA_023136815.1|G0000159
split_0024	GCA_023140195.1|G0000160
split_0024	GCA_023145185.1|G0000161
split_0024	GCA_023256475.1|G0000162
split_0024	GCA_023256615.1|G0000163
split_0024	GCA_023261745.1|G0000164
split_0024	GCA_023265395.1|G0000165
split_0024	GCA_023269235.1|G0000168
split_0024	GCA_023379385.1|G0000169
split_0024	GCA_024281315.1|G0000173
split_0024	GCA_026394375.1|G0000179
split_0024	GCA_026414225.1|G0000180
split_0024	GCA_027006785.1|G0000182
split_0024	GCA_028279585.1|G0000185
split_0024	GCA_028679985.1|G0000189
split_0024	GCA_028716125.1|G0000190
split_0024	GCA_029762535.1|G0000193
split_0024	GCA_029858465.1|G0000199
split_0024	GCA_029907465.1|G0000201
split_0024	GCA_029932465.1|G0000203
split_0024	GCA_030018475.1|G0000207
split_0024	GCA_030019485.1|G0000210
split_0024	GCA_030594205.1|G0000213
split_0024	GCA_030594725.1|G0000214
split_0024	GCA_030595765.1|G0000215
split_0024	GCA_030604065.1|G0000216
split_0024	GCA_030605245.1|G0000218
split_0024	GCA_030606525.1|G0000219
split_0024	GCA_030672365.1|G0000228
split_0024	GCA_030673205.1|G0000229
split_0024	GCA_031961525.1|G0000234
split_0024	GCA_031961865.1|G0000235
split_0024	GCA_034660695.1|G0000238
split_0024	GCA_035292305.1|G0000241
split_0024	GCA_035529455.1|G0000243
split_0024	GCA_035540375.1|G0000244
split_0024	GCA_035541015.1|G0000246
split_0024	GCA_036475875.1|G0000248
split_0024	GCA_036795795.1|G0000249
split_0024	GCA_038851035.1|G0000252
split_0024	GCA_038852315.1|G0000254
split_0024	GCA_038881315.1|G0000257
split_0024	GCA_040753455.1|G0000261
split_0024	GCA_041601615.1|G0000265
split_0024	GCA_041636435.1|G0000271
split_0024	GCA_041657955.1|G0000272
split_0024	GCA_041657955.1|G0000273
split_0024	GCA_046539605.1|G0000275
split_0024	GCA_974391215.1|G0000285
split_0024	GCA_975093245.1|G0000287
split_0024	GCF_000308215.1|G0000290
split_0024	GOMC.bin.14106|G0000295
split_0024	GOMC.bin.17021|G0000297
split_0024	GOMC.bin.18996|G0000300
split_0024	GOMC.bin.2408|G0000304
split_0024	GOMC.bin.7988|G0000310
split_0024	GOMC.bin.8344|G0000312
split_0024	GOMC.bin.8344|G0000313
split_0024	GOMC.bin.891|G0000314
split_0024	SRR22580806_bin.15|G0000316
split_0024	SRR22580806_bin.15|G0000317
split_0025	GCA_000246735.1|G0000002
split_0025	GCA_002499195.1|G0000020
split_0025	GCA_002502625.1|G0000022
split_0025	GCA_002505405.1|G0000027
split_0025	GCA_002718195.1|G0000030
split_0025	GCA_002838935.1|G0000034
split_0025	GCA_018650285.1|G0000108
split_0025	GCA_020350825.1|G0000123
split_0025	GCA_021161865.1|G0000137
split_0025	GCA_021325135.1|G0000142
split_0025	GCA_022615805.1|G0000154
split_0025	GCA_023269235.1|G0000166
split_0025	GCA_028279595.1|G0000186
split_0025	GCA_028279645.1|G0000187
split_0025	GCA_028821815.1|G0000191
split_0025	GCA_029762575.1|G0000197
split_0025	GCA_029936395.1|G0000205
split_0025	GCA_030018475.1|G0000208
split_0025	GCA_030019485.1|G0000211
split_0025	GCA_030605245.1|G0000217
split_0025	GCA_030612095.1|G0000222
split_0025	GCA_030630685.1|G0000225
split_0025	GCA_030740765.1|G0000230
split_0025	GCA_030743515.1|G0000231
split_0025	GCA_034190325.1|G0000236
split_0025	GCA_041599855.1|G0000264
split_0025	GCA_041601615.1|G0000266
split_0025	GCA_041636435.1|G0000268
split_0025	GCA_041636435.1|G0000269
split_0025	GCA_041657955.1|G0000274
split_0025	GCA_963996465.1|G0000283
split_0025	GCA_974499105.1|G0000286
split_0025	GOMC.bin.14106|G0000294
split_0025	GOMC.bin.14286|G0000296
split_0025	GOMC.bin.18087|G0000299
split_0025	GOMC.bin.18996|G0000302
split_0025	GOMC.bin.921|G0000315
split_0026	GCA_000246735.1|G0000002
split_0026	GCA_002499195.1|G0000020
split_0026	GCA_002502625.1|G0000022
split_0026	GCA_002505405.1|G0000027
split_0026	GCA_002718195.1|G0000030
split_0026	GCA_002838935.1|G0000034
split_0026	GCA_018650285.1|G0000108
split_0026	GCA_020350825.1|G0000123
split_0026	GCA_021161865.1|G0000137
split_0026	GCA_021325135.1|G0000142
split_0026	GCA_022615805.1|G0000154
split_0026	GCA_028279595.1|G0000186
split_0026	GCA_028279645.1|G0000187
split_0026	GCA_028821815.1|G0000191
split_0026	GCA_029762575.1|G0000197
split_0026	GCA_029936395.1|G0000205
split_0026	GCA_030018475.1|G0000208
split_0026	GCA_030019485.1|G0000211
split_0026	GCA_030605245.1|G0000217
split_0026	GCA_030612095.1|G0000222
split_0026	GCA_030630685.1|G0000225
split_0026	GCA_030740765.1|G0000230
split_0026	GCA_030743515.1|G0000231
split_0026	GCA_034190325.1|G0000236
split_0026	GCA_041599855.1|G0000264
split_0026	GCA_041657955.1|G0000274
split_0026	GCA_963996465.1|G0000283
split_0026	GCA_974499105.1|G0000286
split_0026	GOMC.bin.14106|G0000294
split_0026	GOMC.bin.14286|G0000296
split_0026	GOMC.bin.18087|G0000299
split_0026	GOMC.bin.921|G0000315
split_0027	GCA_000246735.1|G0000002
split_0027	GCA_002499195.1|G0000020
split_0027	GCA_002502625.1|G0000022
split_0027	GCA_002505405.1|G0000027
split_0027	GCA_002718195.1|G0000030
split_0027	GCA_002838935.1|G0000034
split_0027	GCA_018650285.1|G0000108
split_0027	GCA_020350825.1|G0000123
split_0027	GCA_021161865.1|G0000137
split_0027	GCA_022615805.1|G0000154
split_0027	GCA_028279595.1|G0000186
split_0027	GCA_028279645.1|G0000187
split_0027	GCA_028821815.1|G0000191
split_0027	GCA_029762575.1|G0000197
split_0027	GCA_029936395.1|G0000205
split_0027	GCA_030018475.1|G0000208
split_0027	GCA_030019485.1|G0000211
split_0027	GCA_030605245.1|G0000217
split_0027	GCA_030612095.1|G0000222
split_0027	GCA_030630685.1|G0000225
split_0027	GCA_030740765.1|G0000230
split_0027	GCA_030743515.1|G0000231
split_0027	GCA_034190325.1|G0000236
split_0027	GCA_041657955.1|G0000274
split_0027	GCA_963996465.1|G0000283
split_0027	GCA_974499105.1|G0000286
split_0027	GOMC.bin.14106|G0000294
split_0027	GOMC.bin.14286|G0000296
split_0027	GOMC.bin.18087|G0000299
split_0027	GOMC.bin.921|G0000315
split_0028	GCA_000246735.1|G0000002
split_0028	GCA_002499195.1|G0000020
split_0028	GCA_002502625.1|G0000022
split_0028	GCA_002505405.1|G0000027
split_0028	GCA_002718195.1|G0000030
split_0028	GCA_018650285.1|G0000108
split_0028	GCA_022615805.1|G0000154
split_0028	GCA_028279595.1|G0000186
split_0028	GCA_028279645.1|G0000187
split_0028	GCA_028821815.1|G0000191
split_0028	GCA_029936395.1|G0000205
split_0028	GCA_030018475.1|G0000208
split_0028	GCA_030019485.1|G0000211
split_0028	GCA_030605245.1|G0000217
split_0028	GCA_030630685.1|G0000225
split_0028	GCA_030740765.1|G0000230
split_0028	GCA_030743515.1|G0000231
split_0028	GCA_041657955.1|G0000274
split_0028	GCA_963996465.1|G0000283
split_0028	GCA_974499105.1|G0000286
split_0028	GOMC.bin.14106|G0000294
split_0028	GOMC.bin.14286|G0000296
split_0029	GCA_000246735.1|G0000002
split_0029	GCA_002499195.1|G0000020
split_0029	GCA_002502625.1|G0000022
split_0029	GCA_002505405.1|G0000027
split_0029	GCA_002718195.1|G0000030
split_0029	GCA_018650285.1|G0000108
split_0029	GCA_022615805.1|G0000154
split_0029	GCA_028279595.1|G0000186
split_0029	GCA_028279645.1|G0000187
split_0029	GCA_028821815.1|G0000191
split_0029	GCA_029936395.1|G0000205
split_0029	GCA_030018475.1|G0000208
split_0029	GCA_030019485.1|G0000211
split_0029	GCA_030605245.1|G0000217
split_0029	GCA_030630685.1|G0000225
split_0029	GCA_030743515.1|G0000231
split_0029	GCA_041657955.1|G0000274
split_0029	GCA_963996465.1|G0000283
split_0029	GCA_974499105.1|G0000286
split_0029	GOMC.bin.14286|G0000296
split_0030	GCA_000246735.1|G0000002
split_0030	GCA_002499195.1|G0000020
split_0030	GCA_002502625.1|G0000022
split_0030	GCA_002505405.1|G0000027
split_0030	GCA_002718195.1|G0000030
split_0030	GCA_018650285.1|G0000108
split_0030	GCA_022615805.1|G0000154
split_0030	GCA_028279595.1|G0000186
split_0030	GCA_028279645.1|G0000187
split_0030	GCA_028821815.1|G0000191
split_0030	GCA_029936395.1|G0000205
split_0030	GCA_030630685.1|G0000225
split_0030	GCA_030743515.1|G0000231
split_0030	GCA_041657955.1|G0000274
split_0030	GCA_963996465.1|G0000283
split_0030	GCA_974499105.1|G0000286
split_0030	GOMC.bin.14286|G0000296
split_0031	GCA_000246735.1|G0000002
split_0031	GCA_002499195.1|G0000020
split_0031	GCA_002502625.1|G0000022
split_0031	GCA_002505405.1|G0000027
split_0031	GCA_002718195.1|G0000030
split_0031	GCA_018650285.1|G0000108
split_0031	GCA_028821815.1|G0000191
split_0031	GCA_029936395.1|G0000205
split_0031	GCA_030630685.1|G0000225
split_0031	GCA_030743515.1|G0000231
split_0031	GCA_963996465.1|G0000283
split_0031	GCA_974499105.1|G0000286
split_0031	GOMC.bin.14286|G0000296
split_0032	GCA_000246735.1|G0000002
split_0032	GCA_002499195.1|G0000020
split_0032	GCA_002502625.1|G0000022
split_0032	GCA_002505405.1|G0000027
split_0032	GCA_002718195.1|G0000030
split_0032	GCA_018650285.1|G0000108
split_0032	GCA_028821815.1|G0000191
split_0032	GCA_030630685.1|G0000225
split_0032	GCA_974499105.1|G0000286
split_0032	GOMC.bin.14286|G0000296
split_0033	GCA_000246735.1|G0000002
split_0033	GCA_002499195.1|G0000020
split_0033	GCA_002502625.1|G0000022
split_0033	GCA_002505405.1|G0000027
split_0033	GCA_002718195.1|G0000030
split_0033	GCA_018650285.1|G0000108
split_0033	GCA_028821815.1|G0000191
split_0033	GOMC.bin.14286|G0000296
split_0034	GCA_000246735.1|G0000002
split_0034	GCA_002499195.1|G0000020
split_0034	GCA_002505405.1|G0000027
split_0034	GCA_002718195.1|G0000030
split_0035	GCA_000246735.1|G0000002
split_0035	GCA_002505405.1|G0000027
split_0035	GCA_002718195.1|G0000030
split_0036	GCA_000246735.1|G0000002
split_0036	GCA_002505405.1|G0000027
split_0037	GCA_002502625.1|G0000022
split_0037	GCA_018650285.1|G0000108
split_0037	GCA_028821815.1|G0000191
split_0037	GOMC.bin.14286|G0000296
split_0038	GCA_002502625.1|G0000022
split_0038	GCA_028821815.1|G0000191
split_0038	GOMC.bin.14286|G0000296
split_0039	GCA_002502625.1|G0000022
split_0039	GCA_028821815.1|G0000191
split_0040	GCA_030630685.1|G0000225
split_0040	GCA_974499105.1|G0000286
split_0041	GCA_029936395.1|G0000205
split_0041	GCA_030743515.1|G0000231
split_0041	GCA_963996465.1|G0000283
split_0042	GCA_029936395.1|G0000205
split_0042	GCA_963996465.1|G0000283
split_0043	GCA_022615805.1|G0000154
split_0043	GCA_028279595.1|G0000186
split_0043	GCA_028279645.1|G0000187
split_0043	GCA_041657955.1|G0000274
split_0044	GCA_022615805.1|G0000154
split_0044	GCA_028279595.1|G0000186
split_0044	GCA_028279645.1|G0000187
split_0045	GCA_022615805.1|G0000154
split_0045	GCA_028279595.1|G0000186
split_0046	GCA_030018475.1|G0000208
split_0046	GCA_030019485.1|G0000211
split_0046	GCA_030605245.1|G0000217
split_0047	GCA_030019485.1|G0000211
split_0047	GCA_030605245.1|G0000217
split_0048	GCA_030740765.1|G0000230
split_0048	GOMC.bin.14106|G0000294
split_0049	GCA_002838935.1|G0000034
split_0049	GCA_020350825.1|G0000123
split_0049	GCA_021161865.1|G0000137
split_0049	GCA_029762575.1|G0000197
split_0049	GCA_030612095.1|G0000222
split_0049	GCA_034190325.1|G0000236
split_0049	GOMC.bin.18087|G0000299
split_0049	GOMC.bin.921|G0000315
split_0050	GCA_002838935.1|G0000034
split_0050	GCA_034190325.1|G0000236
split_0051	GCA_020350825.1|G0000123
split_0051	GCA_021161865.1|G0000137
split_0051	GCA_029762575.1|G0000197
split_0051	GCA_030612095.1|G0000222
split_0051	GOMC.bin.18087|G0000299
split_0051	GOMC.bin.921|G0000315
split_0052	GCA_020350825.1|G0000123
split_0052	GCA_021161865.1|G0000137
split_0052	GCA_029762575.1|G0000197
split_0052	GCA_030612095.1|G0000222
split_0052	GOMC.bin.921|G0000315
split_0053	GCA_020350825.1|G0000123
split_0053	GCA_029762575.1|G0000197
split_0053	GCA_030612095.1|G0000222
split_0054	GCA_020350825.1|G0000123
split_0054	GCA_030612095.1|G0000222
split_0055	GCA_021161865.1|G0000137
split_0055	GOMC.bin.921|G0000315
split_0056	GCA_021325135.1|G0000142
split_0056	GCA_041599855.1|G0000264
split_0057	GCA_023269235.1|G0000166
split_0057	GCA_041601615.1|G0000266
split_0057	GCA_041636435.1|G0000268
split_0057	GCA_041636435.1|G0000269
split_0057	GOMC.bin.18996|G0000302
split_0058	GCA_023269235.1|G0000166
split_0058	GCA_041601615.1|G0000266
split_0058	GOMC.bin.18996|G0000302
split_0059	GCA_041601615.1|G0000266
split_0059	GOMC.bin.18996|G0000302
split_0060	GCA_041636435.1|G0000268
split_0060	GCA_041636435.1|G0000269
split_0061	ERR4283445_bin.66|G0000001
split_0061	GCA_000246735.1|G0000002
split_0061	GCA_000496135.1|G0000005
split_0061	GCA_000965745.1|G0000006
split_0061	GCA_001595885.1|G0000009
split_0061	GCA_001856825.1|G0000011
split_0061	GCA_002067865.1|G0000017
split_0061	GCA_002497075.1|G0000019
split_0061	GCA_002499195.1|G0000020
split_0061	GCA_002502625.1|G0000022
split_0061	GCA_002503985.1|G0000026
split_0061	GCA_002505405.1|G0000027
split_0061	GCA_002508545.1|G0000029
split_0061	GCA_002718195.1|G0000030
split_0061	GCA_002838935.1|G0000033
split_0061	GCA_002838935.1|G0000034
split_0061	GCA_002878135.1|G0000035
split_0061	GCA_003135935.1|G0000039
split_0061	GCA_003551675.1|G0000042
split_0061	GCA_003552585.1|G0000043
split_0061	GCA_003560595.1|G0000044
split_0061	GCA_003561665.1|G0000046
split_0061	GCA_003649915.1|G0000048
split_0061	GCA_003663585.1|G0000053
split_0061	GCA_004377185.1|G0000056
split_0061	GCA_005878985.1|G0000057
split_0061	GCA_007129655.1|G0000061
split_0061	GCA_011046235.1|G0000062
split_0061	GCA_011049295.1|G0000064
split_0061	GCA_011052825.1|G0000065
split_0061	GCA_013154005.1|G0000066
split_0061	GCA_013415695.1|G0000068
split_0061	GCA_013791785.1|G0000069
split_0061	GCA_014361195.1|G0000070
split_0061	GCA_014859835.1|G0000073
split_0061	GCA_015520565.1|G0000076
split_0061	GCA_015520975.1|G0000077
split_0061	GCA_015522885.1|G0000078
split_0061	GCA_016180755.1|G0000081
split_0061	GCA_016180755.1|G0000083
split_0061	GCA_016207515.1|G0000085
split_0061	GCA_016214785.1|G0000087
split_0061	GCA_016806715.1|G0000089
split_0061	GCA_016874675.1|G0000096
split_0061	GCA_016928095.1|G0000097
split_0061	GCA_017885655.1|G0000102
split_0061	GCA_018650285.1|G0000108
split_0061	GCA_018814355.1|G0000109
split_0061	GCA_019721035.1|G0000117
split_0061	GCA_020029475.1|G0000118
split_0061	GCA_020201485.1|G0000120
split_0061	GCA_020350825.1|G0000123
split_0061	GCA_020356005.1|G0000129
split_0061	GCA_020696345.1|G0000130
split_0061	GCA_020696385.1|G0000131
split_0061	GCA_020725985.1|G0000132
split_0061	GCA_021158865.1|G0000135
split_0061	GCA_021159125.1|G0000136
split_0061	GCA_021161865.1|G0000137
split_0061	GCA_021162065.1|G0000138
split_0061	GCA_021163705.1|G0000140
split_0061	GCA_021325135.1|G0000142
split_0061	GCA_021790425.1|G0000147
split_0061	GCA_021797355.1|G0000148
split_0061	GCA_021798195.1|G0000149
split_0061	GCA_021802125.1|G0000150
split_0061	GCA_021806165.1|G0000151
split_0061	GCA_021817415.1|G0000152
split_0061	GCA_022615805.1|G0000154
split_0061	GCA_022848835.1|G0000155
split_0061	GCA_022848865.1|G0000156
split_0061	GCA_023136815.1|G0000159
split_0061	GCA_023140195.1|G0000160
split_0061	GCA_023145185.1|G0000161
split_0061	GCA_023256475.1|G0000162
split_0061	GCA_023256615.1|G0000163
split_0061	GCA_023261745.1|G0000164
split_0061	GCA_023265395.1|G0000165
split_0061	GCA_023269235.1|G0000166
split_0061	GCA_023269235.1|G0000168
split_0061	GCA_023379385.1|G0000169
split_0061	GCA_024281315.1|G0000173
split_0061	GCA_026394375.1|G0000179
split_0061	GCA_026414225.1|G0000180
split_0061	GCA_027006785.1|G0000182
split_0061	GCA_028279585.1|G0000185
split_0061	GCA_028279595.1|G0000186
split_0061	GCA_028279645.1|G0000187
split_0061	GCA_028679985.1|G0000189
split_0061	GCA_028716125.1|G0000190
split_0061	GCA_028821815.1|G0000191
split_0061	GCA_029762535.1|G0000193
split_0061	GCA_029762575.1|G0000197
split_0061	GCA_029858465.1|G0000199
split_0061	GCA_029907465.1|G0000201
split_0061	GCA_029932465.1|G0000203
split_0061	GCA_029936395.1|G0000205
split_0061	GCA_030018475.1|G0000207
split_0061	GCA_030018475.1|G0000208
split_0061	GCA_030019485.1|G0000210
split_0061	GCA_030019485.1|G0000211
split_0061	GCA_030594205.1|G0000213
split_0061	GCA_030594725.1|G0000214
split_0061	GCA_030595765.1|G0000215
split_0061	GCA_030604065.1|G0000216
split_0061	GCA_030605245.1|G0000217
split_0061	GCA_030605245.1|G0000218
split_0061	GCA_030606525.1|G0000219
split_0061	GCA_030612095.1|G0000222
split_0061	GCA_030630685.1|G0000225
split_0061	GCA_030672365.1|G0000228
split_0061	GCA_030673205.1|G0000229
split_0061	GCA_030740765.1|G0000230
split_0061	GCA_030743515.1|G0000231
split_0061	GCA_031961525.1|G0000234
split_0061	GCA_031961865.1|G0000235
split_0061	GCA_034190325.1|G0000236
split_0061	GCA_034660695.1|G0000238
split_0061	GCA_035292305.1|G0000241
split_0061	GCA_035529455.1|G0000243
split_0061	GCA_035540375.1|G0000244
split_0061	GCA_035541015.1|G0000246
split_0061	GCA_036475875.1|G0000248
split_0061	GCA_036795795.1|G0000249
split_0061	GCA_038851035.1|G0000252
split_0061	GCA_038852315.1|G0000254
split_0061	GCA_038881315.1|G0000257
split_0061	GCA_040753455.1|G0000261
split_0061	GCA_041599855.1|G0000264
split_0061	GCA_041601615.1|G0000265
split_0061	GCA_041601615.1|G0000266
split_0061	GCA_041636435.1|G0000268
split_0061	GCA_041636435.1|G0000269
split_0061	GCA_041636435.1|G0000271
split_0061	GCA_041657955.1|G0000272
split_0061	GCA_041657955.1|G0000273
split_0061	GCA_041657955.1|G0000274
split_0061	GCA_046539605.1|G0000275
split_0061	GCA_963996465.1|G0000283
split_0061	GCA_974391215.1|G0000285
split_0061	GCA_974499105.1|G0000286
split_0061	GCA_975093245.1|G0000287
split_0061	GCF_000308215.1|G0000290
split_0061	GOMC.bin.14106|G0000294
split_0061	GOMC.bin.14106|G0000295
split_0061	GOMC.bin.14286|G0000296
split_0061	GOMC.bin.17021|G0000297
split_0061	GOMC.bin.18087|G0000299
split_0061	GOMC.bin.18996|G0000300
split_0061	GOMC.bin.18996|G0000302
split_0061	GOMC.bin.2408|G0000304
split_0061	GOMC.bin.7988|G0000310
split_0061	GOMC.bin.8344|G0000312
split_0061	GOMC.bin.8344|G0000313
split_0061	GOMC.bin.891|G0000314
split_0061	GOMC.bin.921|G0000315
split_0061	SRR22580806_bin.15|G0000316
split_0061	SRR22580806_bin.15|G0000317
split_0062	GCA_000306725.1|G0000003
split_0062	GCA_000306725.1|G0000004
split_0062	GCA_001399795.1|G0000007
split_0062	GCA_001593865.1|G0000008
split_0062	GCA_001717025.1|G0000010
split_0062	GCA_001914405.1|G0000012
split_0062	GCA_002011035.2|G0000013
split_0062	GCA_002011035.2|G0000014
split_0062	GCA_002011155.2|G0000015
split_0062	GCA_002067095.1|G0000016
split_0062	GCA_002496395.1|G0000018
split_0062	GCA_002499905.1|G0000021
split_0062	GCA_002503135.1|G0000023
split_0062	GCA_002503885.1|G0000024
split_0062	GCA_002503885.1|G0000025
split_0062	GCA_002507245.1|G0000028
split_0062	GCA_002813105.2|G0000031
split_0062	GCA_002813105.2|G0000032
split_0062	GCA_003009755.1|G0000036
split_0062	GCA_003034855.1|G0000037
split_0062	GCA_003133625.1|G0000038
split_0062	GCA_003144275.1|G0000040
split_0062	GCA_003194425.1|G0000041
split_0062	GCA_003561665.1|G0000045
split_0062	GCA_003650925.1|G0000049
split_0062	GCA_003660605.1|G0000050
split_0062	GCA_003661125.1|G0000051
split_0062	GCA_003661385.1|G0000052
split_0062	GCA_004028775.1|G0000054
split_0062	GCA_004376645.1|G0000055
split_0062	GCA_005884195.1|G0000058
split_0062	GCA_005888675.1|G0000059
split_0062	GCA_005888735.1|G0000060
split_0062	GCA_011048835.1|G0000063
split_0062	GCA_013166775.1|G0000067
split_0062	GCA_014728835.1|G0000071
split_0062	GCA_014859725.1|G0000072
split_0062	GCA_015520475.1|G0000074
split_0062	GCA_015520535.1|G0000075
split_0062	GCA_015523565.1|G0000079
split_0062	GCA_015660865.1|G0000080
split_0062	GCA_016180755.1|G0000082
split_0062	GCA_016184315.1|G0000084
split_0062	GCA_016207515.1|G0000086
split_0062	GCA_016292335.1|G0000088
split_0062	GCA_016839295.1|G0000090
split_0062	GCA_016839545.1|G0000091
split_0062	GCA_016840425.1|G0000092
split_0062	GCA_016840465.1|G0000093
split_0062	GCA_016840485.1|G0000094
split_0062	GCA_016841485.1|G0000095
split_0062	GCA_016937345.1|G0000098
split_0062	GCA_017883965.1|G0000101
split_0062	GCA_018238545.1|G0000103
split_0062	GCA_018396415.1|G0000104
split_0062	GCA_018396695.1|G0000105
split_0062	GCA_018396695.1|G0000106
split_0062	GCA_018396725.1|G0000107
split_0062	GCA_018992685.1|G0000110
split_0062	GCA_019057385.1|G0000111
split_0062	GCA_019057815.1|G0000112
split_0062	GCA_019058165.1|G0000113
split_0062	GCA_019347805.1|G0000114
split_0062	GCA_019429385.1|G0000115
split_0062	GCA_019685575.1|G0000116
split_0062	GCA_020201485.1|G0000119
split_0062	GCA_020201485.1|G0000121
split_0062	GCA_020352645.1|G0000125
split_0062	GCA_020355125.1|G0000126
split_0062	GCA_020355125.1|G0000127
split_0062	GCA_020355125.1|G0000128
split_0062	GCA_021108405.1|G0000133
split_0062	GCA_021158125.1|G0000134
split_0062	GCA_021162925.1|G0000139
split_0062	GCA_021325135.1|G0000141
split_0062	GCA_021414365.1|G0000143
split_0062	GCA_021498085.1|G0000144
split_0062	GCA_021513695.1|G0000145
split_0062	GCA_021513715.1|G0000146
split_0062	GCA_022574115.1|G0000153
split_0062	GCA_022865705.1|G0000157
split_0062	GCA_023131225.1|G0000158
split_0062	GCA_023269235.1|G0000167
split_0062	GCA_023379805.1|G0000170
split_0062	GCA_023705985.1|G0000171
split_0062	GCA_024276395.1|G0000172
split_0062	GCA_025059045.1|G0000174
split_0062	GCA_025061095.1|G0000175
split_0062	GCA_026014495.1|G0000176
split_0062	GCA_026015185.1|G0000177
split_0062	GCA_026015225.1|G0000178
split_0062	GCA_027001645.1|G0000181
split_0062	GCA_027061945.1|G0000183
split_0062	GCA_027077875.1|G0000184
split_0062	GCA_028678665.1|G0000188
split_0062	GCA_029259355.1|G0000192
split_0062	GCA_029762535.1|G0000194
split_0062	GCA_029762575.1|G0000195
split_0062	GCA_029775995.1|G0000198
split_0062	GCA_029882335.1|G0000200
split_0062	GCA_029907705.1|G0000202
split_0062	GCA_029934005.1|G0000204
split_0062	GCA_030018435.1|G0000206
split_0062	GCA_030019205.1|G0000209
split_0062	GCA_030149205.1|G0000212
split_0062	GCA_030611265.1|G0000220
split_0062	GCA_030615265.1|G0000223
split_0062	GCA_030627385.1|G0000224
split_0062	GCA_030638685.1|G0000226
split_0062	GCA_030668165.1|G0000227
split_0062	GCA_030837285.1|G0000232
split_0062	GCA_030837285.1|G0000233
split_0062	GCA_034659995.1|G0000237
split_0062	GCA_034660795.1|G0000239
split_0062	GCA_034660895.1|G0000240
split_0062	GCA_035292305.1|G0000242
split_0062	GCA_035540375.1|G0000245
split_0062	GCA_035541015.1|G0000247
split_0062	GCA_037443105.1|G0000250
split_0062	GCA_038818435.1|G0000251
split_0062	GCA_038852285.1|G0000253
split_0062	GCA_038861055.1|G0000255
split_0062	GCA_038873015.1|G0000256
split_0062	GCA_038883335.1|G0000258
split_0062	GCA_038883335.1|G0000259
split_0062	GCA_038894255.1|G0000260
split_0062	GCA_040776445.1|G0000262
split_0062	GCA_041599855.1|G0000263
split_0062	GCA_041601615.1|G0000267
split_0062	GCA_041636435.1|G0000270
split_0062	GCA_046546175.1|G0000276
split_0062	GCA_048882505.1|G0000277
split_0062	GCA_052246955.1|G0000278
split_0062	GCA_054388035.1|G0000279
split_0062	GCA_054389375.1|G0000280
split_0062	GCA_937892815.1|G0000281
split_0062	GCA_937892815.1|G0000282
split_0062	GCA_973787075.1|G0000284
split_0062	GCF_000275865.1|G0000288
split_0062	GCF_000308215.1|G0000289
split_0062	GCF_000327485.1|G0000291
split_0062	GCF_004102725.1|G0000292
split_0062	GOMC.bin.1197|G0000293
split_0062	GOMC.bin.18048|G0000298
split_0062	GOMC.bin.18996|G0000301
split_0062	GOMC.bin.2212|G0000303
split_0062	GOMC.bin.2492|G0000305
split_0062	GOMC.bin.2497|G0000306
split_0062	GOMC.bin.4375|G0000307
split_0062	GOMC.bin.5632|G0000308
split_0062	GOMC.bin.5642|G0000309
split_0062	GOMC.bin.831|G0000311
split_0063	GCA_000306725.1|G0000003
split_0063	GCA_000306725.1|G0000004
split_0063	GCA_001399795.1|G0000007
split_0063	GCA_001593865.1|G0000008
split_0063	GCA_001717025.1|G0000010
split_0063	GCA_001914405.1|G0000012
split_0063	GCA_002011035.2|G0000013
split_0063	GCA_002011035.2|G0000014
split_0063	GCA_002011155.2|G0000015
split_0063	GCA_002067095.1|G0000016
split_0063	GCA_002496395.1|G0000018
split_0063	GCA_002499905.1|G0000021
split_0063	GCA_002503135.1|G0000023
split_0063	GCA_002503885.1|G0000024
split_0063	GCA_002503885.1|G0000025
split_0063	GCA_002507245.1|G0000028
split_0063	GCA_002813105.2|G0000031
split_0063	GCA_002813105.2|G0000032
split_0063	GCA_003034855.1|G0000037
split_0063	GCA_003133625.1|G0000038
split_0063	GCA_003144275.1|G0000040
split_0063	GCA_003194425.1|G0000041
split_0063	GCA_003650925.1|G0000049
split_0063	GCA_003660605.1|G0000050
split_0063	GCA_003661125.1|G0000051
split_0063	GCA_003661385.1|G0000052
split_0063	GCA_004028775.1|G0000054
split_0063	GCA_004376645.1|G0000055
split_0063	GCA_005884195.1|G0000058
split_0063	GCA_005888675.1|G0000059
split_0063	GCA_005888735.1|G0000060
split_0063	GCA_011048835.1|G0000063
split_0063	GCA_013166775.1|G0000067
split_0063	GCA_014728835.1|G0000071
split_0063	GCA_014859725.1|G0000072
split_0063	GCA_015520475.1|G0000074
split_0063	GCA_015520535.1|G0000075
split_0063	GCA_015523565.1|G0000079
split_0063	GCA_015660865.1|G0000080
split_0063	GCA_016184315.1|G0000084
split_0063	GCA_016292335.1|G0000088
split_0063	GCA_016839295.1|G0000090
split_0063	GCA_016839545.1|G0000091
split_0063	GCA_016840425.1|G0000092
split_0063	GCA_016840465.1|G0000093
split_0063	GCA_016840485.1|G0000094
split_0063	GCA_016841485.1|G0000095
split_0063	GCA_016937345.1|G0000098
split_0063	GCA_017883965.1|G0000101
split_0063	GCA_018238545.1|G0000103
split_0063	GCA_018396415.1|G0000104
split_0063	GCA_018396695.1|G0000105
split_0063	GCA_018396695.1|G0000106
split_0063	GCA_018396725.1|G0000107
split_0063	GCA_018992685.1|G0000110
split_0063	GCA_019057385.1|G0000111
split_0063	GCA_019057815.1|G0000112
split_0063	GCA_019058165.1|G0000113
split_0063	GCA_019429385.1|G0000115
split_0063	GCA_019685575.1|G0000116
split_0063	GCA_020352645.1|G0000125
split_0063	GCA_020355125.1|G0000126
split_0063	GCA_020355125.1|G0000127
split_0063	GCA_020355125.1|G0000128
split_0063	GCA_021108405.1|G0000133
split_0063	GCA_021158125.1|G0000134
split_0063	GCA_021162925.1|G0000139
split_0063	GCA_021414365.1|G0000143
split_0063	GCA_021498085.1|G0000144
split_0063	GCA_021513695.1|G0000145
split_0063	GCA_021513715.1|G0000146
split_0063	GCA_022574115.1|G0000153
split_0063	GCA_022865705.1|G0000157
split_0063	GCA_023131225.1|G0000158
split_0063	GCA_023379805.1|G0000170
split_0063	GCA_023705985.1|G0000171
split_0063	GCA_024276395.1|G0000172
split_0063	GCA_025059045.1|G0000174
split_0063	GCA_025061095.1|G0000175
split_0063	GCA_026014495.1|G0000176
split_0063	GCA_026015185.1|G0000177
split_0063	GCA_026015225.1|G0000178
split_0063	GCA_027001645.1|G0000181
split_0063	GCA_027061945.1|G0000183
split_0063	GCA_027077875.1|G0000184
split_0063	GCA_028678665.1|G0000188
split_0063	GCA_029259355.1|G0000192
split_0063	GCA_029762535.1|G0000194
split_0063	GCA_029762575.1|G0000195
split_0063	GCA_029775995.1|G0000198
split_0063	GCA_029882335.1|G0000200
split_0063	GCA_029907705.1|G0000202
split_0063	GCA_029934005.1|G0000204
split_0063	GCA_030018435.1|G0000206
split_0063	GCA_030019205.1|G0000209
split_0063	GCA_030149205.1|G0000212
split_0063	GCA_030611265.1|G0000220
split_0063	GCA_030615265.1|G0000223
split_0063	GCA_030627385.1|G0000224
split_0063	GCA_030638685.1|G0000226
split_0063	GCA_030668165.1|G0000227
split_0063	GCA_030837285.1|G0000232
split_0063	GCA_030837285.1|G0000233
split_0063	GCA_034659995.1|G0000237
split_0063	GCA_034660795.1|G0000239
split_0063	GCA_034660895.1|G0000240
split_0063	GCA_037443105.1|G0000250
split_0063	GCA_038818435.1|G0000251
split_0063	GCA_038852285.1|G0000253
split_0063	GCA_038861055.1|G0000255
split_0063	GCA_038873015.1|G0000256
split_0063	GCA_038883335.1|G0000258
split_0063	GCA_038883335.1|G0000259
split_0063	GCA_038894255.1|G0000260
split_0063	GCA_040776445.1|G0000262
split_0063	GCA_046546175.1|G0000276
split_0063	GCA_048882505.1|G0000277
split_0063	GCA_052246955.1|G0000278
split_0063	GCA_054388035.1|G0000279
split_0063	GCA_054389375.1|G0000280
split_0063	GCA_937892815.1|G0000281
split_0063	GCA_937892815.1|G0000282
split_0063	GCA_973787075.1|G0000284
split_0063	GCF_000275865.1|G0000288
split_0063	GCF_000308215.1|G0000289
split_0063	GCF_000327485.1|G0000291
split_0063	GCF_004102725.1|G0000292
split_0063	GOMC.bin.1197|G0000293
split_0063	GOMC.bin.18048|G0000298
split_0063	GOMC.bin.2212|G0000303
split_0063	GOMC.bin.2492|G0000305
split_0063	GOMC.bin.2497|G0000306
split_0063	GOMC.bin.4375|G0000307
split_0063	GOMC.bin.5632|G0000308
split_0063	GOMC.bin.5642|G0000309
split_0063	GOMC.bin.831|G0000311
split_0064	GCA_000306725.1|G0000003
split_0064	GCA_001399795.1|G0000007
split_0064	GCA_001593865.1|G0000008
split_0064	GCA_001717025.1|G0000010
split_0064	GCA_002011035.2|G0000013
split_0064	GCA_002011035.2|G0000014
split_0064	GCA_002503885.1|G0000024
split_0064	GCA_002507245.1|G0000028
split_0064	GCA_002813105.2|G0000032
split_0064	GCA_003133625.1|G0000038
split_0064	GCA_003144275.1|G0000040
split_0064	GCA_003650925.1|G0000049
split_0064	GCA_003660605.1|G0000050
split_0064	GCA_003661125.1|G0000051
split_0064	GCA_003661385.1|G0000052
split_0064	GCA_004028775.1|G0000054
split_0064	GCA_004376645.1|G0000055
split_0064	GCA_005884195.1|G0000058
split_0064	GCA_005888675.1|G0000059
split_0064	GCA_005888735.1|G0000060
split_0064	GCA_013166775.1|G0000067
split_0064	GCA_014728835.1|G0000071
split_0064	GCA_015520475.1|G0000074
split_0064	GCA_015520535.1|G0000075
split_0064	GCA_015523565.1|G0000079
split_0064	GCA_016184315.1|G0000084
split_0064	GCA_016292335.1|G0000088
split_0064	GCA_016839295.1|G0000090
split_0064	GCA_016839545.1|G0000091
split_0064	GCA_016840425.1|G0000092
split_0064	GCA_016840465.1|G0000093
split_0064	GCA_016840485.1|G0000094
split_0064	GCA_018238545.1|G0000103
split_0064	GCA_018396415.1|G0000104
split_0064	GCA_018396695.1|G0000105
split_0064	GCA_018396695.1|G0000106
split_0064	GCA_018396725.1|G0000107
split_0064	GCA_018992685.1|G0000110
split_0064	GCA_019057385.1|G0000111
split_0064	GCA_019057815.1|G0000112
split_0064	GCA_019058165.1|G0000113
split_0064	GCA_019685575.1|G0000116
split_0064	GCA_020352645.1|G0000125
split_0064	GCA_020355125.1|G0000126
split_0064	GCA_020355125.1|G0000127
split_0064	GCA_020355125.1|G0000128
split_0064	GCA_021158125.1|G0000134
split_0064	GCA_021162925.1|G0000139
split_0064	GCA_021414365.1|G0000143
split_0064	GCA_021498085.1|G0000144
split_0064	GCA_021513695.1|G0000145
split_0064	GCA_021513715.1|G0000146
split_0064	GCA_022574115.1|G0000153
split_0064	GCA_022865705.1|G0000157
split_0064	GCA_023131225.1|G0000158
split_0064	GCA_023379805.1|G0000170
split_0064	GCA_023705985.1|G0000171
split_0064	GCA_024276395.1|G0000172
split_0064	GCA_025059045.1|G0000174
split_0064	GCA_025061095.1|G0000175
split_0064	GCA_026014495.1|G0000176
split_0064	GCA_026015185.1|G0000177
split_0064	GCA_026015225.1|G0000178
split_0064	GCA_027001645.1|G0000181
split_0064	GCA_027061945.1|G0000183
split_0064	GCA_027077875.1|G0000184
split_0064	GCA_029259355.1|G0000192
split_0064	GCA_029762535.1|G0000194
split_0064	GCA_029762575.1|G0000195
split_0064	GCA_029775995.1|G0000198
split_0064	GCA_029882335.1|G0000200
split_0064	GCA_029934005.1|G0000204
split_0064	GCA_030149205.1|G0000212
split_0064	GCA_030615265.1|G0000223
split_0064	GCA_030638685.1|G0000226
split_0064	GCA_030668165.1|G0000227
split_0064	GCA_030837285.1|G0000232
split_0064	GCA_030837285.1|G0000233
split_0064	GCA_034659995.1|G0000237
split_0064	GCA_034660795.1|G0000239
split_0064	GCA_034660895.1|G0000240
split_0064	GCA_038818435.1|G0000251
split_0064	GCA_038852285.1|G0000253
split_0064	GCA_038861055.1|G0000255
split_0064	GCA_038873015.1|G0000256
split_0064	GCA_038883335.1|G0000258
split_0064	GCA_038883335.1|G0000259
split_0064	GCA_038894255.1|G0000260
split_0064	GCA_046546175.1|G0000276
split_0064	GCA_048882505.1|G0000277
split_0064	GCA_052246955.1|G0000278
split_0064	GCA_054388035.1|G0000279
split_0064	GCA_054389375.1|G0000280
split_0064	GCA_937892815.1|G0000281
split_0064	GCA_937892815.1|G0000282
split_0064	GCA_973787075.1|G0000284
split_0064	GCF_000308215.1|G0000289
split_0064	GOMC.bin.1197|G0000293
split_0064	GOMC.bin.18048|G0000298
split_0064	GOMC.bin.2212|G0000303
split_0064	GOMC.bin.2492|G0000305
split_0064	GOMC.bin.2497|G0000306
split_0064	GOMC.bin.4375|G0000307
split_0064	GOMC.bin.5632|G0000308
split_0064	GOMC.bin.5642|G0000309
split_0065	GCA_000306725.1|G0000003
split_0065	GCA_001399795.1|G0000007
split_0065	GCA_001593865.1|G0000008
split_0065	GCA_001717025.1|G0000010
split_0065	GCA_002011035.2|G0000013
split_0065	GCA_002011035.2|G0000014
split_0065	GCA_002503885.1|G0000024
split_0065	GCA_002507245.1|G0000028
split_0065	GCA_002813105.2|G0000032
split_0065	GCA_003133625.1|G0000038
split_0065	GCA_003144275.1|G0000040
split_0065	GCA_003650925.1|G0000049
split_0065	GCA_003661125.1|G0000051
split_0065	GCA_003661385.1|G0000052
split_0065	GCA_004028775.1|G0000054
split_0065	GCA_004376645.1|G0000055
split_0065	GCA_005884195.1|G0000058
split_0065	GCA_005888675.1|G0000059
split_0065	GCA_005888735.1|G0000060
split_0065	GCA_013166775.1|G0000067
split_0065	GCA_014728835.1|G0000071
split_0065	GCA_015520475.1|G0000074
split_0065	GCA_015520535.1|G0000075
split_0065	GCA_015523565.1|G0000079
split_0065	GCA_016184315.1|G0000084
split_0065	GCA_016292335.1|G0000088
split_0065	GCA_016839295.1|G0000090
split_0065	GCA_016839545.1|G0000091
split_0065	GCA_016840425.1|G0000092
split_0065	GCA_016840465.1|G0000093
split_0065	GCA_016840485.1|G0000094
split_0065	GCA_018238545.1|G0000103
split_0065	GCA_018396415.1|G0000104
split_0065	GCA_018396695.1|G0000105
split_0065	GCA_018396695.1|G0000106
split_0065	GCA_018396725.1|G0000107
split_0065	GCA_019057385.1|G0000111
split_0065	GCA_019057815.1|G0000112
split_0065	GCA_019058165.1|G0000113
split_0065	GCA_019685575.1|G0000116
split_0065	GCA_020352645.1|G0000125
split_0065	GCA_020355125.1|G0000126
split_0065	GCA_020355125.1|G0000127
split_0065	GCA_020355125.1|G0000128
split_0065	GCA_021158125.1|G0000134
split_0065	GCA_021162925.1|G0000139
split_0065	GCA_021414365.1|G0000143
split_0065	GCA_021498085.1|G0000144
split_0065	GCA_021513695.1|G0000145
split_0065	GCA_021513715.1|G0000146
split_0065	GCA_022574115.1|G0000153
split_0065	GCA_022865705.1|G0000157
split_0065	GCA_023131225.1|G0000158
split_0065	GCA_023379805.1|G0000170
split_0065	GCA_023705985.1|G0000171
split_0065	GCA_024276395.1|G0000172
split_0065	GCA_025059045.1|G0000174
split_0065	GCA_025061095.1|G0000175
split_0065	GCA_026014495.1|G0000176
split_0065	GCA_026015185.1|G0000177
split_0065	GCA_026015225.1|G0000178
split_0065	GCA_027001645.1|G0000181
split_0065	GCA_027061945.1|G0000183
split_0065	GCA_027077875.1|G0000184
split_0065	GCA_029259355.1|G0000192
split_0065	GCA_029762535.1|G0000194
split_0065	GCA_029762575.1|G0000195
split_0065	GCA_029775995.1|G0000198
split_0065	GCA_029882335.1|G0000200
split_0065	GCA_029934005.1|G0000204
split_0065	GCA_030149205.1|G0000212
split_0065	GCA_030615265.1|G0000223
split_0065	GCA_030638685.1|G0000226
split_0065	GCA_030668165.1|G0000227
split_0065	GCA_030837285.1|G0000232
split_0065	GCA_030837285.1|G0000233
split_0065	GCA_034660795.1|G0000239
split_0065	GCA_034660895.1|G0000240
split_0065	GCA_038818435.1|G0000251
split_0065	GCA_038852285.1|G0000253
split_0065	GCA_038861055.1|G0000255
split_0065	GCA_038873015.1|G0000256
split_0065	GCA_038883335.1|G0000258
split_0065	GCA_038883335.1|G0000259
split_0065	GCA_038894255.1|G0000260
split_0065	GCA_046546175.1|G0000276
split_0065	GCA_048882505.1|G0000277
split_0065	GCA_052246955.1|G0000278
split_0065	GCA_054388035.1|G0000279
split_0065	GCA_054389375.1|G0000280
split_0065	GCA_937892815.1|G0000281
split_0065	GCA_937892815.1|G0000282
split_0065	GCA_973787075.1|G0000284
split_0065	GCF_000308215.1|G0000289
split_0065	GOMC.bin.1197|G0000293
split_0065	GOMC.bin.18048|G0000298
split_0065	GOMC.bin.2212|G0000303
split_0065	GOMC.bin.2492|G0000305
split_0065	GOMC.bin.2497|G0000306
split_0065	GOMC.bin.5632|G0000308
split_0065	GOMC.bin.5642|G0000309
split_0066	GCA_000306725.1|G0000003
split_0066	GCA_002503885.1|G0000024
split_0066	GCA_002813105.2|G0000032
split_0066	GCA_003661125.1|G0000051
split_0066	GCA_014728835.1|G0000071
split_0066	GCA_025061095.1|G0000175
split_0066	GCA_029762535.1|G0000194
split_0066	GCA_029762575.1|G0000195
split_0066	GCA_046546175.1|G0000276
split_0066	GCF_000308215.1|G0000289
split_0067	GCA_000306725.1|G0000003
split_0067	GCA_002503885.1|G0000024
split_0067	GCA_002813105.2|G0000032
split_0067	GCA_003661125.1|G0000051
split_0067	GCA_014728835.1|G0000071
split_0067	GCA_029762535.1|G0000194
split_0067	GCA_029762575.1|G0000195
split_0067	GCA_046546175.1|G0000276
split_0067	GCF_000308215.1|G0000289
split_0068	GCA_000306725.1|G0000003
split_0068	GCA_002503885.1|G0000024
split_0068	GCA_002813105.2|G0000032
split_0068	GCA_003661125.1|G0000051
split_0068	GCA_046546175.1|G0000276
split_0069	GCA_000306725.1|G0000003
split_0069	GCA_002503885.1|G0000024
split_0069	GCA_002813105.2|G0000032
split_0069	GCA_046546175.1|G0000276
split_0070	GCA_000306725.1|G0000003
split_0070	GCA_002813105.2|G0000032
split_0070	GCA_046546175.1|G0000276
split_0071	GCA_000306725.1|G0000003
split_0071	GCA_046546175.1|G0000276
split_0072	GCA_014728835.1|G0000071
split_0072	GCA_029762535.1|G0000194
split_0072	GCA_029762575.1|G0000195
split_0072	GCF_000308215.1|G0000289
split_0073	GCA_014728835.1|G0000071
split_0073	GCA_029762535.1|G0000194
split_0073	GCA_029762575.1|G0000195
split_0074	GCA_014728835.1|G0000071
split_0074	GCA_029762575.1|G0000195
split_0075	GCA_001399795.1|G0000007
split_0075	GCA_001593865.1|G0000008
split_0075	GCA_001717025.1|G0000010
split_0075	GCA_002011035.2|G0000013
split_0075	GCA_002011035.2|G0000014
split_0075	GCA_002507245.1|G0000028
split_0075	GCA_003133625.1|G0000038
split_0075	GCA_003144275.1|G0000040
split_0075	GCA_003650925.1|G0000049
split_0075	GCA_003661385.1|G0000052
split_0075	GCA_004028775.1|G0000054
split_0075	GCA_004376645.1|G0000055
split_0075	GCA_005884195.1|G0000058
split_0075	GCA_005888675.1|G0000059
split_0075	GCA_005888735.1|G0000060
split_0075	GCA_013166775.1|G0000067
split_0075	GCA_015520475.1|G0000074
split_0075	GCA_015520535.1|G0000075
split_0075	GCA_015523565.1|G0000079
split_0075	GCA_016184315.1|G0000084
split_0075	GCA_016292335.1|G0000088
split_0075	GCA_016839295.1|G0000090
split_0075	GCA_016839545.1|G0000091
split_0075	GCA_016840425.1|G0000092
split_0075	GCA_016840465.1|G0000093
split_0075	GCA_016840485.1|G0000094
split_0075	GCA_018238545.1|G0000103
split_0075	GCA_018396415.1|G0000104
split_0075	GCA_018396695.1|G0000105
split_0075	GCA_018396695.1|G0000106
split_0075	GCA_018396725.1|G0000107
split_0075	GCA_019057385.1|G0000111
split_0075	GCA_019057815.1|G0000112
split_0075	GCA_019058165.1|G0000113
split_0075	GCA_019685575.1|G0000116
split_0075	GCA_020352645.1|G0000125
split_0075	GCA_020355125.1|G0000126
split_0075	GCA_020355125.1|G0000127
split_0075	GCA_020355125.1|G0000128
split_0075	GCA_021158125.1|G0000134
split_0075	GCA_021162925.1|G0000139
split_0075	GCA_021414365.1|G0000143
split_0075	GCA_021498085.1|G0000144
split_0075	GCA_021513695.1|G0000145
split_0075	GCA_021513715.1|G0000146
split_0075	GCA_022574115.1|G0000153
split_0075	GCA_022865705.1|G0000157
split_0075	GCA_023131225.1|G0000158
split_0075	GCA_023379805.1|G0000170
split_0075	GCA_023705985.1|G0000171
split_0075	GCA_024276395.1|G0000172
split_0075	GCA_025059045.1|G0000174
split_0075	GCA_026014495.1|G0000176
split_0075	GCA_026015185.1|G0000177
split_0075	GCA_026015225.1|G0000178
split_0075	GCA_027001645.1|G0000181
split_0075	GCA_027061945.1|G0000183
split_0075	GCA_027077875.1|G0000184
split_0075	GCA_029259355.1|G0000192
split_0075	GCA_029775995.1|G0000198
split_0075	GCA_029882335.1|G0000200
split_0075	GCA_029934005.1|G0000204
split_0075	GCA_030149205.1|G0000212
split_0075	GCA_030615265.1|G0000223
split_0075	GCA_030638685.1|G0000226
split_0075	GCA_030668165.1|G0000227
split_0075	GCA_030837285.1|G0000232
split_0075	GCA_030837285.1|G0000233
split_0075	GCA_034660795.1|G0000239
split_0075	GCA_034660895.1|G0000240
split_0075	GCA_038818435.1|G0000251
split_0075	GCA_038852285.1|G0000253
split_0075	GCA_038861055.1|G0000255
split_0075	GCA_038873015.1|G0000256
split_0075	GCA_038883335.1|G0000258
split_0075	GCA_038883335.1|G0000259
split_0075	GCA_038894255.1|G0000260
split_0075	GCA_048882505.1|G0000277
split_0075	GCA_052246955.1|G0000278
split_0075	GCA_054388035.1|G0000279
split_0075	GCA_054389375.1|G0000280
split_0075	GCA_937892815.1|G0000281
split_0075	GCA_937892815.1|G0000282
split_0075	GCA_973787075.1|G0000284
split_0075	GOMC.bin.1197|G0000293
split_0075	GOMC.bin.18048|G0000298
split_0075	GOMC.bin.2212|G0000303
split_0075	GOMC.bin.2492|G0000305
split_0075	GOMC.bin.2497|G0000306
split_0075	GOMC.bin.5632|G0000308
split_0075	GOMC.bin.5642|G0000309
split_0076	GCA_001399795.1|G0000007
split_0076	GCA_001593865.1|G0000008
split_0076	GCA_001717025.1|G0000010
split_0076	GCA_002011035.2|G0000013
split_0076	GCA_002011035.2|G0000014
split_0076	GCA_002507245.1|G0000028
split_0076	GCA_003133625.1|G0000038
split_0076	GCA_003144275.1|G0000040
split_0076	GCA_003650925.1|G0000049
split_0076	GCA_004028775.1|G0000054
split_0076	GCA_004376645.1|G0000055
split_0076	GCA_005884195.1|G0000058
split_0076	GCA_005888675.1|G0000059
split_0076	GCA_005888735.1|G0000060
split_0076	GCA_013166775.1|G0000067
split_0076	GCA_015520475.1|G0000074
split_0076	GCA_015520535.1|G0000075
split_0076	GCA_015523565.1|G0000079
split_0076	GCA_016184315.1|G0000084
split_0076	GCA_016292335.1|G0000088
split_0076	GCA_016839295.1|G0000090
split_0076	GCA_016839545.1|G0000091
split_0076	GCA_016840425.1|G0000092
split_0076	GCA_016840465.1|G0000093
split_0076	GCA_016840485.1|G0000094
split_0076	GCA_018238545.1|G0000103
split_0076	GCA_018396415.1|G0000104
split_0076	GCA_018396695.1|G0000105
split_0076	GCA_018396695.1|G0000106
split_0076	GCA_018396725.1|G0000107
split_0076	GCA_019057385.1|G0000111
split_0076	GCA_019057815.1|G0000112
split_0076	GCA_019058165.1|G0000113
split_0076	GCA_019685575.1|G0000116
split_0076	GCA_020352645.1|G0000125
split_0076	GCA_020355125.1|G0000126
split_0076	GCA_020355125.1|G0000127
split_0076	GCA_020355125.1|G0000128
split_0076	GCA_021158125.1|G0000134
split_0076	GCA_021162925.1|G0000139
split_0076	GCA_021414365.1|G0000143
split_0076	GCA_021498085.1|G0000144
split_0076	GCA_021513695.1|G0000145
split_0076	GCA_021513715.1|G0000146
split_0076	GCA_022574115.1|G0000153
split_0076	GCA_022865705.1|G0000157
split_0076	GCA_023131225.1|G0000158
split_0076	GCA_023379805.1|G0000170
split_0076	GCA_023705985.1|G0000171
split_0076	GCA_024276395.1|G0000172
split_0076	GCA_025059045.1|G0000174
split_0076	GCA_026014495.1|G0000176
split_0076	GCA_026015185.1|G0000177
split_0076	GCA_026015225.1|G0000178
split_0076	GCA_027001645.1|G0000181
split_0076	GCA_027061945.1|G0000183
split_0076	GCA_027077875.1|G0000184
split_0076	GCA_029259355.1|G0000192
split_0076	GCA_029775995.1|G0000198
split_0076	GCA_029882335.1|G0000200
split_0076	GCA_029934005.1|G0000204
split_0076	GCA_030149205.1|G0000212
split_0076	GCA_030615265.1|G0000223
split_0076	GCA_030638685.1|G0000226
split_0076	GCA_030668165.1|G0000227
split_0076	GCA_030837285.1|G0000232
split_0076	GCA_030837285.1|G0000233
split_0076	GCA_034660795.1|G0000239
split_0076	GCA_034660895.1|G0000240
split_0076	GCA_038818435.1|G0000251
split_0076	GCA_038852285.1|G0000253
split_0076	GCA_038861055.1|G0000255
split_0076	GCA_038873015.1|G0000256
split_0076	GCA_038883335.1|G0000258
split_0076	GCA_038883335.1|G0000259
split_0076	GCA_038894255.1|G0000260
split_0076	GCA_048882505.1|G0000277
split_0076	GCA_052246955.1|G0000278
split_0076	GCA_054388035.1|G0000279
split_0076	GCA_054389375.1|G0000280
split_0076	GCA_937892815.1|G0000281
split_0076	GCA_937892815.1|G0000282
split_0076	GCA_973787075.1|G0000284
split_0076	GOMC.bin.1197|G0000293
split_0076	GOMC.bin.18048|G0000298
split_0076	GOMC.bin.2212|G0000303
split_0076	GOMC.bin.2492|G0000305
split_0076	GOMC.bin.2497|G0000306
split_0076	GOMC.bin.5632|G0000308
split_0076	GOMC.bin.5642|G0000309
split_0077	GCA_001399795.1|G0000007
split_0077	GCA_001593865.1|G0000008
split_0077	GCA_001717025.1|G0000010
split_0077	GCA_002011035.2|G0000013
split_0077	GCA_002011035.2|G0000014
split_0077	GCA_002507245.1|G0000028
split_0077	GCA_003133625.1|G0000038
split_0077	GCA_003650925.1|G0000049
split_0077	GCA_004028775.1|G0000054
split_0077	GCA_004376645.1|G0000055
split_0077	GCA_005884195.1|G0000058
split_0077	GCA_005888675.1|G0000059
split_0077	GCA_005888735.1|G0000060
split_0077	GCA_015520475.1|G0000074
split_0077	GCA_016184315.1|G0000084
split_0077	GCA_016840465.1|G0000093
split_0077	GCA_016840485.1|G0000094
split_0077	GCA_018396415.1|G0000104
split_0077	GCA_018396695.1|G0000105
split_0077	GCA_018396695.1|G0000106
split_0077	GCA_018396725.1|G0000107
split_0077	GCA_019685575.1|G0000116
split_0077	GCA_020352645.1|G0000125
split_0077	GCA_020355125.1|G0000126
split_0077	GCA_020355125.1|G0000127
split_0077	GCA_020355125.1|G0000128
split_0077	GCA_021158125.1|G0000134
split_0077	GCA_021162925.1|G0000139
split_0077	GCA_021414365.1|G0000143
split_0077	GCA_022865705.1|G0000157
split_0077	GCA_023131225.1|G0000158
split_0077	GCA_023379805.1|G0000170
split_0077	GCA_025059045.1|G0000174
split_0077	GCA_026014495.1|G0000176
split_0077	GCA_026015185.1|G0000177
split_0077	GCA_026015225.1|G0000178
split_0077	GCA_029259355.1|G0000192
split_0077	GCA_029775995.1|G0000198
split_0077	GCA_029934005.1|G0000204
split_0077	GCA_030615265.1|G0000223
split_0077	GCA_030837285.1|G0000232
split_0077	GCA_030837285.1|G0000233
split_0077	GCA_034660895.1|G0000240
split_0077	GCA_038818435.1|G0000251
split_0077	GCA_038852285.1|G0000253
split_0077	GCA_038861055.1|G0000255
split_0077	GCA_038873015.1|G0000256
split_0077	GCA_038883335.1|G0000258
split_0077	GCA_038883335.1|G0000259
split_0077	GCA_038894255.1|G0000260
split_0077	GCA_052246955.1|G0000278
split_0077	GCA_937892815.1|G0000281
split_0077	GCA_937892815.1|G0000282
split_0077	GCA_973787075.1|G0000284
split_0077	GOMC.bin.1197|G0000293
split_0077	GOMC.bin.18048|G0000298
split_0077	GOMC.bin.2212|G0000303
split_0077	GOMC.bin.2492|G0000305
split_0077	GOMC.bin.2497|G0000306
split_0077	GOMC.bin.5632|G0000308
split_0077	GOMC.bin.5642|G0000309
split_0078	GCA_001399795.1|G0000007
split_0078	GCA_002507245.1|G0000028
split_0078	GCA_003133625.1|G0000038
split_0078	GCA_003650925.1|G0000049
split_0078	GCA_004376645.1|G0000055
split_0078	GCA_016840465.1|G0000093
split_0078	GCA_016840485.1|G0000094
split_0078	GCA_018396695.1|G0000105
split_0078	GCA_018396695.1|G0000106
split_0078	GCA_019685575.1|G0000116
split_0078	GCA_020352645.1|G0000125
split_0078	GCA_020355125.1|G0000126
split_0078	GCA_020355125.1|G0000128
split_0078	GCA_021158125.1|G0000134
split_0078	GCA_023131225.1|G0000158
split_0078	GCA_026014495.1|G0000176
split_0078	GCA_029934005.1|G0000204
split_0078	GCA_030615265.1|G0000223
split_0078	GCA_030837285.1|G0000232
split_0078	GCA_034660895.1|G0000240
split_0078	GCA_038894255.1|G0000260
split_0078	GCA_052246955.1|G0000278
split_0078	GOMC.bin.2212|G0000303
split_0078	GOMC.bin.2497|G0000306
split_0078	GOMC.bin.5642|G0000309
split_0079	GCA_001399795.1|G0000007
split_0079	GCA_002507245.1|G0000028
split_0079	GCA_003133625.1|G0000038
split_0079	GCA_004376645.1|G0000055
split_0079	GCA_016840465.1|G0000093
split_0079	GCA_016840485.1|G0000094
split_0079	GCA_018396695.1|G0000105
split_0079	GCA_019685575.1|G0000116
split_0079	GCA_020352645.1|G0000125
split_0079	GCA_020355125.1|G0000126
split_0079	GCA_020355125.1|G0000128
split_0079	GCA_021158125.1|G0000134
split_0079	GCA_023131225.1|G0000158
split_0079	GCA_026014495.1|G0000176
split_0079	GCA_029934005.1|G0000204
split_0079	GCA_030615265.1|G0000223
split_0079	GCA_030837285.1|G0000232
split_0079	GCA_034660895.1|G0000240
split_0079	GCA_038894255.1|G0000260
split_0079	GCA_052246955.1|G0000278
split_0079	GOMC.bin.2212|G0000303
split_0079	GOMC.bin.2497|G0000306
split_0080	GCA_001399795.1|G0000007
split_0080	GCA_002507245.1|G0000028
split_0080	GCA_004376645.1|G0000055
split_0080	GCA_019685575.1|G0000116
split_0080	GCA_020352645.1|G0000125
split_0080	GCA_021158125.1|G0000134
split_0080	GCA_023131225.1|G0000158
split_0080	GCA_026014495.1|G0000176
split_0080	GCA_029934005.1|G0000204
split_0080	GCA_030615265.1|G0000223
split_0080	GCA_034660895.1|G0000240
split_0080	GCA_038894255.1|G0000260
split_0081	GCA_001399795.1|G0000007
split_0081	GCA_002507245.1|G0000028
split_0081	GCA_004376645.1|G0000055
split_0081	GCA_019685575.1|G0000116
split_0081	GCA_020352645.1|G0000125
split_0081	GCA_021158125.1|G0000134
split_0081	GCA_023131225.1|G0000158
split_0081	GCA_026014495.1|G0000176
split_0081	GCA_029934005.1|G0000204
split_0081	GCA_034660895.1|G0000240
split_0081	GCA_038894255.1|G0000260
split_0082	GCA_001399795.1|G0000007
split_0082	GCA_026014495.1|G0000176
split_0082	GCA_034660895.1|G0000240
split_0083	GCA_001399795.1|G0000007
split_0083	GCA_026014495.1|G0000176
split_0084	GCA_002507245.1|G0000028
split_0084	GCA_004376645.1|G0000055
split_0084	GCA_019685575.1|G0000116
split_0084	GCA_020352645.1|G0000125
split_0084	GCA_021158125.1|G0000134
split_0084	GCA_023131225.1|G0000158
split_0084	GCA_029934005.1|G0000204
split_0084	GCA_038894255.1|G0000260
split_0085	GCA_002507245.1|G0000028
split_0085	GCA_019685575.1|G0000116
split_0085	GCA_021158125.1|G0000134
split_0085	GCA_029934005.1|G0000204
split_0085	GCA_038894255.1|G0000260
split_0086	GCA_019685575.1|G0000116
split_0086	GCA_021158125.1|G0000134
split_0086	GCA_029934005.1|G0000204
split_0086	GCA_038894255.1|G0000260
split_0087	GCA_021158125.1|G0000134
split_0087	GCA_029934005.1|G0000204
split_0087	GCA_038894255.1|G0000260
split_0088	GCA_021158125.1|G0000134
split_0088	GCA_029934005.1|G0000204
split_0089	GCA_004376645.1|G0000055
split_0089	GCA_020352645.1|G0000125
split_0089	GCA_023131225.1|G0000158
split_0090	GCA_004376645.1|G0000055
split_0090	GCA_023131225.1|G0000158
split_0091	GCA_003133625.1|G0000038
split_0091	GCA_016840465.1|G0000093
split_0091	GCA_016840485.1|G0000094
split_0091	GCA_018396695.1|G0000105
split_0091	GCA_020355125.1|G0000126
split_0091	GCA_020355125.1|G0000128
split_0091	GCA_030837285.1|G0000232
split_0091	GCA_052246955.1|G0000278
split_0091	GOMC.bin.2212|G0000303
split_0091	GOMC.bin.2497|G0000306
split_0092	GCA_003133625.1|G0000038
split_0092	GCA_018396695.1|G0000105
split_0092	GCA_020355125.1|G0000126
split_0092	GCA_020355125.1|G0000128
split_0092	GCA_030837285.1|G0000232
split_0092	GCA_052246955.1|G0000278
split_0093	GCA_003133625.1|G0000038
split_0093	GCA_018396695.1|G0000105
split_0093	GCA_020355125.1|G0000126
split_0093	GCA_020355125.1|G0000128
split_0093	GCA_030837285.1|G0000232
split_0094	GCA_003133625.1|G0000038
split_0094	GCA_018396695.1|G0000105
split_0094	GCA_020355125.1|G0000126
split_0095	GCA_003133625.1|G0000038
split_0095	GCA_020355125.1|G0000126
split_0096	GCA_020355125.1|G0000128
split_0096	GCA_030837285.1|G0000232
split_0097	GCA_016840465.1|G0000093
split_0097	GCA_016840485.1|G0000094
split_0097	GOMC.bin.2212|G0000303
split_0097	GOMC.bin.2497|G0000306
split_0098	GCA_016840465.1|G0000093
split_0098	GCA_016840485.1|G0000094
split_0099	GOMC.bin.2212|G0000303
split_0099	GOMC.bin.2497|G0000306
split_0100	GCA_003650925.1|G0000049
split_0100	GCA_018396695.1|G0000106
split_0100	GOMC.bin.5642|G0000309
split_0101	GCA_018396695.1|G0000106
split_0101	GOMC.bin.5642|G0000309
split_0102	GCA_001593865.1|G0000008
split_0102	GCA_001717025.1|G0000010
split_0102	GCA_002011035.2|G0000013
split_0102	GCA_002011035.2|G0000014
split_0102	GCA_004028775.1|G0000054
split_0102	GCA_005884195.1|G0000058
split_0102	GCA_005888675.1|G0000059
split_0102	GCA_005888735.1|G0000060
split_0102	GCA_015520475.1|G0000074
split_0102	GCA_016184315.1|G0000084
split_0102	GCA_018396415.1|G0000104
split_0102	GCA_018396725.1|G0000107
split_0102	GCA_020355125.1|G0000127
split_0102	GCA_021162925.1|G0000139
split_0102	GCA_021414365.1|G0000143
split_0102	GCA_022865705.1|G0000157
split_0102	GCA_023379805.1|G0000170
split_0102	GCA_025059045.1|G0000174
split_0102	GCA_026015185.1|G0000177
split_0102	GCA_026015225.1|G0000178
split_0102	GCA_029259355.1|G0000192
split_0102	GCA_029775995.1|G0000198
split_0102	GCA_030837285.1|G0000233
split_0102	GCA_038818435.1|G0000251
split_0102	GCA_038852285.1|G0000253
split_0102	GCA_038861055.1|G0000255
split_0102	GCA_038873015.1|G0000256
split_0102	GCA_038883335.1|G0000258
split_0102	GCA_038883335.1|G0000259
split_0102	GCA_937892815.1|G0000281
split_0102	GCA_937892815.1|G0000282
split_0102	GCA_973787075.1|G0000284
split_0102	GOMC.bin.1197|G0000293
split_0102	GOMC.bin.18048|G0000298
split_0102	GOMC.bin.2492|G0000305
split_0102	GOMC.bin.5632|G0000308
split_0103	GCA_001593865.1|G0000008
split_0103	GCA_001717025.1|G0000010
split_0103	GCA_002011035.2|G0000013
split_0103	GCA_002011035.2|G0000014
split_0103	GCA_004028775.1|G0000054
split_0103	GCA_005884195.1|G0000058
split_0103	GCA_005888675.1|G0000059
split_0103	GCA_005888735.1|G0000060
split_0103	GCA_015520475.1|G0000074
split_0103	GCA_016184315.1|G0000084
split_0103	GCA_018396415.1|G0000104
split_0103	GCA_018396725.1|G0000107
split_0103	GCA_020355125.1|G0000127
split_0103	GCA_021162925.1|G0000139
split_0103	GCA_021414365.1|G0000143
split_0103	GCA_022865705.1|G0000157
split_0103	GCA_023379805.1|G0000170
split_0103	GCA_025059045.1|G0000174
split_0103	GCA_026015185.1|G0000177
split_0103	GCA_026015225.1|G0000178
split_0103	GCA_029259355.1|G0000192
split_0103	GCA_029775995.1|G0000198
split_0103	GCA_030837285.1|G0000233
split_0103	GCA_038818435.1|G0000251
split_0103	GCA_038852285.1|G0000253
split_0103	GCA_038861055.1|G0000255
split_0103	GCA_038873015.1|G0000256
split_0103	GCA_038883335.1|G0000258
split_0103	GCA_038883335.1|G0000259
split_0103	GCA_937892815.1|G0000281
split_0103	GCA_937892815.1|G0000282
split_0103	GCA_973787075.1|G0000284
split_0103	GOMC.bin.18048|G0000298
split_0103	GOMC.bin.2492|G0000305
split_0103	GOMC.bin.5632|G0000308
split_0104	GCA_001593865.1|G0000008
split_0104	GCA_002011035.2|G0000014
split_0104	GCA_015520475.1|G0000074
split_0104	GCA_016184315.1|G0000084
split_0104	GCA_018396415.1|G0000104
split_0104	GCA_020355125.1|G0000127
split_0104	GCA_021162925.1|G0000139
split_0104	GCA_023379805.1|G0000170
split_0104	GCA_025059045.1|G0000174
split_0104	GCA_029259355.1|G0000192
split_0104	GCA_029775995.1|G0000198
split_0104	GCA_030837285.1|G0000233
split_0104	GCA_038883335.1|G0000259
split_0104	GOMC.bin.5632|G0000308
split_0105	GCA_001593865.1|G0000008
split_0105	GCA_015520475.1|G0000074
split_0105	GCA_020355125.1|G0000127
split_0105	GCA_025059045.1|G0000174
split_0105	GCA_029775995.1|G0000198
split_0105	GCA_030837285.1|G0000233
split_0105	GOMC.bin.5632|G0000308
split_0106	GCA_015520475.1|G0000074
split_0106	GCA_020355125.1|G0000127
split_0106	GCA_025059045.1|G0000174
split_0106	GCA_029775995.1|G0000198
split_0106	GCA_030837285.1|G0000233
split_0106	GOMC.bin.5632|G0000308
split_0107	GCA_015520475.1|G0000074
split_0107	GCA_025059045.1|G0000174
split_0107	GCA_029775995.1|G0000198
split_0107	GOMC.bin.5632|G0000308
split_0108	GCA_015520475.1|G0000074
split_0108	GCA_025059045.1|G0000174
split_0108	GOMC.bin.5632|G0000308
split_0109	GCA_025059045.1|G0000174
split_0109	GOMC.bin.5632|G0000308
split_0110	GCA_020355125.1|G0000127
split_0110	GCA_030837285.1|G0000233
split_0111	GCA_002011035.2|G0000014
split_0111	GCA_016184315.1|G0000084
split_0111	GCA_018396415.1|G0000104
split_0111	GCA_021162925.1|G0000139
split_0111	GCA_023379805.1|G0000170
split_0111	GCA_029259355.1|G0000192
split_0111	GCA_038883335.1|G0000259
split_0112	GCA_002011035.2|G0000014
split_0112	GCA_038883335.1|G0000259
split_0113	GCA_016184315.1|G0000084
split_0113	GCA_018396415.1|G0000104
split_0113	GCA_021162925.1|G0000139
split_0113	GCA_023379805.1|G0000170
split_0113	GCA_029259355.1|G0000192
split_0114	GCA_016184315.1|G0000084
split_0114	GCA_021162925.1|G0000139
split_0114	GCA_023379805.1|G0000170
split_0114	GCA_029259355.1|G0000192
split_0115	GCA_016184315.1|G0000084
split_0115	GCA_021162925.1|G0000139
split_0115	GCA_023379805.1|G0000170
split_0116	GCA_021162925.1|G0000139
split_0116	GCA_023379805.1|G0000170
split_0117	GCA_001717025.1|G0000010
split_0117	GCA_002011035.2|G0000013
split_0117	GCA_004028775.1|G0000054
split_0117	GCA_005884195.1|G0000058
split_0117	GCA_005888675.1|G0000059
split_0117	GCA_005888735.1|G0000060
split_0117	GCA_018396725.1|G0000107
split_0117	GCA_021414365.1|G0000143
split_0117	GCA_022865705.1|G0000157
split_0117	GCA_026015185.1|G0000177
split_0117	GCA_026015225.1|G0000178
split_0117	GCA_038818435.1|G0000251
split_0117	GCA_038852285.1|G0000253
split_0117	GCA_038861055.1|G0000255
split_0117	GCA_038873015.1|G0000256
split_0117	GCA_038883335.1|G0000258
split_0117	GCA_937892815.1|G0000281
split_0117	GCA_937892815.1|G0000282
split_0117	GCA_973787075.1|G0000284
split_0117	GOMC.bin.18048|G0000298
split_0117	GOMC.bin.2492|G0000305
split_0118	GCA_001717025.1|G0000010
split_0118	GCA_004028775.1|G0000054
split_0118	GCA_018396725.1|G0000107
split_0118	GCA_021414365.1|G0000143
split_0118	GCA_022865705.1|G0000157
split_0118	GCA_026015185.1|G0000177
split_0118	GCA_026015225.1|G0000178
split_0118	GCA_038818435.1|G0000251
split_0118	GCA_038852285.1|G0000253
split_0118	GCA_038861055.1|G0000255
split_0118	GCA_038873015.1|G0000256
split_0118	GCA_937892815.1|G0000281
split_0118	GCA_937892815.1|G0000282
split_0118	GCA_973787075.1|G0000284
split_0118	GOMC.bin.18048|G0000298
split_0118	GOMC.bin.2492|G0000305
split_0119	GCA_001717025.1|G0000010
split_0119	GCA_004028775.1|G0000054
split_0119	GCA_018396725.1|G0000107
split_0119	GCA_021414365.1|G0000143
split_0119	GCA_022865705.1|G0000157
split_0119	GCA_026015185.1|G0000177
split_0119	GCA_026015225.1|G0000178
split_0119	GCA_038852285.1|G0000253
split_0119	GCA_038861055.1|G0000255
split_0119	GCA_038873015.1|G0000256
split_0119	GCA_937892815.1|G0000281
split_0119	GCA_937892815.1|G0000282
split_0119	GCA_973787075.1|G0000284
split_0119	GOMC.bin.18048|G0000298
split_0119	GOMC.bin.2492|G0000305
split_0120	GCA_001717025.1|G0000010
split_0120	GCA_004028775.1|G0000054
split_0120	GCA_018396725.1|G0000107
split_0120	GCA_022865705.1|G0000157
split_0120	GCA_026015185.1|G0000177
split_0120	GCA_026015225.1|G0000178
split_0120	GCA_038852285.1|G0000253
split_0120	GCA_038861055.1|G0000255
split_0120	GCA_038873015.1|G0000256
split_0120	GCA_937892815.1|G0000281
split_0120	GCA_937892815.1|G0000282
split_0120	GOMC.bin.18048|G0000298
split_0120	GOMC.bin.2492|G0000305
split_0121	GCA_001717025.1|G0000010
split_0121	GCA_004028775.1|G0000054
split_0121	GCA_038861055.1|G0000255
split_0121	GCA_937892815.1|G0000281
split_0121	GCA_937892815.1|G0000282
split_0121	GOMC.bin.18048|G0000298
split_0121	GOMC.bin.2492|G0000305
split_0122	GCA_001717025.1|G0000010
split_0122	GCA_004028775.1|G0000054
split_0122	GCA_038861055.1|G0000255
split_0123	GCA_001717025.1|G0000010
split_0123	GCA_004028775.1|G0000054
split_0124	GCA_937892815.1|G0000281
split_0124	GCA_937892815.1|G0000282
split_0124	GOMC.bin.18048|G0000298
split_0124	GOMC.bin.2492|G0000305
split_0125	GCA_937892815.1|G0000281
split_0125	GCA_937892815.1|G0000282
split_0126	GOMC.bin.18048|G0000298
split_0126	GOMC.bin.2492|G0000305
split_0127	GCA_018396725.1|G0000107
split_0127	GCA_022865705.1|G0000157
split_0127	GCA_026015185.1|G0000177
split_0127	GCA_026015225.1|G0000178
split_0127	GCA_038852285.1|G0000253
split_0127	GCA_038873015.1|G0000256
split_0128	GCA_018396725.1|G0000107
split_0128	GCA_022865705.1|G0000157
split_0128	GCA_026015225.1|G0000178
split_0128	GCA_038852285.1|G0000253
split_0128	GCA_038873015.1|G0000256
split_0129	GCA_018396725.1|G0000107
split_0129	GCA_022865705.1|G0000157
split_0129	GCA_038852285.1|G0000253
split_0129	GCA_038873015.1|G0000256
split_0130	GCA_018396725.1|G0000107
split_0130	GCA_038852285.1|G0000253
split_0130	GCA_038873015.1|G0000256
split_0131	GCA_038852285.1|G0000253
split_0131	GCA_038873015.1|G0000256
split_0132	GCA_021414365.1|G0000143
split_0132	GCA_973787075.1|G0000284
split_0133	GCA_002011035.2|G0000013
split_0133	GCA_005884195.1|G0000058
split_0133	GCA_005888675.1|G0000059
split_0133	GCA_005888735.1|G0000060
split_0133	GCA_038883335.1|G0000258
split_0134	GCA_002011035.2|G0000013
split_0134	GCA_038883335.1|G0000258
split_0135	GCA_005884195.1|G0000058
split_0135	GCA_005888675.1|G0000059
split_0135	GCA_005888735.1|G0000060
split_0136	GCA_005884195.1|G0000058
split_0136	GCA_005888675.1|G0000059
split_0137	GCA_003144275.1|G0000040
split_0137	GCA_013166775.1|G0000067
split_0137	GCA_015520535.1|G0000075
split_0137	GCA_015523565.1|G0000079
split_0137	GCA_016292335.1|G0000088
split_0137	GCA_016839295.1|G0000090
split_0137	GCA_016839545.1|G0000091
split_0137	GCA_016840425.1|G0000092
split_0137	GCA_018238545.1|G0000103
split_0137	GCA_019057385.1|G0000111
split_0137	GCA_019057815.1|G0000112
split_0137	GCA_019058165.1|G0000113
split_0137	GCA_021498085.1|G0000144
split_0137	GCA_021513695.1|G0000145
split_0137	GCA_021513715.1|G0000146
split_0137	GCA_022574115.1|G0000153
split_0137	GCA_023705985.1|G0000171
split_0137	GCA_024276395.1|G0000172
split_0137	GCA_027001645.1|G0000181
split_0137	GCA_027061945.1|G0000183
split_0137	GCA_027077875.1|G0000184
split_0137	GCA_029882335.1|G0000200
split_0137	GCA_030149205.1|G0000212
split_0137	GCA_030638685.1|G0000226
split_0137	GCA_030668165.1|G0000227
split_0137	GCA_034660795.1|G0000239
split_0137	GCA_048882505.1|G0000277
split_0137	GCA_054388035.1|G0000279
split_0137	GCA_054389375.1|G0000280
split_0138	GCA_003144275.1|G0000040
split_0138	GCA_015520535.1|G0000075
split_0138	GCA_016292335.1|G0000088
split_0138	GCA_016839295.1|G0000090
split_0138	GCA_016840425.1|G0000092
split_0138	GCA_019057385.1|G0000111
split_0138	GCA_024276395.1|G0000172
split_0138	GCA_048882505.1|G0000277
split_0139	GCA_003144275.1|G0000040
split_0139	GCA_015520535.1|G0000075
split_0139	GCA_016839295.1|G0000090
split_0139	GCA_024276395.1|G0000172
split_0139	GCA_048882505.1|G0000277
split_0140	GCA_003144275.1|G0000040
split_0140	GCA_016839295.1|G0000090
split_0140	GCA_024276395.1|G0000172
split_0140	GCA_048882505.1|G0000277
split_0141	GCA_003144275.1|G0000040
split_0141	GCA_016839295.1|G0000090
split_0141	GCA_048882505.1|G0000277
split_0142	GCA_003144275.1|G0000040
split_0142	GCA_016839295.1|G0000090
split_0143	GCA_016292335.1|G0000088
split_0143	GCA_016840425.1|G0000092
split_0143	GCA_019057385.1|G0000111
split_0144	GCA_016292335.1|G0000088
split_0144	GCA_019057385.1|G0000111
split_0145	GCA_013166775.1|G0000067
split_0145	GCA_015523565.1|G0000079
split_0145	GCA_016839545.1|G0000091
split_0145	GCA_018238545.1|G0000103
split_0145	GCA_019057815.1|G0000112
split_0145	GCA_019058165.1|G0000113
split_0145	GCA_021498085.1|G0000144
split_0145	GCA_021513695.1|G0000145
split_0145	GCA_021513715.1|G0000146
split_0145	GCA_022574115.1|G0000153
split_0145	GCA_023705985.1|G0000171
split_0145	GCA_027001645.1|G0000181
split_0145	GCA_027061945.1|G0000183
split_0145	GCA_027077875.1|G0000184
split_0145	GCA_029882335.1|G0000200
split_0145	GCA_030149205.1|G0000212
split_0145	GCA_030638685.1|G0000226
split_0145	GCA_030668165.1|G0000227
split_0145	GCA_034660795.1|G0000239
split_0145	GCA_054388035.1|G0000279
split_0145	GCA_054389375.1|G0000280
split_0146	GCA_013166775.1|G0000067
split_0146	GCA_015523565.1|G0000079
split_0146	GCA_016839545.1|G0000091
split_0146	GCA_018238545.1|G0000103
split_0146	GCA_019057815.1|G0000112
split_0146	GCA_021513695.1|G0000145
split_0146	GCA_021513715.1|G0000146
split_0146	GCA_022574115.1|G0000153
split_0146	GCA_023705985.1|G0000171
split_0146	GCA_027001645.1|G0000181
split_0146	GCA_027061945.1|G0000183
split_0146	GCA_027077875.1|G0000184
split_0146	GCA_029882335.1|G0000200
split_0146	GCA_030149205.1|G0000212
split_0146	GCA_030638685.1|G0000226
split_0146	GCA_030668165.1|G0000227
split_0146	GCA_054388035.1|G0000279
split_0146	GCA_054389375.1|G0000280
split_0147	GCA_013166775.1|G0000067
split_0147	GCA_018238545.1|G0000103
split_0147	GCA_019057815.1|G0000112
split_0147	GCA_021513695.1|G0000145
split_0147	GCA_021513715.1|G0000146
split_0147	GCA_023705985.1|G0000171
split_0148	GCA_013166775.1|G0000067
split_0148	GCA_018238545.1|G0000103
split_0149	GCA_019057815.1|G0000112
split_0149	GCA_021513695.1|G0000145
split_0149	GCA_021513715.1|G0000146
split_0149	GCA_023705985.1|G0000171
split_0150	GCA_019057815.1|G0000112
split_0150	GCA_023705985.1|G0000171
split_0151	GCA_021513695.1|G0000145
split_0151	GCA_021513715.1|G0000146
split_0152	GCA_015523565.1|G0000079
split_0152	GCA_016839545.1|G0000091
split_0152	GCA_022574115.1|G0000153
split_0152	GCA_027001645.1|G0000181
split_0152	GCA_027061945.1|G0000183
split_0152	GCA_027077875.1|G0000184
split_0152	GCA_029882335.1|G0000200
split_0152	GCA_030149205.1|G0000212
split_0152	GCA_030638685.1|G0000226
split_0152	GCA_030668165.1|G0000227
split_0152	GCA_054388035.1|G0000279
split_0152	GCA_054389375.1|G0000280
split_0153	GCA_015523565.1|G0000079
split_0153	GCA_016839545.1|G0000091
split_0153	GCA_022574115.1|G0000153
split_0153	GCA_027001645.1|G0000181
split_0153	GCA_027061945.1|G0000183
split_0153	GCA_027077875.1|G0000184
split_0153	GCA_029882335.1|G0000200
split_0153	GCA_030149205.1|G0000212
split_0153	GCA_030668165.1|G0000227
split_0153	GCA_054389375.1|G0000280
split_0154	GCA_015523565.1|G0000079
split_0154	GCA_016839545.1|G0000091
split_0154	GCA_022574115.1|G0000153
split_0154	GCA_027077875.1|G0000184
split_0154	GCA_029882335.1|G0000200
split_0154	GCA_030149205.1|G0000212
split_0154	GCA_030668165.1|G0000227
split_0154	GCA_054389375.1|G0000280
split_0155	GCA_015523565.1|G0000079
split_0155	GCA_030149205.1|G0000212
split_0156	GCA_016839545.1|G0000091
split_0156	GCA_022574115.1|G0000153
split_0156	GCA_027077875.1|G0000184
split_0156	GCA_029882335.1|G0000200
split_0156	GCA_030668165.1|G0000227
split_0156	GCA_054389375.1|G0000280
split_0157	GCA_016839545.1|G0000091
split_0157	GCA_022574115.1|G0000153
split_0157	GCA_029882335.1|G0000200
split_0157	GCA_030668165.1|G0000227
split_0157	GCA_054389375.1|G0000280
split_0158	GCA_016839545.1|G0000091
split_0158	GCA_022574115.1|G0000153
split_0158	GCA_030668165.1|G0000227
split_0158	GCA_054389375.1|G0000280
split_0159	GCA_016839545.1|G0000091
split_0159	GCA_022574115.1|G0000153
split_0159	GCA_054389375.1|G0000280
split_0160	GCA_022574115.1|G0000153
split_0160	GCA_054389375.1|G0000280
split_0161	GCA_027001645.1|G0000181
split_0161	GCA_027061945.1|G0000183
split_0162	GCA_030638685.1|G0000226
split_0162	GCA_054388035.1|G0000279
split_0163	GCA_019058165.1|G0000113
split_0163	GCA_021498085.1|G0000144
split_0163	GCA_034660795.1|G0000239
split_0164	GCA_021498085.1|G0000144
split_0164	GCA_034660795.1|G0000239
split_0165	GCA_003660605.1|G0000050
split_0165	GCA_018992685.1|G0000110
split_0165	GCA_034659995.1|G0000237
split_0165	GOMC.bin.4375|G0000307
split_0166	GCA_003660605.1|G0000050
split_0166	GCA_034659995.1|G0000237
split_0167	GCA_018992685.1|G0000110
split_0167	GOMC.bin.4375|G0000307
split_0168	GCA_000306725.1|G0000004
split_0168	GCA_001914405.1|G0000012
split_0168	GCA_002011155.2|G0000015
split_0168	GCA_002067095.1|G0000016
split_0168	GCA_002496395.1|G0000018
split_0168	GCA_002499905.1|G0000021
split_0168	GCA_002503135.1|G0000023
split_0168	GCA_002503885.1|G0000025
split_0168	GCA_002813105.2|G0000031
split_0168	GCA_003034855.1|G0000037
split_0168	GCA_003194425.1|G0000041
split_0168	GCA_011048835.1|G0000063
split_0168	GCA_014859725.1|G0000072
split_0168	GCA_015660865.1|G0000080
split_0168	GCA_016841485.1|G0000095
split_0168	GCA_016937345.1|G0000098
split_0168	GCA_017883965.1|G0000101
split_0168	GCA_019429385.1|G0000115
split_0168	GCA_021108405.1|G0000133
split_0168	GCA_028678665.1|G0000188
split_0168	GCA_029907705.1|G0000202
split_0168	GCA_030018435.1|G0000206
split_0168	GCA_030019205.1|G0000209
split_0168	GCA_030611265.1|G0000220
split_0168	GCA_030627385.1|G0000224
split_0168	GCA_037443105.1|G0000250
split_0168	GCA_040776445.1|G0000262
split_0168	GCF_000275865.1|G0000288
split_0168	GCF_000327485.1|G0000291
split_0168	GCF_004102725.1|G0000292
split_0168	GOMC.bin.831|G0000311
split_0169	GCA_000306725.1|G0000004
split_0169	GCA_002067095.1|G0000016
split_0169	GCA_002496395.1|G0000018
split_0169	GCA_002499905.1|G0000021
split_0169	GCA_002503135.1|G0000023
split_0169	GCA_002503885.1|G0000025
split_0169	GCA_002813105.2|G0000031
split_0169	GCA_011048835.1|G0000063
split_0169	GCA_014859725.1|G0000072
split_0169	GCA_015660865.1|G0000080
split_0169	GCA_016841485.1|G0000095
split_0169	GCA_016937345.1|G0000098
split_0169	GCA_019429385.1|G0000115
split_0169	GCA_021108405.1|G0000133
split_0169	GCA_028678665.1|G0000188
split_0169	GCA_029907705.1|G0000202
split_0169	GCA_030018435.1|G0000206
split_0169	GCA_030019205.1|G0000209
split_0169	GCA_030611265.1|G0000220
split_0169	GCA_030627385.1|G0000224
split_0169	GCA_037443105.1|G0000250
split_0169	GCA_040776445.1|G0000262
split_0169	GCF_000275865.1|G0000288
split_0169	GCF_000327485.1|G0000291
split_0169	GCF_004102725.1|G0000292
split_0169	GOMC.bin.831|G0000311
split_0170	GCA_000306725.1|G0000004
split_0170	GCA_002067095.1|G0000016
split_0170	GCA_002496395.1|G0000018
split_0170	GCA_002499905.1|G0000021
split_0170	GCA_002503135.1|G0000023
split_0170	GCA_002503885.1|G0000025
split_0170	GCA_011048835.1|G0000063
split_0170	GCA_014859725.1|G0000072
split_0170	GCA_015660865.1|G0000080
split_0170	GCA_016841485.1|G0000095
split_0170	GCA_016937345.1|G0000098
split_0170	GCA_019429385.1|G0000115
split_0170	GCA_021108405.1|G0000133
split_0170	GCA_028678665.1|G0000188
split_0170	GCA_029907705.1|G0000202
split_0170	GCA_030019205.1|G0000209
split_0170	GCA_030611265.1|G0000220
split_0170	GCA_030627385.1|G0000224
split_0170	GCA_037443105.1|G0000250
split_0170	GCA_040776445.1|G0000262
split_0170	GCF_000275865.1|G0000288
split_0170	GCF_000327485.1|G0000291
split_0170	GCF_004102725.1|G0000292
split_0170	GOMC.bin.831|G0000311
split_0171	GCA_000306725.1|G0000004
split_0171	GCA_014859725.1|G0000072
split_0171	GCA_019429385.1|G0000115
split_0171	GCA_021108405.1|G0000133
split_0171	GCA_030611265.1|G0000220
split_0171	GCA_030627385.1|G0000224
split_0172	GCA_000306725.1|G0000004
split_0172	GCA_030611265.1|G0000220
split_0173	GCA_014859725.1|G0000072
split_0173	GCA_019429385.1|G0000115
split_0173	GCA_021108405.1|G0000133
split_0173	GCA_030627385.1|G0000224
split_0174	GCA_014859725.1|G0000072
split_0174	GCA_019429385.1|G0000115
split_0174	GCA_030627385.1|G0000224
split_0175	GCA_014859725.1|G0000072
split_0175	GCA_019429385.1|G0000115
split_0176	GCA_002067095.1|G0000016
split_0176	GCA_002496395.1|G0000018
split_0176	GCA_002499905.1|G0000021
split_0176	GCA_002503135.1|G0000023
split_0176	GCA_002503885.1|G0000025
split_0176	GCA_011048835.1|G0000063
split_0176	GCA_015660865.1|G0000080
split_0176	GCA_016841485.1|G0000095
split_0176	GCA_016937345.1|G0000098
split_0176	GCA_028678665.1|G0000188
split_0176	GCA_029907705.1|G0000202
split_0176	GCA_030019205.1|G0000209
split_0176	GCA_037443105.1|G0000250
split_0176	GCA_040776445.1|G0000262
split_0176	GCF_000275865.1|G0000288
split_0176	GCF_000327485.1|G0000291
split_0176	GCF_004102725.1|G0000292
split_0176	GOMC.bin.831|G0000311
split_0177	GCA_002067095.1|G0000016
split_0177	GCA_002496395.1|G0000018
split_0177	GCA_002499905.1|G0000021
split_0177	GCA_002503135.1|G0000023
split_0177	GCA_002503885.1|G0000025
split_0177	GCA_011048835.1|G0000063
split_0177	GCA_015660865.1|G0000080
split_0177	GCA_016841485.1|G0000095
split_0177	GCA_016937345.1|G0000098
split_0177	GCA_028678665.1|G0000188
split_0177	GCA_029907705.1|G0000202
split_0177	GCA_030019205.1|G0000209
split_0177	GCA_040776445.1|G0000262
split_0177	GCF_000275865.1|G0000288
split_0177	GCF_000327485.1|G0000291
split_0177	GCF_004102725.1|G0000292
split_0177	GOMC.bin.831|G0000311
split_0178	GCA_002067095.1|G0000016
split_0178	GCA_002496395.1|G0000018
split_0178	GCA_002499905.1|G0000021
split_0178	GCA_002503135.1|G0000023
split_0178	GCA_002503885.1|G0000025
split_0178	GCA_011048835.1|G0000063
split_0178	GCA_015660865.1|G0000080
split_0178	GCA_016841485.1|G0000095
split_0178	GCA_016937345.1|G0000098
split_0178	GCA_028678665.1|G0000188
split_0178	GCA_029907705.1|G0000202
split_0178	GCA_030019205.1|G0000209
split_0178	GCA_040776445.1|G0000262
split_0178	GCF_000275865.1|G0000288
split_0178	GCF_004102725.1|G0000292
split_0178	GOMC.bin.831|G0000311
split_0179	GCA_002067095.1|G0000016
split_0179	GCA_002499905.1|G0000021
split_0179	GCA_040776445.1|G0000262
split_0180	GCA_002499905.1|G0000021
split_0180	GCA_040776445.1|G0000262
split_0181	GCA_002496395.1|G0000018
split_0181	GCA_002503135.1|G0000023
split_0181	GCA_002503885.1|G0000025
split_0181	GCA_011048835.1|G0000063
split_0181	GCA_015660865.1|G0000080
split_0181	GCA_016841485.1|G0000095
split_0181	GCA_016937345.1|G0000098
split_0181	GCA_028678665.1|G0000188
split_0181	GCA_029907705.1|G0000202
split_0181	GCA_030019205.1|G0000209
split_0181	GCF_000275865.1|G0000288
split_0181	GCF_004102725.1|G0000292
split_0181	GOMC.bin.831|G0000311
split_0182	GCA_002496395.1|G0000018
split_0182	GCA_002503885.1|G0000025
split_0182	GCA_011048835.1|G0000063
split_0182	GCA_015660865.1|G0000080
split_0182	GCA_016841485.1|G0000095
split_0182	GCA_016937345.1|G0000098
split_0182	GCA_028678665.1|G0000188
split_0182	GCA_029907705.1|G0000202
split_0182	GCA_030019205.1|G0000209
split_0182	GCF_000275865.1|G0000288
split_0182	GCF_004102725.1|G0000292
split_0182	GOMC.bin.831|G0000311
split_0183	GCA_002496395.1|G0000018
split_0183	GCA_030019205.1|G0000209
split_0184	GCA_002503885.1|G0000025
split_0184	GCA_011048835.1|G0000063
split_0184	GCA_015660865.1|G0000080
split_0184	GCA_016841485.1|G0000095
split_0184	GCA_016937345.1|G0000098
split_0184	GCA_028678665.1|G0000188
split_0184	GCA_029907705.1|G0000202
split_0184	GCF_000275865.1|G0000288
split_0184	GCF_004102725.1|G0000292
split_0184	GOMC.bin.831|G0000311
split_0185	GCA_002503885.1|G0000025
split_0185	GCA_029907705.1|G0000202
split_0185	GCF_004102725.1|G0000292
split_0185	GOMC.bin.831|G0000311
split_0186	GCA_002503885.1|G0000025
split_0186	GCF_004102725.1|G0000292
split_0186	GOMC.bin.831|G0000311
split_0187	GCA_002503885.1|G0000025
split_0187	GCF_004102725.1|G0000292
split_0188	GCA_011048835.1|G0000063
split_0188	GCA_015660865.1|G0000080
split_0188	GCA_016841485.1|G0000095
split_0188	GCA_016937345.1|G0000098
split_0188	GCA_028678665.1|G0000188
split_0188	GCF_000275865.1|G0000288
split_0189	GCA_011048835.1|G0000063
split_0189	GCA_016841485.1|G0000095
split_0189	GCA_016937345.1|G0000098
split_0190	GCA_016841485.1|G0000095
split_0190	GCA_016937345.1|G0000098
split_0191	GCA_015660865.1|G0000080
split_0191	GCA_028678665.1|G0000188
split_0191	GCF_000275865.1|G0000288
split_0192	GCA_015660865.1|G0000080
split_0192	GCA_028678665.1|G0000188
split_0193	GCA_002813105.2|G0000031
split_0193	GCA_030018435.1|G0000206
split_0194	GCA_001914405.1|G0000012
split_0194	GCA_002011155.2|G0000015
split_0194	GCA_003034855.1|G0000037
split_0194	GCA_003194425.1|G0000041
split_0194	GCA_017883965.1|G0000101
split_0195	GCA_001914405.1|G0000012
split_0195	GCA_003034855.1|G0000037
split_0196	GCA_002011155.2|G0000015
split_0196	GCA_003194425.1|G0000041
split_0196	GCA_017883965.1|G0000101
split_0197	GCA_003194425.1|G0000041
split_0197	GCA_017883965.1|G0000101
split_0198	GCA_003009755.1|G0000036
split_0198	GCA_003561665.1|G0000045
split_0198	GCA_016180755.1|G0000082
split_0198	GCA_016207515.1|G0000086
split_0198	GCA_019347805.1|G0000114
split_0198	GCA_020201485.1|G0000119
split_0198	GCA_020201485.1|G0000121
split_0198	GCA_021325135.1|G0000141
split_0198	GCA_023269235.1|G0000167
split_0198	GCA_035292305.1|G0000242
split_0198	GCA_035540375.1|G0000245
split_0198	GCA_035541015.1|G0000247
split_0198	GCA_041599855.1|G0000263
split_0198	GCA_041601615.1|G0000267
split_0198	GCA_041636435.1|G0000270
split_0198	GOMC.bin.18996|G0000301
split_0199	GCA_003009755.1|G0000036
split_0199	GCA_003561665.1|G0000045
split_0199	GCA_016207515.1|G0000086
split_0199	GCA_020201485.1|G0000119
split_0199	GCA_020201485.1|G0000121
split_0199	GCA_021325135.1|G0000141
split_0199	GCA_035292305.1|G0000242
split_0199	GCA_035540375.1|G0000245
split_0199	GCA_035541015.1|G0000247
split_0199	GCA_041599855.1|G0000263
split_0200	GCA_003009755.1|G0000036
split_0200	GCA_003561665.1|G0000045
split_0200	GCA_016207515.1|G0000086
split_0200	GCA_020201485.1|G0000119
split_0200	GCA_021325135.1|G0000141
split_0200	GCA_035292305.1|G0000242
split_0200	GCA_035540375.1|G0000245
split_0200	GCA_041599855.1|G0000263
split_0201	GCA_003009755.1|G0000036
split_0201	GCA_003561665.1|G0000045
split_0201	GCA_016207515.1|G0000086
split_0201	GCA_020201485.1|G0000119
split_0202	GCA_003009755.1|G0000036
split_0202	GCA_003561665.1|G0000045
split_0202	GCA_016207515.1|G0000086
split_0203	GCA_003009755.1|G0000036
split_0203	GCA_003561665.1|G0000045
split_0204	GCA_021325135.1|G0000141
split_0204	GCA_035292305.1|G0000242
split_0204	GCA_035540375.1|G0000245
split_0204	GCA_041599855.1|G0000263
split_0205	GCA_021325135.1|G0000141
split_0205	GCA_035292305.1|G0000242
split_0205	GCA_041599855.1|G0000263
split_0206	GCA_021325135.1|G0000141
split_0206	GCA_035292305.1|G0000242
split_0207	GCA_020201485.1|G0000121
split_0207	GCA_035541015.1|G0000247
split_0208	GCA_016180755.1|G0000082
split_0208	GCA_019347805.1|G0000114
split_0208	GCA_023269235.1|G0000167
split_0208	GCA_041601615.1|G0000267
split_0208	GCA_041636435.1|G0000270
split_0208	GOMC.bin.18996|G0000301
split_0209	GCA_016180755.1|G0000082
split_0209	GCA_023269235.1|G0000167
split_0209	GCA_041601615.1|G0000267
split_0209	GCA_041636435.1|G0000270
split_0209	GOMC.bin.18996|G0000301
split_0210	GCA_023269235.1|G0000167
split_0210	GCA_041601615.1|G0000267
split_0210	GCA_041636435.1|G0000270
split_0210	GOMC.bin.18996|G0000301
split_0211	GCA_041601615.1|G0000267
split_0211	GCA_041636435.1|G0000270
split_0211	GOMC.bin.18996|G0000301
split_0212	GCA_041636435.1|G0000270
split_0212	GOMC.bin.18996|G0000301
split_0213	GCA_003649745.1|G0000047
split_0213	GCA_017608175.1|G0000099
split_0213	GCA_017608445.1|G0000100
split_0213	GCA_020350365.1|G0000122
split_0213	GCA_020350825.1|G0000124
split_0213	GCA_029762575.1|G0000196
split_0213	GCA_030612095.1|G0000221
split_0214	GCA_017608175.1|G0000099
split_0214	GCA_017608445.1|G0000100
split_0214	GCA_020350365.1|G0000122
split_0214	GCA_020350825.1|G0000124
split_0214	GCA_029762575.1|G0000196
split_0214	GCA_030612095.1|G0000221
split_0215	GCA_017608175.1|G0000099
split_0215	GCA_020350825.1|G0000124
split_0215	GCA_029762575.1|G0000196
split_0215	GCA_030612095.1|G0000221
split_0216	GCA_017608175.1|G0000099
split_0216	GCA_020350825.1|G0000124
split_0216	GCA_030612095.1|G0000221
split_0217	GCA_020350825.1|G0000124
split_0217	GCA_030612095.1|G0000221
split_0218	GCA_017608445.1|G0000100
split_0218	GCA_020350365.1|G0000122
split_0219	GCA_002838935.1|G0000033
split_0219	GCA_003561665.1|G0000046
split_0219	GCA_016180755.1|G0000081
split_0219	GCA_016180755.1|G0000083
split_0219	GCA_016207515.1|G0000085
split_0219	GCA_020201485.1|G0000120
split_0219	GCA_023269235.1|G0000168
split_0219	GCA_028716125.1|G0000190
split_0219	GCA_035292305.1|G0000241
split_0219	GCA_035540375.1|G0000244
split_0219	GCA_035541015.1|G0000246
split_0219	GCA_041601615.1|G0000265
split_0219	GCA_041636435.1|G0000271
split_0219	GOMC.bin.18996|G0000300
split_0220	GCA_002838935.1|G0000033
split_0220	GCA_028716125.1|G0000190
split_0221	GCA_003561665.1|G0000046
split_0221	GCA_016180755.1|G0000081
split_0221	GCA_016180755.1|G0000083
split_0221	GCA_016207515.1|G0000085
split_0221	GCA_020201485.1|G0000120
split_0221	GCA_023269235.1|G0000168
split_0221	GCA_035292305.1|G0000241
split_0221	GCA_035540375.1|G0000244
split_0221	GCA_035541015.1|G0000246
split_0221	GCA_041601615.1|G0000265
split_0221	GCA_041636435.1|G0000271
split_0221	GOMC.bin.18996|G0000300
split_0222	GCA_003561665.1|G0000046
split_0222	GCA_023269235.1|G0000168
split_0222	GCA_035292305.1|G0000241
split_0222	GCA_035540375.1|G0000244
split_0222	GCA_035541015.1|G0000246
split_0222	GCA_041601615.1|G0000265
split_0222	GCA_041636435.1|G0000271
split_0222	GOMC.bin.18996|G0000300
split_0223	GCA_003561665.1|G0000046
split_0223	GCA_023269235.1|G0000168
split_0223	GCA_035292305.1|G0000241
split_0223	GCA_035540375.1|G0000244
split_0223	GCA_035541015.1|G0000246
split_0223	GCA_041601615.1|G0000265
split_0223	GCA_041636435.1|G0000271
split_0224	GCA_003561665.1|G0000046
split_0224	GCA_023269235.1|G0000168
split_0224	GCA_035540375.1|G0000244
split_0224	GCA_035541015.1|G0000246
split_0224	GCA_041601615.1|G0000265
split_0224	GCA_041636435.1|G0000271
split_0225	GCA_003561665.1|G0000046
split_0225	GCA_023269235.1|G0000168
split_0225	GCA_035540375.1|G0000244
split_0225	GCA_035541015.1|G0000246
split_0226	GCA_003561665.1|G0000046
split_0226	GCA_035540375.1|G0000244
split_0226	GCA_035541015.1|G0000246
split_0227	GCA_003561665.1|G0000046
split_0227	GCA_035541015.1|G0000246
split_0228	GCA_041601615.1|G0000265
split_0228	GCA_041636435.1|G0000271
split_0229	GCA_016180755.1|G0000081
split_0229	GCA_016180755.1|G0000083
split_0229	GCA_016207515.1|G0000085
split_0229	GCA_020201485.1|G0000120
split_0230	GCA_016180755.1|G0000081
split_0230	GCA_016180755.1|G0000083
split_0231	GCA_016207515.1|G0000085
split_0231	GCA_020201485.1|G0000120
split_0232	GCA_011049295.1|G0000064
split_0232	GCA_011052825.1|G0000065
split_0232	GCA_014361195.1|G0000070
split_0232	GCA_021158865.1|G0000135
split_0232	GCA_021159125.1|G0000136
split_0232	GCA_021162065.1|G0000138
split_0232	GCA_034660695.1|G0000238
split_0232	GOMC.bin.2408|G0000304
split_0232	SRR22580806_bin.15|G0000316
split_0233	GCA_011049295.1|G0000064
split_0233	GCA_011052825.1|G0000065
split_0233	GCA_014361195.1|G0000070
split_0233	GCA_021158865.1|G0000135
split_0233	GCA_021159125.1|G0000136
split_0233	GCA_021162065.1|G0000138
split_0233	GCA_034660695.1|G0000238
split_0233	GOMC.bin.2408|G0000304
split_0234	GCA_011049295.1|G0000064
split_0234	GCA_011052825.1|G0000065
split_0234	GCA_014361195.1|G0000070
split_0234	GCA_021158865.1|G0000135
split_0234	GCA_021159125.1|G0000136
split_0234	GCA_021162065.1|G0000138
split_0234	GCA_034660695.1|G0000238
split_0235	GCA_011049295.1|G0000064
split_0235	GCA_021159125.1|G0000136
split_0235	GCA_034660695.1|G0000238
split_0236	GCA_021159125.1|G0000136
split_0236	GCA_034660695.1|G0000238
split_0237	GCA_011052825.1|G0000065
split_0237	GCA_014361195.1|G0000070
split_0237	GCA_021158865.1|G0000135
split_0237	GCA_021162065.1|G0000138
split_0238	GCA_011052825.1|G0000065
split_0238	GCA_014361195.1|G0000070
split_0238	GCA_021162065.1|G0000138
split_0239	GCA_014361195.1|G0000070
split_0239	GCA_021162065.1|G0000138
split_0240	GCA_030018475.1|G0000207
split_0240	GCA_030019485.1|G0000210
split_0240	GCA_030605245.1|G0000218
split_0241	GCA_030019485.1|G0000210
split_0241	GCA_030605245.1|G0000218
split_0242	GCA_003663585.1|G0000053
split_0242	GCA_016928095.1|G0000097
split_0242	GCA_020356005.1|G0000129
split_0242	GCA_020696345.1|G0000130
split_0242	GCA_023145185.1|G0000161
split_0242	GCA_028279585.1|G0000185
split_0242	GCA_029762535.1|G0000193
split_0242	GCA_029932465.1|G0000203
split_0242	GOMC.bin.14106|G0000295
split_0243	GCA_003663585.1|G0000053
split_0243	GOMC.bin.14106|G0000295
split_0244	GCA_016928095.1|G0000097
split_0244	GCA_020356005.1|G0000129
split_0244	GCA_020696345.1|G0000130
split_0244	GCA_023145185.1|G0000161
split_0244	GCA_028279585.1|G0000185
split_0244	GCA_029762535.1|G0000193
split_0244	GCA_029932465.1|G0000203
split_0245	GCA_016928095.1|G0000097
split_0245	GCA_020356005.1|G0000129
split_0245	GCA_023145185.1|G0000161
split_0245	GCA_028279585.1|G0000185
split_0245	GCA_029762535.1|G0000193
split_0245	GCA_029932465.1|G0000203
split_0246	GCA_016928095.1|G0000097
split_0246	GCA_023145185.1|G0000161
split_0246	GCA_028279585.1|G0000185
split_0246	GCA_029762535.1|G0000193
split_0246	GCA_029932465.1|G0000203
split_0247	GCA_016928095.1|G0000097
split_0247	GCA_023145185.1|G0000161
split_0247	GCA_028279585.1|G0000185
split_0247	GCA_029762535.1|G0000193
split_0248	GCA_016928095.1|G0000097
split_0248	GCA_023145185.1|G0000161
split_0248	GCA_029762535.1|G0000193
split_0249	GCA_016928095.1|G0000097
split_0249	GCA_029762535.1|G0000193
split_0250	GCA_030594725.1|G0000214
split_0250	GCA_974391215.1|G0000285
split_0251	GCA_016874675.1|G0000096
split_0251	GCA_023265395.1|G0000165
split_0251	GCA_038851035.1|G0000252
split_0252	GCA_016874675.1|G0000096
split_0252	GCA_038851035.1|G0000252
split_0253	GCA_000496135.1|G0000005
split_0253	GCA_000965745.1|G0000006
split_0253	GCA_001856825.1|G0000011
split_0253	GCA_002878135.1|G0000035
split_0253	GCA_013154005.1|G0000066
split_0253	GCA_015520565.1|G0000076
split_0253	GCA_015520975.1|G0000077
split_0253	GCA_016806715.1|G0000089
split_0253	GCA_021163705.1|G0000140
split_0253	GCA_021797355.1|G0000148
split_0253	GCA_021817415.1|G0000152
split_0253	GCA_023256475.1|G0000162
split_0253	GCA_023256615.1|G0000163
split_0253	GCA_023261745.1|G0000164
split_0253	GCA_031961525.1|G0000234
split_0253	GCA_031961865.1|G0000235
split_0253	GOMC.bin.17021|G0000297
split_0253	GOMC.bin.891|G0000314
split_0254	GCA_000496135.1|G0000005
split_0254	GCA_000965745.1|G0000006
split_0254	GCA_001856825.1|G0000011
split_0254	GCA_002878135.1|G0000035
split_0254	GCA_013154005.1|G0000066
split_0254	GCA_015520565.1|G0000076
split_0254	GCA_015520975.1|G0000077
split_0254	GCA_016806715.1|G0000089
split_0254	GCA_021163705.1|G0000140
split_0254	GCA_021797355.1|G0000148
split_0254	GCA_021817415.1|G0000152
split_0254	GCA_023256475.1|G0000162
split_0254	GCA_023256615.1|G0000163
split_0254	GCA_023261745.1|G0000164
split_0254	GCA_031961525.1|G0000234
split_0254	GCA_031961865.1|G0000235
split_0254	GOMC.bin.891|G0000314
split_0255	GCA_000496135.1|G0000005
split_0255	GCA_000965745.1|G0000006
split_0255	GCA_001856825.1|G0000011
split_0255	GCA_016806715.1|G0000089
split_0255	GCA_021797355.1|G0000148
split_0255	GCA_021817415.1|G0000152
split_0255	GCA_023256475.1|G0000162
split_0255	GCA_023256615.1|G0000163
split_0255	GOMC.bin.891|G0000314
split_0256	GCA_000496135.1|G0000005
split_0256	GCA_000965745.1|G0000006
split_0256	GCA_001856825.1|G0000011
split_0256	GCA_016806715.1|G0000089
split_0256	GCA_021797355.1|G0000148
split_0256	GCA_021817415.1|G0000152
split_0256	GCA_023256475.1|G0000162
split_0256	GCA_023256615.1|G0000163
split_0257	GCA_000496135.1|G0000005
split_0257	GCA_000965745.1|G0000006
split_0257	GCA_016806715.1|G0000089
split_0257	GCA_021797355.1|G0000148
split_0258	GCA_000496135.1|G0000005
split_0258	GCA_000965745.1|G0000006
split_0259	GCA_016806715.1|G0000089
split_0259	GCA_021797355.1|G0000148
split_0260	GCA_001856825.1|G0000011
split_0260	GCA_021817415.1|G0000152
split_0260	GCA_023256475.1|G0000162
split_0260	GCA_023256615.1|G0000163
split_0261	GCA_001856825.1|G0000011
split_0261	GCA_021817415.1|G0000152
split_0261	GCA_023256615.1|G0000163
split_0262	GCA_021817415.1|G0000152
split_0262	GCA_023256615.1|G0000163
split_0263	GCA_002878135.1|G0000035
split_0263	GCA_013154005.1|G0000066
split_0263	GCA_015520565.1|G0000076
split_0263	GCA_015520975.1|G0000077
split_0263	GCA_021163705.1|G0000140
split_0263	GCA_023261745.1|G0000164
split_0263	GCA_031961525.1|G0000234
split_0263	GCA_031961865.1|G0000235
split_0264	GCA_002878135.1|G0000035
split_0264	GCA_023261745.1|G0000164
split_0264	GCA_031961525.1|G0000234
split_0264	GCA_031961865.1|G0000235
split_0265	GCA_002878135.1|G0000035
split_0265	GCA_023261745.1|G0000164
split_0265	GCA_031961525.1|G0000234
split_0266	GCA_002878135.1|G0000035
split_0266	GCA_031961525.1|G0000234
split_0267	GCA_013154005.1|G0000066
split_0267	GCA_015520565.1|G0000076
split_0267	GCA_015520975.1|G0000077
split_0267	GCA_021163705.1|G0000140
split_0268	GCA_013154005.1|G0000066
split_0268	GCA_015520565.1|G0000076
split_0268	GCA_015520975.1|G0000077
split_0269	GCA_013154005.1|G0000066
split_0269	GCA_015520975.1|G0000077
split_0270	GCA_030595765.1|G0000215
split_0270	GCA_030673205.1|G0000229
split_0271	GCA_001595885.1|G0000009
split_0271	GCA_004377185.1|G0000056
split_0271	GCA_005878985.1|G0000057
split_0271	GCA_013791785.1|G0000069
split_0271	GCA_016214785.1|G0000087
split_0271	GCA_017885655.1|G0000102
split_0271	GCA_020029475.1|G0000118
split_0271	GCA_020696385.1|G0000131
split_0271	GCA_022848835.1|G0000155
split_0271	GCA_022848865.1|G0000156
split_0271	GCA_023136815.1|G0000159
split_0271	GCA_023140195.1|G0000160
split_0271	GCA_030594205.1|G0000213
split_0271	GCA_030606525.1|G0000219
split_0271	GCA_030672365.1|G0000228
split_0271	GCA_036795795.1|G0000249
split_0271	GCA_040753455.1|G0000261
split_0271	GCA_975093245.1|G0000287
split_0271	GOMC.bin.7988|G0000310
split_0272	GCA_001595885.1|G0000009
split_0272	GCA_013791785.1|G0000069
split_0272	GCA_016214785.1|G0000087
split_0272	GCA_020696385.1|G0000131
split_0272	GCA_023136815.1|G0000159
split_0272	GCA_030672365.1|G0000228
split_0272	GCA_036795795.1|G0000249
split_0272	GCA_040753455.1|G0000261
split_0273	GCA_001595885.1|G0000009
split_0273	GCA_013791785.1|G0000069
split_0273	GCA_016214785.1|G0000087
split_0273	GCA_020696385.1|G0000131
split_0273	GCA_023136815.1|G0000159
split_0273	GCA_036795795.1|G0000249
split_0273	GCA_040753455.1|G0000261
split_0274	GCA_001595885.1|G0000009
split_0274	GCA_013791785.1|G0000069
split_0274	GCA_020696385.1|G0000131
split_0274	GCA_023136815.1|G0000159
split_0275	GCA_013791785.1|G0000069
split_0275	GCA_020696385.1|G0000131
split_0275	GCA_023136815.1|G0000159
split_0276	GCA_013791785.1|G0000069
split_0276	GCA_023136815.1|G0000159
split_0277	GCA_016214785.1|G0000087
split_0277	GCA_036795795.1|G0000249
split_0277	GCA_040753455.1|G0000261
split_0278	GCA_016214785.1|G0000087
split_0278	GCA_040753455.1|G0000261
split_0279	GCA_004377185.1|G0000056
split_0279	GCA_005878985.1|G0000057
split_0279	GCA_017885655.1|G0000102
split_0279	GCA_020029475.1|G0000118
split_0279	GCA_022848835.1|G0000155
split_0279	GCA_022848865.1|G0000156
split_0279	GCA_023140195.1|G0000160
split_0279	GCA_030594205.1|G0000213
split_0279	GCA_030606525.1|G0000219
split_0279	GCA_975093245.1|G0000287
split_0279	GOMC.bin.7988|G0000310
split_0280	GCA_004377185.1|G0000056
split_0280	GCA_005878985.1|G0000057
split_0280	GCA_017885655.1|G0000102
split_0280	GCA_020029475.1|G0000118
split_0280	GCA_022848835.1|G0000155
split_0280	GCA_022848865.1|G0000156
split_0280	GCA_023140195.1|G0000160
split_0280	GCA_030594205.1|G0000213
split_0280	GCA_975093245.1|G0000287
split_0280	GOMC.bin.7988|G0000310
split_0281	GCA_004377185.1|G0000056
split_0281	GCA_022848865.1|G0000156
split_0281	GCA_023140195.1|G0000160
split_0281	GOMC.bin.7988|G0000310
split_0282	GCA_004377185.1|G0000056
split_0282	GCA_023140195.1|G0000160
split_0282	GOMC.bin.7988|G0000310
split_0283	GCA_004377185.1|G0000056
split_0283	GOMC.bin.7988|G0000310
split_0284	GCA_005878985.1|G0000057
split_0284	GCA_017885655.1|G0000102
split_0284	GCA_020029475.1|G0000118
split_0284	GCA_022848835.1|G0000155
split_0284	GCA_030594205.1|G0000213
split_0284	GCA_975093245.1|G0000287
split_0285	GCA_005878985.1|G0000057
split_0285	GCA_020029475.1|G0000118
split_0285	GCA_975093245.1|G0000287
split_0286	GCA_005878985.1|G0000057
split_0286	GCA_020029475.1|G0000118
split_0287	GCA_017885655.1|G0000102
split_0287	GCA_022848835.1|G0000155
split_0287	GCA_030594205.1|G0000213
split_0288	GCA_022848835.1|G0000155
split_0288	GCA_030594205.1|G0000213
split_0289	GCA_002503985.1|G0000026
split_0289	GCA_003551675.1|G0000042
split_0289	GCA_003552585.1|G0000043
split_0289	GCA_003560595.1|G0000044
split_0289	GCA_007129655.1|G0000061
split_0289	GCA_015522885.1|G0000078
split_0289	GCA_021790425.1|G0000147
split_0289	GCA_021798195.1|G0000149
split_0289	GCA_021802125.1|G0000150
split_0289	GCA_026414225.1|G0000180
split_0289	GCA_027006785.1|G0000182
split_0290	GCA_002503985.1|G0000026
split_0290	GCA_021790425.1|G0000147
split_0290	GCA_021798195.1|G0000149
split_0290	GCA_021802125.1|G0000150
split_0290	GCA_026414225.1|G0000180
split_0291	GCA_002503985.1|G0000026
split_0291	GCA_021790425.1|G0000147
split_0291	GCA_021798195.1|G0000149
split_0291	GCA_021802125.1|G0000150
split_0292	GCA_021790425.1|G0000147
split_0292	GCA_021798195.1|G0000149
split_0292	GCA_021802125.1|G0000150
split_0293	GCA_021790425.1|G0000147
split_0293	GCA_021798195.1|G0000149
split_0294	GCA_003551675.1|G0000042
split_0294	GCA_003552585.1|G0000043
split_0294	GCA_003560595.1|G0000044
split_0294	GCA_007129655.1|G0000061
split_0294	GCA_015522885.1|G0000078
split_0294	GCA_027006785.1|G0000182
split_0295	GCA_003551675.1|G0000042
split_0295	GCA_003552585.1|G0000043
split_0295	GCA_003560595.1|G0000044
split_0295	GCA_007129655.1|G0000061
split_0296	GCA_003552585.1|G0000043
split_0296	GCA_003560595.1|G0000044
split_0296	GCA_007129655.1|G0000061
split_0297	GCA_003560595.1|G0000044
split_0297	GCA_007129655.1|G0000061
split_0298	GCA_015522885.1|G0000078
split_0298	GCA_027006785.1|G0000182
split_0299	GCA_011046235.1|G0000062
split_0299	GCA_014859835.1|G0000073
split_0299	GCA_018814355.1|G0000109
split_0299	GCA_019721035.1|G0000117
split_0299	GCA_021806165.1|G0000151
split_0299	GCA_023379385.1|G0000169
split_0299	GCA_029858465.1|G0000199
split_0299	GCA_035529455.1|G0000243
split_0299	GCA_038852315.1|G0000254
split_0299	GCA_038881315.1|G0000257
split_0299	GOMC.bin.8344|G0000312
split_0299	GOMC.bin.8344|G0000313
split_0300	GCA_011046235.1|G0000062
split_0300	GCA_014859835.1|G0000073
split_0300	GCA_018814355.1|G0000109
split_0300	GCA_023379385.1|G0000169
split_0300	GCA_029858465.1|G0000199
split_0300	GCA_035529455.1|G0000243
split_0300	GCA_038852315.1|G0000254
split_0300	GOMC.bin.8344|G0000312
split_0300	GOMC.bin.8344|G0000313
split_0301	GCA_011046235.1|G0000062
split_0301	GCA_023379385.1|G0000169
split_0301	GCA_029858465.1|G0000199
split_0301	GOMC.bin.8344|G0000312
split_0301	GOMC.bin.8344|G0000313
split_0302	GCA_011046235.1|G0000062
split_0302	GCA_023379385.1|G0000169
split_0302	GOMC.bin.8344|G0000313
split_0303	GCA_023379385.1|G0000169
split_0303	GOMC.bin.8344|G0000313
split_0304	GCA_029858465.1|G0000199
split_0304	GOMC.bin.8344|G0000312
split_0305	GCA_014859835.1|G0000073
split_0305	GCA_018814355.1|G0000109
split_0305	GCA_035529455.1|G0000243
split_0305	GCA_038852315.1|G0000254
split_0306	GCA_014859835.1|G0000073
split_0306	GCA_018814355.1|G0000109
split_0306	GCA_038852315.1|G0000254
split_0307	GCA_014859835.1|G0000073
split_0307	GCA_038852315.1|G0000254
split_0308	GCA_019721035.1|G0000117
split_0308	GCA_021806165.1|G0000151
split_0308	GCA_038881315.1|G0000257
split_0309	GCA_019721035.1|G0000117
split_0309	GCA_021806165.1|G0000151
split_0310	GCA_013415695.1|G0000068
split_0310	GCA_046539605.1|G0000275
split_0311	GCA_020725985.1|G0000132
split_0311	GCA_028679985.1|G0000189
split_0311	GCA_029907465.1|G0000201
split_0312	GCA_020725985.1|G0000132
split_0312	GCA_029907465.1|G0000201
split_0313	GCA_002497075.1|G0000019
split_0313	GCA_003135935.1|G0000039
split_0313	GCA_030604065.1|G0000216
split_0314	GCA_002497075.1|G0000019
split_0314	GCA_030604065.1|G0000216
