split_id	gene_id
split_0001	GCA_000145985.1|G0000001
split_0001	GOMC.bin.2847|G0000280
split_0002	GCA_000145985.1|G0000001
split_0002	GOMC.bin.2847|G0000280
split_0002	GOMC.bin.3217|G0000288
split_0003	GCA_000145985.1|G0000001
split_0003	GCA_023269735.1|G0000130
split_0003	GOMC.bin.2847|G0000280
split_0003	GOMC.bin.3217|G0000288
split_0004	GCA_000145985.1|G0000001
split_0004	GCA_002011155.2|G0000016
split_0004	GCA_023269735.1|G0000130
split_0004	GOMC.bin.2847|G0000280
split_0004	GOMC.bin.3217|G0000288
split_0005	GCA_000145985.1|G0000001
split_0005	GCA_002011155.2|G0000016
split_0005	GCA_003650785.1|G0000036
split_0005	GCA_003650925.1|G0000038
split_0005	GCA_003662645.1|G0000040
split_0005	GCA_011605725.1|G0000058
split_0005	GCA_015520475.1|G0000067
split_0005	GCA_016840485.1|G0000078
split_0005	GCA_018396535.1|G0000090
split_0005	GCA_019056805.1|G0000097
split_0005	GCA_021162845.1|G0000114
split_0005	GCA_023269735.1|G0000130
split_0005	GCA_025059045.1|G0000135
split_0005	GCA_029856435.1|G0000156
split_0005	GCA_038819355.1|G0000185
split_0005	GCA_038820475.1|G0000186
split_0005	GCA_038825615.1|G0000188
split_0005	GCA_038840355.1|G0000191
split_0005	GCA_038846965.1|G0000195
split_0005	GCA_054385715.1|G0000226
split_0005	GOMC.bin.16739|G0000273
split_0005	GOMC.bin.2724|G0000276
split_0005	GOMC.bin.2843|G0000277
split_0005	GOMC.bin.2847|G0000280
split_0005	GOMC.bin.2866|G0000283
split_0005	GOMC.bin.2875|G0000285
split_0005	GOMC.bin.2900|G0000287
split_0005	GOMC.bin.3217|G0000288
split_0005	GOMC.bin.5642|G0000294
split_0006	GCA_000145985.1|G0000001
split_0006	GCA_002011155.2|G0000016
split_0006	GCA_003650785.1|G0000036
split_0006	GCA_003650925.1|G0000038
split_0006	GCA_003662645.1|G0000040
split_0006	GCA_011605725.1|G0000058
split_0006	GCA_015520475.1|G0000067
split_0006	GCA_016840485.1|G0000078
split_0006	GCA_017601265.1|G0000086
split_0006	GCA_018396535.1|G0000090
split_0006	GCA_019056805.1|G0000097
split_0006	GCA_021162845.1|G0000114
split_0006	GCA_021163245.1|G0000117
split_0006	GCA_023269735.1|G0000130
split_0006	GCA_025059045.1|G0000135
split_0006	GCA_029856435.1|G0000156
split_0006	GCA_038819355.1|G0000185
split_0006	GCA_038820475.1|G0000186
split_0006	GCA_038825615.1|G0000188
split_0006	GCA_038840355.1|G0000191
split_0006	GCA_038846965.1|G0000195
split_0006	GCA_038866625.1|G0000199
split_0006	GCA_054385715.1|G0000226
split_0006	GOMC.bin.16739|G0000273
split_0006	GOMC.bin.2724|G0000276
split_0006	GOMC.bin.2843|G0000277
split_0006	GOMC.bin.2847|G0000280
split_0006	GOMC.bin.2857|G0000281
split_0006	GOMC.bin.2866|G0000283
split_0006	GOMC.bin.2875|G0000285
split_0006	GOMC.bin.2900|G0000287
split_0006	GOMC.bin.3217|G0000288
split_0006	GOMC.bin.5642|G0000294
split_0007	GCA_000145985.1|G0000001
split_0007	GCA_002011155.2|G0000016
split_0007	GCA_003650785.1|G0000036
split_0007	GCA_003650925.1|G0000038
split_0007	GCA_003662645.1|G0000040
split_0007	GCA_011605725.1|G0000058
split_0007	GCA_015520475.1|G0000067
split_0007	GCA_016840485.1|G0000078
split_0007	GCA_017601265.1|G0000086
split_0007	GCA_018396535.1|G0000090
split_0007	GCA_019056805.1|G0000097
split_0007	GCA_021162845.1|G0000114
split_0007	GCA_021163245.1|G0000117
split_0007	GCA_023269735.1|G0000130
split_0007	GCA_025059045.1|G0000135
split_0007	GCA_029258735.1|G0000146
split_0007	GCA_029856435.1|G0000156
split_0007	GCA_038819355.1|G0000185
split_0007	GCA_038820475.1|G0000186
split_0007	GCA_038825615.1|G0000188
split_0007	GCA_038840355.1|G0000191
split_0007	GCA_038846965.1|G0000195
split_0007	GCA_038866625.1|G0000199
split_0007	GCA_054385715.1|G0000226
split_0007	GOMC.bin.16739|G0000273
split_0007	GOMC.bin.2724|G0000276
split_0007	GOMC.bin.2843|G0000277
split_0007	GOMC.bin.2847|G0000280
split_0007	GOMC.bin.2857|G0000281
split_0007	GOMC.bin.2866|G0000283
split_0007	GOMC.bin.2875|G0000285
split_0007	GOMC.bin.2900|G0000287
split_0007	GOMC.bin.3217|G0000288
split_0007	GOMC.bin.5642|G0000294
split_0008	GCA_000145985.1|G0000001
split_0008	GCA_001516585.1|G0000006
split_0008	GCA_001563875.1|G0000008
split_0008	GCA_001564275.1|G0000010
split_0008	GCA_002009975.1|G0000015
split_0008	GCA_002011155.2|G0000016
split_0008	GCA_003021085.1|G0000027
split_0008	GCA_003021175.1|G0000029
split_0008	GCA_003116855.1|G0000031
split_0008	GCA_003164815.1|G0000033
split_0008	GCA_003650785.1|G0000036
split_0008	GCA_003650925.1|G0000038
split_0008	GCA_003662645.1|G0000040
split_0008	GCA_005191415.1|G0000046
split_0008	GCA_005954745.1|G0000048
split_0008	GCA_007122875.1|G0000052
split_0008	GCA_011364925.1|G0000054
split_0008	GCA_011605725.1|G0000058
split_0008	GCA_015520475.1|G0000067
split_0008	GCA_015520705.1|G0000068
split_0008	GCA_015520705.1|G0000069
split_0008	GCA_015522745.1|G0000070
split_0008	GCA_016207465.1|G0000071
split_0008	GCA_016840065.1|G0000075
split_0008	GCA_016840135.1|G0000076
split_0008	GCA_016840485.1|G0000078
split_0008	GCA_017601265.1|G0000086
split_0008	GCA_018304605.1|G0000087
split_0008	GCA_018396535.1|G0000090
split_0008	GCA_018920315.1|G0000096
split_0008	GCA_019056805.1|G0000097
split_0008	GCA_019058165.1|G0000104
split_0008	GCA_019721035.1|G0000111
split_0008	GCA_021162845.1|G0000114
split_0008	GCA_021163245.1|G0000117
split_0008	GCA_021323375.2|G0000119
split_0008	GCA_021498085.1|G0000124
split_0008	GCA_022865215.1|G0000126
split_0008	GCA_023008585.1|G0000128
split_0008	GCA_023269735.1|G0000130
split_0008	GCA_025059045.1|G0000135
split_0008	GCA_027002815.1|G0000140
split_0008	GCA_028275105.1|G0000143
split_0008	GCA_029258735.1|G0000146
split_0008	GCA_029259245.1|G0000147
split_0008	GCA_029856435.1|G0000156
split_0008	GCA_030750015.1|G0000163
split_0008	GCA_031852275.1|G0000164
split_0008	GCA_034190395.1|G0000170
split_0008	GCA_035269625.1|G0000171
split_0008	GCA_035531115.1|G0000173
split_0008	GCA_035622335.1|G0000175
split_0008	GCA_036626315.1|G0000176
split_0008	GCA_037386725.1|G0000179
split_0008	GCA_038819355.1|G0000185
split_0008	GCA_038820475.1|G0000186
split_0008	GCA_038825615.1|G0000188
split_0008	GCA_038840355.1|G0000191
split_0008	GCA_038846965.1|G0000195
split_0008	GCA_038866625.1|G0000199
split_0008	GCA_038869515.1|G0000200
split_0008	GCA_048938295.1|G0000211
split_0008	GCA_052584985.1|G0000213
split_0008	GCA_054381345.1|G0000217
split_0008	GCA_054383535.1|G0000219
split_0008	GCA_054385715.1|G0000226
split_0008	GCF_000007305.1|G0000231
split_0008	GCF_000007305.1|G0000232
split_0008	GCF_000025325.1|G0000235
split_0008	GCF_000025325.1|G0000238
split_0008	GCF_000237865.1|G0000241
split_0008	GCF_000334895.1|G0000246
split_0008	GCF_000403645.1|G0000250
split_0008	GCF_003369835.1|G0000252
split_0008	GCF_014647475.1|G0000256
split_0008	GCF_019693215.1|G0000258
split_0008	GCF_021083305.1|G0000260
split_0008	GCF_024227995.1|G0000261
split_0008	GCF_029338295.1|G0000265
split_0008	GCF_030287405.1|G0000266
split_0008	GCF_036429475.1|G0000269
split_0008	GOMC.bin.12150|G0000271
split_0008	GOMC.bin.16739|G0000273
split_0008	GOMC.bin.2724|G0000276
split_0008	GOMC.bin.2843|G0000277
split_0008	GOMC.bin.2847|G0000280
split_0008	GOMC.bin.2857|G0000281
split_0008	GOMC.bin.2866|G0000283
split_0008	GOMC.bin.2875|G0000285
split_0008	GOMC.bin.2900|G0000287
split_0008	GOMC.bin.3217|G0000288
split_0008	GOMC.bin.4029|G0000289
split_0008	GOMC.bin.4029|G0000290
split_0008	GOMC.bin.4077|G0000291
split_0008	GOMC.bin.5642|G0000294
split_0008	GOMC.bin.9202|G0000302
split_0009	GCA_000145985.1|G0000001
split_0009	GCA_001516585.1|G0000006
split_0009	GCA_001563875.1|G0000008
split_0009	GCA_001564275.1|G0000010
split_0009	GCA_002009975.1|G0000015
split_0009	GCA_002011155.2|G0000016
split_0009	GCA_003021085.1|G0000027
split_0009	GCA_003021175.1|G0000029
split_0009	GCA_003116855.1|G0000031
split_0009	GCA_003164815.1|G0000033
split_0009	GCA_003650785.1|G0000036
split_0009	GCA_003650925.1|G0000038
split_0009	GCA_003662645.1|G0000040
split_0009	GCA_005191415.1|G0000046
split_0009	GCA_005954745.1|G0000048
split_0009	GCA_007122875.1|G0000052
split_0009	GCA_011364925.1|G0000054
split_0009	GCA_011605725.1|G0000058
split_0009	GCA_015520475.1|G0000067
split_0009	GCA_015520705.1|G0000068
split_0009	GCA_015520705.1|G0000069
split_0009	GCA_015522745.1|G0000070
split_0009	GCA_016207465.1|G0000071
split_0009	GCA_016840065.1|G0000075
split_0009	GCA_016840135.1|G0000076
split_0009	GCA_016840485.1|G0000078
split_0009	GCA_017601265.1|G0000086
split_0009	GCA_018304605.1|G0000087
split_0009	GCA_018396535.1|G0000090
split_0009	GCA_018396725.1|G0000093
split_0009	GCA_018920315.1|G0000096
split_0009	GCA_019056805.1|G0000097
split_0009	GCA_019058165.1|G0000104
split_0009	GCA_019721035.1|G0000111
split_0009	GCA_020637435.1|G0000113
split_0009	GCA_021162845.1|G0000114
split_0009	GCA_021163245.1|G0000117
split_0009	GCA_021323375.2|G0000119
split_0009	GCA_021498085.1|G0000124
split_0009	GCA_022865215.1|G0000126
split_0009	GCA_023008585.1|G0000128
split_0009	GCA_023269735.1|G0000130
split_0009	GCA_025059045.1|G0000135
split_0009	GCA_027002815.1|G0000140
split_0009	GCA_028275105.1|G0000143
split_0009	GCA_029258735.1|G0000146
split_0009	GCA_029259245.1|G0000147
split_0009	GCA_029856435.1|G0000156
split_0009	GCA_030750015.1|G0000163
split_0009	GCA_031852275.1|G0000164
split_0009	GCA_034190325.1|G0000168
split_0009	GCA_034190395.1|G0000170
split_0009	GCA_035269625.1|G0000171
split_0009	GCA_035531115.1|G0000173
split_0009	GCA_035622335.1|G0000175
split_0009	GCA_036626315.1|G0000176
split_0009	GCA_037386725.1|G0000179
split_0009	GCA_038730885.1|G0000184
split_0009	GCA_038819355.1|G0000185
split_0009	GCA_038820475.1|G0000186
split_0009	GCA_038825615.1|G0000188
split_0009	GCA_038840355.1|G0000191
split_0009	GCA_038846965.1|G0000195
split_0009	GCA_038846965.1|G0000196
split_0009	GCA_038866625.1|G0000199
split_0009	GCA_038869515.1|G0000200
split_0009	GCA_041479945.1|G0000204
split_0009	GCA_048938295.1|G0000211
split_0009	GCA_052584985.1|G0000213
split_0009	GCA_054381345.1|G0000217
split_0009	GCA_054383535.1|G0000219
split_0009	GCA_054385715.1|G0000226
split_0009	GCF_000007305.1|G0000231
split_0009	GCF_000007305.1|G0000232
split_0009	GCF_000025325.1|G0000235
split_0009	GCF_000025325.1|G0000238
split_0009	GCF_000237865.1|G0000241
split_0009	GCF_000334895.1|G0000246
split_0009	GCF_000403645.1|G0000250
split_0009	GCF_003369835.1|G0000252
split_0009	GCF_014647475.1|G0000256
split_0009	GCF_019693215.1|G0000258
split_0009	GCF_021083305.1|G0000260
split_0009	GCF_024227995.1|G0000261
split_0009	GCF_029338295.1|G0000265
split_0009	GCF_030287405.1|G0000266
split_0009	GCF_036429475.1|G0000269
split_0009	GOMC.bin.12150|G0000271
split_0009	GOMC.bin.16739|G0000273
split_0009	GOMC.bin.2724|G0000276
split_0009	GOMC.bin.2843|G0000277
split_0009	GOMC.bin.2847|G0000280
split_0009	GOMC.bin.2857|G0000281
split_0009	GOMC.bin.2866|G0000283
split_0009	GOMC.bin.2875|G0000285
split_0009	GOMC.bin.2900|G0000287
split_0009	GOMC.bin.3217|G0000288
split_0009	GOMC.bin.4029|G0000289
split_0009	GOMC.bin.4029|G0000290
split_0009	GOMC.bin.4077|G0000291
split_0009	GOMC.bin.5642|G0000292
split_0009	GOMC.bin.5642|G0000294
split_0009	GOMC.bin.9202|G0000302
split_0010	GCA_000145985.1|G0000001
split_0010	GCA_001516585.1|G0000006
split_0010	GCA_001563875.1|G0000008
split_0010	GCA_001564275.1|G0000010
split_0010	GCA_001593865.1|G0000011
split_0010	GCA_001940655.1|G0000014
split_0010	GCA_002009975.1|G0000015
split_0010	GCA_002011155.2|G0000016
split_0010	GCA_002254595.1|G0000017
split_0010	GCA_002254595.1|G0000018
split_0010	GCA_003021085.1|G0000027
split_0010	GCA_003021175.1|G0000029
split_0010	GCA_003116855.1|G0000031
split_0010	GCA_003164815.1|G0000033
split_0010	GCA_003650785.1|G0000036
split_0010	GCA_003650925.1|G0000037
split_0010	GCA_003650925.1|G0000038
split_0010	GCA_003662645.1|G0000040
split_0010	GCA_004524365.1|G0000041
split_0010	GCA_004524535.1|G0000044
split_0010	GCA_005191415.1|G0000046
split_0010	GCA_005223125.1|G0000047
split_0010	GCA_005954745.1|G0000048
split_0010	GCA_007118975.1|G0000050
split_0010	GCA_007122875.1|G0000052
split_0010	GCA_011364925.1|G0000054
split_0010	GCA_011364925.1|G0000056
split_0010	GCA_011605725.1|G0000057
split_0010	GCA_011605725.1|G0000058
split_0010	GCA_014729055.1|G0000059
split_0010	GCA_014729935.1|G0000061
split_0010	GCA_014730165.1|G0000064
split_0010	GCA_015520475.1|G0000067
split_0010	GCA_015520705.1|G0000068
split_0010	GCA_015520705.1|G0000069
split_0010	GCA_015522745.1|G0000070
split_0010	GCA_016207465.1|G0000071
split_0010	GCA_016839585.1|G0000073
split_0010	GCA_016839765.1|G0000074
split_0010	GCA_016840065.1|G0000075
split_0010	GCA_016840135.1|G0000076
split_0010	GCA_016840485.1|G0000078
split_0010	GCA_016840695.1|G0000079
split_0010	GCA_016932935.1|G0000081
split_0010	GCA_017601265.1|G0000085
split_0010	GCA_017601265.1|G0000086
split_0010	GCA_018304605.1|G0000087
split_0010	GCA_018396535.1|G0000090
split_0010	GCA_018396535.1|G0000091
split_0010	GCA_018396725.1|G0000093
split_0010	GCA_018396755.1|G0000094
split_0010	GCA_018920315.1|G0000096
split_0010	GCA_019056805.1|G0000097
split_0010	GCA_019058015.1|G0000100
split_0010	GCA_019058135.1|G0000101
split_0010	GCA_019058135.1|G0000102
split_0010	GCA_019058165.1|G0000104
split_0010	GCA_019058445.1|G0000106
split_0010	GCA_019721035.1|G0000111
split_0010	GCA_020637435.1|G0000113
split_0010	GCA_021162845.1|G0000114
split_0010	GCA_021162845.1|G0000115
split_0010	GCA_021163245.1|G0000117
split_0010	GCA_021163245.1|G0000118
split_0010	GCA_021323375.2|G0000119
split_0010	GCA_021498085.1|G0000124
split_0010	GCA_022865215.1|G0000126
split_0010	GCA_023008585.1|G0000128
split_0010	GCA_023269735.1|G0000130
split_0010	GCA_025059045.1|G0000135
split_0010	GCA_027002815.1|G0000140
split_0010	GCA_028275105.1|G0000143
split_0010	GCA_029258735.1|G0000146
split_0010	GCA_029259245.1|G0000147
split_0010	GCA_029838175.1|G0000150
split_0010	GCA_029855935.1|G0000151
split_0010	GCA_029856295.1|G0000155
split_0010	GCA_029856435.1|G0000156
split_0010	GCA_030587475.2|G0000158
split_0010	GCA_030750015.1|G0000163
split_0010	GCA_031852275.1|G0000164
split_0010	GCA_034190325.1|G0000168
split_0010	GCA_034190395.1|G0000170
split_0010	GCA_035269625.1|G0000171
split_0010	GCA_035531115.1|G0000173
split_0010	GCA_035622335.1|G0000175
split_0010	GCA_036626315.1|G0000176
split_0010	GCA_037386725.1|G0000179
split_0010	GCA_037386725.1|G0000180
split_0010	GCA_038730885.1|G0000183
split_0010	GCA_038730885.1|G0000184
split_0010	GCA_038819355.1|G0000185
split_0010	GCA_038820475.1|G0000186
split_0010	GCA_038825615.1|G0000188
split_0010	GCA_038840355.1|G0000191
split_0010	GCA_038846965.1|G0000195
split_0010	GCA_038846965.1|G0000196
split_0010	GCA_038866625.1|G0000199
split_0010	GCA_038869515.1|G0000200
split_0010	GCA_041479945.1|G0000204
split_0010	GCA_046538535.1|G0000207
split_0010	GCA_048887225.1|G0000210
split_0010	GCA_048938295.1|G0000211
split_0010	GCA_052584985.1|G0000213
split_0010	GCA_052626505.1|G0000214
split_0010	GCA_054381345.1|G0000217
split_0010	GCA_054383535.1|G0000219
split_0010	GCA_054384275.1|G0000223
split_0010	GCA_054384595.1|G0000224
split_0010	GCA_054385715.1|G0000226
split_0010	GCA_054386615.1|G0000228
split_0010	GCF_000007305.1|G0000231
split_0010	GCF_000007305.1|G0000232
split_0010	GCF_000018305.1|G0000233
split_0010	GCF_000025325.1|G0000235
split_0010	GCF_000025325.1|G0000238
split_0010	GCF_000237865.1|G0000241
split_0010	GCF_000334895.1|G0000246
split_0010	GCF_000403645.1|G0000250
split_0010	GCF_003369835.1|G0000252
split_0010	GCF_014647475.1|G0000256
split_0010	GCF_019693215.1|G0000258
split_0010	GCF_021083305.1|G0000260
split_0010	GCF_024227995.1|G0000261
split_0010	GCF_029338295.1|G0000265
split_0010	GCF_030287405.1|G0000266
split_0010	GCF_036429475.1|G0000269
split_0010	GOMC.bin.12150|G0000271
split_0010	GOMC.bin.16739|G0000273
split_0010	GOMC.bin.16739|G0000274
split_0010	GOMC.bin.2724|G0000276
split_0010	GOMC.bin.2843|G0000277
split_0010	GOMC.bin.2843|G0000279
split_0010	GOMC.bin.2847|G0000280
split_0010	GOMC.bin.2857|G0000281
split_0010	GOMC.bin.2866|G0000282
split_0010	GOMC.bin.2866|G0000283
split_0010	GOMC.bin.2875|G0000284
split_0010	GOMC.bin.2875|G0000285
split_0010	GOMC.bin.2900|G0000286
split_0010	GOMC.bin.2900|G0000287
split_0010	GOMC.bin.3217|G0000288
split_0010	GOMC.bin.4029|G0000289
split_0010	GOMC.bin.4029|G0000290
split_0010	GOMC.bin.4077|G0000291
split_0010	GOMC.bin.5642|G0000292
split_0010	GOMC.bin.5642|G0000293
split_0010	GOMC.bin.5642|G0000294
split_0010	GOMC.bin.5642|G0000295
split_0010	GOMC.bin.9181|G0000298
split_0010	GOMC.bin.9202|G0000302
split_0011	GCA_000270325.1|G0000002
split_0011	GCA_000508305.1|G0000003
split_0011	GCA_000960885.1|G0000004
split_0011	GCA_001516585.1|G0000005
split_0011	GCA_001563335.1|G0000007
split_0011	GCA_001564275.1|G0000009
split_0011	GCA_001593865.1|G0000012
split_0011	GCA_001775995.1|G0000013
split_0011	GCA_002490245.1|G0000020
split_0011	GCA_002844335.1|G0000021
split_0011	GCA_002844335.1|G0000022
split_0011	GCA_002898355.1|G0000023
split_0011	GCA_002898395.1|G0000024
split_0011	GCA_003019595.1|G0000025
split_0011	GCA_003021085.1|G0000026
split_0011	GCA_003021175.1|G0000028
split_0011	GCA_003034855.1|G0000030
split_0011	GCA_003116855.1|G0000032
split_0011	GCA_003164815.1|G0000034
split_0011	GCA_003345555.1|G0000035
split_0011	GCA_003661125.1|G0000039
split_0011	GCA_004524365.1|G0000042
split_0011	GCA_004524445.1|G0000043
split_0011	GCA_005191415.1|G0000045
split_0011	GCA_005954745.1|G0000049
split_0011	GCA_007118975.1|G0000051
split_0011	GCA_007122875.1|G0000053
split_0011	GCA_011364925.1|G0000055
split_0011	GCA_014729055.1|G0000060
split_0011	GCA_014729935.1|G0000062
split_0011	GCA_014730165.1|G0000063
split_0011	GCA_014730275.1|G0000065
split_0011	GCA_015520425.1|G0000066
split_0011	GCA_016839445.1|G0000072
split_0011	GCA_016840695.1|G0000080
split_0011	GCA_016932935.1|G0000082
split_0011	GCA_016933055.1|G0000083
split_0011	GCA_018335335.1|G0000088
split_0011	GCA_018335335.1|G0000089
split_0011	GCA_018396695.1|G0000092
split_0011	GCA_018650285.1|G0000095
split_0011	GCA_019057475.1|G0000098
split_0011	GCA_019058015.1|G0000099
split_0011	GCA_019058135.1|G0000103
split_0011	GCA_019058315.1|G0000105
split_0011	GCA_019058445.1|G0000107
split_0011	GCA_019323665.1|G0000109
split_0011	GCA_019704295.1|G0000110
split_0011	GCA_021323375.2|G0000120
split_0011	GCA_021323375.2|G0000121
split_0011	GCA_021324115.1|G0000122
split_0011	GCA_021324265.1|G0000123
split_0011	GCA_023008585.1|G0000127
split_0011	GCA_023266955.1|G0000129
split_0011	GCA_024275415.1|G0000131
split_0011	GCA_024276825.1|G0000132
split_0011	GCA_025041175.1|G0000133
split_0011	GCA_025059045.1|G0000134
split_0011	GCA_025059075.1|G0000136
split_0011	GCA_025517465.1|G0000137
split_0011	GCA_025517465.1|G0000138
split_0011	GCA_025839675.1|G0000139
split_0011	GCA_027046265.1|G0000141
split_0011	GCA_028275105.1|G0000142
split_0011	GCA_028716125.1|G0000144
split_0011	GCA_028821815.1|G0000145
split_0011	GCA_029775965.1|G0000148
split_0011	GCA_029838175.1|G0000149
split_0011	GCA_029855935.1|G0000152
split_0011	GCA_029855935.1|G0000153
split_0011	GCA_029856295.1|G0000154
split_0011	GCA_030587475.2|G0000157
split_0011	GCA_030610785.1|G0000159
split_0011	GCA_030612005.1|G0000160
split_0011	GCA_030612265.1|G0000161
split_0011	GCA_030734185.1|G0000162
split_0011	GCA_031852275.1|G0000165
split_0011	GCA_031852275.1|G0000166
split_0011	GCA_034190325.1|G0000167
split_0011	GCA_034190395.1|G0000169
split_0011	GCA_035269625.1|G0000172
split_0011	GCA_035531115.1|G0000174
split_0011	GCA_037386725.1|G0000181
split_0011	GCA_038825165.1|G0000187
split_0011	GCA_038840355.1|G0000190
split_0011	GCA_038845265.1|G0000192
split_0011	GCA_038845265.1|G0000193
split_0011	GCA_038846965.1|G0000194
split_0011	GCA_038852285.1|G0000198
split_0011	GCA_041479945.1|G0000203
split_0011	GCA_041862235.1|G0000205
split_0011	GCA_046538535.1|G0000206
split_0011	GCA_048882045.1|G0000208
split_0011	GCA_052584815.1|G0000212
split_0011	GCA_052626505.1|G0000215
split_0011	GCA_054381345.1|G0000216
split_0011	GCA_054381495.1|G0000218
split_0011	GCA_054383535.1|G0000220
split_0011	GCA_054383595.1|G0000221
split_0011	GCA_054384275.1|G0000222
split_0011	GCA_054384595.1|G0000225
split_0011	GCA_054386615.1|G0000227
split_0011	GCA_054390655.1|G0000229
split_0011	GCA_963582685.1|G0000230
split_0011	GCF_000018305.1|G0000234
split_0011	GCF_000025325.1|G0000236
split_0011	GCF_000025325.1|G0000237
split_0011	GCF_000025325.1|G0000239
split_0011	GCF_000148385.1|G0000240
split_0011	GCF_000237865.1|G0000242
split_0011	GCF_000306765.2|G0000243
split_0011	GCF_000306765.2|G0000244
split_0011	GCF_000334895.1|G0000245
split_0011	GCF_000334895.1|G0000247
split_0011	GCF_000403645.1|G0000248
split_0011	GCF_000403645.1|G0000249
split_0011	GCF_001485535.1|G0000251
split_0011	GCF_003369835.1|G0000253
split_0011	GCF_014647115.1|G0000254
split_0011	GCF_014647475.1|G0000255
split_0011	GCF_017094485.1|G0000257
split_0011	GCF_021083305.1|G0000259
split_0011	GCF_024227995.1|G0000262
split_0011	GCF_029338295.1|G0000263
split_0011	GCF_029338295.1|G0000264
split_0011	GCF_030287405.1|G0000267
split_0011	GCF_036429475.1|G0000268
split_0011	GOMC.bin.12150|G0000270
split_0011	GOMC.bin.1438|G0000272
split_0011	GOMC.bin.2843|G0000278
split_0011	GOMC.bin.7984|G0000296
split_0011	GOMC.bin.9181|G0000297
split_0011	GOMC.bin.9202|G0000299
split_0011	GOMC.bin.9202|G0000300
split_0011	GOMC.bin.9202|G0000301
split_0012	GCA_000270325.1|G0000002
split_0012	GCA_000508305.1|G0000003
split_0012	GCA_000960885.1|G0000004
split_0012	GCA_001516585.1|G0000005
split_0012	GCA_001563335.1|G0000007
split_0012	GCA_001564275.1|G0000009
split_0012	GCA_001593865.1|G0000012
split_0012	GCA_001775995.1|G0000013
split_0012	GCA_002490245.1|G0000020
split_0012	GCA_002844335.1|G0000021
split_0012	GCA_002844335.1|G0000022
split_0012	GCA_002898355.1|G0000023
split_0012	GCA_002898395.1|G0000024
split_0012	GCA_003019595.1|G0000025
split_0012	GCA_003021085.1|G0000026
split_0012	GCA_003021175.1|G0000028
split_0012	GCA_003034855.1|G0000030
split_0012	GCA_003116855.1|G0000032
split_0012	GCA_003164815.1|G0000034
split_0012	GCA_003345555.1|G0000035
split_0012	GCA_003661125.1|G0000039
split_0012	GCA_004524365.1|G0000042
split_0012	GCA_004524445.1|G0000043
split_0012	GCA_005191415.1|G0000045
split_0012	GCA_005954745.1|G0000049
split_0012	GCA_007118975.1|G0000051
split_0012	GCA_007122875.1|G0000053
split_0012	GCA_011364925.1|G0000055
split_0012	GCA_014729055.1|G0000060
split_0012	GCA_014729935.1|G0000062
split_0012	GCA_014730165.1|G0000063
split_0012	GCA_014730275.1|G0000065
split_0012	GCA_015520425.1|G0000066
split_0012	GCA_016839445.1|G0000072
split_0012	GCA_016840695.1|G0000080
split_0012	GCA_016932935.1|G0000082
split_0012	GCA_016933055.1|G0000083
split_0012	GCA_018335335.1|G0000088
split_0012	GCA_018335335.1|G0000089
split_0012	GCA_018396695.1|G0000092
split_0012	GCA_018650285.1|G0000095
split_0012	GCA_019057475.1|G0000098
split_0012	GCA_019058015.1|G0000099
split_0012	GCA_019058135.1|G0000103
split_0012	GCA_019058315.1|G0000105
split_0012	GCA_019058445.1|G0000107
split_0012	GCA_019323665.1|G0000109
split_0012	GCA_019704295.1|G0000110
split_0012	GCA_021323375.2|G0000120
split_0012	GCA_021323375.2|G0000121
split_0012	GCA_021324115.1|G0000122
split_0012	GCA_021324265.1|G0000123
split_0012	GCA_023008585.1|G0000127
split_0012	GCA_023266955.1|G0000129
split_0012	GCA_024275415.1|G0000131
split_0012	GCA_024276825.1|G0000132
split_0012	GCA_025059045.1|G0000134
split_0012	GCA_025059075.1|G0000136
split_0012	GCA_025517465.1|G0000137
split_0012	GCA_025517465.1|G0000138
split_0012	GCA_025839675.1|G0000139
split_0012	GCA_027046265.1|G0000141
split_0012	GCA_028275105.1|G0000142
split_0012	GCA_028716125.1|G0000144
split_0012	GCA_028821815.1|G0000145
split_0012	GCA_029775965.1|G0000148
split_0012	GCA_029838175.1|G0000149
split_0012	GCA_029855935.1|G0000152
split_0012	GCA_029855935.1|G0000153
split_0012	GCA_029856295.1|G0000154
split_0012	GCA_030587475.2|G0000157
split_0012	GCA_030610785.1|G0000159
split_0012	GCA_030612005.1|G0000160
split_0012	GCA_030612265.1|G0000161
split_0012	GCA_030734185.1|G0000162
split_0012	GCA_031852275.1|G0000165
split_0012	GCA_031852275.1|G0000166
split_0012	GCA_034190325.1|G0000167
split_0012	GCA_034190395.1|G0000169
split_0012	GCA_035269625.1|G0000172
split_0012	GCA_035531115.1|G0000174
split_0012	GCA_037386725.1|G0000181
split_0012	GCA_038825165.1|G0000187
split_0012	GCA_038840355.1|G0000190
split_0012	GCA_038845265.1|G0000192
split_0012	GCA_038845265.1|G0000193
split_0012	GCA_038846965.1|G0000194
split_0012	GCA_038852285.1|G0000198
split_0012	GCA_041479945.1|G0000203
split_0012	GCA_041862235.1|G0000205
split_0012	GCA_046538535.1|G0000206
split_0012	GCA_048882045.1|G0000208
split_0012	GCA_052584815.1|G0000212
split_0012	GCA_052626505.1|G0000215
split_0012	GCA_054381345.1|G0000216
split_0012	GCA_054381495.1|G0000218
split_0012	GCA_054383535.1|G0000220
split_0012	GCA_054383595.1|G0000221
split_0012	GCA_054384275.1|G0000222
split_0012	GCA_054384595.1|G0000225
split_0012	GCA_054386615.1|G0000227
split_0012	GCA_054390655.1|G0000229
split_0012	GCA_963582685.1|G0000230
split_0012	GCF_000018305.1|G0000234
split_0012	GCF_000025325.1|G0000236
split_0012	GCF_000025325.1|G0000237
split_0012	GCF_000025325.1|G0000239
split_0012	GCF_000148385.1|G0000240
split_0012	GCF_000237865.1|G0000242
split_0012	GCF_000306765.2|G0000243
split_0012	GCF_000306765.2|G0000244
split_0012	GCF_000334895.1|G0000245
split_0012	GCF_000403645.1|G0000248
split_0012	GCF_000403645.1|G0000249
split_0012	GCF_001485535.1|G0000251
split_0012	GCF_003369835.1|G0000253
split_0012	GCF_014647115.1|G0000254
split_0012	GCF_014647475.1|G0000255
split_0012	GCF_017094485.1|G0000257
split_0012	GCF_021083305.1|G0000259
split_0012	GCF_024227995.1|G0000262
split_0012	GCF_029338295.1|G0000263
split_0012	GCF_029338295.1|G0000264
split_0012	GCF_030287405.1|G0000267
split_0012	GCF_036429475.1|G0000268
split_0012	GOMC.bin.12150|G0000270
split_0012	GOMC.bin.1438|G0000272
split_0012	GOMC.bin.2843|G0000278
split_0012	GOMC.bin.7984|G0000296
split_0012	GOMC.bin.9181|G0000297
split_0012	GOMC.bin.9202|G0000299
split_0012	GOMC.bin.9202|G0000300
split_0012	GOMC.bin.9202|G0000301
split_0013	GCA_000270325.1|G0000002
split_0013	GCA_000508305.1|G0000003
split_0013	GCA_000960885.1|G0000004
split_0013	GCA_001516585.1|G0000005
split_0013	GCA_001593865.1|G0000012
split_0013	GCA_002898355.1|G0000023
split_0013	GCA_002898395.1|G0000024
split_0013	GCA_003019595.1|G0000025
split_0013	GCA_003116855.1|G0000032
split_0013	GCA_015520425.1|G0000066
split_0013	GCA_018396695.1|G0000092
split_0013	GCA_019704295.1|G0000110
split_0013	GCA_021323375.2|G0000120
split_0013	GCA_021323375.2|G0000121
split_0013	GCA_021324115.1|G0000122
split_0013	GCA_021324265.1|G0000123
split_0013	GCA_023266955.1|G0000129
split_0013	GCA_025059075.1|G0000136
split_0013	GCA_027046265.1|G0000141
split_0013	GCA_029775965.1|G0000148
split_0013	GCA_038845265.1|G0000192
split_0013	GCA_041479945.1|G0000203
split_0013	GCF_000018305.1|G0000234
split_0013	GCF_000148385.1|G0000240
split_0014	GCA_000270325.1|G0000002
split_0014	GCA_000508305.1|G0000003
split_0014	GCA_000960885.1|G0000004
split_0014	GCA_001516585.1|G0000005
split_0014	GCA_002898355.1|G0000023
split_0014	GCA_002898395.1|G0000024
split_0014	GCA_003019595.1|G0000025
split_0014	GCA_015520425.1|G0000066
split_0014	GCA_019704295.1|G0000110
split_0014	GCA_021323375.2|G0000120
split_0014	GCA_021323375.2|G0000121
split_0014	GCA_021324115.1|G0000122
split_0014	GCA_021324265.1|G0000123
split_0014	GCA_023266955.1|G0000129
split_0014	GCA_029775965.1|G0000148
split_0014	GCA_038845265.1|G0000192
split_0014	GCF_000018305.1|G0000234
split_0014	GCF_000148385.1|G0000240
split_0015	GCA_000270325.1|G0000002
split_0015	GCA_000508305.1|G0000003
split_0015	GCA_000960885.1|G0000004
split_0015	GCA_001516585.1|G0000005
split_0015	GCA_002898355.1|G0000023
split_0015	GCA_002898395.1|G0000024
split_0015	GCA_003019595.1|G0000025
split_0015	GCA_015520425.1|G0000066
split_0015	GCA_019704295.1|G0000110
split_0015	GCA_021323375.2|G0000120
split_0015	GCA_021323375.2|G0000121
split_0015	GCA_021324265.1|G0000123
split_0015	GCA_038845265.1|G0000192
split_0015	GCF_000018305.1|G0000234
split_0015	GCF_000148385.1|G0000240
split_0016	GCA_000270325.1|G0000002
split_0016	GCA_002898355.1|G0000023
split_0016	GCA_002898395.1|G0000024
split_0016	GCA_015520425.1|G0000066
split_0016	GCA_021323375.2|G0000120
split_0016	GCA_021323375.2|G0000121
split_0016	GCA_038845265.1|G0000192
split_0017	GCA_000270325.1|G0000002
split_0017	GCA_002898355.1|G0000023
split_0017	GCA_002898395.1|G0000024
split_0017	GCA_015520425.1|G0000066
split_0017	GCA_021323375.2|G0000121
split_0017	GCA_038845265.1|G0000192
split_0018	GCA_000270325.1|G0000002
split_0018	GCA_002898355.1|G0000023
split_0018	GCA_021323375.2|G0000121
split_0019	GCA_000270325.1|G0000002
split_0019	GCA_002898355.1|G0000023
split_0020	GCA_002898395.1|G0000024
split_0020	GCA_015520425.1|G0000066
split_0020	GCA_038845265.1|G0000192
split_0021	GCA_015520425.1|G0000066
split_0021	GCA_038845265.1|G0000192
split_0022	GCA_000508305.1|G0000003
split_0022	GCA_000960885.1|G0000004
split_0022	GCA_001516585.1|G0000005
split_0022	GCA_003019595.1|G0000025
split_0022	GCA_019704295.1|G0000110
split_0022	GCA_021324265.1|G0000123
split_0022	GCF_000018305.1|G0000234
split_0022	GCF_000148385.1|G0000240
split_0023	GCA_000508305.1|G0000003
split_0023	GCA_000960885.1|G0000004
split_0023	GCA_003019595.1|G0000025
split_0023	GCA_019704295.1|G0000110
split_0023	GCA_021324265.1|G0000123
split_0024	GCA_000960885.1|G0000004
split_0024	GCA_003019595.1|G0000025
split_0024	GCA_019704295.1|G0000110
split_0024	GCA_021324265.1|G0000123
split_0025	GCA_000960885.1|G0000004
split_0025	GCA_003019595.1|G0000025
split_0025	GCA_021324265.1|G0000123
split_0026	GCA_000960885.1|G0000004
split_0026	GCA_021324265.1|G0000123
split_0027	GCA_001516585.1|G0000005
split_0027	GCF_000018305.1|G0000234
split_0027	GCF_000148385.1|G0000240
split_0028	GCA_001516585.1|G0000005
split_0028	GCF_000148385.1|G0000240
split_0029	GCA_021324115.1|G0000122
split_0029	GCA_023266955.1|G0000129
split_0029	GCA_029775965.1|G0000148
split_0030	GCA_023266955.1|G0000129
split_0030	GCA_029775965.1|G0000148
split_0031	GCA_001593865.1|G0000012
split_0031	GCA_003116855.1|G0000032
split_0031	GCA_018396695.1|G0000092
split_0031	GCA_025059075.1|G0000136
split_0031	GCA_027046265.1|G0000141
split_0031	GCA_041479945.1|G0000203
split_0032	GCA_001593865.1|G0000012
split_0032	GCA_003116855.1|G0000032
split_0032	GCA_025059075.1|G0000136
split_0032	GCA_027046265.1|G0000141
split_0032	GCA_041479945.1|G0000203
split_0033	GCA_001593865.1|G0000012
split_0033	GCA_041479945.1|G0000203
split_0034	GCA_003116855.1|G0000032
split_0034	GCA_025059075.1|G0000136
split_0034	GCA_027046265.1|G0000141
split_0035	GCA_025059075.1|G0000136
split_0035	GCA_027046265.1|G0000141
split_0036	GCA_001563335.1|G0000007
split_0036	GCA_001564275.1|G0000009
split_0036	GCA_001775995.1|G0000013
split_0036	GCA_002490245.1|G0000020
split_0036	GCA_002844335.1|G0000021
split_0036	GCA_002844335.1|G0000022
split_0036	GCA_003021085.1|G0000026
split_0036	GCA_003021175.1|G0000028
split_0036	GCA_003034855.1|G0000030
split_0036	GCA_003164815.1|G0000034
split_0036	GCA_003345555.1|G0000035
split_0036	GCA_003661125.1|G0000039
split_0036	GCA_004524365.1|G0000042
split_0036	GCA_004524445.1|G0000043
split_0036	GCA_005191415.1|G0000045
split_0036	GCA_005954745.1|G0000049
split_0036	GCA_007118975.1|G0000051
split_0036	GCA_007122875.1|G0000053
split_0036	GCA_011364925.1|G0000055
split_0036	GCA_014729055.1|G0000060
split_0036	GCA_014729935.1|G0000062
split_0036	GCA_014730165.1|G0000063
split_0036	GCA_014730275.1|G0000065
split_0036	GCA_016839445.1|G0000072
split_0036	GCA_016840695.1|G0000080
split_0036	GCA_016932935.1|G0000082
split_0036	GCA_016933055.1|G0000083
split_0036	GCA_018335335.1|G0000088
split_0036	GCA_018335335.1|G0000089
split_0036	GCA_018650285.1|G0000095
split_0036	GCA_019057475.1|G0000098
split_0036	GCA_019058015.1|G0000099
split_0036	GCA_019058135.1|G0000103
split_0036	GCA_019058315.1|G0000105
split_0036	GCA_019058445.1|G0000107
split_0036	GCA_019323665.1|G0000109
split_0036	GCA_023008585.1|G0000127
split_0036	GCA_024275415.1|G0000131
split_0036	GCA_024276825.1|G0000132
split_0036	GCA_025059045.1|G0000134
split_0036	GCA_025517465.1|G0000137
split_0036	GCA_025517465.1|G0000138
split_0036	GCA_025839675.1|G0000139
split_0036	GCA_028275105.1|G0000142
split_0036	GCA_028716125.1|G0000144
split_0036	GCA_028821815.1|G0000145
split_0036	GCA_029838175.1|G0000149
split_0036	GCA_029855935.1|G0000152
split_0036	GCA_029855935.1|G0000153
split_0036	GCA_029856295.1|G0000154
split_0036	GCA_030587475.2|G0000157
split_0036	GCA_030610785.1|G0000159
split_0036	GCA_030612005.1|G0000160
split_0036	GCA_030612265.1|G0000161
split_0036	GCA_030734185.1|G0000162
split_0036	GCA_031852275.1|G0000165
split_0036	GCA_031852275.1|G0000166
split_0036	GCA_034190325.1|G0000167
split_0036	GCA_034190395.1|G0000169
split_0036	GCA_035269625.1|G0000172
split_0036	GCA_035531115.1|G0000174
split_0036	GCA_037386725.1|G0000181
split_0036	GCA_038825165.1|G0000187
split_0036	GCA_038840355.1|G0000190
split_0036	GCA_038845265.1|G0000193
split_0036	GCA_038846965.1|G0000194
split_0036	GCA_038852285.1|G0000198
split_0036	GCA_041862235.1|G0000205
split_0036	GCA_046538535.1|G0000206
split_0036	GCA_048882045.1|G0000208
split_0036	GCA_052584815.1|G0000212
split_0036	GCA_052626505.1|G0000215
split_0036	GCA_054381345.1|G0000216
split_0036	GCA_054381495.1|G0000218
split_0036	GCA_054383535.1|G0000220
split_0036	GCA_054383595.1|G0000221
split_0036	GCA_054384275.1|G0000222
split_0036	GCA_054384595.1|G0000225
split_0036	GCA_054386615.1|G0000227
split_0036	GCA_054390655.1|G0000229
split_0036	GCA_963582685.1|G0000230
split_0036	GCF_000025325.1|G0000236
split_0036	GCF_000025325.1|G0000237
split_0036	GCF_000025325.1|G0000239
split_0036	GCF_000237865.1|G0000242
split_0036	GCF_000306765.2|G0000243
split_0036	GCF_000306765.2|G0000244
split_0036	GCF_000334895.1|G0000245
split_0036	GCF_000403645.1|G0000248
split_0036	GCF_000403645.1|G0000249
split_0036	GCF_001485535.1|G0000251
split_0036	GCF_003369835.1|G0000253
split_0036	GCF_014647115.1|G0000254
split_0036	GCF_014647475.1|G0000255
split_0036	GCF_017094485.1|G0000257
split_0036	GCF_021083305.1|G0000259
split_0036	GCF_024227995.1|G0000262
split_0036	GCF_029338295.1|G0000263
split_0036	GCF_029338295.1|G0000264
split_0036	GCF_030287405.1|G0000267
split_0036	GCF_036429475.1|G0000268
split_0036	GOMC.bin.12150|G0000270
split_0036	GOMC.bin.1438|G0000272
split_0036	GOMC.bin.2843|G0000278
split_0036	GOMC.bin.7984|G0000296
split_0036	GOMC.bin.9181|G0000297
split_0036	GOMC.bin.9202|G0000299
split_0036	GOMC.bin.9202|G0000300
split_0036	GOMC.bin.9202|G0000301
split_0037	GCA_001563335.1|G0000007
split_0037	GCA_001564275.1|G0000009
split_0037	GCA_001775995.1|G0000013
split_0037	GCA_002490245.1|G0000020
split_0037	GCA_002844335.1|G0000021
split_0037	GCA_002844335.1|G0000022
split_0037	GCA_003021085.1|G0000026
split_0037	GCA_003021175.1|G0000028
split_0037	GCA_003034855.1|G0000030
split_0037	GCA_003164815.1|G0000034
split_0037	GCA_003345555.1|G0000035
split_0037	GCA_003661125.1|G0000039
split_0037	GCA_004524365.1|G0000042
split_0037	GCA_004524445.1|G0000043
split_0037	GCA_005191415.1|G0000045
split_0037	GCA_005954745.1|G0000049
split_0037	GCA_007118975.1|G0000051
split_0037	GCA_007122875.1|G0000053
split_0037	GCA_011364925.1|G0000055
split_0037	GCA_014729055.1|G0000060
split_0037	GCA_014729935.1|G0000062
split_0037	GCA_014730165.1|G0000063
split_0037	GCA_014730275.1|G0000065
split_0037	GCA_016839445.1|G0000072
split_0037	GCA_016840695.1|G0000080
split_0037	GCA_016932935.1|G0000082
split_0037	GCA_016933055.1|G0000083
split_0037	GCA_018335335.1|G0000088
split_0037	GCA_018335335.1|G0000089
split_0037	GCA_019057475.1|G0000098
split_0037	GCA_019058015.1|G0000099
split_0037	GCA_019058135.1|G0000103
split_0037	GCA_019058315.1|G0000105
split_0037	GCA_019058445.1|G0000107
split_0037	GCA_019323665.1|G0000109
split_0037	GCA_023008585.1|G0000127
split_0037	GCA_024275415.1|G0000131
split_0037	GCA_024276825.1|G0000132
split_0037	GCA_025059045.1|G0000134
split_0037	GCA_025517465.1|G0000137
split_0037	GCA_025517465.1|G0000138
split_0037	GCA_025839675.1|G0000139
split_0037	GCA_028275105.1|G0000142
split_0037	GCA_028716125.1|G0000144
split_0037	GCA_029838175.1|G0000149
split_0037	GCA_029855935.1|G0000152
split_0037	GCA_029855935.1|G0000153
split_0037	GCA_029856295.1|G0000154
split_0037	GCA_030587475.2|G0000157
split_0037	GCA_030610785.1|G0000159
split_0037	GCA_030612005.1|G0000160
split_0037	GCA_030612265.1|G0000161
split_0037	GCA_030734185.1|G0000162
split_0037	GCA_031852275.1|G0000165
split_0037	GCA_031852275.1|G0000166
split_0037	GCA_034190325.1|G0000167
split_0037	GCA_034190395.1|G0000169
split_0037	GCA_035269625.1|G0000172
split_0037	GCA_035531115.1|G0000174
split_0037	GCA_037386725.1|G0000181
split_0037	GCA_038825165.1|G0000187
split_0037	GCA_038840355.1|G0000190
split_0037	GCA_038845265.1|G0000193
split_0037	GCA_038846965.1|G0000194
split_0037	GCA_038852285.1|G0000198
split_0037	GCA_041862235.1|G0000205
split_0037	GCA_046538535.1|G0000206
split_0037	GCA_048882045.1|G0000208
split_0037	GCA_052584815.1|G0000212
split_0037	GCA_052626505.1|G0000215
split_0037	GCA_054381345.1|G0000216
split_0037	GCA_054381495.1|G0000218
split_0037	GCA_054383535.1|G0000220
split_0037	GCA_054383595.1|G0000221
split_0037	GCA_054384275.1|G0000222
split_0037	GCA_054384595.1|G0000225
split_0037	GCA_054386615.1|G0000227
split_0037	GCA_054390655.1|G0000229
split_0037	GCF_000025325.1|G0000236
split_0037	GCF_000025325.1|G0000237
split_0037	GCF_000025325.1|G0000239
split_0037	GCF_000237865.1|G0000242
split_0037	GCF_000306765.2|G0000243
split_0037	GCF_000306765.2|G0000244
split_0037	GCF_000334895.1|G0000245
split_0037	GCF_000403645.1|G0000248
split_0037	GCF_000403645.1|G0000249
split_0037	GCF_001485535.1|G0000251
split_0037	GCF_003369835.1|G0000253
split_0037	GCF_014647115.1|G0000254
split_0037	GCF_014647475.1|G0000255
split_0037	GCF_017094485.1|G0000257
split_0037	GCF_021083305.1|G0000259
split_0037	GCF_024227995.1|G0000262
split_0037	GCF_029338295.1|G0000263
split_0037	GCF_029338295.1|G0000264
split_0037	GCF_030287405.1|G0000267
split_0037	GCF_036429475.1|G0000268
split_0037	GOMC.bin.12150|G0000270
split_0037	GOMC.bin.1438|G0000272
split_0037	GOMC.bin.2843|G0000278
split_0037	GOMC.bin.7984|G0000296
split_0037	GOMC.bin.9181|G0000297
split_0037	GOMC.bin.9202|G0000299
split_0037	GOMC.bin.9202|G0000300
split_0037	GOMC.bin.9202|G0000301
split_0038	GCA_001563335.1|G0000007
split_0038	GCA_001564275.1|G0000009
split_0038	GCA_001775995.1|G0000013
split_0038	GCA_002844335.1|G0000021
split_0038	GCA_002844335.1|G0000022
split_0038	GCA_003021085.1|G0000026
split_0038	GCA_003021175.1|G0000028
split_0038	GCA_003034855.1|G0000030
split_0038	GCA_003164815.1|G0000034
split_0038	GCA_003345555.1|G0000035
split_0038	GCA_003661125.1|G0000039
split_0038	GCA_004524365.1|G0000042
split_0038	GCA_004524445.1|G0000043
split_0038	GCA_005954745.1|G0000049
split_0038	GCA_007118975.1|G0000051
split_0038	GCA_007122875.1|G0000053
split_0038	GCA_011364925.1|G0000055
split_0038	GCA_014729055.1|G0000060
split_0038	GCA_014729935.1|G0000062
split_0038	GCA_014730165.1|G0000063
split_0038	GCA_014730275.1|G0000065
split_0038	GCA_016839445.1|G0000072
split_0038	GCA_016840695.1|G0000080
split_0038	GCA_016932935.1|G0000082
split_0038	GCA_016933055.1|G0000083
split_0038	GCA_018335335.1|G0000088
split_0038	GCA_018335335.1|G0000089
split_0038	GCA_019057475.1|G0000098
split_0038	GCA_019058015.1|G0000099
split_0038	GCA_019058135.1|G0000103
split_0038	GCA_019058445.1|G0000107
split_0038	GCA_019323665.1|G0000109
split_0038	GCA_023008585.1|G0000127
split_0038	GCA_024275415.1|G0000131
split_0038	GCA_024276825.1|G0000132
split_0038	GCA_025059045.1|G0000134
split_0038	GCA_025517465.1|G0000137
split_0038	GCA_025517465.1|G0000138
split_0038	GCA_025839675.1|G0000139
split_0038	GCA_028275105.1|G0000142
split_0038	GCA_028716125.1|G0000144
split_0038	GCA_029838175.1|G0000149
split_0038	GCA_029855935.1|G0000152
split_0038	GCA_029855935.1|G0000153
split_0038	GCA_029856295.1|G0000154
split_0038	GCA_030587475.2|G0000157
split_0038	GCA_030610785.1|G0000159
split_0038	GCA_030612005.1|G0000160
split_0038	GCA_030612265.1|G0000161
split_0038	GCA_030734185.1|G0000162
split_0038	GCA_031852275.1|G0000165
split_0038	GCA_031852275.1|G0000166
split_0038	GCA_034190325.1|G0000167
split_0038	GCA_034190395.1|G0000169
split_0038	GCA_035269625.1|G0000172
split_0038	GCA_037386725.1|G0000181
split_0038	GCA_038825165.1|G0000187
split_0038	GCA_038840355.1|G0000190
split_0038	GCA_038845265.1|G0000193
split_0038	GCA_038846965.1|G0000194
split_0038	GCA_038852285.1|G0000198
split_0038	GCA_041862235.1|G0000205
split_0038	GCA_046538535.1|G0000206
split_0038	GCA_048882045.1|G0000208
split_0038	GCA_052584815.1|G0000212
split_0038	GCA_052626505.1|G0000215
split_0038	GCA_054381495.1|G0000218
split_0038	GCA_054384275.1|G0000222
split_0038	GCA_054384595.1|G0000225
split_0038	GCA_054386615.1|G0000227
split_0038	GCA_054390655.1|G0000229
split_0038	GCF_000025325.1|G0000236
split_0038	GCF_000025325.1|G0000237
split_0038	GCF_000025325.1|G0000239
split_0038	GCF_000237865.1|G0000242
split_0038	GCF_000306765.2|G0000243
split_0038	GCF_000306765.2|G0000244
split_0038	GCF_000334895.1|G0000245
split_0038	GCF_000403645.1|G0000248
split_0038	GCF_000403645.1|G0000249
split_0038	GCF_001485535.1|G0000251
split_0038	GCF_003369835.1|G0000253
split_0038	GCF_014647115.1|G0000254
split_0038	GCF_014647475.1|G0000255
split_0038	GCF_017094485.1|G0000257
split_0038	GCF_021083305.1|G0000259
split_0038	GCF_024227995.1|G0000262
split_0038	GCF_029338295.1|G0000263
split_0038	GCF_029338295.1|G0000264
split_0038	GCF_030287405.1|G0000267
split_0038	GCF_036429475.1|G0000268
split_0038	GOMC.bin.12150|G0000270
split_0038	GOMC.bin.1438|G0000272
split_0038	GOMC.bin.2843|G0000278
split_0038	GOMC.bin.9181|G0000297
split_0038	GOMC.bin.9202|G0000299
split_0038	GOMC.bin.9202|G0000300
split_0038	GOMC.bin.9202|G0000301
split_0039	GCA_001563335.1|G0000007
split_0039	GCA_001564275.1|G0000009
split_0039	GCA_001775995.1|G0000013
split_0039	GCA_002844335.1|G0000021
split_0039	GCA_002844335.1|G0000022
split_0039	GCA_003021085.1|G0000026
split_0039	GCA_003021175.1|G0000028
split_0039	GCA_003034855.1|G0000030
split_0039	GCA_003164815.1|G0000034
split_0039	GCA_003345555.1|G0000035
split_0039	GCA_003661125.1|G0000039
split_0039	GCA_004524365.1|G0000042
split_0039	GCA_004524445.1|G0000043
split_0039	GCA_005954745.1|G0000049
split_0039	GCA_007118975.1|G0000051
split_0039	GCA_007122875.1|G0000053
split_0039	GCA_011364925.1|G0000055
split_0039	GCA_014729055.1|G0000060
split_0039	GCA_014729935.1|G0000062
split_0039	GCA_014730165.1|G0000063
split_0039	GCA_014730275.1|G0000065
split_0039	GCA_016839445.1|G0000072
split_0039	GCA_016840695.1|G0000080
split_0039	GCA_016932935.1|G0000082
split_0039	GCA_016933055.1|G0000083
split_0039	GCA_018335335.1|G0000088
split_0039	GCA_018335335.1|G0000089
split_0039	GCA_019057475.1|G0000098
split_0039	GCA_019058015.1|G0000099
split_0039	GCA_019058135.1|G0000103
split_0039	GCA_019058445.1|G0000107
split_0039	GCA_019323665.1|G0000109
split_0039	GCA_023008585.1|G0000127
split_0039	GCA_024275415.1|G0000131
split_0039	GCA_024276825.1|G0000132
split_0039	GCA_025059045.1|G0000134
split_0039	GCA_025517465.1|G0000137
split_0039	GCA_025517465.1|G0000138
split_0039	GCA_025839675.1|G0000139
split_0039	GCA_028275105.1|G0000142
split_0039	GCA_028716125.1|G0000144
split_0039	GCA_029838175.1|G0000149
split_0039	GCA_029855935.1|G0000152
split_0039	GCA_029855935.1|G0000153
split_0039	GCA_029856295.1|G0000154
split_0039	GCA_030587475.2|G0000157
split_0039	GCA_030610785.1|G0000159
split_0039	GCA_030612005.1|G0000160
split_0039	GCA_030612265.1|G0000161
split_0039	GCA_030734185.1|G0000162
split_0039	GCA_031852275.1|G0000165
split_0039	GCA_031852275.1|G0000166
split_0039	GCA_034190395.1|G0000169
split_0039	GCA_035269625.1|G0000172
split_0039	GCA_037386725.1|G0000181
split_0039	GCA_038825165.1|G0000187
split_0039	GCA_038840355.1|G0000190
split_0039	GCA_038845265.1|G0000193
split_0039	GCA_038846965.1|G0000194
split_0039	GCA_038852285.1|G0000198
split_0039	GCA_041862235.1|G0000205
split_0039	GCA_048882045.1|G0000208
split_0039	GCA_052584815.1|G0000212
split_0039	GCA_052626505.1|G0000215
split_0039	GCA_054381495.1|G0000218
split_0039	GCA_054384275.1|G0000222
split_0039	GCA_054384595.1|G0000225
split_0039	GCA_054386615.1|G0000227
split_0039	GCA_054390655.1|G0000229
split_0039	GCF_000025325.1|G0000236
split_0039	GCF_000025325.1|G0000237
split_0039	GCF_000025325.1|G0000239
split_0039	GCF_000237865.1|G0000242
split_0039	GCF_000306765.2|G0000243
split_0039	GCF_000306765.2|G0000244
split_0039	GCF_000334895.1|G0000245
split_0039	GCF_000403645.1|G0000248
split_0039	GCF_000403645.1|G0000249
split_0039	GCF_001485535.1|G0000251
split_0039	GCF_003369835.1|G0000253
split_0039	GCF_014647115.1|G0000254
split_0039	GCF_014647475.1|G0000255
split_0039	GCF_017094485.1|G0000257
split_0039	GCF_021083305.1|G0000259
split_0039	GCF_024227995.1|G0000262
split_0039	GCF_029338295.1|G0000263
split_0039	GCF_029338295.1|G0000264
split_0039	GCF_030287405.1|G0000267
split_0039	GCF_036429475.1|G0000268
split_0039	GOMC.bin.12150|G0000270
split_0039	GOMC.bin.1438|G0000272
split_0039	GOMC.bin.2843|G0000278
split_0039	GOMC.bin.9181|G0000297
split_0039	GOMC.bin.9202|G0000299
split_0039	GOMC.bin.9202|G0000300
split_0039	GOMC.bin.9202|G0000301
split_0040	GCA_001563335.1|G0000007
split_0040	GCA_001775995.1|G0000013
split_0040	GCA_003034855.1|G0000030
split_0040	GCA_003164815.1|G0000034
split_0040	GCA_003345555.1|G0000035
split_0040	GCA_003661125.1|G0000039
split_0040	GCA_004524365.1|G0000042
split_0040	GCA_004524445.1|G0000043
split_0040	GCA_011364925.1|G0000055
split_0040	GCA_014729055.1|G0000060
split_0040	GCA_014729935.1|G0000062
split_0040	GCA_014730165.1|G0000063
split_0040	GCA_014730275.1|G0000065
split_0040	GCA_016839445.1|G0000072
split_0040	GCA_016840695.1|G0000080
split_0040	GCA_016932935.1|G0000082
split_0040	GCA_016933055.1|G0000083
split_0040	GCA_018335335.1|G0000088
split_0040	GCA_018335335.1|G0000089
split_0040	GCA_019057475.1|G0000098
split_0040	GCA_019058015.1|G0000099
split_0040	GCA_019058135.1|G0000103
split_0040	GCA_019058445.1|G0000107
split_0040	GCA_019323665.1|G0000109
split_0040	GCA_024275415.1|G0000131
split_0040	GCA_024276825.1|G0000132
split_0040	GCA_025059045.1|G0000134
split_0040	GCA_025839675.1|G0000139
split_0040	GCA_028716125.1|G0000144
split_0040	GCA_029838175.1|G0000149
split_0040	GCA_029855935.1|G0000152
split_0040	GCA_029855935.1|G0000153
split_0040	GCA_029856295.1|G0000154
split_0040	GCA_030587475.2|G0000157
split_0040	GCA_030610785.1|G0000159
split_0040	GCA_030612005.1|G0000160
split_0040	GCA_030612265.1|G0000161
split_0040	GCA_037386725.1|G0000181
split_0040	GCA_038825165.1|G0000187
split_0040	GCA_038840355.1|G0000190
split_0040	GCA_038845265.1|G0000193
split_0040	GCA_038846965.1|G0000194
split_0040	GCA_038852285.1|G0000198
split_0040	GCA_041862235.1|G0000205
split_0040	GCA_048882045.1|G0000208
split_0040	GCA_052584815.1|G0000212
split_0040	GCA_052626505.1|G0000215
split_0040	GCA_054381495.1|G0000218
split_0040	GCA_054384275.1|G0000222
split_0040	GCA_054384595.1|G0000225
split_0040	GCA_054386615.1|G0000227
split_0040	GCA_054390655.1|G0000229
split_0040	GOMC.bin.1438|G0000272
split_0040	GOMC.bin.2843|G0000278
split_0040	GOMC.bin.9181|G0000297
split_0041	GCA_001563335.1|G0000007
split_0041	GCA_003345555.1|G0000035
split_0041	GCA_004524445.1|G0000043
split_0041	GCA_014730275.1|G0000065
split_0041	GCA_016839445.1|G0000072
split_0041	GCA_018335335.1|G0000088
split_0041	GCA_018335335.1|G0000089
split_0041	GCA_019057475.1|G0000098
split_0041	GCA_024275415.1|G0000131
split_0041	GCA_024276825.1|G0000132
split_0041	GCA_029855935.1|G0000152
split_0041	GCA_029855935.1|G0000153
split_0041	GCA_030612005.1|G0000160
split_0041	GCA_038825165.1|G0000187
split_0041	GCA_048882045.1|G0000208
split_0041	GCA_052584815.1|G0000212
split_0041	GCA_054381495.1|G0000218
split_0041	GCA_054390655.1|G0000229
split_0041	GOMC.bin.1438|G0000272
split_0042	GCA_001563335.1|G0000007
split_0042	GCA_003345555.1|G0000035
split_0042	GCA_004524445.1|G0000043
split_0042	GCA_014730275.1|G0000065
split_0042	GCA_016839445.1|G0000072
split_0042	GCA_018335335.1|G0000088
split_0042	GCA_018335335.1|G0000089
split_0042	GCA_019057475.1|G0000098
split_0042	GCA_024275415.1|G0000131
split_0042	GCA_024276825.1|G0000132
split_0042	GCA_029855935.1|G0000152
split_0042	GCA_029855935.1|G0000153
split_0042	GCA_030612005.1|G0000160
split_0042	GCA_048882045.1|G0000208
split_0042	GCA_052584815.1|G0000212
split_0042	GCA_054381495.1|G0000218
split_0042	GCA_054390655.1|G0000229
split_0042	GOMC.bin.1438|G0000272
split_0043	GCA_001563335.1|G0000007
split_0043	GCA_004524445.1|G0000043
split_0043	GCA_014730275.1|G0000065
split_0043	GCA_016839445.1|G0000072
split_0043	GCA_018335335.1|G0000088
split_0043	GCA_018335335.1|G0000089
split_0043	GCA_019057475.1|G0000098
split_0043	GCA_024275415.1|G0000131
split_0043	GCA_024276825.1|G0000132
split_0043	GCA_029855935.1|G0000152
split_0043	GCA_029855935.1|G0000153
split_0043	GCA_030612005.1|G0000160
split_0043	GCA_048882045.1|G0000208
split_0043	GCA_052584815.1|G0000212
split_0043	GCA_054381495.1|G0000218
split_0043	GCA_054390655.1|G0000229
split_0043	GOMC.bin.1438|G0000272
split_0044	GCA_001563335.1|G0000007
split_0044	GCA_004524445.1|G0000043
split_0044	GCA_014730275.1|G0000065
split_0044	GCA_016839445.1|G0000072
split_0044	GCA_018335335.1|G0000088
split_0044	GCA_018335335.1|G0000089
split_0044	GCA_024275415.1|G0000131
split_0044	GCA_030612005.1|G0000160
split_0044	GCA_048882045.1|G0000208
split_0044	GCA_052584815.1|G0000212
split_0044	GCA_054381495.1|G0000218
split_0044	GCA_054390655.1|G0000229
split_0045	GCA_001563335.1|G0000007
split_0045	GCA_016839445.1|G0000072
split_0045	GCA_030612005.1|G0000160
split_0045	GCA_048882045.1|G0000208
split_0045	GCA_052584815.1|G0000212
split_0045	GCA_054381495.1|G0000218
split_0046	GCA_001563335.1|G0000007
split_0046	GCA_030612005.1|G0000160
split_0046	GCA_048882045.1|G0000208
split_0046	GCA_054381495.1|G0000218
split_0047	GCA_001563335.1|G0000007
split_0047	GCA_048882045.1|G0000208
split_0048	GCA_030612005.1|G0000160
split_0048	GCA_054381495.1|G0000218
split_0049	GCA_016839445.1|G0000072
split_0049	GCA_052584815.1|G0000212
split_0050	GCA_004524445.1|G0000043
split_0050	GCA_014730275.1|G0000065
split_0050	GCA_018335335.1|G0000088
split_0050	GCA_018335335.1|G0000089
split_0050	GCA_024275415.1|G0000131
split_0050	GCA_054390655.1|G0000229
split_0051	GCA_004524445.1|G0000043
split_0051	GCA_014730275.1|G0000065
split_0051	GCA_018335335.1|G0000088
split_0051	GCA_018335335.1|G0000089
split_0051	GCA_024275415.1|G0000131
split_0052	GCA_004524445.1|G0000043
split_0052	GCA_014730275.1|G0000065
split_0052	GCA_018335335.1|G0000088
split_0052	GCA_018335335.1|G0000089
split_0053	GCA_014730275.1|G0000065
split_0053	GCA_018335335.1|G0000088
split_0053	GCA_018335335.1|G0000089
split_0054	GCA_018335335.1|G0000088
split_0054	GCA_018335335.1|G0000089
split_0055	GCA_019057475.1|G0000098
split_0055	GCA_024276825.1|G0000132
split_0055	GCA_029855935.1|G0000152
split_0055	GCA_029855935.1|G0000153
split_0055	GOMC.bin.1438|G0000272
split_0056	GCA_019057475.1|G0000098
split_0056	GCA_029855935.1|G0000152
split_0056	GOMC.bin.1438|G0000272
split_0057	GCA_019057475.1|G0000098
split_0057	GOMC.bin.1438|G0000272
split_0058	GCA_024276825.1|G0000132
split_0058	GCA_029855935.1|G0000153
split_0059	GCA_001775995.1|G0000013
split_0059	GCA_003034855.1|G0000030
split_0059	GCA_003164815.1|G0000034
split_0059	GCA_003661125.1|G0000039
split_0059	GCA_004524365.1|G0000042
split_0059	GCA_011364925.1|G0000055
split_0059	GCA_014729055.1|G0000060
split_0059	GCA_014729935.1|G0000062
split_0059	GCA_014730165.1|G0000063
split_0059	GCA_016840695.1|G0000080
split_0059	GCA_016932935.1|G0000082
split_0059	GCA_016933055.1|G0000083
split_0059	GCA_019058015.1|G0000099
split_0059	GCA_019058135.1|G0000103
split_0059	GCA_019058445.1|G0000107
split_0059	GCA_019323665.1|G0000109
split_0059	GCA_025059045.1|G0000134
split_0059	GCA_025839675.1|G0000139
split_0059	GCA_028716125.1|G0000144
split_0059	GCA_029838175.1|G0000149
split_0059	GCA_029856295.1|G0000154
split_0059	GCA_030587475.2|G0000157
split_0059	GCA_030610785.1|G0000159
split_0059	GCA_030612265.1|G0000161
split_0059	GCA_037386725.1|G0000181
split_0059	GCA_038840355.1|G0000190
split_0059	GCA_038845265.1|G0000193
split_0059	GCA_038846965.1|G0000194
split_0059	GCA_038852285.1|G0000198
split_0059	GCA_041862235.1|G0000205
split_0059	GCA_052626505.1|G0000215
split_0059	GCA_054384275.1|G0000222
split_0059	GCA_054384595.1|G0000225
split_0059	GCA_054386615.1|G0000227
split_0059	GOMC.bin.2843|G0000278
split_0059	GOMC.bin.9181|G0000297
split_0060	GCA_001775995.1|G0000013
split_0060	GCA_003034855.1|G0000030
split_0060	GCA_003661125.1|G0000039
split_0060	GCA_004524365.1|G0000042
split_0060	GCA_011364925.1|G0000055
split_0060	GCA_014729055.1|G0000060
split_0060	GCA_014729935.1|G0000062
split_0060	GCA_014730165.1|G0000063
split_0060	GCA_016840695.1|G0000080
split_0060	GCA_016932935.1|G0000082
split_0060	GCA_016933055.1|G0000083
split_0060	GCA_019058015.1|G0000099
split_0060	GCA_019058135.1|G0000103
split_0060	GCA_019058445.1|G0000107
split_0060	GCA_019323665.1|G0000109
split_0060	GCA_025059045.1|G0000134
split_0060	GCA_025839675.1|G0000139
split_0060	GCA_028716125.1|G0000144
split_0060	GCA_029838175.1|G0000149
split_0060	GCA_029856295.1|G0000154
split_0060	GCA_030587475.2|G0000157
split_0060	GCA_030610785.1|G0000159
split_0060	GCA_030612265.1|G0000161
split_0060	GCA_037386725.1|G0000181
split_0060	GCA_038840355.1|G0000190
split_0060	GCA_038845265.1|G0000193
split_0060	GCA_038846965.1|G0000194
split_0060	GCA_038852285.1|G0000198
split_0060	GCA_052626505.1|G0000215
split_0060	GCA_054384275.1|G0000222
split_0060	GCA_054384595.1|G0000225
split_0060	GCA_054386615.1|G0000227
split_0060	GOMC.bin.2843|G0000278
split_0060	GOMC.bin.9181|G0000297
split_0061	GCA_003034855.1|G0000030
split_0061	GCA_003661125.1|G0000039
split_0061	GCA_004524365.1|G0000042
split_0061	GCA_011364925.1|G0000055
split_0061	GCA_014729055.1|G0000060
split_0061	GCA_014729935.1|G0000062
split_0061	GCA_014730165.1|G0000063
split_0061	GCA_016840695.1|G0000080
split_0061	GCA_016932935.1|G0000082
split_0061	GCA_016933055.1|G0000083
split_0061	GCA_019058015.1|G0000099
split_0061	GCA_019058135.1|G0000103
split_0061	GCA_019058445.1|G0000107
split_0061	GCA_019323665.1|G0000109
split_0061	GCA_025059045.1|G0000134
split_0061	GCA_025839675.1|G0000139
split_0061	GCA_028716125.1|G0000144
split_0061	GCA_029838175.1|G0000149
split_0061	GCA_029856295.1|G0000154
split_0061	GCA_030587475.2|G0000157
split_0061	GCA_030610785.1|G0000159
split_0061	GCA_030612265.1|G0000161
split_0061	GCA_037386725.1|G0000181
split_0061	GCA_038840355.1|G0000190
split_0061	GCA_038845265.1|G0000193
split_0061	GCA_038846965.1|G0000194
split_0061	GCA_038852285.1|G0000198
split_0061	GCA_052626505.1|G0000215
split_0061	GCA_054384275.1|G0000222
split_0061	GCA_054384595.1|G0000225
split_0061	GCA_054386615.1|G0000227
split_0061	GOMC.bin.2843|G0000278
split_0061	GOMC.bin.9181|G0000297
split_0062	GCA_003034855.1|G0000030
split_0062	GCA_003661125.1|G0000039
split_0062	GCA_004524365.1|G0000042
split_0062	GCA_011364925.1|G0000055
split_0062	GCA_014729055.1|G0000060
split_0062	GCA_014729935.1|G0000062
split_0062	GCA_014730165.1|G0000063
split_0062	GCA_016840695.1|G0000080
split_0062	GCA_016932935.1|G0000082
split_0062	GCA_016933055.1|G0000083
split_0062	GCA_019058015.1|G0000099
split_0062	GCA_019058135.1|G0000103
split_0062	GCA_019058445.1|G0000107
split_0062	GCA_025059045.1|G0000134
split_0062	GCA_025839675.1|G0000139
split_0062	GCA_028716125.1|G0000144
split_0062	GCA_029838175.1|G0000149
split_0062	GCA_029856295.1|G0000154
split_0062	GCA_030587475.2|G0000157
split_0062	GCA_030610785.1|G0000159
split_0062	GCA_030612265.1|G0000161
split_0062	GCA_037386725.1|G0000181
split_0062	GCA_038840355.1|G0000190
split_0062	GCA_038845265.1|G0000193
split_0062	GCA_038846965.1|G0000194
split_0062	GCA_052626505.1|G0000215
split_0062	GCA_054384275.1|G0000222
split_0062	GCA_054384595.1|G0000225
split_0062	GCA_054386615.1|G0000227
split_0062	GOMC.bin.2843|G0000278
split_0062	GOMC.bin.9181|G0000297
split_0063	GCA_003661125.1|G0000039
split_0063	GCA_004524365.1|G0000042
split_0063	GCA_011364925.1|G0000055
split_0063	GCA_014729055.1|G0000060
split_0063	GCA_014729935.1|G0000062
split_0063	GCA_014730165.1|G0000063
split_0063	GCA_016840695.1|G0000080
split_0063	GCA_016932935.1|G0000082
split_0063	GCA_016933055.1|G0000083
split_0063	GCA_019058015.1|G0000099
split_0063	GCA_019058135.1|G0000103
split_0063	GCA_019058445.1|G0000107
split_0063	GCA_025059045.1|G0000134
split_0063	GCA_025839675.1|G0000139
split_0063	GCA_028716125.1|G0000144
split_0063	GCA_029838175.1|G0000149
split_0063	GCA_029856295.1|G0000154
split_0063	GCA_030587475.2|G0000157
split_0063	GCA_030610785.1|G0000159
split_0063	GCA_030612265.1|G0000161
split_0063	GCA_037386725.1|G0000181
split_0063	GCA_038840355.1|G0000190
split_0063	GCA_038845265.1|G0000193
split_0063	GCA_038846965.1|G0000194
split_0063	GCA_052626505.1|G0000215
split_0063	GCA_054384275.1|G0000222
split_0063	GCA_054384595.1|G0000225
split_0063	GCA_054386615.1|G0000227
split_0063	GOMC.bin.2843|G0000278
split_0063	GOMC.bin.9181|G0000297
split_0064	GCA_004524365.1|G0000042
split_0064	GCA_011364925.1|G0000055
split_0064	GCA_014729055.1|G0000060
split_0064	GCA_014729935.1|G0000062
split_0064	GCA_014730165.1|G0000063
split_0064	GCA_016840695.1|G0000080
split_0064	GCA_016932935.1|G0000082
split_0064	GCA_016933055.1|G0000083
split_0064	GCA_019058015.1|G0000099
split_0064	GCA_019058135.1|G0000103
split_0064	GCA_019058445.1|G0000107
split_0064	GCA_025059045.1|G0000134
split_0064	GCA_025839675.1|G0000139
split_0064	GCA_028716125.1|G0000144
split_0064	GCA_029838175.1|G0000149
split_0064	GCA_029856295.1|G0000154
split_0064	GCA_030587475.2|G0000157
split_0064	GCA_030610785.1|G0000159
split_0064	GCA_030612265.1|G0000161
split_0064	GCA_037386725.1|G0000181
split_0064	GCA_038840355.1|G0000190
split_0064	GCA_038845265.1|G0000193
split_0064	GCA_038846965.1|G0000194
split_0064	GCA_052626505.1|G0000215
split_0064	GCA_054384275.1|G0000222
split_0064	GCA_054384595.1|G0000225
split_0064	GCA_054386615.1|G0000227
split_0064	GOMC.bin.2843|G0000278
split_0064	GOMC.bin.9181|G0000297
split_0065	GCA_004524365.1|G0000042
split_0065	GCA_011364925.1|G0000055
split_0065	GCA_014730165.1|G0000063
split_0065	GCA_016840695.1|G0000080
split_0065	GCA_019058015.1|G0000099
split_0065	GCA_019058135.1|G0000103
split_0065	GCA_019058445.1|G0000107
split_0065	GCA_025059045.1|G0000134
split_0065	GCA_028716125.1|G0000144
split_0065	GCA_029838175.1|G0000149
split_0065	GCA_029856295.1|G0000154
split_0065	GCA_030610785.1|G0000159
split_0065	GCA_037386725.1|G0000181
split_0065	GCA_038840355.1|G0000190
split_0065	GCA_038845265.1|G0000193
split_0065	GCA_038846965.1|G0000194
split_0065	GCA_052626505.1|G0000215
split_0065	GCA_054384595.1|G0000225
split_0065	GOMC.bin.2843|G0000278
split_0065	GOMC.bin.9181|G0000297
split_0066	GCA_004524365.1|G0000042
split_0066	GCA_011364925.1|G0000055
split_0066	GCA_014730165.1|G0000063
split_0066	GCA_016840695.1|G0000080
split_0066	GCA_019058015.1|G0000099
split_0066	GCA_019058135.1|G0000103
split_0066	GCA_019058445.1|G0000107
split_0066	GCA_025059045.1|G0000134
split_0066	GCA_028716125.1|G0000144
split_0066	GCA_029838175.1|G0000149
split_0066	GCA_029856295.1|G0000154
split_0066	GCA_030610785.1|G0000159
split_0066	GCA_037386725.1|G0000181
split_0066	GCA_038840355.1|G0000190
split_0066	GCA_038845265.1|G0000193
split_0066	GCA_038846965.1|G0000194
split_0066	GCA_052626505.1|G0000215
split_0066	GCA_054384595.1|G0000225
split_0066	GOMC.bin.2843|G0000278
split_0067	GCA_004524365.1|G0000042
split_0067	GCA_011364925.1|G0000055
split_0067	GCA_014730165.1|G0000063
split_0067	GCA_016840695.1|G0000080
split_0067	GCA_019058015.1|G0000099
split_0067	GCA_019058135.1|G0000103
split_0067	GCA_019058445.1|G0000107
split_0067	GCA_025059045.1|G0000134
split_0067	GCA_028716125.1|G0000144
split_0067	GCA_029838175.1|G0000149
split_0067	GCA_029856295.1|G0000154
split_0067	GCA_030610785.1|G0000159
split_0067	GCA_037386725.1|G0000181
split_0067	GCA_038840355.1|G0000190
split_0067	GCA_038845265.1|G0000193
split_0067	GCA_038846965.1|G0000194
split_0067	GCA_054384595.1|G0000225
split_0067	GOMC.bin.2843|G0000278
split_0068	GCA_004524365.1|G0000042
split_0068	GCA_014730165.1|G0000063
split_0068	GCA_037386725.1|G0000181
split_0069	GCA_004524365.1|G0000042
split_0069	GCA_037386725.1|G0000181
split_0070	GCA_011364925.1|G0000055
split_0070	GCA_016840695.1|G0000080
split_0070	GCA_019058015.1|G0000099
split_0070	GCA_019058135.1|G0000103
split_0070	GCA_019058445.1|G0000107
split_0070	GCA_025059045.1|G0000134
split_0070	GCA_028716125.1|G0000144
split_0070	GCA_029838175.1|G0000149
split_0070	GCA_029856295.1|G0000154
split_0070	GCA_030610785.1|G0000159
split_0070	GCA_038840355.1|G0000190
split_0070	GCA_038845265.1|G0000193
split_0070	GCA_038846965.1|G0000194
split_0070	GCA_054384595.1|G0000225
split_0070	GOMC.bin.2843|G0000278
split_0071	GCA_011364925.1|G0000055
split_0071	GCA_016840695.1|G0000080
split_0071	GCA_019058445.1|G0000107
split_0071	GCA_029856295.1|G0000154
split_0072	GCA_011364925.1|G0000055
split_0072	GCA_016840695.1|G0000080
split_0073	GCA_019058445.1|G0000107
split_0073	GCA_029856295.1|G0000154
split_0074	GCA_019058015.1|G0000099
split_0074	GCA_019058135.1|G0000103
split_0074	GCA_025059045.1|G0000134
split_0074	GCA_028716125.1|G0000144
split_0074	GCA_029838175.1|G0000149
split_0074	GCA_030610785.1|G0000159
split_0074	GCA_038840355.1|G0000190
split_0074	GCA_038845265.1|G0000193
split_0074	GCA_038846965.1|G0000194
split_0074	GCA_054384595.1|G0000225
split_0074	GOMC.bin.2843|G0000278
split_0075	GCA_019058015.1|G0000099
split_0075	GCA_019058135.1|G0000103
split_0075	GCA_030610785.1|G0000159
split_0075	GCA_054384595.1|G0000225
split_0076	GCA_019058015.1|G0000099
split_0076	GCA_019058135.1|G0000103
split_0077	GCA_030610785.1|G0000159
split_0077	GCA_054384595.1|G0000225
split_0078	GCA_025059045.1|G0000134
split_0078	GCA_028716125.1|G0000144
split_0078	GCA_029838175.1|G0000149
split_0078	GCA_038840355.1|G0000190
split_0078	GCA_038845265.1|G0000193
split_0078	GCA_038846965.1|G0000194
split_0078	GOMC.bin.2843|G0000278
split_0079	GCA_025059045.1|G0000134
split_0079	GCA_028716125.1|G0000144
split_0079	GCA_038840355.1|G0000190
split_0079	GCA_038845265.1|G0000193
split_0079	GCA_038846965.1|G0000194
split_0079	GOMC.bin.2843|G0000278
split_0080	GCA_025059045.1|G0000134
split_0080	GCA_028716125.1|G0000144
split_0080	GCA_038840355.1|G0000190
split_0080	GCA_038845265.1|G0000193
split_0080	GOMC.bin.2843|G0000278
split_0081	GCA_025059045.1|G0000134
split_0081	GOMC.bin.2843|G0000278
split_0082	GCA_028716125.1|G0000144
split_0082	GCA_038840355.1|G0000190
split_0082	GCA_038845265.1|G0000193
split_0083	GCA_038840355.1|G0000190
split_0083	GCA_038845265.1|G0000193
split_0084	GCA_014729055.1|G0000060
split_0084	GCA_014729935.1|G0000062
split_0084	GCA_016932935.1|G0000082
split_0084	GCA_016933055.1|G0000083
split_0084	GCA_025839675.1|G0000139
split_0084	GCA_030587475.2|G0000157
split_0084	GCA_030612265.1|G0000161
split_0084	GCA_054384275.1|G0000222
split_0084	GCA_054386615.1|G0000227
split_0085	GCA_014729055.1|G0000060
split_0085	GCA_014729935.1|G0000062
split_0085	GCA_016932935.1|G0000082
split_0085	GCA_016933055.1|G0000083
split_0085	GCA_025839675.1|G0000139
split_0085	GCA_030587475.2|G0000157
split_0085	GCA_030612265.1|G0000161
split_0085	GCA_054386615.1|G0000227
split_0086	GCA_014729935.1|G0000062
split_0086	GCA_016932935.1|G0000082
split_0086	GCA_016933055.1|G0000083
split_0086	GCA_025839675.1|G0000139
split_0086	GCA_030587475.2|G0000157
split_0086	GCA_030612265.1|G0000161
split_0086	GCA_054386615.1|G0000227
split_0087	GCA_014729935.1|G0000062
split_0087	GCA_016932935.1|G0000082
split_0087	GCA_025839675.1|G0000139
split_0087	GCA_030587475.2|G0000157
split_0087	GCA_054386615.1|G0000227
split_0088	GCA_014729935.1|G0000062
split_0088	GCA_025839675.1|G0000139
split_0089	GCA_016932935.1|G0000082
split_0089	GCA_030587475.2|G0000157
split_0089	GCA_054386615.1|G0000227
split_0090	GCA_016932935.1|G0000082
split_0090	GCA_030587475.2|G0000157
split_0091	GCA_016933055.1|G0000083
split_0091	GCA_030612265.1|G0000161
split_0092	GCA_019323665.1|G0000109
split_0092	GCA_038852285.1|G0000198
split_0093	GCA_003164815.1|G0000034
split_0093	GCA_041862235.1|G0000205
split_0094	GCA_001564275.1|G0000009
split_0094	GCA_002844335.1|G0000021
split_0094	GCA_002844335.1|G0000022
split_0094	GCA_003021085.1|G0000026
split_0094	GCA_003021175.1|G0000028
split_0094	GCA_005954745.1|G0000049
split_0094	GCA_007118975.1|G0000051
split_0094	GCA_007122875.1|G0000053
split_0094	GCA_023008585.1|G0000127
split_0094	GCA_025517465.1|G0000137
split_0094	GCA_025517465.1|G0000138
split_0094	GCA_028275105.1|G0000142
split_0094	GCA_030734185.1|G0000162
split_0094	GCA_031852275.1|G0000165
split_0094	GCA_031852275.1|G0000166
split_0094	GCA_034190395.1|G0000169
split_0094	GCA_035269625.1|G0000172
split_0094	GCF_000025325.1|G0000236
split_0094	GCF_000025325.1|G0000237
split_0094	GCF_000025325.1|G0000239
split_0094	GCF_000237865.1|G0000242
split_0094	GCF_000306765.2|G0000243
split_0094	GCF_000306765.2|G0000244
split_0094	GCF_000334895.1|G0000245
split_0094	GCF_000403645.1|G0000248
split_0094	GCF_000403645.1|G0000249
split_0094	GCF_001485535.1|G0000251
split_0094	GCF_003369835.1|G0000253
split_0094	GCF_014647115.1|G0000254
split_0094	GCF_014647475.1|G0000255
split_0094	GCF_017094485.1|G0000257
split_0094	GCF_021083305.1|G0000259
split_0094	GCF_024227995.1|G0000262
split_0094	GCF_029338295.1|G0000263
split_0094	GCF_029338295.1|G0000264
split_0094	GCF_030287405.1|G0000267
split_0094	GCF_036429475.1|G0000268
split_0094	GOMC.bin.12150|G0000270
split_0094	GOMC.bin.9202|G0000299
split_0094	GOMC.bin.9202|G0000300
split_0094	GOMC.bin.9202|G0000301
split_0095	GCA_001564275.1|G0000009
split_0095	GCA_002844335.1|G0000021
split_0095	GCA_002844335.1|G0000022
split_0095	GCA_003021085.1|G0000026
split_0095	GCA_003021175.1|G0000028
split_0095	GCA_005954745.1|G0000049
split_0095	GCA_007118975.1|G0000051
split_0095	GCA_007122875.1|G0000053
split_0095	GCA_023008585.1|G0000127
split_0095	GCA_025517465.1|G0000137
split_0095	GCA_025517465.1|G0000138
split_0095	GCA_028275105.1|G0000142
split_0095	GCA_030734185.1|G0000162
split_0095	GCA_031852275.1|G0000165
split_0095	GCA_031852275.1|G0000166
split_0095	GCA_034190395.1|G0000169
split_0095	GCA_035269625.1|G0000172
split_0095	GCF_000025325.1|G0000236
split_0095	GCF_000025325.1|G0000237
split_0095	GCF_000025325.1|G0000239
split_0095	GCF_000306765.2|G0000243
split_0095	GCF_000306765.2|G0000244
split_0095	GCF_000334895.1|G0000245
split_0095	GCF_000403645.1|G0000248
split_0095	GCF_000403645.1|G0000249
split_0095	GCF_001485535.1|G0000251
split_0095	GCF_003369835.1|G0000253
split_0095	GCF_014647115.1|G0000254
split_0095	GCF_014647475.1|G0000255
split_0095	GCF_017094485.1|G0000257
split_0095	GCF_021083305.1|G0000259
split_0095	GCF_024227995.1|G0000262
split_0095	GCF_029338295.1|G0000263
split_0095	GCF_029338295.1|G0000264
split_0095	GCF_030287405.1|G0000267
split_0095	GCF_036429475.1|G0000268
split_0095	GOMC.bin.12150|G0000270
split_0095	GOMC.bin.9202|G0000299
split_0095	GOMC.bin.9202|G0000300
split_0095	GOMC.bin.9202|G0000301
split_0096	GCA_001564275.1|G0000009
split_0096	GCA_002844335.1|G0000021
split_0096	GCA_002844335.1|G0000022
split_0096	GCA_003021085.1|G0000026
split_0096	GCA_003021175.1|G0000028
split_0096	GCA_005954745.1|G0000049
split_0096	GCA_007118975.1|G0000051
split_0096	GCA_007122875.1|G0000053
split_0096	GCA_023008585.1|G0000127
split_0096	GCA_025517465.1|G0000137
split_0096	GCA_025517465.1|G0000138
split_0096	GCA_028275105.1|G0000142
split_0096	GCA_030734185.1|G0000162
split_0096	GCA_031852275.1|G0000165
split_0096	GCA_031852275.1|G0000166
split_0096	GCA_034190395.1|G0000169
split_0096	GCA_035269625.1|G0000172
split_0096	GCF_000025325.1|G0000236
split_0096	GCF_000025325.1|G0000237
split_0096	GCF_000025325.1|G0000239
split_0096	GCF_000306765.2|G0000243
split_0096	GCF_000306765.2|G0000244
split_0096	GCF_000334895.1|G0000245
split_0096	GCF_000403645.1|G0000248
split_0096	GCF_000403645.1|G0000249
split_0096	GCF_001485535.1|G0000251
split_0096	GCF_003369835.1|G0000253
split_0096	GCF_014647115.1|G0000254
split_0096	GCF_014647475.1|G0000255
split_0096	GCF_017094485.1|G0000257
split_0096	GCF_021083305.1|G0000259
split_0096	GCF_024227995.1|G0000262
split_0096	GCF_029338295.1|G0000263
split_0096	GCF_030287405.1|G0000267
split_0096	GCF_036429475.1|G0000268
split_0096	GOMC.bin.12150|G0000270
split_0096	GOMC.bin.9202|G0000299
split_0096	GOMC.bin.9202|G0000300
split_0096	GOMC.bin.9202|G0000301
split_0097	GCA_001564275.1|G0000009
split_0097	GCA_002844335.1|G0000021
split_0097	GCA_003021175.1|G0000028
split_0097	GCA_005954745.1|G0000049
split_0097	GCA_007118975.1|G0000051
split_0097	GCA_023008585.1|G0000127
split_0097	GCA_025517465.1|G0000137
split_0097	GCA_028275105.1|G0000142
split_0097	GCA_031852275.1|G0000165
split_0097	GCA_031852275.1|G0000166
split_0097	GCA_034190395.1|G0000169
split_0097	GCA_035269625.1|G0000172
split_0097	GCF_000025325.1|G0000236
split_0097	GCF_000025325.1|G0000237
split_0097	GCF_000025325.1|G0000239
split_0097	GCF_000306765.2|G0000243
split_0097	GCF_000306765.2|G0000244
split_0097	GCF_000403645.1|G0000248
split_0097	GCF_000403645.1|G0000249
split_0097	GCF_001485535.1|G0000251
split_0097	GCF_003369835.1|G0000253
split_0097	GCF_014647115.1|G0000254
split_0097	GCF_014647475.1|G0000255
split_0097	GCF_017094485.1|G0000257
split_0097	GCF_021083305.1|G0000259
split_0097	GCF_024227995.1|G0000262
split_0097	GCF_030287405.1|G0000267
split_0097	GCF_036429475.1|G0000268
split_0097	GOMC.bin.12150|G0000270
split_0097	GOMC.bin.9202|G0000299
split_0097	GOMC.bin.9202|G0000300
split_0097	GOMC.bin.9202|G0000301
split_0098	GCA_001564275.1|G0000009
split_0098	GCA_005954745.1|G0000049
split_0098	GCA_023008585.1|G0000127
split_0098	GCA_031852275.1|G0000166
split_0098	GCA_035269625.1|G0000172
split_0098	GCF_000025325.1|G0000236
split_0098	GCF_000403645.1|G0000249
split_0098	GCF_014647475.1|G0000255
split_0098	GCF_017094485.1|G0000257
split_0098	GOMC.bin.12150|G0000270
split_0098	GOMC.bin.9202|G0000300
split_0099	GCA_001564275.1|G0000009
split_0099	GCA_005954745.1|G0000049
split_0099	GCA_023008585.1|G0000127
split_0099	GCA_031852275.1|G0000166
split_0099	GCA_035269625.1|G0000172
split_0099	GCF_000025325.1|G0000236
split_0099	GCF_000403645.1|G0000249
split_0099	GCF_017094485.1|G0000257
split_0099	GOMC.bin.12150|G0000270
split_0099	GOMC.bin.9202|G0000300
split_0100	GCA_001564275.1|G0000009
split_0100	GCA_005954745.1|G0000049
split_0100	GCA_023008585.1|G0000127
split_0100	GCA_031852275.1|G0000166
split_0100	GCF_000025325.1|G0000236
split_0100	GCF_000403645.1|G0000249
split_0100	GCF_017094485.1|G0000257
split_0100	GOMC.bin.12150|G0000270
split_0100	GOMC.bin.9202|G0000300
split_0101	GCA_001564275.1|G0000009
split_0101	GCA_005954745.1|G0000049
split_0101	GCA_023008585.1|G0000127
split_0101	GCA_031852275.1|G0000166
split_0101	GCF_000025325.1|G0000236
split_0101	GCF_000403645.1|G0000249
split_0101	GOMC.bin.9202|G0000300
split_0102	GCA_001564275.1|G0000009
split_0102	GCA_005954745.1|G0000049
split_0102	GCA_023008585.1|G0000127
split_0102	GCA_031852275.1|G0000166
split_0102	GCF_000025325.1|G0000236
split_0103	GCA_001564275.1|G0000009
split_0103	GCA_023008585.1|G0000127
split_0103	GCA_031852275.1|G0000166
split_0103	GCF_000025325.1|G0000236
split_0104	GCA_001564275.1|G0000009
split_0104	GCA_031852275.1|G0000166
split_0104	GCF_000025325.1|G0000236
split_0105	GCA_031852275.1|G0000166
split_0105	GCF_000025325.1|G0000236
split_0106	GCF_000403645.1|G0000249
split_0106	GOMC.bin.9202|G0000300
split_0107	GCF_017094485.1|G0000257
split_0107	GOMC.bin.12150|G0000270
split_0108	GCA_002844335.1|G0000021
split_0108	GCA_003021175.1|G0000028
split_0108	GCA_007118975.1|G0000051
split_0108	GCA_025517465.1|G0000137
split_0108	GCA_028275105.1|G0000142
split_0108	GCA_031852275.1|G0000165
split_0108	GCA_034190395.1|G0000169
split_0108	GCF_000025325.1|G0000237
split_0108	GCF_000025325.1|G0000239
split_0108	GCF_000306765.2|G0000243
split_0108	GCF_000306765.2|G0000244
split_0108	GCF_000403645.1|G0000248
split_0108	GCF_001485535.1|G0000251
split_0108	GCF_003369835.1|G0000253
split_0108	GCF_014647115.1|G0000254
split_0108	GCF_021083305.1|G0000259
split_0108	GCF_024227995.1|G0000262
split_0108	GCF_030287405.1|G0000267
split_0108	GCF_036429475.1|G0000268
split_0108	GOMC.bin.9202|G0000299
split_0108	GOMC.bin.9202|G0000301
split_0109	GCA_002844335.1|G0000021
split_0109	GCA_003021175.1|G0000028
split_0109	GCA_007118975.1|G0000051
split_0109	GCA_025517465.1|G0000137
split_0109	GCA_031852275.1|G0000165
split_0109	GCA_034190395.1|G0000169
split_0109	GCF_000025325.1|G0000237
split_0109	GCF_000025325.1|G0000239
split_0109	GCF_000306765.2|G0000244
split_0109	GCF_000403645.1|G0000248
split_0109	GCF_001485535.1|G0000251
split_0109	GCF_003369835.1|G0000253
split_0109	GCF_014647115.1|G0000254
split_0109	GCF_021083305.1|G0000259
split_0109	GCF_024227995.1|G0000262
split_0109	GCF_030287405.1|G0000267
split_0109	GCF_036429475.1|G0000268
split_0109	GOMC.bin.9202|G0000299
split_0109	GOMC.bin.9202|G0000301
split_0110	GCA_002844335.1|G0000021
split_0110	GCA_003021175.1|G0000028
split_0110	GCA_007118975.1|G0000051
split_0110	GCA_025517465.1|G0000137
split_0110	GCF_001485535.1|G0000251
split_0110	GCF_003369835.1|G0000253
split_0110	GCF_014647115.1|G0000254
split_0110	GCF_021083305.1|G0000259
split_0110	GCF_024227995.1|G0000262
split_0110	GCF_030287405.1|G0000267
split_0110	GCF_036429475.1|G0000268
split_0110	GOMC.bin.9202|G0000301
split_0111	GCA_002844335.1|G0000021
split_0111	GCA_003021175.1|G0000028
split_0111	GCA_007118975.1|G0000051
split_0111	GCA_025517465.1|G0000137
split_0111	GCF_001485535.1|G0000251
split_0111	GCF_014647115.1|G0000254
split_0111	GCF_030287405.1|G0000267
split_0111	GOMC.bin.9202|G0000301
split_0112	GCA_002844335.1|G0000021
split_0112	GCA_003021175.1|G0000028
split_0112	GCA_025517465.1|G0000137
split_0112	GCF_001485535.1|G0000251
split_0112	GCF_014647115.1|G0000254
split_0113	GCA_002844335.1|G0000021
split_0113	GCA_025517465.1|G0000137
split_0114	GCA_003021175.1|G0000028
split_0114	GCF_001485535.1|G0000251
split_0114	GCF_014647115.1|G0000254
split_0115	GCF_001485535.1|G0000251
split_0115	GCF_014647115.1|G0000254
split_0116	GCA_007118975.1|G0000051
split_0116	GCF_030287405.1|G0000267
split_0116	GOMC.bin.9202|G0000301
split_0117	GCA_007118975.1|G0000051
split_0117	GOMC.bin.9202|G0000301
split_0118	GCF_003369835.1|G0000253
split_0118	GCF_021083305.1|G0000259
split_0118	GCF_024227995.1|G0000262
split_0118	GCF_036429475.1|G0000268
split_0119	GCF_003369835.1|G0000253
split_0119	GCF_024227995.1|G0000262
split_0120	GCF_021083305.1|G0000259
split_0120	GCF_036429475.1|G0000268
split_0121	GCA_031852275.1|G0000165
split_0121	GCA_034190395.1|G0000169
split_0121	GCF_000025325.1|G0000237
split_0121	GCF_000025325.1|G0000239
split_0121	GCF_000306765.2|G0000244
split_0121	GCF_000403645.1|G0000248
split_0121	GOMC.bin.9202|G0000299
split_0122	GCA_031852275.1|G0000165
split_0122	GCA_034190395.1|G0000169
split_0122	GCF_000025325.1|G0000237
split_0122	GCF_000025325.1|G0000239
split_0122	GCF_000403645.1|G0000248
split_0123	GCA_031852275.1|G0000165
split_0123	GCF_000025325.1|G0000237
split_0123	GCF_000025325.1|G0000239
split_0123	GCF_000403645.1|G0000248
split_0124	GCF_000025325.1|G0000237
split_0124	GCF_000025325.1|G0000239
split_0124	GCF_000403645.1|G0000248
split_0125	GCF_000025325.1|G0000237
split_0125	GCF_000025325.1|G0000239
split_0126	GCF_000306765.2|G0000244
split_0126	GOMC.bin.9202|G0000299
split_0127	GCA_028275105.1|G0000142
split_0127	GCF_000306765.2|G0000243
split_0128	GCA_002844335.1|G0000022
split_0128	GCA_003021085.1|G0000026
split_0128	GCA_007122875.1|G0000053
split_0128	GCA_025517465.1|G0000138
split_0128	GCA_030734185.1|G0000162
split_0128	GCF_000334895.1|G0000245
split_0128	GCF_029338295.1|G0000263
split_0129	GCA_002844335.1|G0000022
split_0129	GCA_025517465.1|G0000138
split_0129	GCA_030734185.1|G0000162
split_0129	GCF_000334895.1|G0000245
split_0129	GCF_029338295.1|G0000263
split_0130	GCA_002844335.1|G0000022
split_0130	GCA_025517465.1|G0000138
split_0130	GCF_000334895.1|G0000245
split_0130	GCF_029338295.1|G0000263
split_0131	GCA_002844335.1|G0000022
split_0131	GCA_025517465.1|G0000138
split_0132	GCF_000334895.1|G0000245
split_0132	GCF_029338295.1|G0000263
split_0133	GCA_003021085.1|G0000026
split_0133	GCA_007122875.1|G0000053
split_0134	GCA_034190325.1|G0000167
split_0134	GCA_046538535.1|G0000206
split_0135	GCA_002490245.1|G0000020
split_0135	GCA_005191415.1|G0000045
split_0135	GCA_019058315.1|G0000105
split_0135	GCA_035531115.1|G0000174
split_0135	GCA_054381345.1|G0000216
split_0135	GCA_054383535.1|G0000220
split_0135	GCA_054383595.1|G0000221
split_0135	GOMC.bin.7984|G0000296
split_0136	GCA_005191415.1|G0000045
split_0136	GCA_019058315.1|G0000105
split_0136	GCA_035531115.1|G0000174
split_0136	GCA_054381345.1|G0000216
split_0136	GCA_054383535.1|G0000220
split_0136	GCA_054383595.1|G0000221
split_0136	GOMC.bin.7984|G0000296
split_0137	GCA_005191415.1|G0000045
split_0137	GCA_035531115.1|G0000174
split_0137	GCA_054381345.1|G0000216
split_0137	GOMC.bin.7984|G0000296
split_0138	GCA_005191415.1|G0000045
split_0138	GCA_054381345.1|G0000216
split_0139	GCA_035531115.1|G0000174
split_0139	GOMC.bin.7984|G0000296
split_0140	GCA_019058315.1|G0000105
split_0140	GCA_054383535.1|G0000220
split_0140	GCA_054383595.1|G0000221
split_0141	GCA_019058315.1|G0000105
split_0141	GCA_054383535.1|G0000220
split_0142	GCA_018650285.1|G0000095
split_0142	GCA_028821815.1|G0000145
split_0142	GCA_963582685.1|G0000230
split_0143	GCA_028821815.1|G0000145
split_0143	GCA_963582685.1|G0000230
split_0144	GCA_025041175.1|G0000133
split_0144	GCF_000334895.1|G0000247
split_0145	GCA_002490245.1|G0000019
split_0145	GCA_016840425.1|G0000077
split_0145	GCA_017601265.1|G0000084
split_0145	GCA_019058495.1|G0000108
split_0145	GCA_019721035.1|G0000112
split_0145	GCA_021162845.1|G0000116
split_0145	GCA_021806165.1|G0000125
split_0145	GCA_037308085.1|G0000177
split_0145	GCA_037310415.1|G0000178
split_0145	GCA_038046745.1|G0000182
split_0145	GCA_038840055.1|G0000189
split_0145	GCA_038852135.1|G0000197
split_0145	GCA_038881315.1|G0000201
split_0145	GCA_038883485.1|G0000202
split_0145	GCA_048886645.1|G0000209
split_0145	GOMC.bin.2724|G0000275
split_0146	GCA_002490245.1|G0000019
split_0146	GCA_016840425.1|G0000077
split_0146	GCA_017601265.1|G0000084
split_0146	GCA_019058495.1|G0000108
split_0146	GCA_021162845.1|G0000116
split_0146	GCA_037308085.1|G0000177
split_0146	GCA_037310415.1|G0000178
split_0146	GCA_038046745.1|G0000182
split_0146	GCA_038840055.1|G0000189
split_0146	GCA_038852135.1|G0000197
split_0146	GCA_038883485.1|G0000202
split_0146	GCA_048886645.1|G0000209
split_0146	GOMC.bin.2724|G0000275
split_0147	GCA_002490245.1|G0000019
split_0147	GCA_017601265.1|G0000084
split_0147	GCA_021162845.1|G0000116
split_0147	GCA_038840055.1|G0000189
split_0147	GCA_038852135.1|G0000197
split_0147	GCA_038883485.1|G0000202
split_0147	GOMC.bin.2724|G0000275
split_0148	GCA_002490245.1|G0000019
split_0148	GCA_017601265.1|G0000084
split_0148	GCA_021162845.1|G0000116
split_0148	GCA_038840055.1|G0000189
split_0148	GCA_038883485.1|G0000202
split_0148	GOMC.bin.2724|G0000275
split_0149	GCA_002490245.1|G0000019
split_0149	GCA_017601265.1|G0000084
split_0149	GCA_021162845.1|G0000116
split_0149	GCA_038840055.1|G0000189
split_0149	GCA_038883485.1|G0000202
split_0150	GCA_002490245.1|G0000019
split_0150	GCA_038840055.1|G0000189
split_0151	GCA_017601265.1|G0000084
split_0151	GCA_021162845.1|G0000116
split_0151	GCA_038883485.1|G0000202
split_0152	GCA_017601265.1|G0000084
split_0152	GCA_021162845.1|G0000116
split_0153	GCA_016840425.1|G0000077
split_0153	GCA_019058495.1|G0000108
split_0153	GCA_037308085.1|G0000177
split_0153	GCA_037310415.1|G0000178
split_0153	GCA_038046745.1|G0000182
split_0153	GCA_048886645.1|G0000209
split_0154	GCA_016840425.1|G0000077
split_0154	GCA_048886645.1|G0000209
split_0155	GCA_019058495.1|G0000108
split_0155	GCA_037308085.1|G0000177
split_0155	GCA_037310415.1|G0000178
split_0155	GCA_038046745.1|G0000182
split_0156	GCA_019058495.1|G0000108
split_0156	GCA_037308085.1|G0000177
split_0156	GCA_037310415.1|G0000178
split_0157	GCA_037308085.1|G0000177
split_0157	GCA_037310415.1|G0000178
split_0158	GCA_019721035.1|G0000112
split_0158	GCA_021806165.1|G0000125
split_0158	GCA_038881315.1|G0000201
split_0159	GCA_019721035.1|G0000112
split_0159	GCA_038881315.1|G0000201
split_0160	GCA_001593865.1|G0000011
split_0160	GCA_001940655.1|G0000014
split_0160	GCA_002254595.1|G0000017
split_0160	GCA_002254595.1|G0000018
split_0160	GCA_003650925.1|G0000037
split_0160	GCA_004524365.1|G0000041
split_0160	GCA_004524535.1|G0000044
split_0160	GCA_005223125.1|G0000047
split_0160	GCA_007118975.1|G0000050
split_0160	GCA_011364925.1|G0000056
split_0160	GCA_011605725.1|G0000057
split_0160	GCA_014729055.1|G0000059
split_0160	GCA_014729935.1|G0000061
split_0160	GCA_014730165.1|G0000064
split_0160	GCA_016839585.1|G0000073
split_0160	GCA_016839765.1|G0000074
split_0160	GCA_016840695.1|G0000079
split_0160	GCA_016932935.1|G0000081
split_0160	GCA_017601265.1|G0000085
split_0160	GCA_018396535.1|G0000091
split_0160	GCA_018396755.1|G0000094
split_0160	GCA_019058015.1|G0000100
split_0160	GCA_019058135.1|G0000101
split_0160	GCA_019058135.1|G0000102
split_0160	GCA_019058445.1|G0000106
split_0160	GCA_021162845.1|G0000115
split_0160	GCA_021163245.1|G0000118
split_0160	GCA_029838175.1|G0000150
split_0160	GCA_029855935.1|G0000151
split_0160	GCA_029856295.1|G0000155
split_0160	GCA_030587475.2|G0000158
split_0160	GCA_037386725.1|G0000180
split_0160	GCA_038730885.1|G0000183
split_0160	GCA_046538535.1|G0000207
split_0160	GCA_048887225.1|G0000210
split_0160	GCA_052626505.1|G0000214
split_0160	GCA_054384275.1|G0000223
split_0160	GCA_054384595.1|G0000224
split_0160	GCA_054386615.1|G0000228
split_0160	GCF_000018305.1|G0000233
split_0160	GOMC.bin.16739|G0000274
split_0160	GOMC.bin.2843|G0000279
split_0160	GOMC.bin.2866|G0000282
split_0160	GOMC.bin.2875|G0000284
split_0160	GOMC.bin.2900|G0000286
split_0160	GOMC.bin.5642|G0000293
split_0160	GOMC.bin.5642|G0000295
split_0160	GOMC.bin.9181|G0000298
split_0161	GCA_001593865.1|G0000011
split_0161	GCA_001940655.1|G0000014
split_0161	GCA_002254595.1|G0000017
split_0161	GCA_002254595.1|G0000018
split_0161	GCA_003650925.1|G0000037
split_0161	GCA_004524365.1|G0000041
split_0161	GCA_004524535.1|G0000044
split_0161	GCA_005223125.1|G0000047
split_0161	GCA_011364925.1|G0000056
split_0161	GCA_011605725.1|G0000057
split_0161	GCA_014729055.1|G0000059
split_0161	GCA_014729935.1|G0000061
split_0161	GCA_014730165.1|G0000064
split_0161	GCA_016839585.1|G0000073
split_0161	GCA_016839765.1|G0000074
split_0161	GCA_016840695.1|G0000079
split_0161	GCA_016932935.1|G0000081
split_0161	GCA_017601265.1|G0000085
split_0161	GCA_018396535.1|G0000091
split_0161	GCA_018396755.1|G0000094
split_0161	GCA_019058015.1|G0000100
split_0161	GCA_019058135.1|G0000101
split_0161	GCA_019058135.1|G0000102
split_0161	GCA_019058445.1|G0000106
split_0161	GCA_021162845.1|G0000115
split_0161	GCA_021163245.1|G0000118
split_0161	GCA_029838175.1|G0000150
split_0161	GCA_029856295.1|G0000155
split_0161	GCA_030587475.2|G0000158
split_0161	GCA_037386725.1|G0000180
split_0161	GCA_038730885.1|G0000183
split_0161	GCA_048887225.1|G0000210
split_0161	GCA_052626505.1|G0000214
split_0161	GCA_054384275.1|G0000223
split_0161	GCA_054384595.1|G0000224
split_0161	GCA_054386615.1|G0000228
split_0161	GCF_000018305.1|G0000233
split_0161	GOMC.bin.16739|G0000274
split_0161	GOMC.bin.2843|G0000279
split_0161	GOMC.bin.2866|G0000282
split_0161	GOMC.bin.2875|G0000284
split_0161	GOMC.bin.2900|G0000286
split_0161	GOMC.bin.5642|G0000293
split_0161	GOMC.bin.5642|G0000295
split_0161	GOMC.bin.9181|G0000298
split_0162	GCA_001593865.1|G0000011
split_0162	GCA_001940655.1|G0000014
split_0162	GCA_003650925.1|G0000037
split_0162	GCA_004524365.1|G0000041
split_0162	GCA_004524535.1|G0000044
split_0162	GCA_005223125.1|G0000047
split_0162	GCA_011364925.1|G0000056
split_0162	GCA_011605725.1|G0000057
split_0162	GCA_014729055.1|G0000059
split_0162	GCA_014729935.1|G0000061
split_0162	GCA_014730165.1|G0000064
split_0162	GCA_016839585.1|G0000073
split_0162	GCA_016839765.1|G0000074
split_0162	GCA_016840695.1|G0000079
split_0162	GCA_016932935.1|G0000081
split_0162	GCA_017601265.1|G0000085
split_0162	GCA_018396535.1|G0000091
split_0162	GCA_018396755.1|G0000094
split_0162	GCA_019058015.1|G0000100
split_0162	GCA_019058135.1|G0000101
split_0162	GCA_019058135.1|G0000102
split_0162	GCA_019058445.1|G0000106
split_0162	GCA_021162845.1|G0000115
split_0162	GCA_021163245.1|G0000118
split_0162	GCA_029838175.1|G0000150
split_0162	GCA_029856295.1|G0000155
split_0162	GCA_030587475.2|G0000158
split_0162	GCA_037386725.1|G0000180
split_0162	GCA_038730885.1|G0000183
split_0162	GCA_048887225.1|G0000210
split_0162	GCA_052626505.1|G0000214
split_0162	GCA_054384275.1|G0000223
split_0162	GCA_054384595.1|G0000224
split_0162	GCA_054386615.1|G0000228
split_0162	GOMC.bin.16739|G0000274
split_0162	GOMC.bin.2843|G0000279
split_0162	GOMC.bin.2866|G0000282
split_0162	GOMC.bin.2875|G0000284
split_0162	GOMC.bin.2900|G0000286
split_0162	GOMC.bin.5642|G0000293
split_0162	GOMC.bin.5642|G0000295
split_0162	GOMC.bin.9181|G0000298
split_0163	GCA_001593865.1|G0000011
split_0163	GCA_001940655.1|G0000014
split_0163	GCA_004524365.1|G0000041
split_0163	GCA_004524535.1|G0000044
split_0163	GCA_005223125.1|G0000047
split_0163	GCA_011364925.1|G0000056
split_0163	GCA_014729055.1|G0000059
split_0163	GCA_014729935.1|G0000061
split_0163	GCA_014730165.1|G0000064
split_0163	GCA_016839585.1|G0000073
split_0163	GCA_016839765.1|G0000074
split_0163	GCA_016840695.1|G0000079
split_0163	GCA_016932935.1|G0000081
split_0163	GCA_017601265.1|G0000085
split_0163	GCA_018396535.1|G0000091
split_0163	GCA_018396755.1|G0000094
split_0163	GCA_019058015.1|G0000100
split_0163	GCA_019058135.1|G0000101
split_0163	GCA_019058135.1|G0000102
split_0163	GCA_019058445.1|G0000106
split_0163	GCA_029838175.1|G0000150
split_0163	GCA_029856295.1|G0000155
split_0163	GCA_030587475.2|G0000158
split_0163	GCA_037386725.1|G0000180
split_0163	GCA_048887225.1|G0000210
split_0163	GCA_052626505.1|G0000214
split_0163	GCA_054384275.1|G0000223
split_0163	GCA_054384595.1|G0000224
split_0163	GCA_054386615.1|G0000228
split_0163	GOMC.bin.9181|G0000298
split_0164	GCA_001593865.1|G0000011
split_0164	GCA_017601265.1|G0000085
split_0164	GCA_018396535.1|G0000091
split_0164	GCA_018396755.1|G0000094
split_0165	GCA_001593865.1|G0000011
split_0165	GCA_018396535.1|G0000091
split_0165	GCA_018396755.1|G0000094
split_0166	GCA_001593865.1|G0000011
split_0166	GCA_018396755.1|G0000094
split_0167	GCA_001940655.1|G0000014
split_0167	GCA_004524365.1|G0000041
split_0167	GCA_004524535.1|G0000044
split_0167	GCA_005223125.1|G0000047
split_0167	GCA_011364925.1|G0000056
split_0167	GCA_014729055.1|G0000059
split_0167	GCA_014729935.1|G0000061
split_0167	GCA_014730165.1|G0000064
split_0167	GCA_016839585.1|G0000073
split_0167	GCA_016839765.1|G0000074
split_0167	GCA_016840695.1|G0000079
split_0167	GCA_016932935.1|G0000081
split_0167	GCA_019058015.1|G0000100
split_0167	GCA_019058135.1|G0000101
split_0167	GCA_019058135.1|G0000102
split_0167	GCA_019058445.1|G0000106
split_0167	GCA_029838175.1|G0000150
split_0167	GCA_029856295.1|G0000155
split_0167	GCA_030587475.2|G0000158
split_0167	GCA_037386725.1|G0000180
split_0167	GCA_048887225.1|G0000210
split_0167	GCA_052626505.1|G0000214
split_0167	GCA_054384275.1|G0000223
split_0167	GCA_054384595.1|G0000224
split_0167	GCA_054386615.1|G0000228
split_0167	GOMC.bin.9181|G0000298
split_0168	GCA_001940655.1|G0000014
split_0168	GCA_004524365.1|G0000041
split_0168	GCA_004524535.1|G0000044
split_0168	GCA_005223125.1|G0000047
split_0168	GCA_011364925.1|G0000056
split_0168	GCA_014730165.1|G0000064
split_0168	GCA_016839585.1|G0000073
split_0168	GCA_016839765.1|G0000074
split_0168	GCA_016840695.1|G0000079
split_0168	GCA_019058015.1|G0000100
split_0168	GCA_019058135.1|G0000101
split_0168	GCA_019058135.1|G0000102
split_0168	GCA_019058445.1|G0000106
split_0168	GCA_029838175.1|G0000150
split_0168	GCA_029856295.1|G0000155
split_0168	GCA_037386725.1|G0000180
split_0168	GCA_048887225.1|G0000210
split_0168	GCA_052626505.1|G0000214
split_0168	GCA_054384595.1|G0000224
split_0168	GOMC.bin.9181|G0000298
split_0169	GCA_004524365.1|G0000041
split_0169	GCA_004524535.1|G0000044
split_0169	GCA_005223125.1|G0000047
split_0169	GCA_011364925.1|G0000056
split_0169	GCA_014730165.1|G0000064
split_0169	GCA_016839585.1|G0000073
split_0169	GCA_016839765.1|G0000074
split_0169	GCA_016840695.1|G0000079
split_0169	GCA_019058015.1|G0000100
split_0169	GCA_019058135.1|G0000101
split_0169	GCA_019058135.1|G0000102
split_0169	GCA_019058445.1|G0000106
split_0169	GCA_029838175.1|G0000150
split_0169	GCA_029856295.1|G0000155
split_0169	GCA_037386725.1|G0000180
split_0169	GCA_048887225.1|G0000210
split_0169	GCA_052626505.1|G0000214
split_0169	GCA_054384595.1|G0000224
split_0169	GOMC.bin.9181|G0000298
split_0170	GCA_004524365.1|G0000041
split_0170	GCA_004524535.1|G0000044
split_0170	GCA_005223125.1|G0000047
split_0170	GCA_011364925.1|G0000056
split_0170	GCA_016839585.1|G0000073
split_0170	GCA_016839765.1|G0000074
split_0170	GCA_016840695.1|G0000079
split_0170	GCA_019058015.1|G0000100
split_0170	GCA_019058135.1|G0000101
split_0170	GCA_019058135.1|G0000102
split_0170	GCA_019058445.1|G0000106
split_0170	GCA_029838175.1|G0000150
split_0170	GCA_029856295.1|G0000155
split_0170	GCA_037386725.1|G0000180
split_0170	GCA_048887225.1|G0000210
split_0170	GCA_052626505.1|G0000214
split_0170	GCA_054384595.1|G0000224
split_0170	GOMC.bin.9181|G0000298
split_0171	GCA_004524365.1|G0000041
split_0171	GCA_011364925.1|G0000056
split_0171	GCA_029838175.1|G0000150
split_0171	GCA_037386725.1|G0000180
split_0171	GOMC.bin.9181|G0000298
split_0172	GCA_004524365.1|G0000041
split_0172	GCA_011364925.1|G0000056
split_0172	GCA_037386725.1|G0000180
split_0172	GOMC.bin.9181|G0000298
split_0173	GCA_004524365.1|G0000041
split_0173	GCA_011364925.1|G0000056
split_0173	GCA_037386725.1|G0000180
split_0174	GCA_004524365.1|G0000041
split_0174	GCA_011364925.1|G0000056
split_0175	GCA_004524535.1|G0000044
split_0175	GCA_005223125.1|G0000047
split_0175	GCA_016839585.1|G0000073
split_0175	GCA_016839765.1|G0000074
split_0175	GCA_016840695.1|G0000079
split_0175	GCA_019058015.1|G0000100
split_0175	GCA_019058135.1|G0000101
split_0175	GCA_019058135.1|G0000102
split_0175	GCA_019058445.1|G0000106
split_0175	GCA_029856295.1|G0000155
split_0175	GCA_048887225.1|G0000210
split_0175	GCA_052626505.1|G0000214
split_0175	GCA_054384595.1|G0000224
split_0176	GCA_004524535.1|G0000044
split_0176	GCA_005223125.1|G0000047
split_0176	GCA_016839585.1|G0000073
split_0176	GCA_016839765.1|G0000074
split_0176	GCA_016840695.1|G0000079
split_0176	GCA_019058015.1|G0000100
split_0176	GCA_019058135.1|G0000101
split_0176	GCA_019058135.1|G0000102
split_0176	GCA_019058445.1|G0000106
split_0176	GCA_029856295.1|G0000155
split_0176	GCA_048887225.1|G0000210
split_0176	GCA_052626505.1|G0000214
split_0177	GCA_004524535.1|G0000044
split_0177	GCA_016839765.1|G0000074
split_0177	GCA_019058445.1|G0000106
split_0177	GCA_029856295.1|G0000155
split_0177	GCA_048887225.1|G0000210
split_0177	GCA_052626505.1|G0000214
split_0178	GCA_004524535.1|G0000044
split_0178	GCA_019058445.1|G0000106
split_0178	GCA_029856295.1|G0000155
split_0178	GCA_048887225.1|G0000210
split_0179	GCA_004524535.1|G0000044
split_0179	GCA_048887225.1|G0000210
split_0180	GCA_019058445.1|G0000106
split_0180	GCA_029856295.1|G0000155
split_0181	GCA_016839765.1|G0000074
split_0181	GCA_052626505.1|G0000214
split_0182	GCA_005223125.1|G0000047
split_0182	GCA_016839585.1|G0000073
split_0182	GCA_016840695.1|G0000079
split_0182	GCA_019058015.1|G0000100
split_0182	GCA_019058135.1|G0000101
split_0182	GCA_019058135.1|G0000102
split_0183	GCA_005223125.1|G0000047
split_0183	GCA_016839585.1|G0000073
split_0183	GCA_019058015.1|G0000100
split_0183	GCA_019058135.1|G0000101
split_0183	GCA_019058135.1|G0000102
split_0184	GCA_005223125.1|G0000047
split_0184	GCA_019058015.1|G0000100
split_0184	GCA_019058135.1|G0000101
split_0184	GCA_019058135.1|G0000102
split_0185	GCA_019058015.1|G0000100
split_0185	GCA_019058135.1|G0000101
split_0185	GCA_019058135.1|G0000102
split_0186	GCA_019058015.1|G0000100
split_0186	GCA_019058135.1|G0000102
split_0187	GCA_014729055.1|G0000059
split_0187	GCA_014729935.1|G0000061
split_0187	GCA_016932935.1|G0000081
split_0187	GCA_030587475.2|G0000158
split_0187	GCA_054384275.1|G0000223
split_0187	GCA_054386615.1|G0000228
split_0188	GCA_014729935.1|G0000061
split_0188	GCA_016932935.1|G0000081
split_0188	GCA_030587475.2|G0000158
split_0188	GCA_054384275.1|G0000223
split_0188	GCA_054386615.1|G0000228
split_0189	GCA_014729935.1|G0000061
split_0189	GCA_016932935.1|G0000081
split_0189	GCA_030587475.2|G0000158
split_0189	GCA_054386615.1|G0000228
split_0190	GCA_016932935.1|G0000081
split_0190	GCA_030587475.2|G0000158
split_0190	GCA_054386615.1|G0000228
split_0191	GCA_016932935.1|G0000081
split_0191	GCA_030587475.2|G0000158
split_0192	GCA_003650925.1|G0000037
split_0192	GCA_011605725.1|G0000057
split_0192	GCA_021162845.1|G0000115
split_0192	GCA_021163245.1|G0000118
split_0192	GCA_038730885.1|G0000183
split_0192	GOMC.bin.16739|G0000274
split_0192	GOMC.bin.2843|G0000279
split_0192	GOMC.bin.2866|G0000282
split_0192	GOMC.bin.2875|G0000284
split_0192	GOMC.bin.2900|G0000286
split_0192	GOMC.bin.5642|G0000293
split_0192	GOMC.bin.5642|G0000295
split_0193	GCA_003650925.1|G0000037
split_0193	GCA_011605725.1|G0000057
split_0193	GCA_021162845.1|G0000115
split_0193	GCA_038730885.1|G0000183
split_0193	GOMC.bin.2843|G0000279
split_0193	GOMC.bin.2866|G0000282
split_0193	GOMC.bin.2875|G0000284
split_0193	GOMC.bin.2900|G0000286
split_0193	GOMC.bin.5642|G0000293
split_0193	GOMC.bin.5642|G0000295
split_0194	GCA_003650925.1|G0000037
split_0194	GCA_011605725.1|G0000057
split_0194	GCA_021162845.1|G0000115
split_0194	GCA_038730885.1|G0000183
split_0194	GOMC.bin.2843|G0000279
split_0194	GOMC.bin.2866|G0000282
split_0194	GOMC.bin.2875|G0000284
split_0194	GOMC.bin.2900|G0000286
split_0194	GOMC.bin.5642|G0000293
split_0195	GCA_003650925.1|G0000037
split_0195	GCA_011605725.1|G0000057
split_0195	GCA_021162845.1|G0000115
split_0195	GCA_038730885.1|G0000183
split_0195	GOMC.bin.2843|G0000279
split_0195	GOMC.bin.2866|G0000282
split_0195	GOMC.bin.2875|G0000284
split_0195	GOMC.bin.5642|G0000293
split_0196	GCA_003650925.1|G0000037
split_0196	GCA_011605725.1|G0000057
split_0196	GCA_021162845.1|G0000115
split_0196	GCA_038730885.1|G0000183
split_0196	GOMC.bin.2866|G0000282
split_0196	GOMC.bin.2875|G0000284
split_0197	GCA_003650925.1|G0000037
split_0197	GOMC.bin.2866|G0000282
split_0198	GCA_011605725.1|G0000057
split_0198	GCA_021162845.1|G0000115
split_0198	GCA_038730885.1|G0000183
split_0198	GOMC.bin.2875|G0000284
split_0199	GCA_011605725.1|G0000057
split_0199	GCA_038730885.1|G0000183
split_0199	GOMC.bin.2875|G0000284
split_0200	GCA_011605725.1|G0000057
split_0200	GCA_038730885.1|G0000183
split_0201	GOMC.bin.2843|G0000279
split_0201	GOMC.bin.5642|G0000293
split_0202	GCA_021163245.1|G0000118
split_0202	GOMC.bin.16739|G0000274
split_0203	GCA_002254595.1|G0000017
split_0203	GCA_002254595.1|G0000018
split_0203	GCF_000018305.1|G0000233
split_0204	GCA_002254595.1|G0000017
split_0204	GCA_002254595.1|G0000018
split_0205	GCA_007118975.1|G0000050
split_0205	GCA_029855935.1|G0000151
split_0205	GCA_046538535.1|G0000207
split_0206	GCA_007118975.1|G0000050
split_0206	GCA_029855935.1|G0000151
split_0207	GCA_018396725.1|G0000093
split_0207	GCA_020637435.1|G0000113
split_0207	GCA_034190325.1|G0000168
split_0207	GCA_038730885.1|G0000184
split_0207	GCA_038846965.1|G0000196
split_0207	GCA_041479945.1|G0000204
split_0207	GOMC.bin.5642|G0000292
split_0208	GCA_018396725.1|G0000093
split_0208	GCA_034190325.1|G0000168
split_0208	GCA_038730885.1|G0000184
split_0208	GCA_038846965.1|G0000196
split_0208	GCA_041479945.1|G0000204
split_0208	GOMC.bin.5642|G0000292
split_0209	GCA_018396725.1|G0000093
split_0209	GCA_038846965.1|G0000196
split_0209	GOMC.bin.5642|G0000292
split_0210	GCA_018396725.1|G0000093
split_0210	GCA_038846965.1|G0000196
split_0211	GCA_034190325.1|G0000168
split_0211	GCA_038730885.1|G0000184
split_0211	GCA_041479945.1|G0000204
split_0212	GCA_038730885.1|G0000184
split_0212	GCA_041479945.1|G0000204
split_0213	GCA_001516585.1|G0000006
split_0213	GCA_001563875.1|G0000008
split_0213	GCA_001564275.1|G0000010
split_0213	GCA_002009975.1|G0000015
split_0213	GCA_003021085.1|G0000027
split_0213	GCA_003021175.1|G0000029
split_0213	GCA_003116855.1|G0000031
split_0213	GCA_003164815.1|G0000033
split_0213	GCA_005191415.1|G0000046
split_0213	GCA_005954745.1|G0000048
split_0213	GCA_007122875.1|G0000052
split_0213	GCA_011364925.1|G0000054
split_0213	GCA_015520705.1|G0000068
split_0213	GCA_015520705.1|G0000069
split_0213	GCA_015522745.1|G0000070
split_0213	GCA_016207465.1|G0000071
split_0213	GCA_016840065.1|G0000075
split_0213	GCA_016840135.1|G0000076
split_0213	GCA_018304605.1|G0000087
split_0213	GCA_018920315.1|G0000096
split_0213	GCA_019058165.1|G0000104
split_0213	GCA_019721035.1|G0000111
split_0213	GCA_021323375.2|G0000119
split_0213	GCA_021498085.1|G0000124
split_0213	GCA_022865215.1|G0000126
split_0213	GCA_023008585.1|G0000128
split_0213	GCA_027002815.1|G0000140
split_0213	GCA_028275105.1|G0000143
split_0213	GCA_029259245.1|G0000147
split_0213	GCA_030750015.1|G0000163
split_0213	GCA_031852275.1|G0000164
split_0213	GCA_034190395.1|G0000170
split_0213	GCA_035269625.1|G0000171
split_0213	GCA_035531115.1|G0000173
split_0213	GCA_035622335.1|G0000175
split_0213	GCA_036626315.1|G0000176
split_0213	GCA_037386725.1|G0000179
split_0213	GCA_038869515.1|G0000200
split_0213	GCA_048938295.1|G0000211
split_0213	GCA_052584985.1|G0000213
split_0213	GCA_054381345.1|G0000217
split_0213	GCA_054383535.1|G0000219
split_0213	GCF_000007305.1|G0000231
split_0213	GCF_000007305.1|G0000232
split_0213	GCF_000025325.1|G0000235
split_0213	GCF_000025325.1|G0000238
split_0213	GCF_000237865.1|G0000241
split_0213	GCF_000334895.1|G0000246
split_0213	GCF_000403645.1|G0000250
split_0213	GCF_003369835.1|G0000252
split_0213	GCF_014647475.1|G0000256
split_0213	GCF_019693215.1|G0000258
split_0213	GCF_021083305.1|G0000260
split_0213	GCF_024227995.1|G0000261
split_0213	GCF_029338295.1|G0000265
split_0213	GCF_030287405.1|G0000266
split_0213	GCF_036429475.1|G0000269
split_0213	GOMC.bin.12150|G0000271
split_0213	GOMC.bin.4029|G0000289
split_0213	GOMC.bin.4029|G0000290
split_0213	GOMC.bin.4077|G0000291
split_0213	GOMC.bin.9202|G0000302
split_0214	GCA_001516585.1|G0000006
split_0214	GCA_001563875.1|G0000008
split_0214	GCA_001564275.1|G0000010
split_0214	GCA_002009975.1|G0000015
split_0214	GCA_003021085.1|G0000027
split_0214	GCA_003021175.1|G0000029
split_0214	GCA_003116855.1|G0000031
split_0214	GCA_003164815.1|G0000033
split_0214	GCA_005191415.1|G0000046
split_0214	GCA_005954745.1|G0000048
split_0214	GCA_007122875.1|G0000052
split_0214	GCA_011364925.1|G0000054
split_0214	GCA_015520705.1|G0000068
split_0214	GCA_015520705.1|G0000069
split_0214	GCA_015522745.1|G0000070
split_0214	GCA_016207465.1|G0000071
split_0214	GCA_018304605.1|G0000087
split_0214	GCA_018920315.1|G0000096
split_0214	GCA_019058165.1|G0000104
split_0214	GCA_019721035.1|G0000111
split_0214	GCA_021323375.2|G0000119
split_0214	GCA_021498085.1|G0000124
split_0214	GCA_022865215.1|G0000126
split_0214	GCA_023008585.1|G0000128
split_0214	GCA_027002815.1|G0000140
split_0214	GCA_028275105.1|G0000143
split_0214	GCA_029259245.1|G0000147
split_0214	GCA_030750015.1|G0000163
split_0214	GCA_031852275.1|G0000164
split_0214	GCA_034190395.1|G0000170
split_0214	GCA_035269625.1|G0000171
split_0214	GCA_035531115.1|G0000173
split_0214	GCA_035622335.1|G0000175
split_0214	GCA_036626315.1|G0000176
split_0214	GCA_037386725.1|G0000179
split_0214	GCA_038869515.1|G0000200
split_0214	GCA_052584985.1|G0000213
split_0214	GCA_054381345.1|G0000217
split_0214	GCA_054383535.1|G0000219
split_0214	GCF_000007305.1|G0000231
split_0214	GCF_000007305.1|G0000232
split_0214	GCF_000025325.1|G0000235
split_0214	GCF_000025325.1|G0000238
split_0214	GCF_000237865.1|G0000241
split_0214	GCF_000334895.1|G0000246
split_0214	GCF_000403645.1|G0000250
split_0214	GCF_003369835.1|G0000252
split_0214	GCF_014647475.1|G0000256
split_0214	GCF_019693215.1|G0000258
split_0214	GCF_021083305.1|G0000260
split_0214	GCF_024227995.1|G0000261
split_0214	GCF_029338295.1|G0000265
split_0214	GCF_030287405.1|G0000266
split_0214	GCF_036429475.1|G0000269
split_0214	GOMC.bin.12150|G0000271
split_0214	GOMC.bin.4029|G0000289
split_0214	GOMC.bin.4029|G0000290
split_0214	GOMC.bin.4077|G0000291
split_0214	GOMC.bin.9202|G0000302
split_0215	GCA_001516585.1|G0000006
split_0215	GCA_001563875.1|G0000008
split_0215	GCA_001564275.1|G0000010
split_0215	GCA_002009975.1|G0000015
split_0215	GCA_003021085.1|G0000027
split_0215	GCA_003021175.1|G0000029
split_0215	GCA_003116855.1|G0000031
split_0215	GCA_003164815.1|G0000033
split_0215	GCA_005191415.1|G0000046
split_0215	GCA_005954745.1|G0000048
split_0215	GCA_007122875.1|G0000052
split_0215	GCA_011364925.1|G0000054
split_0215	GCA_015520705.1|G0000068
split_0215	GCA_015520705.1|G0000069
split_0215	GCA_015522745.1|G0000070
split_0215	GCA_018304605.1|G0000087
split_0215	GCA_019721035.1|G0000111
split_0215	GCA_021323375.2|G0000119
split_0215	GCA_022865215.1|G0000126
split_0215	GCA_023008585.1|G0000128
split_0215	GCA_027002815.1|G0000140
split_0215	GCA_028275105.1|G0000143
split_0215	GCA_029259245.1|G0000147
split_0215	GCA_030750015.1|G0000163
split_0215	GCA_031852275.1|G0000164
split_0215	GCA_034190395.1|G0000170
split_0215	GCA_035269625.1|G0000171
split_0215	GCA_035531115.1|G0000173
split_0215	GCA_035622335.1|G0000175
split_0215	GCA_036626315.1|G0000176
split_0215	GCA_037386725.1|G0000179
split_0215	GCA_052584985.1|G0000213
split_0215	GCA_054381345.1|G0000217
split_0215	GCA_054383535.1|G0000219
split_0215	GCF_000007305.1|G0000231
split_0215	GCF_000007305.1|G0000232
split_0215	GCF_000025325.1|G0000235
split_0215	GCF_000025325.1|G0000238
split_0215	GCF_000237865.1|G0000241
split_0215	GCF_000334895.1|G0000246
split_0215	GCF_000403645.1|G0000250
split_0215	GCF_003369835.1|G0000252
split_0215	GCF_014647475.1|G0000256
split_0215	GCF_019693215.1|G0000258
split_0215	GCF_021083305.1|G0000260
split_0215	GCF_024227995.1|G0000261
split_0215	GCF_029338295.1|G0000265
split_0215	GCF_030287405.1|G0000266
split_0215	GCF_036429475.1|G0000269
split_0215	GOMC.bin.12150|G0000271
split_0215	GOMC.bin.4029|G0000289
split_0215	GOMC.bin.4029|G0000290
split_0215	GOMC.bin.4077|G0000291
split_0215	GOMC.bin.9202|G0000302
split_0216	GCA_001516585.1|G0000006
split_0216	GCA_003116855.1|G0000031
split_0216	GCA_003164815.1|G0000033
split_0216	GCA_018304605.1|G0000087
split_0216	GCA_027002815.1|G0000140
split_0216	GCA_030750015.1|G0000163
split_0216	GCA_035622335.1|G0000175
split_0217	GCA_001516585.1|G0000006
split_0217	GCA_003116855.1|G0000031
split_0217	GCA_003164815.1|G0000033
split_0217	GCA_018304605.1|G0000087
split_0217	GCA_027002815.1|G0000140
split_0217	GCA_035622335.1|G0000175
split_0218	GCA_001516585.1|G0000006
split_0218	GCA_003116855.1|G0000031
split_0218	GCA_003164815.1|G0000033
split_0218	GCA_027002815.1|G0000140
split_0218	GCA_035622335.1|G0000175
split_0219	GCA_003116855.1|G0000031
split_0219	GCA_003164815.1|G0000033
split_0219	GCA_027002815.1|G0000140
split_0219	GCA_035622335.1|G0000175
split_0220	GCA_003116855.1|G0000031
split_0220	GCA_027002815.1|G0000140
split_0221	GCA_003164815.1|G0000033
split_0221	GCA_035622335.1|G0000175
split_0222	GCA_001563875.1|G0000008
split_0222	GCA_001564275.1|G0000010
split_0222	GCA_002009975.1|G0000015
split_0222	GCA_003021085.1|G0000027
split_0222	GCA_003021175.1|G0000029
split_0222	GCA_005191415.1|G0000046
split_0222	GCA_005954745.1|G0000048
split_0222	GCA_007122875.1|G0000052
split_0222	GCA_011364925.1|G0000054
split_0222	GCA_015520705.1|G0000068
split_0222	GCA_015520705.1|G0000069
split_0222	GCA_015522745.1|G0000070
split_0222	GCA_019721035.1|G0000111
split_0222	GCA_021323375.2|G0000119
split_0222	GCA_022865215.1|G0000126
split_0222	GCA_023008585.1|G0000128
split_0222	GCA_028275105.1|G0000143
split_0222	GCA_029259245.1|G0000147
split_0222	GCA_031852275.1|G0000164
split_0222	GCA_034190395.1|G0000170
split_0222	GCA_035269625.1|G0000171
split_0222	GCA_035531115.1|G0000173
split_0222	GCA_036626315.1|G0000176
split_0222	GCA_037386725.1|G0000179
split_0222	GCA_052584985.1|G0000213
split_0222	GCA_054381345.1|G0000217
split_0222	GCA_054383535.1|G0000219
split_0222	GCF_000007305.1|G0000231
split_0222	GCF_000007305.1|G0000232
split_0222	GCF_000025325.1|G0000235
split_0222	GCF_000025325.1|G0000238
split_0222	GCF_000237865.1|G0000241
split_0222	GCF_000334895.1|G0000246
split_0222	GCF_000403645.1|G0000250
split_0222	GCF_003369835.1|G0000252
split_0222	GCF_014647475.1|G0000256
split_0222	GCF_019693215.1|G0000258
split_0222	GCF_021083305.1|G0000260
split_0222	GCF_024227995.1|G0000261
split_0222	GCF_029338295.1|G0000265
split_0222	GCF_030287405.1|G0000266
split_0222	GCF_036429475.1|G0000269
split_0222	GOMC.bin.12150|G0000271
split_0222	GOMC.bin.4029|G0000289
split_0222	GOMC.bin.4029|G0000290
split_0222	GOMC.bin.4077|G0000291
split_0222	GOMC.bin.9202|G0000302
split_0223	GCA_001563875.1|G0000008
split_0223	GCA_001564275.1|G0000010
split_0223	GCA_003021085.1|G0000027
split_0223	GCA_003021175.1|G0000029
split_0223	GCA_005954745.1|G0000048
split_0223	GCA_007122875.1|G0000052
split_0223	GCA_011364925.1|G0000054
split_0223	GCA_022865215.1|G0000126
split_0223	GCA_023008585.1|G0000128
split_0223	GCA_028275105.1|G0000143
split_0223	GCA_031852275.1|G0000164
split_0223	GCA_034190395.1|G0000170
split_0223	GCA_035269625.1|G0000171
split_0223	GCA_036626315.1|G0000176
split_0223	GCA_037386725.1|G0000179
split_0223	GCF_000025325.1|G0000235
split_0223	GCF_000025325.1|G0000238
split_0223	GCF_000237865.1|G0000241
split_0223	GCF_000334895.1|G0000246
split_0223	GCF_000403645.1|G0000250
split_0223	GCF_003369835.1|G0000252
split_0223	GCF_014647475.1|G0000256
split_0223	GCF_019693215.1|G0000258
split_0223	GCF_021083305.1|G0000260
split_0223	GCF_024227995.1|G0000261
split_0223	GCF_029338295.1|G0000265
split_0223	GCF_030287405.1|G0000266
split_0223	GCF_036429475.1|G0000269
split_0223	GOMC.bin.12150|G0000271
split_0223	GOMC.bin.9202|G0000302
split_0224	GCA_001563875.1|G0000008
split_0224	GCA_022865215.1|G0000126
split_0225	GCA_001564275.1|G0000010
split_0225	GCA_003021085.1|G0000027
split_0225	GCA_003021175.1|G0000029
split_0225	GCA_005954745.1|G0000048
split_0225	GCA_007122875.1|G0000052
split_0225	GCA_011364925.1|G0000054
split_0225	GCA_023008585.1|G0000128
split_0225	GCA_028275105.1|G0000143
split_0225	GCA_031852275.1|G0000164
split_0225	GCA_034190395.1|G0000170
split_0225	GCA_035269625.1|G0000171
split_0225	GCA_036626315.1|G0000176
split_0225	GCA_037386725.1|G0000179
split_0225	GCF_000025325.1|G0000235
split_0225	GCF_000025325.1|G0000238
split_0225	GCF_000237865.1|G0000241
split_0225	GCF_000334895.1|G0000246
split_0225	GCF_000403645.1|G0000250
split_0225	GCF_003369835.1|G0000252
split_0225	GCF_014647475.1|G0000256
split_0225	GCF_019693215.1|G0000258
split_0225	GCF_021083305.1|G0000260
split_0225	GCF_024227995.1|G0000261
split_0225	GCF_029338295.1|G0000265
split_0225	GCF_030287405.1|G0000266
split_0225	GCF_036429475.1|G0000269
split_0225	GOMC.bin.12150|G0000271
split_0225	GOMC.bin.9202|G0000302
split_0226	GCA_001564275.1|G0000010
split_0226	GCA_003021085.1|G0000027
split_0226	GCA_003021175.1|G0000029
split_0226	GCA_005954745.1|G0000048
split_0226	GCA_007122875.1|G0000052
split_0226	GCA_023008585.1|G0000128
split_0226	GCA_028275105.1|G0000143
split_0226	GCA_031852275.1|G0000164
split_0226	GCA_034190395.1|G0000170
split_0226	GCA_035269625.1|G0000171
split_0226	GCA_036626315.1|G0000176
split_0226	GCA_037386725.1|G0000179
split_0226	GCF_000025325.1|G0000235
split_0226	GCF_000237865.1|G0000241
split_0226	GCF_000334895.1|G0000246
split_0226	GCF_000403645.1|G0000250
split_0226	GCF_003369835.1|G0000252
split_0226	GCF_014647475.1|G0000256
split_0226	GCF_019693215.1|G0000258
split_0226	GCF_021083305.1|G0000260
split_0226	GCF_024227995.1|G0000261
split_0226	GCF_029338295.1|G0000265
split_0226	GCF_030287405.1|G0000266
split_0226	GCF_036429475.1|G0000269
split_0226	GOMC.bin.9202|G0000302
split_0227	GCA_001564275.1|G0000010
split_0227	GCA_023008585.1|G0000128
split_0227	GCA_031852275.1|G0000164
split_0227	GCF_000025325.1|G0000235
split_0228	GCA_001564275.1|G0000010
split_0228	GCA_031852275.1|G0000164
split_0228	GCF_000025325.1|G0000235
split_0229	GCA_001564275.1|G0000010
split_0229	GCF_000025325.1|G0000235
split_0230	GCA_003021085.1|G0000027
split_0230	GCA_003021175.1|G0000029
split_0230	GCA_005954745.1|G0000048
split_0230	GCA_007122875.1|G0000052
split_0230	GCA_028275105.1|G0000143
split_0230	GCA_034190395.1|G0000170
split_0230	GCA_035269625.1|G0000171
split_0230	GCA_036626315.1|G0000176
split_0230	GCA_037386725.1|G0000179
split_0230	GCF_000237865.1|G0000241
split_0230	GCF_000334895.1|G0000246
split_0230	GCF_000403645.1|G0000250
split_0230	GCF_003369835.1|G0000252
split_0230	GCF_014647475.1|G0000256
split_0230	GCF_019693215.1|G0000258
split_0230	GCF_021083305.1|G0000260
split_0230	GCF_024227995.1|G0000261
split_0230	GCF_029338295.1|G0000265
split_0230	GCF_030287405.1|G0000266
split_0230	GCF_036429475.1|G0000269
split_0230	GOMC.bin.9202|G0000302
split_0231	GCA_003021085.1|G0000027
split_0231	GCA_003021175.1|G0000029
split_0231	GCA_007122875.1|G0000052
split_0231	GCA_028275105.1|G0000143
split_0231	GCA_034190395.1|G0000170
split_0231	GCA_035269625.1|G0000171
split_0231	GCA_036626315.1|G0000176
split_0231	GCA_037386725.1|G0000179
split_0231	GCF_000237865.1|G0000241
split_0231	GCF_000334895.1|G0000246
split_0231	GCF_000403645.1|G0000250
split_0231	GCF_003369835.1|G0000252
split_0231	GCF_014647475.1|G0000256
split_0231	GCF_019693215.1|G0000258
split_0231	GCF_021083305.1|G0000260
split_0231	GCF_024227995.1|G0000261
split_0231	GCF_029338295.1|G0000265
split_0231	GCF_036429475.1|G0000269
split_0231	GOMC.bin.9202|G0000302
split_0232	GCA_003021085.1|G0000027
split_0232	GCA_003021175.1|G0000029
split_0232	GCA_007122875.1|G0000052
split_0232	GCA_034190395.1|G0000170
split_0232	GCF_000237865.1|G0000241
split_0232	GCF_000334895.1|G0000246
split_0232	GCF_000403645.1|G0000250
split_0232	GCF_003369835.1|G0000252
split_0232	GCF_021083305.1|G0000260
split_0232	GCF_024227995.1|G0000261
split_0232	GCF_029338295.1|G0000265
split_0232	GCF_036429475.1|G0000269
split_0233	GCA_003021085.1|G0000027
split_0233	GCA_003021175.1|G0000029
split_0233	GCA_007122875.1|G0000052
split_0233	GCA_034190395.1|G0000170
split_0233	GCF_000237865.1|G0000241
split_0233	GCF_000334895.1|G0000246
split_0233	GCF_000403645.1|G0000250
split_0233	GCF_003369835.1|G0000252
split_0233	GCF_021083305.1|G0000260
split_0233	GCF_024227995.1|G0000261
split_0233	GCF_029338295.1|G0000265
split_0234	GCA_003021085.1|G0000027
split_0234	GCA_007122875.1|G0000052
split_0234	GCF_000403645.1|G0000250
split_0235	GCA_007122875.1|G0000052
split_0235	GCF_000403645.1|G0000250
split_0236	GCA_003021175.1|G0000029
split_0236	GCA_034190395.1|G0000170
split_0236	GCF_000237865.1|G0000241
split_0236	GCF_000334895.1|G0000246
split_0236	GCF_003369835.1|G0000252
split_0236	GCF_021083305.1|G0000260
split_0236	GCF_024227995.1|G0000261
split_0236	GCF_029338295.1|G0000265
split_0237	GCA_003021175.1|G0000029
split_0237	GCA_034190395.1|G0000170
split_0237	GCF_000237865.1|G0000241
split_0237	GCF_000334895.1|G0000246
split_0237	GCF_029338295.1|G0000265
split_0238	GCA_034190395.1|G0000170
split_0238	GCF_000237865.1|G0000241
split_0238	GCF_000334895.1|G0000246
split_0238	GCF_029338295.1|G0000265
split_0239	GCA_034190395.1|G0000170
split_0239	GCF_000237865.1|G0000241
split_0240	GCF_000334895.1|G0000246
split_0240	GCF_029338295.1|G0000265
split_0241	GCF_003369835.1|G0000252
split_0241	GCF_021083305.1|G0000260
split_0241	GCF_024227995.1|G0000261
split_0242	GCF_021083305.1|G0000260
split_0242	GCF_024227995.1|G0000261
split_0243	GCA_028275105.1|G0000143
split_0243	GCA_035269625.1|G0000171
split_0243	GCA_036626315.1|G0000176
split_0243	GCA_037386725.1|G0000179
split_0243	GCF_014647475.1|G0000256
split_0243	GCF_019693215.1|G0000258
split_0243	GOMC.bin.9202|G0000302
split_0244	GCA_035269625.1|G0000171
split_0244	GCA_036626315.1|G0000176
split_0244	GCA_037386725.1|G0000179
split_0244	GCF_014647475.1|G0000256
split_0244	GCF_019693215.1|G0000258
split_0244	GOMC.bin.9202|G0000302
split_0245	GCA_035269625.1|G0000171
split_0245	GCA_036626315.1|G0000176
split_0245	GCA_037386725.1|G0000179
split_0245	GCF_014647475.1|G0000256
split_0245	GCF_019693215.1|G0000258
split_0246	GCA_035269625.1|G0000171
split_0246	GCA_036626315.1|G0000176
split_0246	GCA_037386725.1|G0000179
split_0246	GCF_019693215.1|G0000258
split_0247	GCA_035269625.1|G0000171
split_0247	GCA_036626315.1|G0000176
split_0247	GCF_019693215.1|G0000258
split_0248	GCA_035269625.1|G0000171
split_0248	GCF_019693215.1|G0000258
split_0249	GCA_005954745.1|G0000048
split_0249	GCF_030287405.1|G0000266
split_0250	GCA_011364925.1|G0000054
split_0250	GCF_000025325.1|G0000238
split_0250	GOMC.bin.12150|G0000271
split_0251	GCF_000025325.1|G0000238
split_0251	GOMC.bin.12150|G0000271
split_0252	GCA_002009975.1|G0000015
split_0252	GCA_005191415.1|G0000046
split_0252	GCA_015520705.1|G0000068
split_0252	GCA_015520705.1|G0000069
split_0252	GCA_015522745.1|G0000070
split_0252	GCA_019721035.1|G0000111
split_0252	GCA_021323375.2|G0000119
split_0252	GCA_029259245.1|G0000147
split_0252	GCA_035531115.1|G0000173
split_0252	GCA_052584985.1|G0000213
split_0252	GCA_054381345.1|G0000217
split_0252	GCA_054383535.1|G0000219
split_0252	GCF_000007305.1|G0000231
split_0252	GCF_000007305.1|G0000232
split_0252	GOMC.bin.4029|G0000289
split_0252	GOMC.bin.4029|G0000290
split_0252	GOMC.bin.4077|G0000291
split_0253	GCA_002009975.1|G0000015
split_0253	GCA_005191415.1|G0000046
split_0253	GCA_015520705.1|G0000068
split_0253	GCA_015520705.1|G0000069
split_0253	GCA_021323375.2|G0000119
split_0253	GCA_029259245.1|G0000147
split_0253	GCA_035531115.1|G0000173
split_0253	GCA_052584985.1|G0000213
split_0253	GCA_054381345.1|G0000217
split_0253	GCA_054383535.1|G0000219
split_0253	GCF_000007305.1|G0000231
split_0253	GCF_000007305.1|G0000232
split_0254	GCA_002009975.1|G0000015
split_0254	GCA_015520705.1|G0000068
split_0254	GCA_015520705.1|G0000069
split_0254	GCA_021323375.2|G0000119
split_0254	GCA_029259245.1|G0000147
split_0254	GCA_052584985.1|G0000213
split_0254	GCF_000007305.1|G0000231
split_0254	GCF_000007305.1|G0000232
split_0255	GCA_002009975.1|G0000015
split_0255	GCA_015520705.1|G0000068
split_0255	GCA_015520705.1|G0000069
split_0255	GCA_021323375.2|G0000119
split_0255	GCA_029259245.1|G0000147
split_0255	GCF_000007305.1|G0000231
split_0255	GCF_000007305.1|G0000232
split_0256	GCA_002009975.1|G0000015
split_0256	GCA_015520705.1|G0000068
split_0256	GCA_015520705.1|G0000069
split_0256	GCA_029259245.1|G0000147
split_0256	GCF_000007305.1|G0000232
split_0257	GCA_002009975.1|G0000015
split_0257	GCA_015520705.1|G0000068
split_0257	GCA_015520705.1|G0000069
split_0257	GCA_029259245.1|G0000147
split_0258	GCA_002009975.1|G0000015
split_0258	GCA_015520705.1|G0000068
split_0258	GCA_015520705.1|G0000069
split_0259	GCA_015520705.1|G0000068
split_0259	GCA_015520705.1|G0000069
split_0260	GCA_021323375.2|G0000119
split_0260	GCF_000007305.1|G0000231
split_0261	GCA_005191415.1|G0000046
split_0261	GCA_035531115.1|G0000173
split_0261	GCA_054381345.1|G0000217
split_0261	GCA_054383535.1|G0000219
split_0262	GCA_005191415.1|G0000046
split_0262	GCA_035531115.1|G0000173
split_0262	GCA_054381345.1|G0000217
split_0263	GCA_005191415.1|G0000046
split_0263	GCA_054381345.1|G0000217
split_0264	GCA_015522745.1|G0000070
split_0264	GCA_019721035.1|G0000111
split_0264	GOMC.bin.4029|G0000289
split_0264	GOMC.bin.4029|G0000290
split_0264	GOMC.bin.4077|G0000291
split_0265	GCA_015522745.1|G0000070
split_0265	GOMC.bin.4029|G0000289
split_0265	GOMC.bin.4029|G0000290
split_0266	GCA_015522745.1|G0000070
split_0266	GOMC.bin.4029|G0000290
split_0267	GCA_019721035.1|G0000111
split_0267	GOMC.bin.4077|G0000291
split_0268	GCA_016207465.1|G0000071
split_0268	GCA_018920315.1|G0000096
split_0268	GCA_019058165.1|G0000104
split_0268	GCA_021498085.1|G0000124
split_0268	GCA_038869515.1|G0000200
split_0269	GCA_016207465.1|G0000071
split_0269	GCA_038869515.1|G0000200
split_0270	GCA_018920315.1|G0000096
split_0270	GCA_019058165.1|G0000104
split_0270	GCA_021498085.1|G0000124
split_0271	GCA_019058165.1|G0000104
split_0271	GCA_021498085.1|G0000124
split_0272	GCA_016840065.1|G0000075
split_0272	GCA_016840135.1|G0000076
split_0272	GCA_048938295.1|G0000211
split_0273	GCA_016840065.1|G0000075
split_0273	GCA_016840135.1|G0000076
split_0274	GCA_017601265.1|G0000086
split_0274	GCA_021163245.1|G0000117
split_0274	GCA_038866625.1|G0000199
split_0274	GOMC.bin.2857|G0000281
split_0275	GCA_017601265.1|G0000086
split_0275	GCA_038866625.1|G0000199
split_0276	GCA_021163245.1|G0000117
split_0276	GOMC.bin.2857|G0000281
split_0277	GCA_003650785.1|G0000036
split_0277	GCA_003650925.1|G0000038
split_0277	GCA_003662645.1|G0000040
split_0277	GCA_011605725.1|G0000058
split_0277	GCA_015520475.1|G0000067
split_0277	GCA_016840485.1|G0000078
split_0277	GCA_018396535.1|G0000090
split_0277	GCA_019056805.1|G0000097
split_0277	GCA_021162845.1|G0000114
split_0277	GCA_025059045.1|G0000135
split_0277	GCA_029856435.1|G0000156
split_0277	GCA_038819355.1|G0000185
split_0277	GCA_038820475.1|G0000186
split_0277	GCA_038825615.1|G0000188
split_0277	GCA_038840355.1|G0000191
split_0277	GCA_038846965.1|G0000195
split_0277	GCA_054385715.1|G0000226
split_0277	GOMC.bin.16739|G0000273
split_0277	GOMC.bin.2724|G0000276
split_0277	GOMC.bin.2843|G0000277
split_0277	GOMC.bin.2866|G0000283
split_0277	GOMC.bin.2875|G0000285
split_0277	GOMC.bin.2900|G0000287
split_0277	GOMC.bin.5642|G0000294
split_0278	GCA_003650785.1|G0000036
split_0278	GCA_003650925.1|G0000038
split_0278	GCA_018396535.1|G0000090
split_0278	GCA_021162845.1|G0000114
split_0278	GCA_038819355.1|G0000185
split_0278	GCA_038820475.1|G0000186
split_0278	GCA_054385715.1|G0000226
split_0278	GOMC.bin.16739|G0000273
split_0278	GOMC.bin.2724|G0000276
split_0278	GOMC.bin.2866|G0000283
split_0278	GOMC.bin.2875|G0000285
split_0278	GOMC.bin.2900|G0000287
split_0279	GCA_003650785.1|G0000036
split_0279	GCA_003650925.1|G0000038
split_0279	GCA_018396535.1|G0000090
split_0279	GOMC.bin.16739|G0000273
split_0279	GOMC.bin.2724|G0000276
split_0279	GOMC.bin.2866|G0000283
split_0279	GOMC.bin.2900|G0000287
split_0280	GCA_003650785.1|G0000036
split_0280	GCA_018396535.1|G0000090
split_0280	GOMC.bin.16739|G0000273
split_0280	GOMC.bin.2724|G0000276
split_0280	GOMC.bin.2900|G0000287
split_0281	GCA_003650785.1|G0000036
split_0281	GCA_018396535.1|G0000090
split_0281	GOMC.bin.16739|G0000273
split_0281	GOMC.bin.2724|G0000276
split_0282	GCA_003650785.1|G0000036
split_0282	GCA_018396535.1|G0000090
split_0282	GOMC.bin.16739|G0000273
split_0283	GCA_018396535.1|G0000090
split_0283	GOMC.bin.16739|G0000273
split_0284	GCA_003650925.1|G0000038
split_0284	GOMC.bin.2866|G0000283
split_0285	GCA_021162845.1|G0000114
split_0285	GCA_038819355.1|G0000185
split_0285	GCA_038820475.1|G0000186
split_0285	GCA_054385715.1|G0000226
split_0285	GOMC.bin.2875|G0000285
split_0286	GCA_021162845.1|G0000114
split_0286	GOMC.bin.2875|G0000285
split_0287	GCA_038819355.1|G0000185
split_0287	GCA_038820475.1|G0000186
split_0287	GCA_054385715.1|G0000226
split_0288	GCA_038819355.1|G0000185
split_0288	GCA_038820475.1|G0000186
split_0289	GCA_003662645.1|G0000040
split_0289	GCA_011605725.1|G0000058
split_0289	GCA_015520475.1|G0000067
split_0289	GCA_016840485.1|G0000078
split_0289	GCA_019056805.1|G0000097
split_0289	GCA_025059045.1|G0000135
split_0289	GCA_029856435.1|G0000156
split_0289	GCA_038825615.1|G0000188
split_0289	GCA_038840355.1|G0000191
split_0289	GCA_038846965.1|G0000195
split_0289	GOMC.bin.2843|G0000277
split_0289	GOMC.bin.5642|G0000294
split_0290	GCA_003662645.1|G0000040
split_0290	GCA_011605725.1|G0000058
split_0290	GCA_016840485.1|G0000078
split_0290	GCA_019056805.1|G0000097
split_0290	GCA_025059045.1|G0000135
split_0290	GCA_029856435.1|G0000156
split_0290	GCA_038825615.1|G0000188
split_0290	GCA_038840355.1|G0000191
split_0290	GCA_038846965.1|G0000195
split_0290	GOMC.bin.2843|G0000277
split_0290	GOMC.bin.5642|G0000294
split_0291	GCA_003662645.1|G0000040
split_0291	GCA_016840485.1|G0000078
split_0291	GCA_019056805.1|G0000097
split_0291	GCA_025059045.1|G0000135
split_0291	GCA_029856435.1|G0000156
split_0291	GCA_038825615.1|G0000188
split_0291	GCA_038846965.1|G0000195
split_0291	GOMC.bin.2843|G0000277
split_0291	GOMC.bin.5642|G0000294
split_0292	GCA_003662645.1|G0000040
split_0292	GCA_016840485.1|G0000078
split_0292	GCA_019056805.1|G0000097
split_0292	GCA_025059045.1|G0000135
split_0292	GCA_029856435.1|G0000156
split_0292	GCA_038825615.1|G0000188
split_0292	GCA_038846965.1|G0000195
split_0292	GOMC.bin.2843|G0000277
split_0293	GCA_003662645.1|G0000040
split_0293	GCA_016840485.1|G0000078
split_0293	GCA_019056805.1|G0000097
split_0293	GCA_025059045.1|G0000135
split_0293	GCA_029856435.1|G0000156
split_0293	GCA_038825615.1|G0000188
split_0293	GOMC.bin.2843|G0000277
split_0294	GCA_003662645.1|G0000040
split_0294	GCA_016840485.1|G0000078
split_0294	GCA_019056805.1|G0000097
split_0294	GCA_029856435.1|G0000156
split_0294	GCA_038825615.1|G0000188
split_0294	GOMC.bin.2843|G0000277
split_0295	GCA_016840485.1|G0000078
split_0295	GCA_019056805.1|G0000097
split_0295	GCA_029856435.1|G0000156
split_0295	GCA_038825615.1|G0000188
split_0295	GOMC.bin.2843|G0000277
split_0296	GCA_016840485.1|G0000078
split_0296	GCA_019056805.1|G0000097
split_0296	GCA_029856435.1|G0000156
split_0296	GCA_038825615.1|G0000188
split_0297	GCA_016840485.1|G0000078
split_0297	GCA_019056805.1|G0000097
split_0298	GCA_029856435.1|G0000156
split_0298	GCA_038825615.1|G0000188
split_0299	GCA_011605725.1|G0000058
split_0299	GCA_038840355.1|G0000191
